face_id,timestamp,cleaned_r,cleaned_g,cleaned_b,cleaned_rppg
1,1781859843.497706,-0.03147127,-0.02861885,-0.01461638,-0.03276897
1,1781859843.532707,0.40436620,0.46283100,0.32370624,0.58069724
1,1781859843.596813,1.16534357,1.36799974,0.97100645,1.76231369
1,1781859843.658928,1.68521379,2.01735425,1.42937987,2.70413152
1,1781859843.743835,1.91352302,2.21026854,1.45659375,3.08708708
1,1781859843.804391,1.69939063,1.81110475,0.98499776,2.75616853
1,1781859843.868792,1.00054027,0.95708069,0.28055006,1.86053663
1,1781859843.934811,0.19696200,0.09147525,-0.22339751,0.61536588
1,1781859843.999380,-0.23040569,-0.40335871,-0.30636188,-0.79335738
1,1781859844.061367,-0.25673440,-0.53126547,-0.13690971,-1.96579585
1,1781859844.143174,-0.17547506,-0.49443148,0.00952854,-2.41847447
1,1781859844.209457,-0.12887060,-0.40371255,0.05770502,-2.16379791
1,1781859844.266217,-0.15869809,-0.35848678,0.01637555,-1.68884562
1,1781859844.334023,-0.41172559,-0.50342020,-0.19821815,-1.16644218
1,1781859844.396550,-0.88779315,-0.78225057,-0.58413171,-0.27207305
1,1781859844.456822,-1.24137256,-0.91249885,-0.88965512,0.89939348
1,1781859844.537167,-1.16161959,-0.75723505,-0.86121003,1.49402110
1,1781859844.603369,-0.74319509,-0.46121155,-0.54276739,1.06840824
1,1781859844.672480,-0.27813742,-0.17118377,-0.16276524,0.28958552
1,1781859844.737236,0.06666158,0.08272848,0.15008667,-0.15074033
1,1781859844.798707,0.22588897,0.24311865,0.36765010,-0.31534988
1,1781859844.861988,0.20937333,0.27965682,0.43128004,-0.23904985
1,1781859844.940151,0.20557656,0.32294216,0.33682031,0.30413994
1,1781859845.005190,0.38210622,0.45122792,0.22521995,0.86735848
1,1781859845.065431,0.57856995,0.49584913,0.20229938,0.61960650
1,1781859845.131769,0.54487048,0.33622468,0.20509481,-0.22781205
1,1781859845.201629,0.36811567,0.15600240,0.16886079,-0.66117066
1,1781859845.263946,0.28835668,0.13891842,0.13550563,-0.42915523
1,1781859845.342885,0.26875585,0.16631474,0.10489916,-0.12057019
1,1781859845.406956,0.11708752,0.05074843,-0.00682317,-0.02576679
1,1781859845.470408,-0.12954198,-0.15647367,-0.18170258,-0.00500433
1,1781859845.534981,-0.25462494,-0.27133654,-0.26654163,-0.06320564
1,1781859845.600256,-0.18933639,-0.22525754,-0.18908668,-0.21187167
1,1781859845.662845,-0.06221724,-0.09419603,-0.05044462,-0.22256397
1,1781859845.738217,0.00633580,0.00527397,0.03488563,-0.09014652
1,1781859845.806263,-0.01667867,-0.00774698,0.04210395,-0.12025785
1,1781859845.871694,-0.13573631,-0.11039455,-0.02762438,-0.16877670
1,1781859845.934037,-0.27832679,-0.15773254,-0.12672757,0.26329452
1,1781859845.998643,-0.25113563,-0.02831747,-0.08317223,0.81605474
1,1781859846.063952,0.02522204,0.19165880,0.20423694,0.45217609
1,1781859846.146354,0.27627019,0.25988536,0.48268817,-0.70295008
1,1781859846.207083,0.12774272,0.03824916,0.35699380,-1.19977394
1,1781859846.273202,-0.39942139,-0.36067603,-0.17457637,-0.43306052
1,1781859846.336321,-0.89289633,-0.70291614,-0.68496736,0.50558422
1,1781859846.400059,-1.05063156,-0.85384733,-0.85145304,0.57129384
1,1781859846.462435,-0.92829765,-0.82849006,-0.74329361,0.04294079
1,1781859846.538752,-0.68447379,-0.67074568,-0.55395269,-0.30289802
1,1781859846.609051,-0.35944648,-0.39429964,-0.33923864,-0.26424935
1,1781859846.674823,0.04826916,-0.04868805,-0.09683671,-0.14344376
1,1781859846.735507,0.52474781,0.30067715,0.14446043,-0.19941641
1,1781859846.796302,1.09433515,0.70830185,0.43477516,-0.33064639
1,1781859846.873317,1.72052521,1.28401271,0.89539915,-0.14077053
1,1781859847.152384,2.12685283,1.86673398,1.43087356,0.51648802
1,1781859847.192981,1.94886752,1.98064631,1.63843280,1.09912840
1,1781859847.259580,1.18151606,1.37846112,1.25194241,0.95062979
1,1781859847.340040,0.27113906,0.43820551,0.51204411,0.27398794
1,1781859847.403141,-0.40406886,-0.29826142,-0.15939235,-0.09716503
1,1781859847.466969,-0.92690992,-0.77985971,-0.64521757,0.03646614
1,1781859847.532125,-1.54250525,-1.31955522,-1.07160645,-0.07346900
1,1781859847.604091,-2.22448721,-2.01620182,-1.52012669,-0.84578713
1,1781859847.658208,-2.67790294,-2.55643913,-1.92423415,-1.50102056
1,1781859847.739551,-2.53919379,-2.46515763,-1.99104681,-1.17578204
1,1781859847.802588,-1.60276393,-1.52256949,-1.34017024,-0.30037039
1,1781859847.866465,-0.14088173,-0.09052919,-0.07600870,0.10530703
1,1781859847.931770,1.12077267,1.07677007,1.03918500,-0.01886055
1,1781859847.994167,1.64554765,1.51626805,1.38192255,0.01488821
1,1781859848.059633,1.56977759,1.41617634,1.13534391,0.37392054
1,1781859848.139343,1.34558083,1.20310512,0.84387700,0.63701503
1,1781859848.202962,1.14407946,1.01740716,0.68301222,0.61047744
1,1781859848.266798,0.86630313,0.76544108,0.50770969,0.46102433
1,1781859848.330673,0.51910775,0.45798783,0.29555607,0.29774603
1,1781859848.395418,0.25470632,0.23339416,0.17549601,0.10752283
1,1781859848.457523,0.11011454,0.12350031,0.15912775,-0.06536620
1,1781859848.537929,-0.05397615,-0.00628319,0.09739346,-0.16453080
1,1781859848.612639,-0.34335045,-0.27100545,-0.11986740,-0.23156539
1,1781859848.664574,-0.67668967,-0.60647678,-0.42884026,-0.31570800
1,1781859848.730896,-0.87504385,-0.83048021,-0.65607219,-0.38160051
1,1781859848.794953,-0.85825542,-0.83885306,-0.68665279,-0.39028064
1,1781859848.856563,-0.69859316,-0.68673943,-0.55329483,-0.35734418
1,1781859848.937326,-0.50446494,-0.48619315,-0.36935663,-0.28967252
1,1781859849.002382,-0.32854373,-0.30196836,-0.21884304,-0.16619498
1,1781859849.072764,-0.17293553,-0.14324059,-0.11749665,0.01161164
1,1781859849.129169,-0.02478774,0.00011126,-0.04159129,0.19573577
1,1781859849.194957,0.10044995,0.10831211,0.01767140,0.28949073
1,1781859849.257770,0.16320810,0.13969549,0.03586305,0.23605245
1,1781859849.338324,0.16997387,0.11851595,0.00227468,0.19039222
1,1781859849.401338,0.17151445,0.13164915,-0.04010427,0.38760687
1,1781859849.464607,0.18346569,0.20219354,-0.01290433,0.68719191
1,1781859849.529406,0.18966195,0.27152604,0.14105242,0.62404067
1,1781859849.593824,0.19841672,0.31647078,0.38147654,0.15590402
1,1781859849.657487,0.24991012,0.38274694,0.57427156,-0.17247795
1,1781859849.737063,0.41105071,0.50574127,0.66512167,-0.19011738
1,1781859849.803015,0.70633897,0.65117157,0.78340938,-0.55076637
1,1781859849.866585,0.95918810,0.70251859,0.98100306,-1.57276750
1,1781859849.928742,0.83610102,0.49886515,0.94334792,-2.29739802
1,1781859849.994047,0.23028521,-0.01075102,0.31426547,-1.66357605
1,1781859850.060474,-0.49420874,-0.59754811,-0.64935320,-0.15145442
1,1781859850.137509,-0.85876091,-0.89426829,-1.20309658,0.80326464
1,1781859850.203170,-0.85252799,-0.84004753,-1.09248553,0.77857056
1,1781859850.271114,-0.92606410,-0.80040681,-0.92991003,0.74989287
1,1781859850.333302,-1.35405414,-1.08539909,-1.31664404,1.46915938
1,1781859850.396023,-1.86836451,-1.57477864,-2.05183187,2.26483627
1,1781859850.462642,-2.02291814,-1.90375355,-2.44507837,1.94111663
1,1781859850.542644,-1.62356322,-1.69611484,-1.93530185,0.48972584
1,1781859850.609701,-0.67894973,-0.65868300,-0.32961961,-0.90752452
1,1781859850.670721,0.72730719,1.08715248,1.97397827,-1.54874647
1,1781859850.733342,2.27665256,2.80166865,3.92653826,-1.76291343
1,1781859850.797820,3.29883341,3.60625402,4.45581672,-1.59330493
1,1781859850.863110,3.12036807,3.10847193,3.25844601,-0.47572143
1,1781859850.938378,1.78192350,1.59793947,1.01872535,1.16154430
1,1781859851.004566,0.32851538,-0.00870528,-0.91896328,1.68410314
1,1781859851.068571,-0.10879950,-0.68135772,-1.43524061,0.53289627
1,1781859851.130955,0.36870697,-0.32302624,-0.71340734,-0.88564571
1,1781859851.196725,0.57288758,0.01310919,-0.08941578,-1.34382505
1,1781859851.259927,-0.23014871,-0.55087736,-0.47850977,-1.15527310
1,1781859851.341144,-1.54395789,-1.64729925,-1.46555279,-0.83784646
1,1781859851.405722,-2.44027013,-2.32085843,-2.11990945,-0.23963046
1,1781859851.470554,-2.50284437,-2.19223902,-2.02548826,0.42277519
1,1781859851.529506,-1.91330152,-1.56305214,-1.34886858,0.39988471
1,1781859851.608891,-1.09530875,-0.81597458,-0.49367173,-0.12628091
1,1781859851.657531,-0.39406330,-0.12475059,0.14979873,-0.01538992
1,1781859851.742484,0.10149882,0.42034663,0.45179399,0.84464304
1,1781859851.806369,0.45668777,0.71889419,0.57973433,1.17957797
1,1781859851.867982,0.64458703,0.76245129,0.67551904,0.60187778
1,1781859851.933176,0.59331686,0.70446685,0.69186496,0.36369519
1,1781859851.996644,0.45336800,0.70803596,0.64706680,0.92762797
1,1781859852.062248,0.51631166,0.77929144,0.73473973,0.90380630
1,1781859852.142891,0.82896215,0.86808351,1.03369211,-0.37173415
1,1781859852.207499,1.15016377,1.00548860,1.33539270,-1.39474409
1,1781859852.269939,1.25205721,1.11466661,1.31898842,-1.00426082
1,1781859852.333149,1.00898875,0.84799115,0.77970807,-0.27247929
1,1781859852.393857,0.36887637,0.00579705,-0.18522478,-0.50566089
1,1781859852.463226,-0.42741612,-0.95440441,-1.08893560,-1.15339471
1,1781859852.543782,-0.85888447,-1.30549513,-1.39710688,-1.04330857
1,1781859852.607316,-0.76651455,-1.00106936,-1.15203864,-0.24565009
1,1781859852.664524,-0.66020307,-0.74265503,-0.97380108,0.43699802
1,1781859852.735021,-0.91049936,-0.93918538,-1.17725119,0.61534761
1,1781859852.799091,-1.07313730,-1.12942007,-1.24597812,0.17714340
1,1781859852.862513,-0.63354953,-0.74701524,-0.61397282,-0.72446436
1,1781859852.936812,0.07734034,0.05276409,0.40027806,-1.09353839
1,1781859853.005558,0.42682285,0.73647446,1.02040023,0.07560582
1,1781859853.072312,0.43949817,1.10053577,1.06251250,2.05447452
1,1781859853.131866,0.50750962,1.21842944,0.94557830,2.89121085
1,1781859853.200018,0.60063701,1.07280149,0.89520638,1.90958269
1,1781859853.260540,0.40559193,0.62536654,0.72537337,0.35198631
1,1781859853.343328,-0.06276281,0.02155008,0.30263232,-0.57828673
1,1781859853.406211,-0.46336321,-0.50086468,-0.21346960,-0.95484060
1,1781859853.471656,-0.56038536,-0.79017067,-0.58073593,-1.29082665
1,1781859853.534284,-0.39037143,-0.82502351,-0.69722926,-1.65297719
1,1781859853.602671,-0.14450629,-0.68728870,-0.63184920,-1.75811825
1,1781859853.661809,-0.02116707,-0.49304617,-0.52851462,-1.28257009
1,1781859853.742888,-0.07432409,-0.31286396,-0.46156293,-0.26403404
1,1781859853.808229,-0.15221320,-0.17247618,-0.37563790,0.53752230
1,1781859853.870771,-0.08447215,-0.08207486,-0.19360341,0.33481738
1,1781859853.930029,-0.11369199,-0.09807809,-0.06976987,-0.02159208
1,1781859854.002619,0.60134958,0.51769131,0.29713225,0.23285800
1,1781859854.061215,2.18502560,1.96166074,1.27540181,0.78734821
1,1781859854.144451,3.78983214,3.53727592,2.63667120,1.10228203
1,1781859854.209694,4.72285651,4.45383542,3.81071088,0.63632197
1,1781859854.272356,4.12621019,3.81619503,3.76471354,-0.43974642
1,1781859854.334147,2.02496346,1.75328798,2.14531100,-1.12890152
1,1781859854.397961,-0.34754243,-0.46953651,-0.05650455,-0.91003927
1,1781859854.461590,-1.65384686,-1.67219793,-1.44740753,-0.41356546
1,1781859854.541127,-1.66479008,-1.72765158,-1.61238043,-0.30299032
1,1781859854.605061,-1.11435833,-1.24549359,-1.16940724,-0.35246847
1,1781859854.670349,-0.69352286,-0.80280937,-0.79645030,-0.19670449
1,1781859854.734660,-0.54918632,-0.62830293,-0.68091576,-0.04508095
1,1781859854.798982,-0.57002955,-0.65974843,-0.70448637,-0.07650921
1,1781859854.861575,-0.76236663,-0.74922370,-0.73310641,-0.00505918
1,1781859854.938765,-1.18222538,-0.85528929,-0.73390064,0.34962079
1,1781859855.009237,-1.61780705,-0.94846876,-0.77134655,0.83722273
1,1781859855.070752,-1.64068192,-0.83876549,-0.85409535,1.39007483
1,1781859855.129508,-1.10662710,-0.40474261,-0.79026273,1.84959391
1,1781859855.197280,-0.35604834,0.10315942,-0.37960051,1.60221658
1,1781859855.258822,0.26024906,0.34816140,0.24821616,0.31953170
1,1781859855.342926,0.77110142,0.39102225,0.75093233,-1.25866638
1,1781859855.407192,1.24608585,0.49365520,0.99606858,-2.13439583
1,1781859855.469606,1.38372754,0.56908242,1.03053583,-2.17054816
1,1781859855.533430,0.88872326,0.33921914,0.78091503,-1.68595707
1,1781859855.608567,0.07947214,-0.03481514,0.23887749,-0.65992479
1,1781859855.660519,-0.37844336,-0.08764026,-0.24162366,0.75654857
1,1781859855.739903,-0.22909104,0.19839134,-0.25681878,1.50139392
1,1781859855.805573,0.28269850,0.39573822,0.18448531,0.55159751
1,1781859855.871687,0.78048255,0.33281546,0.66561102,-1.32750859
1,1781859855.936036,0.86568306,0.19359442,0.67941315,-1.96951383
1,1781859855.997764,0.39368900,0.09822337,0.09621074,-0.49914161
1,1781859856.061115,-0.07926987,0.12434960,-0.55879308,1.50831611
1,1781859856.141355,0.09869473,0.37439030,-0.67701112,2.25729270
1,1781859856.205747,0.47072745,0.57330861,-0.42807085,1.87775445
1,1781859856.271786,-0.05092112,0.18749714,-0.46816735,1.52076788
1,1781859856.334875,-1.35260642,-0.67704493,-0.83316734,1.41463211
1,1781859856.398248,-2.05399973,-1.20989339,-0.85896033,0.83885086
1,1781859856.458779,-1.54786370,-1.03640434,-0.26392491,-0.44397561
1,1781859856.540853,-0.77919064,-0.68664066,0.42220570,-1.72864412
1,1781859856.616651,-0.58650826,-0.67520266,0.67099799,-2.44064916
1,1781859856.671730,-0.56448719,-0.81725818,0.52504678,-2.71310490
1,1781859856.735179,-0.16527233,-0.74541632,0.16992267,-2.54370471
1,1781859856.801621,0.22645806,-0.52777553,-0.39209110,-1.51368399
1,1781859856.868853,0.08054461,-0.42031792,-0.99572413,0.12679323
1,1781859856.942178,-0.26939028,-0.36169938,-1.23333905,1.32558303
1,1781859857.006854,-0.14988852,-0.04348911,-0.97075750,1.75819161
1,1781859857.071106,0.44943303,0.62330799,-0.49914624,2.20495900
1,1781859857.131105,0.95106088,1.26913672,-0.05686116,2.79644643
1,1781859857.198502,0.95616994,1.36709060,0.37858689,2.38031620
1,1781859857.263747,0.61629939,0.86727143,0.79137361,0.55598117
1,1781859857.344122,0.39270474,0.36831182,1.07076853,-1.23631685
1,1781859857.409246,0.52894199,0.35957676,1.25001544,-1.80264718
1,1781859857.470827,0.74657307,0.54629423,1.36912925,-1.74024012
1,1781859857.537828,0.62233427,0.38586567,1.21741172,-1.81661303
1,1781859857.598514,0.18838987,-0.05726441,0.66590208,-1.64789167
1,1781859857.658909,-0.21167387,-0.38316775,0.01876317,-0.97535269
1,1781859857.745188,-0.54384439,-0.59412335,-0.42282554,-0.37688552
1,1781859857.807281,-1.03194094,-0.91064706,-0.80761828,0.03106756
1,1781859857.871559,-1.55522899,-1.18645492,-1.30925987,0.83613915
1,1781859857.936584,-1.65898275,-1.10503421,-1.63905157,1.85054861
1,1781859858.000954,-1.19821796,-0.71384404,-1.42949549,2.04115340
1,1781859858.073220,-0.53691886,-0.31098195,-0.82857798,1.26469391
1,1781859858.144222,-0.04498525,-0.01550654,-0.29223008,0.52082713
1,1781859858.205268,0.26825332,0.19896360,0.04436140,0.14511015
1,1781859858.272405,0.48865352,0.24657658,0.30413741,-0.50966145
1,1781859858.333945,0.47176777,0.04342385,0.31604013,-1.19228089
1,1781859858.398883,0.10784727,-0.24931150,-0.15827974,-0.76233856
1,1781859858.464173,-0.29083097,-0.37680373,-0.69999978,0.40349907
1,1781859858.542538,-0.28830218,-0.27222233,-0.57515876,0.54262284
1,1781859858.618811,0.10159501,0.00199899,0.20871739,-0.52101792
1,1781859858.671170,0.46752100,0.35670403,0.90294143,-1.11760037
1,1781859858.733758,0.48958256,0.53902424,0.96546663,-0.64125001
1,1781859858.798877,0.19188298,0.27447317,0.51382998,-0.26664829
1,1781859858.862216,-0.11385966,-0.21247053,0.05590303,-0.62421307
1,1781859858.942798,-0.08180652,-0.25977107,0.05566538,-0.83923821
1,1781859859.007381,0.29307658,0.35118004,0.51870314,-0.18611464
1,1781859859.071598,0.60051936,0.98924182,0.91800443,0.78235730
1,1781859859.130832,0.47003750,0.96657443,0.76357353,1.18986155
1,1781859859.199039,-0.00361669,0.37400649,0.17220767,0.98555348
1,1781859859.263580,-0.42688543,-0.20281349,-0.36786095,0.66186300
1,1781859859.342956,-0.58468914,-0.48572625,-0.62764540,0.40972232
1,1781859859.407250,-0.60115892,-0.65363238,-0.75128807,0.07685160
1,1781859859.471218,-0.67128830,-0.88194734,-0.89512669,-0.33589819
1,1781859859.534993,-0.78668948,-1.09458619,-1.04653909,-0.60543378
1,1781859859.612635,-0.79407393,-1.14098674,-1.12734691,-0.61327309
1,1781859859.660989,-0.61026433,-0.94736169,-1.02737317,-0.43728386
1,1781859859.744453,-0.26559301,-0.48074778,-0.59942002,-0.16410957
1,1781859859.801666,0.13915674,0.16884394,0.09828278,0.17051496
1,1781859859.864101,0.41170706,0.65284500,0.63616494,0.43852913
1,1781859859.928882,0.40865131,0.66266972,0.66886876,0.42152222
1,1781859859.993749,0.27865704,0.39671074,0.44916551,0.11157889
1,1781859860.065451,0.27464461,0.29390211,0.41109021,-0.16657264
1,1781859860.142287,0.30587920,0.31487320,0.43776558,-0.19373261
1,1781859860.205866,0.08439324,0.06510523,0.16444199,-0.20177186
1,1781859860.275647,-0.28423131,-0.37488021,-0.21680702,-0.42305766
1,1781859860.329215,-0.34876763,-0.43120012,-0.17525836,-0.57554928
1,1781859860.395375,-0.01571238,0.04036111,0.26515648,-0.28698327
1,1781859860.463909,0.26077143,0.44507065,0.50563577,0.21046246
1,1781859860.543766,0.14543177,0.30767394,0.25406964,0.36713871
1,1781859860.608014,-0.09936941,-0.04109151,-0.07294075,0.15329951
1,1781859860.672077,-0.06107041,-0.01466804,0.00014499,0.05373109
1,1781859860.736385,0.15129489,0.28734901,0.26535382,0.26883005
1,1781859860.797724,0.04496865,0.18261230,0.06720537,0.43042011
1,1781859860.864786,-0.53761124,-0.61658288,-0.80106262,0.17946138
1,1781859860.927040,-1.19029710,-1.57614465,-1.76630274,-0.33285313
1,1781859861.006422,-1.41908464,-1.92110471,-2.05320420,-0.62920725
1,1781859861.068072,-1.06647432,-1.34856339,-1.37409778,-0.43638035
1,1781859861.132476,-0.32109576,-0.21047291,-0.12007705,0.03440459
1,1781859861.199774,0.43117703,0.79163284,0.95748602,0.33100450
1,1781859861.263923,0.83420358,1.17537989,1.36388959,0.25967447
1,1781859861.323035,0.85522229,1.07200969,1.25193631,0.06269744
1,1781859861.410238,0.79332795,0.98161620,1.11621241,0.09132614
1,1781859861.471229,0.87273612,1.12809171,1.15960652,0.38073643
1,1781859861.536474,0.93974490,1.19911398,1.11726519,0.58038609
1,1781859861.613293,0.69780321,0.78819885,0.67831409,0.34066196
1,1781859861.661672,0.14571494,-0.02461417,-0.06790218,-0.21608740
1,1781859861.726479,-0.39418107,-0.72297716,-0.71038735,-0.58067188
1,1781859861.807435,-0.69105000,-1.01665296,-1.03011964,-0.53092048
1,1781859861.870629,-0.89813672,-1.22415698,-1.27818096,-0.46264533
1,1781859861.935065,-1.29528896,-1.76787712,-1.78484932,-0.77496866
1,1781859861.998627,-1.76832819,-2.39239402,-2.34477727,-1.14248183
1,1781859862.064326,-1.76820872,-2.24364216,-2.22701635,-0.83695599
1,1781859862.122666,-0.97676196,-0.91918746,-0.98750899,0.21413972
1,1781859862.206502,0.14527154,0.81886386,0.81905330,1.14540793
1,1781859862.273453,0.78855139,1.75391816,2.02356717,1.18336387
1,1781859862.335382,0.69906529,1.51204711,1.97742306,0.59125160
1,1781859862.398491,0.33459006,0.77717268,1.10566317,0.19406217
1,1781859862.459335,0.21232993,0.37122491,0.37469350,0.26436868
1,1781859862.524308,0.42166822,0.50261136,0.36306416,0.37503758
1,1781859862.609671,0.68751099,0.76418382,0.74343972,0.16569893
1,1781859862.664660,0.66409527,0.58243363,0.64717416,-0.24901914
1,1781859862.735019,0.28159057,-0.15580588,-0.26671876,-0.55532413
1,1781859862.799420,-0.06910042,-0.80104936,-1.22546715,-0.52308747
1,1781859862.861622,0.07597461,-0.59089224,-1.19367917,-0.10899514
1,1781859862.929393,0.56931867,0.29007558,-0.21802914,0.38927652
1,1781859863.006035,0.68506084,0.76842138,0.58390108,0.45564529
1,1781859863.069687,0.03215851,0.22394704,0.43934750,-0.04016210
1,1781859863.131262,-0.89813780,-0.73347205,-0.23290579,-0.57134165
1,1781859863.195483,-1.33734933,-1.14551403,-0.60479389,-0.59342704
1,1781859863.262767,-1.08738600,-0.85734085,-0.48778275,-0.23730108
1,1781859863.329185,-0.54213112,-0.40589173,-0.23992470,-0.05056450
1,1781859863.407296,-0.15988831,-0.19945585,-0.12210725,-0.19886562
1,1781859863.471252,-0.11530380,-0.21159175,-0.13131494,-0.30032344
1,1781859863.534830,-0.25235408,-0.23688214,-0.14858065,-0.12387761
1,1781859863.606734,-0.32050440,-0.22302982,-0.09760305,-0.04754458
1,1781859863.663835,-0.39717811,-0.41265924,-0.19485873,-0.39679461
1,1781859863.727120,-0.76872808,-0.93623704,-0.73066349,-0.63458546
1,1781859863.803136,-1.11282794,-1.16005480,-1.20720045,-0.00013812
1,1781859863.870219,-0.50221779,-0.17004852,-0.51492803,1.15160933
1,1781859863.935664,1.12662839,1.66688446,1.24652484,1.63393543
1,1781859863.998903,2.33852934,2.59243219,2.22240070,1.06126564
1,1781859864.063845,1.96504151,1.66542059,1.24024649,0.21355654
1,1781859864.123044,0.73194300,0.15497002,-0.31290155,-0.18557334
1,1781859864.205915,0.06325292,-0.24479697,-0.46629619,-0.14721620
1,1781859864.270167,0.04435232,0.04427578,0.04701578,-0.00867794
1,1781859864.334514,0.28754204,-0.02952021,-0.08361801,-0.81021460
1,1781859864.399302,0.37743494,-0.43416533,-0.54769084,-2.15082444
1,1781859864.462441,-0.15583774,-1.09219186,-1.23448847,-2.44655498
1,1781859864.528858,-0.83803648,-1.44577493,-1.66397987,-1.20018405
1,1781859864.612378,-1.04061314,-1.12866983,-1.43669378,0.67773681
1,1781859864.669687,-0.70377488,-0.44598832,-0.73083296,1.67189029
1,1781859864.736259,-0.27168078,0.08904834,-0.03662602,1.49864817
1,1781859864.798829,-0.06447858,0.33189048,0.38875109,1.04605284
1,1781859864.860296,-0.02472174,0.42081879,0.58913987,0.85413541
1,1781859864.927458,-0.03122998,0.40688741,0.61650009,0.70404139
1,1781859865.005228,-0.13845308,0.21454934,0.44886028,0.36569795
1,1781859865.072732,-0.43062298,-0.17615746,0.12761293,-0.15191224
1,1781859865.136473,-0.82923434,-0.68868797,-0.26570043,-0.87022391
1,1781859865.197877,-1.12323199,-1.19855330,-0.72628901,-1.68715519
1,1781859865.263705,-1.09690148,-1.47435027,-1.16679298,-2.11055878
1,1781859865.328718,-0.60542216,-1.16759247,-1.18845640,-1.66780845
1,1781859865.402143,0.32085134,-0.13788853,-0.42175742,-0.53879157
1,1781859865.466801,1.34336533,1.16728789,0.81279379,0.54971606
1,1781859865.534707,1.98513941,2.00840880,1.69140485,1.04840951
1,1781859865.606885,2.11350914,2.16803490,1.89444516,1.01095025
1,1781859865.660152,1.99881467,2.02145029,1.78187268,0.80790003
1,1781859865.721693,1.74827463,1.70487597,1.45967642,0.62176474
1,1781859865.805074,1.16964725,0.98011714,0.65906716,0.40522330
1,1781859865.871256,0.38519878,0.09239101,-0.26963169,0.21325677
1,1781859865.933617,-0.12612117,-0.27179313,-0.49633408,0.24300172
1,1781859865.998719,-0.35631977,-0.16243016,-0.13498937,0.51284217
1,1781859866.062806,-0.83211654,-0.39930277,-0.19125032,0.69250766
1,1781859866.123259,-1.60469879,-1.17907074,-0.84303250,0.27603338
1,1781859866.207826,-2.04023700,-1.76345915,-1.18873703,-0.91799026
1,1781859866.273307,-1.87303142,-1.74477799,-0.91401476,-2.16448912
1,1781859866.336472,-1.63046826,-1.55360910,-0.77352728,-2.16668553
1,1781859866.399705,-1.71786693,-1.53918504,-1.16100457,-0.61467114
1,1781859866.463327,-1.78112926,-1.45782499,-1.47399559,1.04594936
1,1781859866.523090,-1.24855514,-0.97994287,-1.13034635,1.29102119
1,1781859866.612236,0.02478469,0.00527165,-0.16723017,0.47137069
1,1781859866.667883,1.72923736,1.46450440,1.18238276,0.05357589
1,1781859866.734074,3.17950475,2.91034858,2.48906304,0.46872278
1,1781859866.798454,3.53757373,3.35575327,2.89543726,0.85806715
1,1781859866.862787,2.58555503,2.35151139,1.94731972,0.52423974
1,1781859866.922128,1.11167048,0.70429860,0.40409568,-0.33019617
1,1781859867.006264,0.03296474,-0.47139427,-0.63389708,-1.05328645
1,1781859867.072511,-0.51938732,-0.92859008,-0.96514401,-1.14816097
1,1781859867.129038,-0.86177854,-1.03248112,-1.00309958,-0.61647526
1,1781859867.199651,-1.04635234,-0.96027491,-0.88956892,0.04736065
1,1781859867.266644,-0.95031281,-0.68794858,-0.55217457,0.39003465
1,1781859867.328894,-0.67462831,-0.33147711,-0.15217824,0.50484218
1,1781859867.407364,-0.44086181,-0.06716771,0.08312094,0.68833016
1,1781859867.471462,-0.29191202,0.08631553,0.20016877,0.81455850
1,1781859867.534050,-0.14025340,0.20899739,0.35947488,0.61243652
1,1781859867.608195,0.03495087,0.33592824,0.55377540,0.25613084
1,1781859867.660474,0.19545842,0.43202334,0.68642226,-0.05494800
1,1781859867.726619,0.32163357,0.42323328,0.72609174,-0.62009434
1,1781859867.805858,0.38295382,0.28078137,0.64506508,-1.43718892
1,1781859867.872514,0.31922468,0.08581771,0.37156781,-1.59956468
1,1781859867.937151,0.06901852,-0.12399283,-0.13018939,-0.57559139
1,1781859867.997885,-0.39966457,-0.48857975,-0.81326227,0.72641812
1,1781859868.061192,-0.94808678,-1.02493825,-1.47682193,1.15550441
1,1781859868.124451,-1.20148350,-1.36374497,-1.74983227,0.68962533
1,1781859868.203925,-0.93983211,-1.21048866,-1.47356960,-0.02334109
1,1781859868.271092,-0.42855046,-0.77994828,-0.96535299,-0.51143812
1,1781859868.334393,0.07165326,-0.25055317,-0.39671768,-0.54239931
1,1781859868.399468,0.75664232,0.64720586,0.60400629,-0.20408115
1,1781859868.462808,1.60984088,1.77724886,1.92800773,0.05129727
1,1781859868.526808,1.89868686,2.16844168,2.43058405,0.02345456
1,1781859868.624537,1.20279275,1.38810809,1.54065762,0.10095405
1,1781859868.671795,0.27008331,0.43309352,0.42197450,0.53650611
1,1781859868.734927,-0.00993683,0.30766227,0.33068534,0.90761239
1,1781859868.797415,0.20844275,0.65487493,0.85763552,0.75077175
1,1781859868.862588,0.25756952,0.59648311,0.84971465,0.26399327
1,1781859868.925827,-0.04263032,0.01519440,0.08527272,-0.03775434
1,1781859869.006569,-0.46244413,-0.64644352,-0.81077364,-0.06060264
1,1781859869.073773,-0.84152115,-1.11882186,-1.34320480,-0.16304392
1,1781859869.130820,-1.08216293,-1.34238317,-1.43243696,-0.52429651
1,1781859869.199141,-1.05497870,-1.25448513,-1.19253280,-0.80557542
1,1781859869.262479,-0.75149247,-0.87440906,-0.78582199,-0.65165975
1,1781859869.326956,-0.32814527,-0.37802382,-0.34035799,-0.26973130
1,1781859869.407077,0.05741411,0.05517071,0.08365024,-0.09465978
1,1781859869.470745,0.32407047,0.35806258,0.42921310,-0.11448803
1,1781859869.536024,0.44585268,0.52869535,0.62941897,-0.05509265
1,1781859869.612936,0.47778274,0.58643254,0.68590873,0.02826468
1,1781859869.661535,0.51165728,0.57778113,0.66131865,-0.05365292
1,1781859869.727807,0.53426979,0.53890635,0.58067661,-0.11441192
1,1781859869.805426,0.46173355,0.46147857,0.43204578,0.08989920
1,1781859869.865472,0.32671143,0.33650508,0.24921416,0.29912536
1,1781859869.936633,0.23507834,0.18293790,0.08382376,0.14472976
1,1781859869.997858,0.14190001,0.00776823,-0.08653169,-0.12272519
1,1781859870.063379,-0.09627999,-0.19869387,-0.31004857,0.02754735
1,1781859870.123612,-0.44503560,-0.41472406,-0.54091891,0.48220873
1,1781859870.207858,-0.69993960,-0.58312840,-0.67798451,0.65216398
1,1781859870.271856,-0.77173524,-0.64672682,-0.70338719,0.55973610
1,1781859870.336218,-0.73543351,-0.55917164,-0.65154887,0.82769867
1,1781859870.396431,-0.58190032,-0.28617755,-0.42366748,1.33476312
1,1781859870.457637,-0.16178170,0.16538819,0.18042216,0.96171581
1,1781859870.521227,0.51676245,0.67825420,1.08333621,-0.75052114
1,1781859870.616446,1.09932240,0.98373973,1.72483429,-2.63949135
1,1781859870.669239,1.18426629,0.84679372,1.53929628,-3.17343612
1,1781859870.733857,0.78916892,0.40172748,0.65737616,-1.98141231
1,1781859870.798870,0.32827294,0.07708541,-0.17054918,-0.01094687
1,1781859870.862914,0.08563104,0.03272126,-0.44850753,1.31968529
1,1781859870.927066,-0.05026950,-0.00806373,-0.41081428,1.37094618
1,1781859871.008381,-0.24236657,-0.22191900,-0.47504274,0.84289517
1,1781859871.073428,-0.39982284,-0.40815225,-0.61574801,0.61395564
1,1781859871.128638,-0.37564285,-0.38776915,-0.57179775,0.52964477
1,1781859871.198284,-0.21675701,-0.25008551,-0.34769249,0.19804717
1,1781859871.261493,-0.06575486,-0.10590532,-0.15170577,0.01740805
1,1781859871.326798,0.02919665,0.05428965,-0.01118846,0.27905690
1,1781859871.407201,0.11152976,0.22360752,0.21925270,0.35873814
1,1781859871.469764,0.19910987,0.33329167,0.50869737,-0.12701416
1,1781859871.531547,0.23211818,0.33677078,0.61133259,-0.52350391
1,1781859871.617116,0.15069549,0.24777532,0.44944613,-0.32225325
1,1781859871.659924,-0.01063708,0.12686049,0.26270098,0.00510560
1,1781859871.725651,-0.19246478,-0.00229293,0.20604153,-0.05596046
1,1781859871.808076,-0.43804483,-0.24096606,0.04874203,-0.28539835
1,1781859871.870545,-0.75287500,-0.63393249,-0.41674826,-0.30269062
1,1781859871.935315,-0.86937885,-0.88391368,-0.84715862,-0.15802823
1,1781859871.999274,-0.51766357,-0.62511894,-0.71569428,-0.05200874
1,1781859872.062493,0.04882163,-0.05526247,-0.16001320,0.00205391
1,1781859872.123590,0.30541346,0.24763243,0.16963634,0.06228428
1,1781859872.206399,0.26450256,0.23374582,0.15425312,0.15015942
1,1781859872.270840,0.37410915,0.36576232,0.27691568,0.24802638
1,1781859872.335570,0.63069524,0.62350720,0.54651780,0.21506362
1,1781859872.401037,0.64533951,0.52207504,0.41430474,-0.04773879
1,1781859872.463171,0.51162908,0.18800290,-0.04700355,-0.27304453
1,1781859872.527035,0.60149439,0.22475422,-0.10609414,-0.14139634
1,1781859872.619797,0.67520889,0.48863611,0.28463348,0.05370279
1,1781859872.670586,0.26678757,0.27670733,0.37994644,-0.28752442
1,1781859872.735131,-0.33597250,-0.33287309,-0.00776184,-0.99214431
1,1781859872.799453,-0.49948156,-0.55665231,-0.24718282,-1.12964802
1,1781859872.863578,-0.23725325,-0.18534597,0.00548979,-0.42804979
1,1781859872.930633,0.00911136,0.25427575,0.40977377,0.27626931
1,1781859873.006234,0.11842670,0.45203066,0.58927237,0.60500789
1,1781859873.071791,0.23761058,0.60276253,0.53701479,1.32763659
1,1781859873.129880,0.39204388,0.82473588,0.45338011,2.47733578
1,1781859873.196175,0.48626328,0.87921653,0.45869944,2.50636748
1,1781859873.262475,0.40483462,0.53074232,0.41067297,0.75787507
1,1781859873.327244,0.02198554,-0.13503913,0.03986490,-1.02269896
1,1781859873.406963,-0.66219370,-0.85898887,-0.67405787,-1.17612900
1,1781859873.469440,-1.41177902,-1.49703732,-1.42466758,-0.48566462
1,1781859873.537034,-1.91685663,-2.00373211,-1.89493062,-0.60289646
1,1781859873.604049,-2.00257803,-2.21459640,-1.96659538,-1.41735670
1,1781859873.662557,-1.62663398,-1.87552901,-1.62626871,-1.53485660
1,1781859873.729506,-0.78485541,-0.92931153,-0.82014783,-0.78142304
1,1781859873.808712,0.45516688,0.38491395,0.49640039,-0.55995359
1,1781859873.873880,1.80056339,1.69834244,2.07035818,-1.46116134
1,1781859873.935282,2.72188275,2.61810312,3.18321123,-2.06089686
1,1781859873.997567,2.77195597,2.78320446,3.09618997,-0.92967600
1,1781859874.064039,1.96549321,2.09154204,1.80253244,1.27882841
1,1781859874.124527,0.76688924,0.88150070,0.11099466,2.72711814
1,1781859874.205608,-0.29987531,-0.27037502,-1.11090063,2.68061968
1,1781859874.271209,-0.97934521,-0.97128506,-1.58298038,1.90951639
1,1781859874.337882,-1.28443351,-1.20456820,-1.52210148,1.22441694
1,1781859874.399016,-1.28844844,-1.13485213,-1.20960506,0.70356235
1,1781859874.458953,-0.98492984,-0.82974272,-0.76918194,0.29155139
1,1781859874.524208,-0.37352586,-0.27835583,-0.22629075,0.13280980
1,1781859874.632638,0.05878497,0.03724674,0.01788007,-0.00401464
1,1781859874.666962,-0.28343172,-0.16205745,-0.16578263,0.23127463
1,1781859874.734629,-0.94537432,-0.59722651,-0.51120070,0.48459183
1,1781859874.799034,-1.53174028,-1.07356411,-0.82004503,0.37835495
1,1781859874.859548,-1.98814984,-1.52106892,-1.13073890,0.14189141
1,1781859874.928881,-2.12475408,-1.75284403,-1.34530853,-0.06586173
1,1781859875.007388,-1.88318644,-1.70810871,-1.35591563,-0.32743780
1,1781859875.074928,-1.52052988,-1.55464306,-1.23323840,-0.65725519
1,1781859875.128023,-1.14417370,-1.29494568,-1.00279352,-0.81884549
1,1781859875.198126,-0.36284953,-0.54598753,-0.41826515,-0.57469575
1,1781859875.263238,1.05503118,0.84863870,0.64592513,-0.00680129
1,1781859875.324805,2.45071400,2.21849562,1.71451064,0.50242205
1,1781859875.401614,2.86500666,2.63358167,2.07453785,0.60567756
1,1781859875.464206,2.20500517,1.97972667,1.59359518,0.29737315
1,1781859875.528989,1.20382082,0.97732576,0.79809707,-0.08738258
1,1781859875.604785,0.39555095,0.23361425,0.16987388,-0.18153813
1,1781859875.662165,-0.20616793,-0.21431561,-0.22684993,0.00810970
1,1781859875.723991,-0.60507112,-0.51488917,-0.45023025,0.04718509
1,1781859875.807176,-0.75783327,-0.72056057,-0.54199998,-0.26120264
1,1781859875.870630,-0.87848664,-0.87797238,-0.69832897,-0.33116078
1,1781859875.934861,-1.08341994,-0.94956352,-0.96199094,0.27043877
1,1781859875.999903,-0.96327313,-0.72926445,-0.84466684,0.64596540
1,1781859876.063021,-0.27610473,-0.21506888,-0.08817452,-0.12175434
1,1781859876.124018,0.33758823,0.19185574,0.51960803,-0.87534376
1,1781859876.207888,0.26633361,0.26465596,0.24973177,0.02448923
1,1781859876.270994,0.03418641,0.32959528,-0.18328996,1.49431458
1,1781859876.335670,0.40950723,0.64728551,0.22758170,1.21550440
1,1781859876.397871,0.99702839,0.90905273,0.96930329,-0.27402970
1,1781859876.463132,0.90590957,0.76299406,0.90914356,-0.53440209
1,1781859876.520950,0.25087788,0.34670275,0.20076459,0.44695366
1,1781859876.609310,-0.16672942,-0.04145075,-0.20534903,0.53460902
1,1781859876.666496,-0.15000801,-0.33213905,-0.16293954,-0.64951401
1,1781859876.734853,-0.07366756,-0.49588812,-0.15893050,-1.40351266
1,1781859876.798065,-0.09474144,-0.45992225,-0.28639426,-0.99592513
1,1781859876.865112,-0.24624392,-0.46561674,-0.42839826,-0.47436709
1,1781859876.927403,-0.71539741,-0.91811898,-0.74974554,-0.68605309
1,1781859877.007726,-1.25408341,-1.49469467,-1.13297051,-1.11355333
1,1781859877.071723,-1.01051938,-1.13213964,-0.86200548,-0.72424669
1,1781859877.137296,0.24044030,0.44121919,0.28473389,0.66048368
1,1781859877.199095,1.40615175,1.90851072,1.32978279,1.99863374
1,1781859877.262149,1.42467401,1.93752601,1.30399014,2.11935738
1,1781859877.325764,0.62549651,0.86737777,0.51483577,1.09892590
1,1781859877.406231,0.02036864,-0.01508950,-0.09332554,0.07908463
1,1781859877.471274,-0.07540536,-0.21925491,-0.20471162,-0.29282501
1,1781859877.533582,-0.03602525,-0.21245505,-0.14536002,-0.45021076
1,1781859877.604990,-0.10678292,-0.32669116,-0.16542982,-0.70467821
1,1781859877.663042,-0.15954411,-0.33612041,-0.17773966,-0.61924393
1,1781859877.729397,0.01387038,-0.03279841,0.04857925,-0.23672286
1,1781859877.806027,0.38106482,0.32709342,0.51702268,-0.45090557
1,1781859877.871294,0.55597125,0.35792623,0.74400010,-1.07987594
1,1781859877.934488,0.23617041,0.13500345,0.27154877,-0.43946494
1,1781859877.997657,-0.20971895,0.10335449,-0.48773318,1.67154642
1,1781859878.063999,-0.20475007,0.30983497,-0.68903851,2.79797054
1,1781859878.124879,0.00694154,0.19810391,-0.37228630,1.40790227
1,1781859878.206192,-0.23391648,-0.47863528,-0.26800751,-0.84181119
1,1781859878.270555,-0.67758269,-1.07791260,-0.38100554,-2.02849082
1,1781859878.336895,-0.53657605,-0.94394190,-0.13365789,-2.25110130
1,1781859878.397979,0.01034478,-0.32578368,0.27192054,-1.72640100
1,1781859878.464105,0.14711643,0.15960955,0.16893384,0.00585829
1,1781859878.525368,-0.02084964,0.41796604,-0.15150320,1.86404284
1,1781859878.623704,0.25015886,0.64380690,0.12086312,1.69452740
1,1781859878.668781,0.78945802,0.70989247,0.72829438,-0.18111502
1,1781859878.734981,0.68802818,0.36181161,0.65102577,-1.13776296
1,1781859878.801487,-0.17245025,-0.29183478,-0.23707069,-0.32195312
1,1781859878.866515,-0.93315128,-0.83869146,-1.02920490,0.52683756
1,1781859878.929515,-0.90594433,-0.88022581,-1.02996403,0.32437149
1,1781859879.007719,-0.10518567,-0.21673650,-0.25917892,-0.12776255
1,1781859879.071060,1.03040397,0.91488986,0.85537653,-0.10353011
1,1781859879.138370,1.85172202,1.77756403,1.64021599,0.11682110
1,1781859879.198929,1.78362419,1.71556028,1.51016225,0.25389320
1,1781859879.263805,0.82113038,0.81342209,0.56815297,0.43918498
1,1781859879.329716,-0.42730774,-0.28399417,-0.47840007,0.62435086
1,1781859879.408895,-1.28509988,-1.05122710,-1.06873530,0.46473464
1,1781859879.475412,-1.46732429,-1.33969264,-1.13555461,-0.14143935
1,1781859879.535277,-1.14335328,-1.21032791,-0.89206350,-0.71220155
1,1781859879.602592,-0.74806282,-0.83881435,-0.63582030,-0.54305518
1,1781859879.663636,-0.58079580,-0.47181617,-0.53999945,0.32752573
1,1781859879.726779,-0.45238781,-0.22353192,-0.39312518,0.73662343
1,1781859879.807096,0.05446094,0.05302547,0.14443657,-0.17164790
1,1781859879.867585,0.89400734,0.52132885,0.90440634,-1.39718595
1,1781859879.934911,1.47285307,1.02016008,1.28192675,-1.32084033
1,1781859880.000203,1.38162835,1.17053923,1.03426083,-0.13830456
1,1781859880.064516,0.85068182,0.85919705,0.53493940,0.61520596
1,1781859880.124232,0.36752045,0.41816293,0.20376954,0.48997875
1,1781859880.205793,0.17811621,0.23544849,0.12688782,0.30669064
1,1781859880.274211,0.23248241,0.33284447,0.21778188,0.39826123
1,1781859880.335451,0.31755141,0.40035334,0.33953036,0.26552316
1,1781859880.394818,0.16151361,0.12565298,0.22634738,-0.25245288
1,1781859880.461139,-0.37587993,-0.54042605,-0.36945442,-0.62028047
1,1781859880.529573,-1.09778919,-1.30669996,-1.28044134,-0.43476383
1,1781859880.630834,-1.56509896,-1.72778837,-1.90709107,0.03071341
1,1781859880.664921,-1.50712117,-1.59065162,-1.80919372,0.24959958
1,1781859880.728209,-1.05332298,-1.04420653,-1.12887382,0.17338048
1,1781859880.799468,-0.49413272,-0.30716167,-0.30295322,0.33787804
1,1781859880.862549,0.00187297,0.45980308,0.34906110,1.05131905
1,1781859880.923069,0.39081497,0.98124964,0.70449778,1.60319054
1,1781859881.006437,0.76596605,1.08462442,0.91580726,0.90120882
1,1781859881.072257,1.33974679,1.09297756,1.36984450,-0.96805994
1,1781859881.131493,2.05036776,1.38979852,2.12061998,-2.57230056
1,1781859881.198731,2.35108304,1.70680465,2.53247121,-2.71752587
1,1781859881.262036,1.81297681,1.49210713,1.95794697,-1.45441058
1,1781859881.326798,0.68187794,0.74142887,0.54948498,0.46494511
1,1781859881.407890,-0.51732171,-0.14346668,-0.97440499,2.22733308
1,1781859881.471601,-1.50809062,-0.96313198,-2.04342444,3.00464442
1,1781859881.535216,-2.06105431,-1.62406086,-2.39780231,2.23831742
1,1781859881.613414,-1.85058871,-1.82965255,-1.97943285,0.31560799
1,1781859881.661518,-0.98327695,-1.42552834,-1.08317161,-1.45052566
1,1781859881.725829,-0.17050727,-0.77400337,-0.30241019,-1.98754582
1,1781859881.806895,0.08467671,-0.33823273,0.02466921,-1.45275016
1,1781859881.873055,0.07356792,-0.11273239,0.11260358,-0.76100282
1,1781859881.936081,0.30584987,0.19620623,0.30386362,-0.40173013
1,1781859881.998367,0.74702767,0.63882103,0.59644335,-0.12169973
1,1781859882.061825,0.99080312,0.97884207,0.77159150,0.36103688
1,1781859882.129058,0.89544113,1.05580791,0.78652888,0.79429750
1,1781859882.204585,0.67782185,0.94744847,0.79214028,0.78558815
1,1781859882.273656,0.50116249,0.78550478,0.81431935,0.47240081
1,1781859882.334902,0.29148214,0.56713557,0.67207175,0.31560947
1,1781859882.398166,-0.02400414,0.23116927,0.29407902,0.35544289
1,1781859882.461286,-0.35356676,-0.16395988,-0.11456440,0.25921250
1,1781859882.527161,-0.62490582,-0.51078172,-0.40398469,0.01354577
1,1781859882.601642,-0.93541669,-0.87747653,-0.75749301,-0.11470120
1,1781859882.669753,-1.30426348,-1.36747134,-1.30501421,-0.23232018
1,1781859882.736406,-1.35543332,-1.64829605,-1.58630009,-0.65603659
1,1781859882.798561,-0.58148970,-1.04732829,-0.91228907,-1.11085860
1,1781859882.861880,0.89361288,0.49293818,0.59287451,-0.92549278
1,1781859882.927779,2.09578787,1.91403106,1.79438439,-0.11482464
1,1781859883.006943,2.12204542,2.06649864,1.73119334,0.51719693
1,1781859883.077373,1.14865519,1.04412110,0.67386672,0.49124408
1,1781859883.130656,0.13901865,-0.05388804,-0.33852213,0.16957886
1,1781859883.197804,-0.33395842,-0.52569152,-0.73405466,0.03074440
1,1781859883.262048,-0.50911306,-0.60618080,-0.75451896,0.09478497
1,1781859883.329616,-0.72893951,-0.67812105,-0.75376592,0.23379607
1,1781859883.405867,-0.90249123,-0.69510364,-0.71893010,0.42745149
1,1781859883.469965,-0.85824632,-0.55570763,-0.53986903,0.53002999
1,1781859883.532281,-0.69336363,-0.37204037,-0.24791241,0.36456013
1,1781859883.607461,-0.49659369,-0.14547375,0.12101084,0.15646759
1,1781859883.660682,-0.18532247,0.23416231,0.51691251,0.25278480
1,1781859883.724352,0.19958696,0.60197267,0.78098111,0.41296342
1,1781859883.807075,0.53781307,0.77436665,0.92609821,0.15681270
1,1781859883.870162,1.00646299,1.06115833,1.26079447,-0.26795589
1,1781859883.934769,1.74311280,1.67110315,1.76561226,-0.30784761
1,1781859884.000354,2.13600199,1.80311150,1.69151442,-0.40911097
1,1781859884.063768,1.33402892,0.47162802,0.40526215,-1.47165089
1,1781859884.121693,-0.38538223,-1.74765068,-1.58911976,-2.81154173
1,1781859884.207219,-1.63880992,-2.98400427,-3.01799870,-2.42404974
1,1781859884.271572,-1.54450711,-2.28172352,-3.03119199,0.02265071
1,1781859884.334663,-0.56982782,-0.53958179,-1.71278933,2.22485623
1,1781859884.399009,0.29584124,0.84820567,0.15733078,2.29840921
1,1781859884.465362,0.50181723,1.31326575,1.50946725,1.13742336
1,1781859884.525696,0.07474632,1.02696809,1.65934916,0.59129792
1,1781859884.603746,-0.55075290,0.42415568,0.96373161,0.80481093
1,1781859884.671019,-0.80208469,-0.00242602,0.44822450,0.64522055
1,1781859884.733407,-0.49329876,-0.01607977,0.57738823,-0.21491259
1,1781859884.799096,-0.05258750,0.13465245,0.77853141,-0.84420054
1,1781859884.862148,0.03632755,0.08433049,0.37459058,-0.44786717
1,1781859884.923063,-0.02080200,-0.01535441,-0.00982973,-0.00026344
1,1781859885.004561,-0.38846959,-0.35967368,-0.32746688,-0.01165617
1,1781859885.071889,-0.81033491,-0.79568565,-0.63331280,-0.50482029
1,1781859885.131285,-0.52255865,-0.55994547,-0.20847392,-1.32885733
1,1781859885.199541,0.45335447,0.45160177,0.84808562,-1.36090565
1,1781859885.264613,1.55339281,1.62436157,1.88512291,-0.64858387
1,1781859885.327314,1.97505144,1.98061428,2.01170176,-0.08722610
1,1781859885.406616,1.43720897,1.23761872,0.96403763,0.25285115
1,1781859885.471173,0.54813023,0.18127466,-0.39448805,0.71390460
1,1781859885.534188,0.07080049,-0.31573219,-1.00544492,1.03606630
1,1781859885.600478,0.04645027,-0.26063185,-0.81515836,0.84559912
1,1781859885.663378,0.01289225,-0.19384353,-0.48968087,0.30448943
1,1781859885.722185,-0.24572424,-0.32763904,-0.37747652,-0.10961877
1,1781859885.806914,-0.57789858,-0.47646381,-0.34816677,-0.09179723
1,1781859885.869622,-0.82206168,-0.52083400,-0.26604477,0.15869549
1,1781859885.939389,-0.94627015,-0.51849865,-0.13857201,0.16350164
1,1781859885.997556,-0.96803526,-0.51024940,-0.01186050,-0.13875396
1,1781859886.062694,-0.91010144,-0.47298101,0.05561427,-0.31259974
1,1781859886.123980,-0.76481919,-0.37800702,0.05025421,-0.14164512
1,1781859886.206708,-0.47427471,-0.20090468,0.05099529,0.07337026
1,1781859886.272455,-0.02838815,0.04279887,0.10523633,0.02990010
1,1781859886.331036,0.45030652,0.27560644,0.15864572,-0.19731441
1,1781859886.395324,0.79473477,0.43451974,0.19290871,-0.40530899
1,1781859886.460753,0.90355456,0.49632018,0.24368033,-0.52830053
1,1781859886.525255,0.73783472,0.40516063,0.22503343,-0.52130308
1,1781859886.601428,0.33765250,0.11820349,-0.00777050,-0.31943497
1,1781859886.674847,-0.11760477,-0.24869529,-0.36871101,-0.03784620
1,1781859886.737959,-0.39377075,-0.46755529,-0.57826134,0.12617302
1,1781859886.798974,-0.39861282,-0.42863629,-0.52484120,0.22616386
1,1781859886.862274,-0.21721030,-0.21388420,-0.33597135,0.42857844
1,1781859886.926462,0.05187091,0.07605807,-0.07926910,0.61345972
1,1781859887.008229,0.37559019,0.42226929,0.30940100,0.54522606
1,1781859887.070244,0.65466009,0.73997179,0.72845113,0.33090811
1,1781859887.136627,0.66870951,0.79899074,0.85875873,0.24096702
1,1781859887.199011,0.31598637,0.47390358,0.57855719,0.18201930
1,1781859887.263743,-0.17777467,-0.02212565,0.16943921,-0.12273626
1,1781859887.330863,-0.46100200,-0.33448595,-0.06783247,-0.47889585
1,1781859887.407233,-0.41840716,-0.34336653,-0.15684558,-0.38096502
1,1781859887.469988,-0.21359743,-0.21169927,-0.24395369,0.11671065
1,1781859887.533271,-0.05374954,-0.12634429,-0.31795624,0.40672106
1,1781859887.611151,-0.03144981,-0.12936708,-0.31048766,0.28433320
1,1781859887.658482,-0.13010706,-0.17864503,-0.24927303,0.07548897
1,1781859887.727108,-0.26813283,-0.24253500,-0.17145612,-0.15542375
1,1781859887.808327,-0.34909590,-0.29287489,-0.07948655,-0.53709258
1,1781859887.870474,-0.32858262,-0.28524031,-0.03166680,-0.71842941
1,1781859887.933713,-0.23076281,-0.20519113,-0.05959878,-0.41015021
1,1781859887.998309,-0.10336279,-0.10579385,-0.03731516,-0.24232206
1,1781859888.060482,-0.01363029,-0.07129094,0.08968648,-0.74715844
1,1781859888.122212,-0.05392185,-0.13879468,0.06399892,-0.98305109
1,1781859888.207495,-0.22391377,-0.24829120,-0.32076124,0.16434830
1,1781859888.271742,-0.34768752,-0.29335078,-0.75634610,1.76789436
1,1781859888.334367,-0.24822729,-0.21697189,-0.74318163,1.90504228
1,1781859888.400919,0.06668188,-0.00201309,-0.24315975,0.58932429
1,1781859888.463280,0.48098785,0.36574180,0.36186494,-0.38058523
1,1781859888.527279,0.87822937,0.80083859,0.78714478,-0.21767359
1,1781859888.600368,1.11658986,1.08318871,1.00356260,0.15796598
1,1781859888.668738,1.08664567,1.06805642,1.04381252,0.01932383
1,1781859888.731979,0.83153176,0.83189890,0.90877460,-0.26145497
1,1781859888.797199,0.47746248,0.51611825,0.62592752,-0.24315495
1,1781859888.862464,0.08939072,0.16701813,0.28420151,-0.13517581
1,1781859888.927778,-0.29372915,-0.19302841,-0.02312253,-0.23649681
1,1781859889.007755,-0.58326359,-0.48743823,-0.27989617,-0.38177280
1,1781859889.066779,-0.73503239,-0.67193391,-0.52693567,-0.27987849
1,1781859889.129423,-0.82918416,-0.79316250,-0.75530025,-0.00628993
1,1781859889.198050,-0.93633671,-0.88738758,-0.88587176,0.16209529
1,1781859889.262311,-0.99945103,-0.91403666,-0.87754172,0.16717384
1,1781859889.326208,-0.94500870,-0.84667854,-0.79259059,0.15119022
1,1781859889.409191,-0.78572926,-0.72101706,-0.70516739,0.16697941
1,1781859889.470750,-0.53214869,-0.53687352,-0.57740903,0.12237691
1,1781859889.534724,-0.15757795,-0.23925203,-0.31052355,-0.03554900
1,1781859889.608703,0.26290641,0.12868534,0.05550774,-0.20860567
1,1781859889.665001,0.53704335,0.38667223,0.31635310,-0.27356407
1,1781859889.727181,0.59556325,0.45354790,0.38798127,-0.26125049
1,1781859889.806409,0.60532570,0.48803081,0.44610746,-0.25756945
1,1781859889.871506,0.68165972,0.59977921,0.57370893,-0.19072195
1,1781859889.929780,0.67977430,0.62329697,0.55903278,0.02661026
1,1781859889.998849,0.56647357,0.53419185,0.42737732,0.25470322
1,1781859890.063294,0.71725389,0.76643209,0.71776221,0.33437916
1,1781859890.124427,1.30779982,1.48157593,1.55011510,0.35962931
1,1781859890.207446,1.69364711,1.88533613,1.94143933,0.46334149
1,1781859890.269635,1.12014758,1.14712892,1.00681158,0.57171482
1,1781859890.334059,-0.15978022,-0.30386733,-0.61162181,0.55930542
1,1781859890.392632,-1.21092050,-1.31983624,-1.53510828,0.36345454
1,1781859890.460050,-1.63644561,-1.55625806,-1.45032036,-0.08799677
1,1781859890.525683,-1.75353262,-1.54553947,-1.13438676,-0.69426327
1,1781859890.603072,-1.78717840,-1.58197765,-1.07269917,-1.03913388
1,1781859890.667867,-1.63233944,-1.46262293,-1.03339646,-0.88683116
1,1781859890.732374,-1.29847323,-1.13852631,-0.81410211,-0.56207317
1,1781859890.793910,-0.93376890,-0.78926422,-0.54757821,-0.33210068
1,1781859890.861960,-0.44633523,-0.33610493,-0.25133188,0.08699586
1,1781859890.921952,0.31368284,0.37901852,0.21732214,0.77584344
1,1781859890.999952,1.02584176,0.97812817,0.61199173,1.08815590
1,1781859891.066304,1.24929204,0.95470882,0.45497074,0.70108186
1,1781859891.129502,1.34466231,0.77347388,0.09434318,0.36887435
1,1781859891.200256,2.08790783,1.45901806,0.64432677,0.63494512
1,1781859891.262802,3.08777962,2.71015130,2.14439537,0.64289415
1,1781859891.326556,2.78573266,2.74926840,2.86020881,-0.50373040
1,1781859891.407790,0.64661696,0.79740419,1.49912751,-1.88273039
1,1781859891.471484,-1.81586374,-1.60487187,-0.87449946,-1.77489464
1,1781859891.538543,-2.90691376,-2.61204967,-2.25730133,-0.20464423
1,1781859891.607264,-2.57780825,-2.18595865,-2.11251760,1.08810703
1,1781859891.661701,-1.78009117,-1.39999550,-1.33839942,1.08841814
1,1781859891.727948,-1.05146896,-0.81265319,-0.70064677,0.43334942
1,1781859891.806178,-0.42501148,-0.37216014,-0.30789901,-0.03899098
1,1781859891.871248,0.03933901,-0.06720457,-0.09370491,-0.27353419
1,1781859891.936489,0.29472399,0.08986540,0.02528984,-0.47939340
1,1781859891.998402,0.48493011,0.26415420,0.24302305,-0.68225204
1,1781859892.058929,0.67775260,0.50952642,0.59276592,-0.85934117
1,1781859892.123365,0.68653246,0.59022090,0.76147165,-0.91434871
1,1781859892.205524,0.44696004,0.42462253,0.58859489,-0.63668228
1,1781859892.272154,0.34836030,0.43997634,0.55199694,-0.06972913
1,1781859892.334489,0.80377443,1.04008738,1.16483816,0.38124477
1,1781859892.400624,1.51917076,1.80885279,1.91469123,0.62825418
1,1781859892.462771,1.63305959,1.81607717,1.61538731,1.31125492
1,1781859892.526986,0.75317796,0.83027357,0.08391802,2.81400436
1,1781859892.604493,-0.57436068,-0.42142693,-1.44671270,4.02636486
1,1781859892.669684,-1.62367474,-1.36098673,-2.03187632,3.19034271
1,1781859892.735092,-2.16378498,-2.07005811,-2.08268341,0.36344044
1,1781859892.799027,-2.14107397,-2.47239118,-2.14557512,-2.24905852
1,1781859892.864302,-1.42564043,-2.10217029,-1.84701829,-3.18386430
1,1781859892.927587,-0.30679729,-1.09869818,-0.91425950,-3.33647447
1,1781859893.007172,0.47974199,-0.29839051,-0.02019239,-3.60983029
1,1781859893.070824,0.70561775,0.11294663,0.40074272,-3.00884693
1,1781859893.131031,0.87158064,0.79412193,0.93291411,-0.73900062
1,1781859893.198466,1.07137182,1.66952716,1.76725395,1.71012951
1,1781859893.264467,0.72509304,1.71108632,2.00218079,2.37469855
1,1781859893.329515,-0.03784827,0.88206519,1.41266433,1.33041550
1,1781859893.407913,-0.12117440,0.53765890,1.15157066,0.15351171
1,1781859893.469325,0.71595543,1.15096354,1.60624230,-0.06927148
1,1781859893.536398,1.23050497,1.43449009,1.48606348,0.52084117
1,1781859893.622706,0.59429264,0.49399077,0.07628652,1.08466866
1,1781859893.663022,-0.45943512,-0.82629503,-1.47866256,0.97567371
1,1781859893.727552,-0.96937147,-1.44325221,-2.00970111,0.31633592
1,1781859893.806886,-0.97587601,-1.43084089,-1.79709419,-0.30315672
1,1781859893.870000,-0.94799034,-1.35773775,-1.59471902,-0.59039889
1,1781859893.935898,-0.98714493,-1.36339715,-1.53601315,-0.69589216
1,1781859893.999240,-0.95090737,-1.27902768,-1.41004413,-0.67356894
1,1781859894.064232,-0.69020992,-0.87958363,-1.00007387,-0.23539754
1,1781859894.123640,-0.04294461,0.07791681,-0.01914741,0.74472382
1,1781859894.207772,0.92936399,1.43846087,1.45076326,1.69771072
1,1781859894.270518,1.76623017,2.41561710,2.55490036,1.74319259
1,1781859894.337227,2.01388901,2.35791764,2.48911564,0.72731251
1,1781859894.398888,1.60932456,1.48931328,1.52299073,-0.52520510
1,1781859894.462390,0.69439679,0.43266986,0.52354366,-1.20495299
1,1781859894.526869,-0.51435844,-0.52711375,-0.16065547,-1.29589799
1,1781859894.602507,-1.51519851,-1.26765598,-0.67953338,-1.16387449
1,1781859894.670817,-1.73876434,-1.51456378,-1.01352171,-0.94605881
1,1781859894.729428,-1.18740853,-1.18447154,-0.99920936,-0.62306534
1,1781859894.794402,-0.42930565,-0.60646726,-0.70936103,-0.25379769
1,1781859894.856698,0.09900252,-0.11347093,-0.35410103,0.09622059
1,1781859894.921893,0.38436429,0.23328785,-0.04328130,0.42884999
1,1781859895.010900,0.49299640,0.41784793,0.13466448,0.71092412
1,1781859895.070597,0.39337856,0.35871469,0.08244651,0.82564165
1,1781859895.131360,0.15090294,0.11616642,-0.11809739,0.68185061
1,1781859895.200223,-0.06359443,-0.11510738,-0.25857347,0.31423420
1,1781859895.257198,0.00262970,0.00214293,0.00308368,-0.00406035
1,1781859895.321311,0.18064248,0.16110674,0.12344169,0.05156607
1,1781859895.405586,0.44531924,0.28793284,0.36378605,-0.66341477
1,1781859895.470350,0.52163562,0.13196739,0.52145894,-2.21620217
1,1781859895.535713,0.33197254,-0.07730949,0.38750274,-2.48622893
1,1781859895.608381,0.00379783,-0.06971272,0.05613430,-0.56704249
1,1781859895.662558,-0.21223537,0.10703296,-0.13787521,1.60471475
1,1781859895.729782,-0.24369077,0.16847540,-0.12730004,2.01363287
1,1781859895.821841,-0.23508614,0.00700908,-0.13583456,1.09490035
1,1781859895.865517,-0.28477761,-0.17745810,-0.23197139,0.46030894
1,1781859895.934958,-0.37539766,-0.22686309,-0.31168293,0.66374132
1,1781859896.001270,-0.46784633,-0.24815132,-0.37763622,0.99318944
1,1781859896.058642,-0.43107180,-0.32073094,-0.40766823,0.56112787
1,1781859896.121263,-0.11727930,-0.27425481,-0.22988162,-0.57270594
1,1781859896.201076,0.31314078,-0.01504066,0.13129450,-1.34969070
1,1781859896.267575,0.50516892,0.21921208,0.37630360,-1.26018405
1,1781859896.335857,0.41805056,0.22688433,0.37581785,-0.96736232
1,1781859896.399463,0.31640950,0.17985909,0.27958010,-0.67203836
1,1781859896.462500,0.32201979,0.28461332,0.20954315,0.10712868
1,1781859896.532099,0.31934086,0.36864031,0.18173812,0.67183984
1,1781859896.601469,0.17389763,0.14380981,0.16200901,-0.13734509
1,1781859896.671446,-0.11932262,-0.28771560,0.06170324,-1.47283745
1,1781859896.736676,-0.40674947,-0.51777926,-0.13020136,-1.41821415
1,1781859896.800116,-0.53067236,-0.36058287,-0.30771097,0.33340770
1,1781859896.865075,-0.47789617,-0.02504553,-0.41050767,2.38445395
1,1781859896.926571,-0.24624299,0.23311807,-0.37135351,3.08279804
1,1781859897.007946,0.18605535,0.37558629,-0.05413183,1.76136030
1,1781859897.071237,0.60749077,0.44527350,0.43099094,-0.42077794
1,1781859897.129376,0.67143907,0.39907368,0.66183924,-1.52209909
1,1781859897.194360,0.34972151,0.19176173,0.43250841,-1.13406025
1,1781859897.257833,-0.04986185,-0.10592058,0.01510926,-0.50370167
1,1781859897.325834,-0.28782558,-0.35362872,-0.24081226,-0.50805647
1,1781859897.403905,-0.38688157,-0.47743813,-0.29365808,-0.78030898
1,1781859897.469756,-0.53777729,-0.56478293,-0.37084724,-0.62843420
1,1781859897.536027,-0.86017848,-0.74599078,-0.65518589,0.06650887
1,1781859897.613254,-1.14444227,-0.91760731,-0.97235896,0.80093055
1,1781859897.661723,-1.07580906,-0.85771876,-0.98381960,0.97899964
1,1781859897.725755,-0.81438513,-0.71527871,-0.80158157,0.52736864
1,1781859897.807445,-0.68242705,-0.72754756,-0.76865307,-0.01142008
1,1781859897.870694,-0.10580932,-0.24142043,-0.34814374,-0.08216698
1,1781859897.935498,1.84690739,1.70474101,1.49167393,0.20166636
1,1781859897.999157,4.27174767,4.16227418,3.98915257,0.18103741
1,1781859898.061284,4.51914152,4.39857133,4.42351344,-0.41388776
1,1781859898.123703,1.69139196,1.51314842,1.69014797,-1.01043523
1,1781859898.209245,-1.68949374,-1.87360764,-1.70983890,-0.98949958
1,1781859898.271635,-2.89890110,-2.98335339,-2.89965021,-0.47829282
1,1781859898.330319,-2.15844216,-2.11075955,-2.07505716,0.03407594
1,1781859898.393846,-1.26742283,-1.14566838,-1.15633900,0.37666307
1,1781859898.457787,-0.87728405,-0.73802487,-0.82161163,0.63385156
1,1781859898.526539,-0.53847234,-0.39048946,-0.52584247,0.80590610
1,1781859898.605255,-0.13510170,0.01987907,-0.10105488,0.78479774
1,1781859898.672234,0.01838370,0.15811255,0.12167008,0.50109269
1,1781859898.740333,-0.11608388,-0.00597030,0.07742956,0.07598314
1,1781859898.797428,-0.27479602,-0.18449029,-0.02958438,-0.18374542
1,1781859898.859465,-0.26596389,-0.19140860,-0.07140675,-0.12926585
1,1781859898.927142,-0.02970310,0.00659926,0.05190406,-0.02560607
1,1781859899.007248,0.37543623,0.34841089,0.39267096,-0.20276059
1,1781859899.068745,0.69473554,0.60720748,0.71614772,-0.55882435
1,1781859899.130984,0.70488228,0.58467093,0.70184191,-0.67519811
1,1781859899.197848,0.55412064,0.42846363,0.43290820,-0.37005431
1,1781859899.261470,0.53780499,0.42049326,0.27765456,0.07260760
1,1781859899.326805,0.60069138,0.50664913,0.31793743,0.26927296
1,1781859899.409248,0.44559457,0.39908244,0.28941929,0.17962351
1,1781859899.465695,0.04032654,0.04022078,0.03735167,0.00785995
1,1781859899.529693,-0.36770351,-0.37372993,-0.31567547,-0.18226836
1,1781859899.605186,-0.61481625,-0.67224068,-0.59063748,-0.39544312
1,1781859899.661289,-0.62574912,-0.70304791,-0.62931090,-0.42959847
1,1781859899.726828,-0.25682879,-0.28321713,-0.26548861,-0.12548371
1,1781859899.802756,0.40910434,0.47524024,0.40242476,0.39522619
1,1781859899.873038,0.80704474,0.99245770,0.81649661,1.02787383
1,1781859899.935141,0.47016684,0.75364108,0.49608824,1.53886973
1,1781859899.998807,-0.27988946,-0.08940600,-0.30404335,1.15230492
1,1781859900.064067,-0.80120194,-0.94010036,-0.94255241,-0.38810106
1,1781859900.124207,-1.08846818,-1.45709638,-1.23134260,-1.69062966
1,1781859900.209206,-1.51536902,-1.71267132,-1.38316643,-1.49842338
1,1781859900.272272,-1.82545994,-1.72819955,-1.38382610,-0.70287571
1,1781859900.334426,-1.30853137,-1.23156361,-0.99685587,-0.44866754
1,1781859900.400702,0.05394807,-0.03801265,-0.13742769,0.02120270
1,1781859900.463562,1.39715134,1.46702014,1.05340926,1.37518484
1,1781859900.529381,1.97317687,2.48059500,2.15944139,2.35674704
1,1781859900.602575,1.91994511,2.59534004,2.65780908,1.74337498
1,1781859900.673518,1.91230503,2.20635993,2.52910281,-0.08159862
1,1781859900.733421,2.07645553,1.74806024,2.12172640,-1.99690761
1,1781859900.799421,1.63462004,0.97220679,1.25214156,-2.68036643
1,1781859900.862421,0.11466070,-0.39205895,-0.45719893,-1.25600661
1,1781859900.922514,-1.65104445,-1.81886241,-2.35267245,1.04100909
1,1781859901.008466,-2.53505257,-2.57971806,-3.17465134,1.56515349
1,1781859901.071472,-2.49640320,-2.62525750,-2.65327064,-0.28682742
1,1781859901.129374,-2.15736878,-2.27247754,-1.65177460,-2.09290513
1,1781859901.198686,-1.66327405,-1.56559346,-0.91272953,-1.57913507
1,1781859901.260059,-0.74270309,-0.45055096,-0.41175059,0.72062074
1,1781859901.328184,0.49678789,0.78359291,0.16739974,2.56844179
1,1781859901.405687,1.44565021,1.59974247,0.82319493,2.64706415
1,1781859901.472773,1.64628981,1.69865390,1.25283127,1.41701679
1,1781859901.534849,1.28679368,1.31092708,1.30916088,0.07366749
1,1781859901.602409,0.87659222,0.89418269,1.14268004,-0.65677974
1,1781859901.661632,0.56504188,0.55438942,0.85613594,-0.88857166
1,1781859901.728352,0.14103075,0.07563545,0.40607367,-1.12588857
1,1781859901.808280,-0.36151301,-0.47600231,-0.06553100,-1.49317106
1,1781859901.871896,-0.60802074,-0.70286070,-0.27318143,-1.49191565
1,1781859901.936761,-0.49007950,-0.47195496,-0.20450051,-0.70918124
1,1781859901.998117,-0.13750856,-0.00678105,-0.01129127,0.38466331
1,1781859902.061309,0.39206718,0.50567428,0.32123658,0.84774338
1,1781859902.123442,0.80810125,0.80664316,0.62415648,0.51490842
1,1781859902.207100,0.48780677,0.44760345,0.34465559,0.17846733
1,1781859902.272728,-0.51034905,-0.47552868,-0.56863368,0.36386433
1,1781859902.335001,-1.07942589,-1.03198223,-1.22932434,0.69625611
1,1781859902.398743,-0.61727863,-0.70563722,-1.03949777,0.69829321
1,1781859902.463490,0.00591498,-0.20079858,-0.55281066,0.41327967
1,1781859902.526538,-0.08157497,-0.23653342,-0.41312541,0.06153333
1,1781859902.600036,-0.45399260,-0.45919430,-0.39728098,-0.19089851
1,1781859902.671293,-0.38529740,-0.28613691,-0.14058129,-0.13196392
1,1781859902.735000,-0.02876250,0.09052144,0.14066133,0.19666981
1,1781859902.799734,0.08862201,0.17569731,0.13720010,0.35717203
1,1781859902.861254,-0.08447716,-0.04471929,-0.05109059,0.13120745
1,1781859902.926864,-0.20261783,-0.19183922,-0.08741541,-0.26635962
1,1781859903.007253,0.01647904,0.02418672,0.30781074,-0.78480232
1,1781859903.077766,0.51550439,0.51928112,1.03389414,-1.45299654
1,1781859903.131869,0.88270417,0.86034675,1.43647447,-1.70230046
1,1781859903.198771,0.74098398,0.68848523,0.95870125,-0.91791338
1,1781859903.262496,0.21774352,0.17305879,-0.00835586,0.38890762
1,1781859903.326722,-0.17412961,-0.17025399,-0.53256172,1.04155318
1,1781859903.406944,-0.11492841,-0.09115421,-0.32095118,0.72124484
1,1781859903.471537,0.24302050,0.20895181,0.11694096,0.16480774
1,1781859903.535839,0.50926077,0.41543757,0.31323127,0.02384446
1,1781859903.608412,0.39951941,0.35235854,0.21262841,0.26329925
1,1781859903.664666,-0.09464584,-0.02114866,-0.14265057,0.55464542
1,1781859903.728917,-0.72323505,-0.59141111,-0.68302997,0.63554922
1,1781859903.791080,-1.14911859,-1.07369680,-1.13741735,0.39576937
1,1781859903.871975,-1.17491380,-1.18781978,-1.24600639,0.12879393
1,1781859903.936922,-0.84961635,-0.88011107,-1.05124045,0.40001404
1,1781859903.999584,-0.39101748,-0.34953035,-0.68780007,1.08016096
1,1781859904.068518,-0.01143794,0.11596076,-0.13583195,1.07855260
1,1781859904.122803,0.22902031,0.36004155,0.53506077,-0.12514561
1,1781859904.192377,0.41790999,0.45767714,0.99210391,-1.40698451
1,1781859904.273084,0.63269882,0.55802940,1.01194131,-1.50346968
1,1781859904.335593,0.83153049,0.66661658,0.77872637,-0.78795203
1,1781859904.398485,0.90943415,0.68334201,0.60169490,-0.41085204
1,1781859904.463516,0.79094147,0.57799699,0.54484136,-0.51138224
1,1781859904.525883,0.46932104,0.38740023,0.45980251,-0.43894870
1,1781859904.598901,0.02032160,0.11132665,0.22081622,-0.05257639
1,1781859904.671512,-0.43711042,-0.26121712,-0.15534068,0.19915235
1,1781859904.735366,-0.80546115,-0.65868018,-0.54011397,0.08025261
1,1781859904.799650,-0.98760030,-0.91507804,-0.78550423,-0.16227451
1,1781859904.857841,-0.87380539,-0.85885877,-0.80070284,-0.12290236
1,1781859904.926961,-0.49169845,-0.48687565,-0.60431753,0.34776343
1,1781859904.990030,-0.09367806,-0.05737527,-0.33048710,0.88008310
1,1781859905.070832,0.09362558,0.14144428,-0.10962380,0.85013824
1,1781859905.132263,0.14761938,0.13684302,0.07222159,0.15315420
1,1781859905.200654,0.29319238,0.20615147,0.29756675,-0.50759166
1,1781859905.262079,0.54214018,0.45405703,0.51201590,-0.41539444
1,1781859905.325613,0.68718544,0.66359159,0.53756660,0.29134989
1,1781859905.390273,0.60395325,0.61780014,0.32787313,0.86403894
1,1781859905.471537,0.37702671,0.37761812,0.08206609,0.84233523
1,1781859905.536016,0.13817903,0.13452293,0.00650284,0.35373459
1,1781859905.617990,-0.01060489,-0.01291846,-0.01869756,0.01387089
1,1781859905.660988,-0.18773264,-0.19399216,-0.29529317,0.38040603
1,1781859905.726616,-0.49926863,-0.53538272,-0.76441303,0.77215218
1,1781859905.790884,-0.66161356,-0.75995428,-0.97901886,0.48320039
1,1781859905.871013,-0.66084926,-0.80944666,-0.91871941,-0.15739789
1,1781859905.936745,-0.56926574,-0.72074118,-0.74738618,-0.49963711
1,1781859905.993047,-0.46550760,-0.58278035,-0.62583701,-0.29705183
1,1781859906.057449,-0.36207094,-0.43628940,-0.53518521,0.09877169
1,1781859906.125601,-0.24226710,-0.28127461,-0.39052991,0.28116858
1,1781859906.191079,-0.10884350,-0.12912068,-0.19893955,0.19829188
1,1781859906.271004,0.05302396,0.03667285,0.02442882,-0.01643867
1,1781859906.334231,0.27050630,0.27205664,0.32949012,-0.22367372
1,1781859906.401279,0.47789576,0.53978009,0.66588150,-0.25703053
1,1781859906.458449,0.52777170,0.66016741,0.81599642,-0.09379237
1,1781859906.523117,0.37607638,0.51613117,0.65400703,0.00872125
1,1781859906.594752,0.14518621,0.21928812,0.32375797,-0.12154846
1,1781859906.670868,-0.04539296,-0.03469862,0.03339779,-0.22975328
1,1781859906.737036,-0.19277826,-0.18717767,-0.18168054,0.00041410
1,1781859906.801377,-0.31909218,-0.29872116,-0.38122548,0.41176117
1,1781859906.863691,-0.38494437,-0.39122700,-0.53185548,0.53772270
1,1781859906.926693,-0.34533281,-0.41060194,-0.52535786,0.19807220
1,1781859906.989303,-0.21788941,-0.32179218,-0.34902772,-0.30686262
1,1781859907.070680,-0.05676957,-0.16124544,-0.13184719,-0.53583461
1,1781859907.130193,0.11081854,0.02901030,0.02658969,-0.31775107
1,1781859907.198638,0.30474485,0.26913805,0.20164918,0.12760879
1,1781859907.264707,0.53595885,0.57482837,0.50392181,0.43938163
1,1781859907.328556,0.72129240,0.83935127,0.82990855,0.51032840
1,1781859907.392183,0.72700281,0.90197066,0.93515391,0.56749658
1,1781859907.469429,0.55297747,0.75900214,0.77540157,0.75898002
1,1781859907.534816,0.32487998,0.51512919,0.51401681,0.76592975
1,1781859907.598532,-0.00350159,0.06863073,0.10504922,0.14294555
1,1781859907.662523,-0.64674148,-0.79139609,-0.71336804,-0.89129318
1,1781859907.725890,-1.44088482,-1.77257686,-1.73036289,-1.49656856
1,1781859907.792116,-1.70750964,-2.06253557,-2.08600640,-1.32705791
1,1781859907.870490,-1.11482593,-1.34950084,-1.34500753,-0.95727703
1,1781859907.934752,-0.29087253,-0.39478418,-0.30231185,-0.78603199
1,1781859908.000867,-0.00675199,-0.03921966,0.02994375,-0.40678105
1,1781859908.062925,-0.08629350,-0.04803556,-0.11071529,0.40400562
1,1781859908.127579,0.17920075,0.36663097,0.27416433,1.12029447
1,1781859908.191895,0.78647760,1.16597713,1.18643893,1.43705789
1,1781859908.269197,1.04619702,1.50536263,1.54021385,1.69832940
1,1781859908.334410,0.77420141,1.08855716,0.93163038,1.88632063
1,1781859908.398600,0.52735680,0.56351055,0.24904273,1.40337203
1,1781859908.462760,0.58011006,0.41447450,0.17602930,0.29142246
1,1781859908.524552,0.56647562,0.34418435,0.29590828,-0.69650039
1,1781859908.604701,0.25855758,-0.00287386,0.11112322,-1.50266241
1,1781859908.671017,-0.10797846,-0.46340599,-0.18974915,-2.51792659
1,1781859908.735826,-0.37040469,-0.74619318,-0.38410867,-2.95335590
1,1781859908.793503,-0.61187659,-0.82283228,-0.60645665,-1.71040474
1,1781859908.859259,-0.77779766,-0.75166614,-0.80945805,0.33590572
1,1781859908.925123,-0.69099190,-0.53247344,-0.70359414,1.31938934
1,1781859908.988199,-0.43127925,-0.24821770,-0.34065952,1.10270944
1,1781859909.065740,-0.26664383,-0.06362289,-0.07834224,0.87151118
1,1781859909.129458,-0.25959561,-0.01975113,-0.02347233,0.97487804
1,1781859909.195401,-0.23847934,0.00339425,0.00040984,0.98005054
1,1781859909.260828,-0.07877988,0.11205577,0.09407862,0.83577871
1,1781859909.321527,0.17194663,0.27770740,0.21554236,0.67212746
1,1781859909.389532,0.36775349,0.37114864,0.29251726,0.32831330
1,1781859909.471373,0.37579838,0.28032728,0.23657359,-0.20700029
1,1781859909.532366,0.19515686,0.03220659,0.02332927,-0.61668100
1,1781859909.606688,-0.00175624,-0.18627371,-0.18311489,-0.75117928
1,1781859909.661913,-0.01479236,-0.18107581,-0.16757265,-0.71960058
1,1781859909.727875,0.17659751,0.04159731,0.05208764,-0.58232969
1,1781859909.792820,0.39321754,0.26833480,0.24197646,-0.39434646
1,1781859909.870960,0.45344530,0.32239848,0.25937250,-0.27225520
1,1781859909.934326,0.34649498,0.24606845,0.18652640,-0.16364118
1,1781859909.996862,0.18377562,0.17171046,0.14534356,0.05724310
1,1781859910.066037,0.03878438,0.11389156,0.13172666,0.22923301
1,1781859910.132037,-0.09756975,0.00781831,0.08025376,0.13189365
1,1781859910.190789,-0.24652637,-0.13958278,-0.02155932,-0.04434748
1,1781859910.270984,-0.40581933,-0.27299951,-0.14525330,0.02030720
1,1781859910.334167,-0.56846260,-0.39761628,-0.28393241,0.22879422
1,1781859910.398075,-0.71805443,-0.54415900,-0.44278396,0.29026475
1,1781859910.462379,-0.81222666,-0.67237771,-0.58857079,0.22430972
1,1781859910.526399,-0.81814790,-0.72065350,-0.67387844,0.20300551
1,1781859910.594832,-0.74202196,-0.69814619,-0.70367252,0.19773317
1,1781859910.670590,-0.54252195,-0.57402509,-0.66006631,0.21829009
1,1781859910.734598,-0.05994007,-0.14337487,-0.36405826,0.54934104
1,1781859910.799020,0.78554885,0.71545753,0.36059907,1.13978790
1,1781859910.858024,1.69771148,1.63100767,1.30208686,1.04953040
1,1781859910.928334,2.10495223,1.92482014,1.86479313,-0.48072370
1,1781859910.990477,1.66752292,1.33922037,1.59419097,-2.33456599
1,1781859911.067728,0.61142546,0.31966359,0.59659541,-2.27621130
1,1781859911.130538,-0.46710381,-0.52146946,-0.57292397,-0.01165187
1,1781859911.197980,-1.06895358,-0.95019189,-1.32645216,1.98133825
1,1781859911.261269,-1.08906432,-1.03774638,-1.38994658,1.61509190
1,1781859911.327516,-0.75129403,-0.85900533,-0.89867840,-0.27232480
1,1781859911.391807,-0.31992248,-0.45947141,-0.21443523,-1.53931192
1,1781859911.470029,0.07971862,0.03540530,0.35307999,-1.44886642
1,1781859911.535730,0.36776425,0.42470756,0.65774427,-0.70481840
1,1781859911.609896,0.40093209,0.53736074,0.67183548,0.00782061
1,1781859911.661870,0.11213680,0.34621872,0.45883329,0.48617621
1,1781859911.727201,-0.36106706,-0.04009079,0.10649430,0.69800518
1,1781859911.790684,-0.89327765,-0.57290727,-0.43315713,0.72293722
1,1781859911.870728,-1.54685549,-1.30835663,-1.24351490,0.69506719
1,1781859911.934124,-2.17174664,-2.00567743,-1.97160897,0.52833644
1,1781859911.999674,-2.03424254,-1.90426013,-1.79582817,0.08625624
1,1781859912.062731,-0.52031845,-0.47038434,-0.34935621,-0.28455565
1,1781859912.125545,1.74849600,1.63882233,1.53980474,-0.04265127
1,1781859912.189978,3.22438638,2.96032921,2.54810221,0.59305365
1,1781859912.272491,3.07794538,2.73214588,2.19145570,0.78005505
1,1781859912.335505,1.96245912,1.57443104,1.11155608,0.29957661
1,1781859912.397855,0.98433313,0.57585101,0.21289141,-0.18220506
1,1781859912.467349,0.48500618,0.14355770,-0.14135324,-0.22629302
1,1781859912.527497,0.06728082,-0.08322333,-0.19302578,-0.16290959
1,1781859912.597676,-0.63851963,-0.55270703,-0.37217261,-0.37912655
1,1781859912.672925,-1.54498027,-1.29585478,-0.86204390,-0.73920804
1,1781859912.737138,-2.23356052,-1.94505594,-1.44040495,-0.86513164
1,1781859912.802540,-2.33045624,-2.09527020,-1.70807169,-0.60843387
1,1781859912.862557,-1.83517279,-1.68443775,-1.48257549,-0.20463800
1,1781859912.925856,-1.09421494,-1.01403930,-0.91690365,-0.06788288
1,1781859912.989570,-0.40634718,-0.36282026,-0.24904777,-0.28115974
1,1781859913.074586,0.22253352,0.26974811,0.41478142,-0.39152192
1,1781859913.134073,0.84642317,0.91791964,1.01218051,-0.09111511
1,1781859913.199558,1.31815394,1.37806486,1.39361365,0.17756059
1,1781859913.262783,1.47657652,1.46221969,1.43588639,0.04793610
1,1781859913.325385,1.43334598,1.35036226,1.19690491,0.28207257
1,1781859913.389587,1.38394976,1.30396813,0.81390956,1.64134361
1,1781859913.472012,1.20151045,1.13142650,0.32000030,2.96724168
1,1781859913.534035,0.55659107,0.42689130,-0.28807604,2.34254869
1,1781859913.600046,-0.50204940,-0.66496522,-0.85688965,0.11610771
1,1781859913.663111,-1.40675581,-1.45175433,-1.13711731,-1.43945059
1,1781859913.726893,-1.65132385,-1.52816408,-1.05234342,-1.41153439
1,1781859913.791451,-1.27094256,-1.13918532,-0.75550860,-1.00831429
1,1781859913.871308,-0.65070979,-0.68018629,-0.40392787,-1.22371197
1,1781859913.935814,-0.11406925,-0.28211505,-0.04468260,-1.62293729
1,1781859914.000962,0.20019762,0.05676135,0.25960250,-1.38598441
1,1781859914.065613,0.29164579,0.29145356,0.40119839,-0.44002593
1,1781859914.132108,0.27183460,0.39304278,0.40050992,0.45525151
1,1781859914.190370,0.27383865,0.41615753,0.41317692,0.58156498
1,1781859914.270871,0.32240797,0.43415148,0.46100957,0.33975615
1,1781859914.332117,0.35798194,0.46281794,0.36742082,0.80143827
1,1781859914.397003,0.35680226,0.45534626,0.09656791,1.83044460
1,1781859914.461659,0.29555904,0.33180514,-0.11073757,1.91636468
1,1781859914.526115,0.04739513,0.01093486,-0.15431033,0.51546497
1,1781859914.591802,-0.46531317,-0.51331657,-0.32118615,-0.96114188
1,1781859914.666909,-0.98043395,-1.03175403,-0.77234675,-1.24369434
1,1781859914.732588,-0.99288091,-1.11866206,-1.05096988,-0.77438201
1,1781859914.798580,-0.32514217,-0.52324661,-0.60515137,-0.46509223
1,1781859914.862789,0.51522603,0.36921206,0.30461686,-0.32588076
1,1781859914.926112,0.82129262,0.80343214,0.81432643,-0.11509173
1,1781859914.990547,0.53491809,0.57989584,0.63768732,-0.05128731
1,1781859915.072715,0.27220514,0.32712961,0.38583353,-0.01512733
1,1781859915.130775,0.40900234,0.53669170,0.50284689,0.64654472
1,1781859915.197501,0.55887055,0.77125801,0.58193646,1.60785076
1,1781859915.263548,0.15900880,0.29259262,0.05039752,1.50406492
1,1781859915.325819,-0.83819606,-0.92020729,-1.10252438,0.40147683
1,1781859915.389797,-1.97695788,-2.18386958,-2.39999515,0.03687876
1,1781859915.465601,-2.46781034,-2.64565225,-2.93154569,0.43247909
1,1781859915.533680,-1.44318563,-1.58397442,-1.58622289,-0.55451122
1,1781859915.602096,1.01184228,0.90949619,1.53349067,-2.90719705
1,1781859915.661869,3.18176629,3.26510848,4.22814158,-3.52098579
1,1781859915.728520,3.32421855,3.67379581,4.31904775,-1.18344562
1,1781859915.789752,1.84718096,2.26795076,2.37855690,1.24143809
1,1781859915.870163,0.46255866,0.64961011,0.58153557,1.02114837
1,1781859915.928162,0.06429353,0.06602187,0.07010940,-0.00425492
1,1781859915.998835,-1.03127820,-0.93821272,-1.08078846,0.42498841
1,1781859916.062118,-2.26227700,-2.22319264,-2.60286419,0.75524311
1,1781859916.140383,-1.60741732,-2.02251618,-2.45821773,0.03715778
1,1781859916.184966,0.04869586,-0.88563367,-1.05353430,-1.38228531
1,1781859916.272132,1.13580583,-0.00644448,0.26662880,-2.55259292
1,1781859916.336272,0.97833441,0.02476159,0.45125611,-2.48900685
1,1781859916.397282,0.23999002,-0.23105051,-0.19559606,-0.91348402
1,1781859916.464218,-0.06199882,0.07711187,-0.48779697,1.26972748
1,1781859916.525702,0.22271128,0.83422545,0.01213185,2.58556919
1,1781859916.589556,0.47052302,1.16252044,0.56930177,2.31793882
1,1781859916.672221,0.38261641,0.81101866,0.66661141,1.03308495
1,1781859916.731302,0.25929057,0.42577182,0.73316565,-0.25414151
1,1781859916.797190,0.19894593,0.33925270,1.03164397,-0.99570656
1,1781859916.864720,-0.12559577,0.13703116,0.98119397,-1.04882333
1,1781859916.927820,-0.73083933,-0.36629370,0.26255782,-0.47668630
1,1781859916.992350,-1.13326492,-0.76030723,-0.46545703,0.14087000
1,1781859917.081121,-1.05283190,-0.81986885,-0.61260611,0.04635155
1,1781859917.131510,-0.60282204,-0.69199918,-0.42053250,-0.65043562
1,1781859917.200784,0.16846125,-0.33175830,-0.22850894,-1.08838041
1,1781859917.264393,1.10755422,0.32681535,-0.00172536,-0.81555755
1,1781859917.330425,1.56282035,0.86045939,0.17291235,-0.02671752
1,1781859917.395325,1.08805534,0.85869467,0.08574736,0.98038033
1,1781859917.471124,0.25386771,0.60188527,-0.05745497,1.81681025
1,1781859917.531387,-0.06351312,0.56146100,0.12352548,1.91700023
1,1781859917.608250,0.15291699,0.63157627,0.51470913,1.07405581
1,1781859917.662957,0.29535033,0.43647093,0.67044978,-0.16747358
1,1781859917.726301,0.12744275,0.01848296,0.46426586,-1.00050072
1,1781859917.793040,-0.11716796,-0.31123192,0.12280705,-1.13280885
1,1781859917.869518,-0.30545822,-0.49796320,-0.17049618,-0.93779036
1,1781859917.933792,-0.45925286,-0.65006538,-0.31820010,-0.94267040
1,1781859917.999042,-0.49045762,-0.68769433,-0.22415307,-1.19173960
1,1781859918.061756,-0.36579710,-0.47787054,0.00628352,-1.07532023
1,1781859918.123279,-0.26389894,-0.10478607,0.10338166,-0.08847240
1,1781859918.191456,-0.24544821,0.24242267,0.05113583,1.22488821
1,1781859918.269285,-0.10791261,0.45710631,0.05134279,1.75084509
1,1781859918.335562,0.25415106,0.49785863,0.09490359,1.16628198
1,1781859918.400374,0.69010829,0.39600262,0.09597750,0.01067597
1,1781859918.465029,0.97549645,0.28703603,0.20048114,-1.08556079
1,1781859918.530561,0.85272648,0.23598079,0.35900726,-1.33420882
1,1781859918.600098,0.19463996,0.11716287,0.12096881,-0.14659723
1,1781859918.673457,-0.55493251,-0.12177775,-0.47977475,1.42687397
1,1781859918.736733,-0.66527086,-0.26608440,-0.64296508,1.39966824
1,1781859918.801564,-0.17879254,-0.16769623,-0.11220548,-0.08006716
1,1781859918.863644,0.07807067,-0.01865447,0.27291258,-0.70030054
1,1781859918.927314,-0.17506166,-0.01462604,0.02632300,0.21549885
1,1781859918.992899,-0.30762375,-0.04416807,-0.18632480,0.73153826
1,1781859919.079617,0.02000535,0.05237536,0.16005202,-0.13581857
1,1781859919.134511,0.37935583,0.23012028,0.60238294,-0.94054298
1,1781859919.202755,0.50296017,0.39529544,0.70068747,-0.74496444
1,1781859919.266991,0.64632527,0.51969690,0.74475781,-0.63428574
1,1781859919.328607,0.85437579,0.54870790,0.94512078,-1.26623087
1,1781859919.391505,0.75569072,0.43410194,0.88934136,-1.40104084
1,1781859919.469783,0.24943128,0.23860980,0.30025890,-0.13070360
1,1781859919.535261,-0.26468482,0.05630951,-0.38622059,1.37704697
1,1781859919.602367,-0.47277786,-0.10080984,-0.65478447,1.66997475
1,1781859919.664666,-0.48314665,-0.25353495,-0.59852154,1.03631107
1,1781859919.731287,-0.48937361,-0.38020124,-0.58549417,0.56715080
1,1781859919.794104,-0.48682087,-0.44932993,-0.65232873,0.43373293
1,1781859919.872584,-0.41770227,-0.46227920,-0.59496804,0.15891337
1,1781859919.935097,-0.31570532,-0.42767367,-0.37825460,-0.29106869
1,1781859919.999863,-0.23049875,-0.35271069,-0.14651949,-0.59228826
1,1781859920.070160,-0.15942159,-0.26753625,0.01929517,-0.71230112
1,1781859920.126574,-0.06477275,-0.17965750,0.14680253,-0.79598303
1,1781859920.191444,0.09990062,-0.02373774,0.25939706,-0.73363175
1,1781859920.268814,0.35985654,0.25758324,0.37526298,-0.39669412
1,1781859920.336597,0.69626317,0.62097688,0.57767641,-0.05768772
1,1781859920.400752,1.01998683,0.96459824,0.91523885,-0.01087391
1,1781859920.461916,1.18677513,1.22053646,1.24150844,0.02306611
1,1781859920.529230,1.17080872,1.38137734,1.36104016,0.41644786
1,1781859920.608550,1.12795529,1.42127397,1.28650053,0.77208135
1,1781859920.674202,1.04136079,1.20838484,1.07292805,0.54553635
1,1781859920.732773,0.58678132,0.65305759,0.57264835,0.26455322
1,1781859920.799248,-0.25915005,-0.05789148,-0.24393089,0.69850744
1,1781859920.870121,-0.98563773,-0.67890247,-1.03488802,1.19524358
1,1781859920.927375,-1.40209829,-1.31720692,-1.58924024,0.64372801
1,1781859920.991548,-1.93918287,-2.14613581,-2.07503117,-0.50148800
1,1781859921.080119,-2.56502930,-2.78633330,-2.41434630,-1.07002412
1,1781859921.131264,-2.44215177,-2.61822347,-2.15761232,-1.14828310
1,1781859921.204426,-1.26265979,-1.66590670,-1.28882898,-1.40734679
1,1781859921.259907,0.14573616,-0.51876606,-0.32146876,-1.55429006
1,1781859921.327164,1.05440764,0.52795660,0.55623464,-1.00047616
1,1781859921.391120,1.63251235,1.57440532,1.56278973,-0.08384918
1,1781859921.471935,2.11947954,2.46835519,2.52689644,0.52362976
1,1781859921.534551,2.22910447,2.78105820,2.87726273,0.82196200
1,1781859921.598652,1.81431129,2.44289331,2.48203406,1.06308100
1,1781859921.724964,1.27663816,1.81601720,1.79481140,1.01103727
1,1781859921.791384,0.90790998,1.15349502,1.12851387,0.48797700
1,1781859921.867239,0.48591460,0.47115278,0.36041309,0.17309995
1,1781859921.931604,-0.12899755,-0.13762403,-0.54270314,0.71501825
1,1781859921.998917,-0.53954717,-0.49311251,-1.15079396,1.26990170
1,1781859922.076203,-0.39847354,-0.59588415,-1.05414039,0.47044557
1,1781859922.125273,-0.11704997,-0.66558108,-0.59218236,-1.12167540
1,1781859922.190155,-0.41269441,-0.92875978,-0.58917524,-1.54319896
1,1781859922.271665,-1.24455006,-1.38860342,-1.19794617,-0.60366401
1,1781859922.337095,-1.81143154,-1.73720173,-1.63460702,-0.05115724
1,1781859922.400444,-1.63031936,-1.58032385,-1.36651939,-0.29543602
1,1781859922.466288,-1.00241398,-0.87708475,-0.78740453,0.06429440
1,1781859922.527645,-0.33421720,-0.05470670,-0.32026269,0.98304929
1,1781859922.601020,0.34131620,0.44496528,0.25010671,0.53837052
1,1781859922.675074,0.91376701,0.57398012,1.03445859,-1.44331070
1,1781859922.737792,0.91948915,0.49994830,1.49361689,-2.54877997
1,1781859922.800596,0.23959171,0.30103713,1.20299822,-1.51590378
1,1781859922.865180,-0.40738916,0.07821682,0.50476619,0.10651094
1,1781859922.930708,-0.26245028,0.09467980,0.01753018,0.78324087
1,1781859922.995106,0.54319840,0.51772969,0.01551170,0.85983646
1,1781859923.082508,1.32033366,1.17427981,0.40838776,1.11790309
1,1781859923.133730,1.66147904,1.69181053,0.85103561,1.57107538
1,1781859923.201410,1.54857419,1.75661787,0.92053291,1.88312792
1,1781859923.266634,1.06582452,1.28202931,0.58007459,1.65593754
1,1781859923.329989,0.38097315,0.49980927,0.26267367,0.64200930
1,1781859923.393831,-0.22670196,-0.18786044,0.23049617,-0.68447068
1,1781859923.472430,-0.49388610,-0.53905950,0.26294914,-1.52792683
1,1781859923.534560,-0.35724377,-0.58614454,0.13909862,-1.72083689
1,1781859923.608529,-0.15381318,-0.52516584,-0.13216342,-1.37854509
1,1781859923.664530,-0.42103241,-0.63023451,-0.58215282,-0.46402166
1,1781859923.729466,-1.14704890,-1.04888566,-1.15479433,0.36805189
1,1781859923.790356,-1.59621763,-1.50269232,-1.44392359,0.06268488
1,1781859923.875003,-1.28863630,-1.47877628,-1.16492907,-0.90896114
1,1781859923.934051,-0.63521962,-0.88730598,-0.63405053,-0.91140424
1,1781859923.996622,-0.20408715,-0.19363090,-0.27019404,0.15694297
1,1781859924.064687,0.05658784,0.24715778,0.00599898,0.77864014
1,1781859924.128582,0.47480953,0.58656652,0.42960967,0.48463620
1,1781859924.192000,1.03017794,1.03488477,0.87452985,0.29769548
1,1781859924.270650,1.42981754,1.43813364,1.11070681,0.60552586
1,1781859924.337099,1.52901897,1.56149562,1.21170613,0.68943235
1,1781859924.401435,1.40275902,1.43467921,1.31235778,0.27818095
1,1781859924.465698,1.09263309,1.14126456,1.24427587,-0.09807622
1,1781859924.531917,0.54802997,0.61799071,0.79516561,-0.19336505
1,1781859924.610005,-0.10549322,-0.05070708,0.16118649,-0.28334954
1,1781859924.676565,-0.56585120,-0.53641303,-0.24990703,-0.46363215
1,1781859924.737408,-0.82797345,-0.75601411,-0.41931248,-0.47747336
1,1781859924.802508,-1.21269932,-0.99063590,-0.69505963,-0.13258337
1,1781859924.865001,-1.64362143,-1.27474290,-1.11249374,0.37266438
1,1781859924.928436,-1.52139121,-1.25095576,-1.23904206,0.46625437
1,1781859924.993780,-0.70724610,-0.83403700,-0.88358978,-0.13930206
1,1781859925.081264,0.06736723,-0.39009299,-0.45822391,-0.70217104
1,1781859925.134520,0.22783908,-0.12592883,-0.36157081,-0.21304487
1,1781859925.200575,0.15222974,0.13462012,-0.39941887,0.93140110
1,1781859925.264587,0.48844255,0.54328212,-0.08758190,1.23669395
1,1781859925.330357,1.19820467,1.03468920,0.71286872,0.28550946
1,1781859925.396828,1.74496156,1.49061101,1.64984038,-0.74590799
1,1781859925.473848,1.89380222,1.80910413,2.23252048,-0.91640477
1,1781859925.541888,1.82244321,1.84645331,2.19753078,-0.58987912
1,1781859925.614095,1.53842724,1.42602249,1.56406665,-0.45169467
1,1781859925.664161,0.75907054,0.49102671,0.51557439,-0.52770053
1,1781859925.730650,-0.41616175,-0.64569594,-0.55246370,-0.58212221
1,1781859925.795725,-1.29972756,-1.34552274,-1.06187393,-0.59416546
1,1781859925.874835,-1.53404550,-1.28013252,-0.85382894,-0.31091338
1,1781859925.939956,-1.62924494,-0.95549852,-0.66375551,0.68895848
1,1781859926.001322,-2.04183465,-1.14926341,-1.31917044,1.91622221
1,1781859926.069322,-2.35542240,-1.80007069,-2.45289131,2.17898732
1,1781859926.125870,-1.93808499,-1.94099330,-2.67806213,1.32408799
1,1781859926.188275,-0.79593814,-0.90648068,-1.20593748,0.34071445
3,1781859920.674202,0.09622211,0.09024190,0.07433298,0.04306127
3,1781859920.732773,-0.19941662,-0.19961536,-0.09428089,-0.45770258
3,1781859920.799248,-0.63355702,-0.60089684,-0.34601231,-0.96379761
3,1781859920.870121,-0.76825869,-0.68958561,-0.41693301,-0.84129850
3,1781859920.927375,-0.76509933,-0.68276871,-0.40016833,-0.86857958
3,1781859920.991548,-0.81282357,-0.73902095,-0.42268411,-1.05188254
3,1781859921.080119,-0.84144827,-0.73974563,-0.45750143,-0.78301738
3,1781859921.131264,-0.64394177,-0.53898146,-0.37925693,-0.23751508
3,1781859921.204426,-0.20903769,-0.20075294,-0.17593635,-0.07169939
3,1781859921.259907,0.24767879,0.12093725,0.03750702,-0.18784323
3,1781859921.327164,0.55556792,0.38268419,0.20149000,0.03604280
3,1781859921.391120,0.72113148,0.61160246,0.35201306,0.65081901
3,1781859921.471935,0.79879129,0.76579786,0.48578427,1.07133827
3,1781859921.534551,0.78075350,0.76245855,0.53125494,0.92339498
3,1781859921.598652,0.64703232,0.60715537,0.46310424,0.45180839
3,1781859921.668702,0.44193486,0.40393231,0.34741371,0.08030499
3,1781859921.724964,0.26225547,0.25179961,0.26624855,-0.10801331
3,1781859921.791384,0.18080626,0.18427207,0.23998156,-0.22658337
3,1781859921.867239,0.17850171,0.17929571,0.21616968,-0.15648048
3,1781859921.931604,0.16279188,0.17291033,0.13420802,0.21173798
3,1781859921.998917,0.08057411,0.09617752,0.01398610,0.42414089
3,1781859922.076203,-0.02322961,-0.04592895,-0.06131945,-0.03169877
3,1781859922.125273,-0.10481399,-0.16607312,-0.07181930,-0.67446710
3,1781859922.190155,-0.20237559,-0.20937581,-0.09392670,-0.53106856
3,1781859922.271665,-0.33959224,-0.22579746,-0.17267895,0.26315586
3,1781859922.337095,-0.43828639,-0.27374362,-0.25158562,0.61752961
3,1781859922.400444,-0.42180107,-0.31062077,-0.27172033,0.31348122
3,1781859922.466288,-0.32823868,-0.26450847,-0.25059803,0.21607076
3,1781859922.527645,-0.22932517,-0.16484429,-0.20944771,0.47310387
3,1781859922.601020,-0.09461236,-0.07615325,-0.09730177,0.17178023
3,1781859922.675074,0.14748462,0.04865916,0.12718014,-0.76916003
3,1781859922.737792,0.41460806,0.25693020,0.35947982,-1.12861904
3,1781859922.800596,0.50349458,0.40645718,0.40999278,-0.43618988
3,1781859922.865180,0.43322715,0.38248726,0.26513804,0.28888787
3,1781859922.930708,0.53671955,0.39772443,0.15595178,0.44575106
3,1781859922.995106,0.90873514,0.62460440,0.20600955,0.58317729
3,1781859923.082508,0.99769880,0.67231609,0.17918054,0.72755214
3,1781859923.133730,0.29487067,0.09681519,-0.11961852,0.07970726
3,1781859923.201410,-0.70052510,-0.65737466,-0.36134491,-1.09674972
3,1781859924.676565,-0.88286349,-0.60966301,-0.02154414,-1.36581609
3,1781859924.865001,0.07611678,0.44610170,0.90528556,-0.38686011
3,1781859924.928436,1.27774347,1.60017414,1.79308176,0.56174773
3,1781859924.993780,1.51627713,1.74018693,1.83274995,0.56965730
3,1781859926.069322,0.41088125,0.53264291,0.64283136,0.05019363
3,1781859926.125870,-1.16121703,-1.17922684,-1.14998153,-0.20494774
3,1781859926.188275,-1.78723279,-1.97003751,-2.20669634,0.23356780
3,1781859926.271515,-1.07668667,-1.36182394,-1.93693916,1.25764826
3,1781859926.332154,-0.23992410,-0.49883714,-1.22920187,2.04470856
3,1781859926.396285,-0.50655074,-0.60936900,-1.08786361,1.62932639
3,1781859926.467104,-1.31236374,-1.20647665,-1.13896308,0.16642780
3,1781859926.528303,-0.97785946,-0.76410180,-0.31933114,-1.00191442
3,1781859926.752117,0.88077896,1.00867632,1.38191525,-1.06405817
3,1781859926.781111,2.67368758,2.62975082,2.77452059,-0.81842926
3,1781859926.830241,2.85676684,2.74933112,2.92677011,-1.23551531
3,1781859926.894826,1.71304474,1.68088862,2.04949550,-1.73812831
3,1781859926.960435,0.70596825,0.71965460,0.98600729,-1.09582608
3,1781859927.028837,0.67977142,0.59592903,0.36288425,0.64709795
3,1781859927.102778,1.00539979,0.82997682,0.14037068,2.23003706
3,1781859927.177221,0.36000804,0.31349544,-0.30522781,2.48170498
3,1781859927.234274,-1.51913380,-1.34017426,-1.39073323,0.99543273
3,1781859927.295208,-3.09615751,-2.97242584,-2.51813804,-1.43363777
3,1781859927.360864,-2.77855113,-3.00116885,-2.57892896,-2.79677841
3,1781859927.423208,-1.06851033,-1.41533914,-1.38118237,-1.65235271
3,1781859927.503606,0.18085502,0.21467281,0.03667575,0.91865117
3,1781859927.564865,0.30519462,0.74182108,0.64684107,2.30560274
3,1781859927.635204,0.13005979,0.39587049,0.37301004,1.25198065
5,1781859926.001322,-0.11718107,-0.12435671,-0.11453803,-0.07219958
5,1781859927.295208,2.89042468,3.00227084,3.18679142,-0.30875410
5,1781859927.360864,6.39379849,6.64651110,7.01541501,-0.49363364
5,1781859927.423208,5.45682445,5.68110892,5.88451593,0.08869699
5,1781859927.503606,2.82706076,2.97294953,2.80674480,1.32591553
5,1781859927.564865,1.26911466,1.37961515,0.98542393,2.14416051
5,1781859927.635204,0.69092828,0.77177055,0.44273944,1.74132898
5,1781859927.697328,0.06378771,0.07170774,-0.03946425,0.50595715
5,1781859927.757673,-0.62242471,-0.70515441,-0.56610529,-0.94221755
5,1781859927.822145,-0.96944127,-1.10389874,-0.68424407,-2.35412103
5,1781859927.901477,-1.03872168,-1.15020173,-0.55066041,-3.02074297
5,1781859927.963520,-1.04160495,-1.07081345,-0.61051732,-2.07963878
5,1781859928.032696,-0.97942568,-0.94169313,-0.86455874,-0.16739701
5,1781859928.096697,-0.83666235,-0.80414932,-1.00313084,0.98349436
5,1781859928.156772,-0.70798713,-0.71242169,-0.94395246,0.96480824
5,1781859928.220173,-0.65786367,-0.66074093,-0.89420201,0.97962520
5,1781859928.303036,-0.65289975,-0.63332784,-0.96000344,1.47101730
5,1781859928.367220,-0.62291351,-0.63505527,-0.95914829,1.32531113
5,1781859928.430114,-0.51640759,-0.61521330,-0.72008117,0.02575486
5,1781859928.497752,-0.31489877,-0.45552992,-0.34523760,-1.06603723
5,1781859928.557718,-0.00338443,-0.06932627,0.00352664,-0.58966336
5,1781859928.621468,0.40116969,0.46197973,0.33480583,0.79864147
5,1781859928.703081,0.72111964,0.83062580,0.62609691,1.33416409
5,1781859928.768249,0.68880136,0.72762286,0.69292299,0.31235225
5,1781859928.831604,0.29748606,0.22547098,0.49315880,-1.44321276
5,1781859928.897934,-0.12671741,-0.24978866,0.24451876,-2.62290609
5,1781859928.958895,-0.34730404,-0.42808984,0.05167603,-2.38147909
5,1781859929.025028,-0.43569744,-0.42556707,-0.21074903,-0.86960652
5,1781859929.103178,-0.42638514,-0.35091996,-0.45697426,0.77117753
5,1781859929.165996,-0.12423784,-0.03882229,-0.27664176,1.37324969
5,1781859929.232461,0.46879652,0.53864317,0.40335734,0.87149632
5,1781859929.293776,0.85812011,0.91614252,0.92943022,0.19005343
5,1781859929.358784,0.61354506,0.66175705,0.69858149,0.04837951
5,1781859929.425718,0.04727504,0.08068959,0.06813163,0.19531215
5,1781859929.506147,-0.19753826,-0.19370992,-0.18527923,-0.01955288
5,1781859929.568343,-0.17917407,-0.22743376,-0.17128619,-0.44356967
5,1781859929.634235,-0.56088964,-0.63422813,-0.69190415,-0.06654133
5,1781859929.691385,-1.36733374,-1.35705427,-1.66065358,1.33350021
5,1781859929.760792,-1.73650427,-1.57337895,-1.93637587,2.23520713
5,1781859929.825003,-1.23043390,-1.02172185,-1.10831257,1.25458082
5,1781859929.902100,-0.43517496,-0.36857891,-0.14966217,-0.64712777
5,1781859929.967604,0.12433292,-0.01030216,0.19593455,-1.44817877
5,1781859930.029849,0.65706362,0.38875769,0.36249036,-1.02829036
5,1781859930.096040,1.28194192,0.92765733,0.79851035,-0.95648727
5,1781859930.155246,1.51116812,1.10862308,1.11536755,-1.73884842
5,1781859930.222855,1.03238826,0.71005352,0.91553263,-2.24239388
5,1781859930.303415,0.26008479,0.17120629,0.46728625,-1.63547902
5,1781859930.365948,-0.27714129,-0.10596898,0.14087258,-0.32147742
5,1781859930.432117,-0.54269037,-0.21497507,-0.08884475,0.85642488
5,1781859930.490811,-0.72680208,-0.36549950,-0.32555255,1.36526524
5,1781859930.559285,-0.84261704,-0.53092012,-0.50389460,1.20941394
5,1781859930.622578,-0.82540563,-0.61521269,-0.60704217,0.85828332
5,1781859930.870632,-0.71715408,-0.62598084,-0.71579505,0.76891720
5,1781859930.900685,-0.57730405,-0.56446058,-0.78069128,0.97321156
5,1781859930.929908,-0.40140532,-0.39265567,-0.65962741,1.17139018
5,1781859930.992539,-0.20074790,-0.17697751,-0.38417537,0.98125847
5,1781859931.073217,-0.01650320,-0.05369084,-0.13652571,0.19393024
5,1781859931.135518,0.15762045,-0.01628513,0.01788668,-0.88400758
5,1781859931.199538,0.34168386,0.06946915,0.16047275,-1.54311698
5,1781859931.272002,0.47471674,0.21970188,0.30576490,-1.44905436
5,1781859931.323202,0.46725989,0.29133187,0.35952181,-1.03712435
5,1781859931.387222,0.32609598,0.21068753,0.28599572,-0.81025122
5,1781859931.469199,0.13229242,0.06849253,0.14598892,-0.60029101
5,1781859931.534360,-0.06115000,-0.03796855,-0.01049468,-0.01823615
5,1781859931.596334,-0.22221086,-0.10502334,-0.14598807,0.67190288
5,1781859931.660608,-0.30368885,-0.15277974,-0.19512415,0.82102908
5,1781859931.726953,-0.30498002,-0.18202522,-0.14854114,0.38011237
5,1781859931.795105,-0.28939234,-0.19790082,-0.08902789,-0.07384413
5,1781859931.870185,-0.27768315,-0.19145328,-0.06678391,-0.16330849
5,1781859931.932749,-0.22066575,-0.13522012,-0.05193867,0.00919442
5,1781859931.993897,-0.11761278,-0.05839266,-0.04525525,0.19578034
5,1781859932.061215,-0.06526484,-0.06411790,-0.11236444,0.20984606
5,1781859932.127857,-0.14373449,-0.20814818,-0.27708668,0.01922345
5,1781859932.191345,-0.30315089,-0.40504628,-0.45779621,-0.20879230
5,1781859932.277552,-0.41146835,-0.51732839,-0.54087462,-0.34970653
5,1781859932.337926,-0.41718668,-0.51927320,-0.50606255,-0.48983492
5,1781859932.398590,-0.39435667,-0.49323279,-0.44098073,-0.64206139
5,1781859932.463980,-0.37125070,-0.44650511,-0.38590905,-0.57715476
5,1781859932.526967,-0.22906788,-0.25245537,-0.23368544,-0.17910401
5,1781859932.589177,0.09642212,0.13112915,0.09495064,0.30115407
5,1781859932.671852,0.42261780,0.49348298,0.44181234,0.52058802
5,1781859932.731178,0.50297546,0.57247286,0.54783828,0.39991556
5,1781859932.802455,0.33794260,0.38199643,0.37998940,0.19568751
5,1781859932.863920,0.15521202,0.19347826,0.16763529,0.27236518
5,1781859932.926358,0.11142325,0.17849913,0.10094497,0.61445439
5,1781859932.991379,0.12799129,0.20202974,0.11730268,0.67450827
5,1781859933.069784,0.03434295,0.04718301,0.03467998,0.10766898
5,1781859933.135992,-0.20059819,-0.26795784,-0.18906424,-0.62135050
5,1781859933.197519,-0.43882001,-0.53306282,-0.41684719,-0.89412333
5,1781859933.263124,-0.55071626,-0.62277668,-0.51763681,-0.75282763
5,1781859933.324040,-0.53932262,-0.57719638,-0.48823663,-0.53884651
5,1781859933.388957,-0.47832387,-0.47550876,-0.39413540,-0.33375125
5,1781859933.471507,-0.41591173,-0.38276892,-0.30197902,-0.20242652
5,1781859933.536026,-0.36201980,-0.35252269,-0.27355919,-0.29512485
5,1781859933.600120,-0.28895287,-0.34199452,-0.30238983,-0.39360390
5,1781859933.661658,-0.13492655,-0.20638809,-0.26275834,-0.06411468
5,1781859933.727531,0.11089554,0.09065215,-0.05767140,0.54414295
5,1781859933.804533,0.32808923,0.35242220,0.19984012,0.75161580
5,1781859933.870952,0.35678769,0.36565722,0.29115245,0.35421200
5,1781859933.933957,0.17997577,0.15948503,0.16061070,-0.09183636
5,1781859933.999002,-0.05205576,-0.06440198,-0.03715549,-0.16820785
5,1781859934.065611,-0.18813825,-0.17851834,-0.14103847,-0.11836187
5,1781859934.125668,-0.21284377,-0.20149408,-0.13847687,-0.21950718
5,1781859934.191092,-0.19842270,-0.18708153,-0.11221373,-0.26989005
5,1781859934.271499,-0.17466693,-0.14582350,-0.10150740,-0.06573496
5,1781859934.329874,-0.11485912,-0.07618835,-0.07024189,0.13902782
5,1781859934.399100,-0.03286965,-0.00951590,-0.00168642,0.06595422
5,1781859934.463185,0.00529205,0.02010469,0.05238325,-0.07420317
5,1781859934.527872,-0.01688992,0.02352134,0.04775800,0.06871706
5,1781859934.589960,-0.05856176,0.00891670,-0.00830926,0.35986302
5,1781859934.671721,-0.12877346,-0.08338229,-0.11978209,0.34748527
5,1781859934.736210,-0.26571141,-0.28705654,-0.29650250,-0.05055309
5,1781859934.801427,-0.38927522,-0.47081996,-0.44894181,-0.43938761
5,1781859934.862748,-0.34941735,-0.45228236,-0.43601469,-0.50612994
5,1781859934.929072,-0.16867181,-0.26410985,-0.27700095,-0.35069706
5,1781859934.992581,-0.04388657,-0.12571395,-0.14942569,-0.24690171
5,1781859935.071059,-0.04634489,-0.11742518,-0.11745194,-0.30186778
5,1781859935.136671,-0.03054963,-0.08983027,-0.06331679,-0.36449247
5,1781859935.201308,0.09046671,0.04930298,0.05947979,-0.21811804
5,1781859935.263469,0.19746723,0.17749017,0.13963441,0.07595683
5,1781859935.327549,0.17509693,0.16950983,0.12172143,0.17929029
5,1781859935.391666,0.07738853,0.07804848,0.07632153,0.01014066
5,1781859935.472357,-0.01502018,-0.00255914,0.02390517,-0.05949226
5,1781859935.534815,-0.16160684,-0.12243113,-0.11704591,0.14355741
5,1781859935.599201,-0.46060454,-0.39467335,-0.37945213,0.21543909
5,1781859935.661622,-0.84013564,-0.76951372,-0.66641569,-0.13797336
5,1781859935.728356,-1.06851885,-1.00850013,-0.82172231,-0.53853046
5,1781859935.803149,-0.97506447,-0.90709260,-0.72348650,-0.49126691
5,1781859935.871148,-0.59351732,-0.48300927,-0.35606632,-0.06982292
5,1781859935.937830,-0.10327025,0.05613593,0.14253848,0.31015265
5,1781859935.998217,0.31337761,0.48648741,0.54791406,0.47448097
5,1781859936.063348,0.58801188,0.73206103,0.74072412,0.57518164
5,1781859936.126625,0.79691221,0.89032953,0.80700070,0.75089817
5,1781859936.191466,1.03936183,1.06033750,0.87450870,0.87859963
5,1781859936.272420,1.25587656,1.15545754,0.88155844,0.73702250
5,1781859936.359542,1.24606959,0.97631738,0.62005861,0.36751933
5,1781859936.394714,0.88369846,0.43955665,0.00646209,-0.04693375
5,1781859936.457480,0.18672078,-0.38787134,-0.80101035,-0.68592637
5,1781859936.523645,-0.78088704,-1.36768351,-1.53488633,-1.78262515
5,1781859936.589811,-1.81606509,-2.18984999,-1.93801475,-2.65791961
5,1781859936.673832,-2.44199457,-2.38658733,-1.81535127,-2.19147595
5,1781859936.735883,-2.25929827,-1.79465190,-1.17786135,-0.64637783
5,1781859936.802308,-1.46594808,-0.86433042,-0.35304700,0.38378104
5,1781859936.861403,-0.67687916,-0.19426187,0.21458227,0.31342200
5,1781859936.927071,-0.18714609,0.11393561,0.37296538,0.17865575
5,1781859936.991137,0.27594308,0.40841711,0.42456195,0.49421942
5,1781859937.072555,0.98060280,0.91668978,0.74373536,0.46325758
5,1781859937.135146,1.61318899,1.38631327,1.19795825,-0.16365349
5,1781859937.197893,1.53644235,1.31666285,1.18046319,-0.35508522
5,1781859937.268053,0.68019079,0.61786131,0.41890286,0.58046218
5,1781859937.325756,-0.14145786,-0.07621084,-0.50472179,2.09770899
5,1781859937.385853,-0.18907322,-0.12666904,-0.81563650,3.19216933
5,1781859937.465054,0.20052401,0.20350770,-0.50493036,3.02244396
5,1781859937.533567,0.20565047,0.19039332,-0.12461940,1.27349830
6,1781859937.666029,-0.02869607,-0.07721393,-0.06483034,-0.08752175
6,1781859937.808786,2.42435595,2.57061146,1.59528103,1.61183639
6,1781859937.870256,4.24535088,4.93450230,3.01489388,3.74906095
6,1781859937.935287,1.21911184,2.50444388,1.58214404,3.17259810
6,1781859937.997753,-2.32514095,-0.79544009,0.06789593,0.95763603
6,1781859938.062171,-3.15598919,-1.71322871,-0.05986935,-0.30265264
6,1781859938.125452,-2.50856016,-1.07276813,-0.19270432,0.79863962
6,1781859938.190451,-2.06785059,-0.64557340,-1.12337885,2.73061766
6,1781859938.269838,-1.43443550,-0.62761458,-1.82899430,2.88599452
6,1781859938.332183,-0.31462426,-0.73466940,-1.87394267,1.03360610
6,1781859938.396529,0.33844374,-1.06838884,-1.98451381,-0.70519821
6,1781859938.461088,0.19984154,-1.36157380,-2.09281963,-1.19304049
6,1781859938.521160,0.26857770,-0.97823888,-1.15590759,-1.53647740
6,1781859938.591587,1.11972384,0.06002511,0.89837176,-2.72768987
6,1781859938.671217,1.98690573,0.99012337,2.63937006,-3.80262073
6,1781859938.733003,2.00142295,1.29457552,2.79706904,-3.17505419
6,1781859938.799996,1.36527350,1.18432414,1.64998519,-0.92924684
6,1781859938.864458,0.88230043,1.11327573,0.53822657,1.15834152
6,1781859938.927074,0.85662827,1.18858969,0.32372482,1.71996466
6,1781859938.992236,0.88725804,1.14843010,0.63217567,1.11724323
6,1781859939.072051,0.56981476,0.78724331,0.62539666,0.54505816
6,1781859939.136235,0.01137582,0.26650352,0.16421117,0.51365002
6,1781859939.199914,-0.44580788,-0.09805282,-0.18049580,0.61823961
6,1781859939.262533,-0.84890070,-0.38834165,-0.24688972,0.45859035
6,1781859939.328552,-1.70537334,-1.18708539,-0.79384400,0.17970499
6,1781859939.390289,-3.11216089,-2.67263861,-2.21987888,-0.01902361
6,1781859939.470377,-3.99849250,-3.71994883,-3.24910910,-0.27634956
6,1781859939.535723,-3.03239937,-2.82581832,-2.21586254,-0.57969170
6,1781859939.597610,-0.46731217,-0.22994194,0.38295154,-0.53966620
6,1781859939.666666,1.78986963,1.91786014,2.11009557,-0.09232668
6,1781859939.729585,2.33165749,2.07931626,1.60238833,0.32275459
6,1781859939.790979,1.67624888,1.04792157,0.01385589,0.58308851
6,1781859939.872463,1.16383119,0.48550637,-0.81706870,0.89711295
6,1781859939.930768,1.23173991,0.71389747,-0.44300247,0.91839250
6,1781859939.996107,1.33058007,0.86314942,0.29785386,0.14064214
6,1781859940.057919,0.98092476,0.47223664,0.59652173,-0.90964876
6,1781859940.127037,0.31450250,-0.07656819,0.42094589,-1.27698932
6,1781859940.191096,-0.23299774,-0.36801509,0.23737560,-1.06404384
6,1781859940.271456,-0.40782921,-0.40068133,0.31578940,-1.01937119
6,1781859940.334863,-0.33917467,-0.34302557,0.46869987,-1.17206858
6,1781859940.402120,-0.34389725,-0.31024895,0.40832058,-0.98430351
6,1781859940.465051,-0.54777714,-0.34414300,0.08437376,-0.32317987
6,1781859940.525300,-0.77823428,-0.40592290,-0.38111043,0.49939230
6,1781859940.592840,-0.80638721,-0.39401397,-0.81263355,1.19422366
6,1781859940.669348,-0.57335915,-0.23987439,-0.96715567,1.52443183
6,1781859940.730932,-0.22820356,-0.01512067,-0.68333775,1.26652030
6,1781859940.975708,-0.01586679,0.10152486,-0.14891824,0.52861704
6,1781859941.005873,-0.03882517,0.03121084,0.20844170,-0.15405022
6,1781859941.037072,-0.13362818,-0.09781357,0.20060825,-0.37739404
6,1781859941.100230,-0.09077850,-0.13417276,0.05770264,-0.33810712
6,1781859941.162799,0.07878534,-0.09953370,0.04258771,-0.46050645
6,1781859941.228991,0.21660580,-0.09441408,0.09536545,-0.71970116
6,1781859941.292284,0.25959700,-0.09303471,0.00176830,-0.64301052
6,1781859941.361083,0.28606444,0.01352739,-0.20354355,-0.07971059
6,1781859941.423377,0.37189199,0.18846979,-0.17608632,0.26030840
6,1781859941.501588,0.46749455,0.25664578,0.25432950,-0.29968300
6,1781859941.559939,0.40343672,0.17748309,0.61762818,-0.95725359
6,1781859941.629215,0.08562701,0.09095497,0.30078574,-0.29389195
6,1781859941.692462,-0.27463724,0.04794796,-0.39539657,1.10072119
6,1781859941.755596,-0.34880915,-0.06439386,-0.49565365,1.02850000
6,1781859941.822974,-0.19652983,-0.29209638,0.09779547,-0.69765454
6,1781859941.914729,-0.22366082,-0.52172292,0.31434416,-1.62986235
6,1781859941.962933,-0.52160043,-0.63411055,-0.40785304,-0.48684456
6,1781859942.030169,-0.68137463,-0.59956584,-1.17199796,0.94021268
6,1781859942.093468,-0.41822989,-0.43639612,-0.95314107,0.71650982
6,1781859942.156993,-0.00163548,-0.19699588,-0.12629258,-0.38236138
6,1781859942.224279,0.15643248,0.02549445,0.17207355,-0.39882117
6,1781859942.305720,0.10163382,0.17711557,-0.15581166,0.58692646
6,1781859942.373892,0.19143619,0.29390859,-0.13406539,0.76230696
6,1781859942.431145,0.46043547,0.41385451,0.53140783,-0.23587814
6,1781859942.495370,0.61095466,0.54232518,1.00260158,-0.76009313
6,1781859942.558344,0.59118497,0.71150363,0.80760983,0.03479583
6,1781859942.623882,0.60681048,0.87642272,0.46102294,0.98443398
6,1781859942.704128,0.60426092,0.80041499,0.39322867,0.86706331
6,1781859942.768479,0.31260868,0.30994897,0.38449215,-0.11094862
6,1781859942.830083,-0.26093699,-0.40549596,0.17246270,-1.03833347
6,1781859942.901221,-0.81386517,-0.97927861,-0.18947330,-1.37274934
6,1781859942.958441,-1.13420293,-1.25286775,-0.58752521,-1.12670065
6,1781859943.022724,-1.22306247,-1.31132707,-0.95411680,-0.64019402
6,1781859943.104412,-1.12807238,-1.25046381,-1.17178638,-0.28895699
6,1781859943.162510,-0.85366653,-1.05962426,-1.14203319,-0.17755255
6,1781859943.230788,-0.43504768,-0.70869805,-0.90702601,-0.10824618
6,1781859943.291828,0.01836017,-0.25031119,-0.60441485,0.12277514
6,1781859943.361244,0.41758132,0.21590290,-0.32006767,0.48041281
6,1781859943.417243,0.76117566,0.64764410,-0.01032787,0.78241787
6,1781859943.505095,1.04576324,1.05466088,0.40815028,0.94189026
6,1781859943.570581,1.16965696,1.35154719,0.89731271,0.91417778
6,1781859943.632931,0.99960843,1.30871105,1.26351766,0.50916045
6,1781859943.693426,0.56793142,0.82951530,1.27930435,-0.27047054
6,1781859943.757964,0.14297974,0.21701835,0.86213853,-0.82070398
6,1781859943.822971,-0.05012839,-0.11522262,0.22126627,-0.57711696
6,1781859943.919613,-0.10733957,-0.14201952,-0.20425485,0.03959997
6,1781859943.967941,-0.21794734,-0.14446679,-0.14027334,0.09957282
6,1781859944.030994,-0.34083573,-0.28727835,0.12554998,-0.51630997
6,1781859944.095554,-0.40940152,-0.57669349,-0.04290738,-1.00752257
6,1781859944.157549,-0.56644801,-0.97544554,-0.82261549,-0.80740505
6,1781859944.223705,-0.84401263,-1.26871433,-1.55110096,-0.20452165
6,1781859944.304096,-0.93528448,-1.13550660,-1.49384476,0.22722932
6,1781859944.368930,-0.61584721,-0.60532469,-0.79651906,0.28988829
6,1781859944.427856,-0.11041096,-0.11549967,-0.21959309,0.14228012
6,1781859944.495300,0.19285750,0.06597916,-0.09765441,0.05282111
6,1781859944.557616,0.17112536,0.12603771,-0.09362146,0.25087753
6,1781859944.622814,-0.00153487,0.28798536,0.14087027,0.62749066
6,1781859944.703266,-0.06554676,0.49372304,0.59886664,0.65262687
6,1781859944.768265,0.11998760,0.63083980,1.11248136,0.04197876
6,1781859944.833166,0.45565193,0.70071305,1.44864083,-0.72267204
6,1781859944.909361,0.67527873,0.64339661,1.30457930,-0.99600668
6,1781859944.957791,0.57470451,0.31233944,0.56134459,-0.73489253
6,1781859945.023410,0.16892528,-0.28079057,-0.46283703,-0.38466893
6,1781859945.102525,-0.30306892,-0.87808196,-1.17306152,-0.40243744
6,1781859945.163696,-0.52831273,-1.15072503,-1.25428094,-0.74565094
6,1781859945.231750,-0.38411399,-0.91199635,-1.04544973,-0.56683572
6,1781859945.294095,-0.01187184,-0.25100739,-0.99821282,0.73014960
6,1781859945.357198,0.39309127,0.49069697,-0.85492564,2.07407016
6,1781859945.418476,0.67387664,0.94327972,-0.11019328,1.90111139
6,1781859945.503077,0.65834352,0.95492004,0.88940223,0.52036746
6,1781859945.569288,0.32244143,0.63203329,1.31910381,-0.54247634
6,1781859945.631745,-0.08525187,0.18822936,1.07675324,-0.88388068
6,1781859945.695551,-0.32882395,-0.20262828,0.64163653,-1.03194051
6,1781859945.757918,-0.43089555,-0.45136889,0.20425656,-0.97162474
6,1781859945.823945,-0.49630752,-0.54908472,-0.23504543,-0.52715369
6,1781859945.916309,-0.51098899,-0.53146483,-0.46557892,-0.12411089
6,1781859945.964321,-0.42335034,-0.42764487,-0.40133284,-0.04398483
6,1781859946.031380,-0.28119070,-0.28846713,-0.31822256,0.03230467
6,1781859946.096156,-0.20302976,-0.22154700,-0.39607166,0.22419899
6,1781859946.157897,-0.23386235,-0.27613781,-0.47617813,0.22672463
6,1781859946.222476,-0.28129362,-0.36336651,-0.44436705,-0.00154107
6,1781859946.303454,-0.24443263,-0.40860180,-0.43503475,-0.19794138
6,1781859946.368009,-0.15433330,-0.46087989,-0.54847817,-0.31465164
6,1781859946.428396,-0.09545382,-0.54549347,-0.67602585,-0.45916539
6,1781859946.495858,-0.02848395,-0.52675147,-0.64551197,-0.54539131
6,1781859946.563520,0.18207748,-0.21809408,-0.35993611,-0.37124657
6,1781859946.616642,0.53178837,0.37429452,0.14268996,0.10650486
6,1781859946.702692,0.79417133,0.95783359,0.67487903,0.64183512
6,1781859946.761802,0.78600675,1.21012892,1.07645379,0.80161309
6,1781859946.830065,0.60697436,1.13691324,1.36583131,0.43259841
6,1781859946.899855,0.46943730,0.99955447,1.50627767,0.03361959
6,1781859946.959024,0.38423107,0.87757278,1.23671208,0.19286292
6,1781859947.023278,0.17386366,0.55167875,0.49653871,0.62220184
6,1781859947.101274,-0.23928384,-0.10906101,-0.28323509,0.43745023
6,1781859947.166399,-0.69042587,-0.88078620,-0.75360730,-0.45633713
6,1781859947.229495,-0.95048843,-1.42560103,-1.11074721,-1.13526444
6,1781859947.297498,-0.95654425,-1.62048089,-1.52700114,-1.08848665
6,1781859947.357584,-0.80341510,-1.53458183,-1.67567137,-0.84800269
6,1781859947.419780,-0.58524221,-1.24893325,-1.33354781,-0.83219350
6,1781859947.502709,-0.32904983,-0.83371070,-0.85920508,-0.68861242
6,1781859947.566716,-0.05988901,-0.38895208,-0.59380437,-0.17850390
6,1781859947.629645,0.14083492,0.01991947,-0.32654607,0.32413908
6,1781859947.693250,0.22563106,0.43169440,0.25852885,0.54499160
6,1781859947.758581,0.31156220,0.90904173,1.02480371,0.69227855
6,1781859947.826116,0.54743921,1.37335195,1.58774416,0.87881900
6,1781859947.896306,0.83750171,1.59681230,1.80788853,0.78787015
6,1781859947.966306,0.91384629,1.42501667,1.76878491,0.24057439
6,1781859948.029586,0.68288854,0.94251515,1.40680587,-0.29412374
6,1781859948.094615,0.28358094,0.34608856,0.57608757,-0.24070268
6,1781859948.155123,-0.02733308,-0.02101569,0.00408830,-0.03935734
6,1781859948.221404,0.20804954,0.15013157,0.00143924,0.19016948
6,1781859948.304043,0.60628174,0.42845617,-0.01769982,0.56214396
6,1781859948.368315,0.78216504,0.50480126,-0.09515348,0.67581811
6,1781859948.427480,0.71153179,0.34763356,-0.23145186,0.45081052
6,1781859948.494921,0.38423192,-0.04741402,-0.45676303,-0.04671140
6,1781859948.558998,-0.12915029,-0.59945490,-0.75087623,-0.66805065
6,1781859948.624307,-0.56174475,-1.02696314,-0.90684060,-1.22627121
6,1781859948.706013,-0.62419317,-0.98023468,-0.65347284,-1.43045199
6,1781859948.766741,-0.30786900,-0.39553401,0.01359410,-1.04076625
6,1781859948.832013,0.14260876,0.38021702,0.75146310,-0.27996711
6,1781859948.909285,0.50677785,0.89817587,1.17735443,0.23509630
6,1781859948.957633,0.68351169,0.98053000,1.16014081,0.24596510
6,1781859949.023196,0.62233427,0.75791053,0.81788202,0.15838968
6,1781859949.104404,0.36241225,0.45142526,0.38612198,0.32328788
6,1781859949.166938,0.06389583,0.21385196,0.09792416,0.55701862
6,1781859949.231270,-0.15180263,0.10371199,0.03156980,0.68643091
6,1781859949.296650,-0.30713679,0.07737683,0.04919510,0.86458404
6,1781859949.358305,-0.44047392,0.01253624,-0.02969969,1.03752527
6,1781859949.422552,-0.52783217,-0.17159349,-0.23239151,0.87367903
6,1781859949.503800,-0.58128230,-0.41918857,-0.45924260,0.42349335
6,1781859949.566844,-0.65542705,-0.62398523,-0.64074698,0.10098498
6,1781859949.630293,-0.74618719,-0.79588040,-0.82500967,-0.04308081
6,1781859949.695615,-0.82088950,-1.03955799,-1.08206963,-0.36904315
6,1781859949.759302,-0.85848951,-1.30669626,-1.27743848,-1.00027346
6,1781859949.822533,-0.71526310,-1.28537037,-1.06740628,-1.65098523
6,1781859949.897534,-0.14139377,-0.70782708,-0.31831548,-2.00267513
6,1781859949.966639,0.85014455,0.29008982,0.60224063,-1.82724373
6,1781859950.033187,1.80129114,1.28282628,1.22577932,-0.96665627
6,1781859950.094208,2.19627255,1.92453889,1.49933054,0.32152474
6,1781859950.158244,1.90455105,2.04266953,1.57562140,1.26780541
6,1781859950.222371,1.16673581,1.58781074,1.36466979,1.34961242
6,1781859950.301798,0.34485253,0.76483768,0.76301425,0.88367599
6,1781859950.367356,-0.27795582,0.00959505,0.06884739,0.47827840
6,1781859950.424247,-0.67044170,-0.44733913,-0.35583886,0.27570278
6,1781859950.493522,-1.01513517,-0.77828648,-0.58634533,0.09407990
6,1781859950.560058,-1.32792296,-1.07069518,-0.77587114,-0.07876300
6,1781859950.622407,-1.30959351,-1.00344650,-0.65056618,-0.09790483
6,1781859950.703572,-0.84345028,-0.41838077,-0.03350089,0.08419603
6,1781859950.766852,-0.35593557,0.15322092,0.47440802,0.39379007
6,1781859950.830117,-0.29300154,0.08426867,0.14472484,0.66371564
6,1781859950.898166,-0.48780836,-0.47447285,-0.75350742,0.61250633
6,1781859950.958421,-0.45561722,-0.82987342,-1.24087519,0.07698085
6,1781859951.022943,-0.10082834,-0.67091606,-0.92169952,-0.66893258
6,1781859951.103913,0.26584062,-0.29881862,-0.32900706,-1.11969985
6,1781859951.168319,0.44818081,-0.05552907,-0.02782824,-1.11328904
6,1781859951.230421,0.52941964,0.06675456,0.04148027,-0.91632022
6,1781859951.296655,0.60020188,0.23688983,0.21247364,-0.70997639
6,1781859951.358800,0.63514466,0.49266911,0.51702364,-0.34950387
6,1781859951.419196,0.63986494,0.75053836,0.75973562,0.21258942
6,1781859951.503718,0.68370280,0.95561650,0.92606636,0.63155744
6,1781859951.566900,0.71562570,1.03420640,1.06146838,0.61030373
6,1781859951.633079,0.51270280,0.77517472,0.87857716,0.33324567
6,1781859951.689902,-0.04449045,0.07147876,0.12684674,0.12695770
6,1781859951.754074,-0.71195750,-0.69920662,-0.69465820,0.01718390
6,1781859951.822354,-1.05265828,-0.92048964,-0.76492469,-0.04901454
6,1781859951.897375,-0.87268673,-0.48132154,-0.11404608,0.05046727
6,1781859951.968545,-0.38534875,0.06958491,0.39305152,0.27541943
6,1781859952.030892,0.04838658,0.22387859,0.27643860,0.25753874
6,1781859952.094075,0.24229321,0.04511200,-0.09175212,-0.12636246
6,1781859952.158855,0.25177305,-0.10890549,-0.26939042,-0.41939944
6,1781859952.222523,0.21897160,-0.09044323,-0.28468329,-0.24128757
6,1781859952.301429,0.20607935,-0.01877079,-0.29750624,0.11288805
6,1781859952.368834,0.16267244,-0.02354192,-0.29338542,0.17520046
6,1781859952.429227,0.01473015,-0.11408582,-0.25398535,0.02321970
6,1781859952.492547,-0.23972697,-0.24791996,-0.26717395,0.02317244
6,1781859952.552863,-0.52598177,-0.40118578,-0.36688608,0.18958696
6,1781859952.623012,-0.78552468,-0.57743791,-0.48361525,0.23937980
6,1781859952.702929,-1.03317914,-0.80775542,-0.59456772,0.02563408
6,1781859952.770986,-1.23994859,-1.07227434,-0.72550166,-0.37520570
6,1781859952.832340,-1.21293636,-1.17257053,-0.76530803,-0.76863721
6,1781859952.900287,-0.72513566,-0.80043721,-0.43484058,-0.92366808
6,1781859952.958793,0.30878957,0.25235013,0.58012867,-0.80492485
6,1781859953.023049,1.78329322,1.92354822,2.36772506,-0.63670689
6,1781859953.104261,3.16261121,3.53974239,4.14681704,-0.48172450
6,1781859953.165612,3.39901226,3.76292417,4.17104719,-0.09262093
6,1781859953.229140,1.93783032,1.90154041,1.59528852,0.56556205
6,1781859953.293151,-0.17122127,-0.66776248,-1.72503302,1.17471069
6,1781859953.367883,-1.23847155,-1.78835488,-3.08635745,1.56728678
6,1781859953.421075,-1.06305054,-1.33331571,-2.40353885,1.67588729
6,1781859953.506482,-0.91238523,-1.09624041,-1.80414216,1.09786141
6,1781859953.568572,-1.34310845,-1.78162914,-2.07184181,-0.31070075
6,1781859953.632088,-1.41392078,-1.97385741,-1.79728037,-1.54297345
6,1781859953.694733,-0.45566039,-0.63395275,-0.17724560,-1.33030439
6,1781859953.758447,0.58408467,1.00289548,1.41954457,0.00452875
6,1781859953.825525,0.40608955,1.09349663,1.42296859,0.74986303
6,1781859953.898340,-0.70164504,-0.17609677,0.30010414,0.10338121
6,1781859953.968606,-1.26704353,-0.95867116,-0.24248764,-0.85435180
6,1781859954.028740,-0.88976940,-0.55415553,0.23416525,-0.94840703
6,1781859954.099694,-0.81393618,-0.30285876,0.48416968,-0.57810888
6,1781859954.157957,-1.58734952,-1.00281887,-0.10331485,-0.65985949
6,1781859954.622017,-1.54945671,-1.08203998,-0.23968091,-0.78549262
6,1781859954.703235,0.71746708,0.91012343,1.08692809,0.03320881
6,1781859954.767386,3.53973312,3.30058039,2.47693874,1.22448626
6,1781859954.830925,4.00721555,3.23336766,1.91959683,1.13112191
6,1781859954.909528,2.00298299,0.83246838,-0.14396358,-0.40659721
6,1781859954.956604,0.06326795,-1.09589937,-1.43216832,-1.72394674
6,1781859955.021958,-0.32247462,-1.05537976,-1.01022176,-1.63001829
6,1781859955.104258,-0.04022818,-0.20963731,-0.15360535,-0.47229214
6,1781859955.169089,-0.19419577,0.05788029,-0.15910592,0.98267100
6,1781859955.230593,-0.62727861,-0.16163587,-0.75596497,2.22060832
6,1781859955.293867,-0.80611183,-0.27635089,-0.99648789,2.61849768
6,1781859955.358370,-0.77007636,-0.29317712,-0.69726518,1.84564125
6,1781859955.416415,-0.80410171,-0.43637073,-0.38774588,0.66851751
6,1781859955.498775,-0.90940963,-0.58252415,-0.31570555,0.12583827
6,1781859955.562840,-0.88035492,-0.52847469,-0.16917738,-0.01553854
6,1781859955.627039,-0.62026222,-0.36004030,0.23935115,-0.71054971
6,1781859955.690296,-0.27148771,-0.27825884,0.57131078,-1.79400748
6,1781859955.752526,-0.05667693,-0.29427086,0.51874432,-2.20099373
6,1781859955.823854,0.01648534,-0.25001519,0.36452177,-1.84574639
6,1781859955.897233,0.15557841,-0.04567985,0.55240340,-1.67459585
6,1781859955.968474,0.40848005,0.23538981,0.92342556,-1.80403242
6,1781859956.029852,0.53918933,0.43262051,0.87470248,-1.14940651
6,1781859956.095412,0.43613228,0.49698490,0.24328707,0.65897351
6,1781859956.160548,0.34603406,0.50484835,-0.42368568,2.27796123
6,1781859956.220812,0.47559343,0.50159826,-0.59935819,2.36094917
6,1781859956.304509,0.63723832,0.43609766,-0.39886585,1.32783936
6,1781859956.368032,0.54688904,0.27548431,-0.25052629,0.53339144
6,1781859956.433182,0.25152489,0.09320070,-0.26958472,0.42833995
6,1781859956.493208,-0.00039418,-0.02744626,-0.28090294,0.47431065
6,1781859956.554297,-0.14893986,-0.12139818,-0.23418262,0.29397892
6,1781859956.619570,-0.31554800,-0.26957305,-0.22463772,0.00217796
6,1781859956.711856,-0.51095522,-0.42442680,-0.19460767,-0.30018963
6,1781859956.761417,-0.63111491,-0.45497388,0.03319716,-0.65369325
6,1781859956.829463,-0.71683782,-0.41252303,0.35172657,-0.96354924
6,1781859956.908759,-0.91538440,-0.56928836,0.30880745,-1.11452313
6,1781859956.957366,-1.07899812,-0.95467169,-0.22481549,-1.26856619
6,1781859957.023017,-0.69938937,-0.95961966,-0.53113615,-1.44283422
6,1781859957.104407,0.44882048,0.08829092,0.19387458,-0.97649285
6,1781859957.166273,1.75252846,1.77663228,1.53468944,0.55735953
6,1781859957.231092,2.23007908,2.64601402,2.06987208,2.07837050
6,1781859957.294779,1.54874437,1.82551983,1.11658059,2.06504193
6,1781859957.360826,0.28864919,0.09614396,-0.45358650,0.74837584
6,1781859957.417671,-0.74554597,-1.14748429,-1.40542896,-0.30166228
6,1781859957.505257,-1.18497649,-1.42865950,-1.45163169,-0.46238237
6,1781859957.566366,-1.17218936,-1.22500380,-1.08544945,-0.40300670
6,1781859957.630926,-1.08968922,-1.05770102,-0.76617833,-0.54371678
6,1781859957.697179,-1.11666725,-0.99618349,-0.63050833,-0.51366841
6,1781859957.758862,-0.89894682,-0.72449747,-0.55263137,0.00541183
6,1781859957.822730,-0.00722514,0.03200421,-0.25285784,0.67896150
6,1781859957.897304,1.17787299,0.98063051,0.37547342,0.85456853
6,1781859957.969268,1.70892484,1.46766611,1.05836199,0.35204992
6,1781859958.031076,1.33919872,1.32670765,1.45263086,-0.28997364
6,1781859958.089508,0.71084071,0.93536755,1.45955461,-0.62777890
6,1781859958.156137,0.21031024,0.42260633,1.09932362,-0.97294811
6,1781859958.218813,-0.37624244,-0.36576737,0.40136714,-1.58517821
6,1781859958.304755,-0.98396032,-1.11529989,-0.39787357,-1.77813835
6,1781859958.374776,-1.06530660,-1.16374142,-0.82239312,-0.92133209
6,1781859958.429480,-0.53361375,-0.53201029,-0.65562140,0.26232063
6,1781859958.494963,-0.09769305,-0.05511745,-0.37847724,0.76662337
6,1781859958.558230,-0.21206792,-0.16031949,-0.57156889,0.96996618
6,1781859958.622993,-0.31676134,-0.19462904,-0.88545241,1.70311708
6,1781859958.703857,0.19940948,0.43188180,-0.52848374,2.49895857
6,1781859958.767261,0.78038008,1.03273513,0.19361416,2.28660862
6,1781859958.831155,0.45733837,0.56676232,0.21980994,0.95609435
6,1781859958.915350,0.01307647,0.01433806,0.00491429,0.03330645
6,1781859958.959157,-0.57250793,-0.71933918,-0.72636987,-0.43576037
6,1781859959.023269,-1.39778153,-1.60908532,-1.55826560,-0.81704276
6,1781859959.102709,-1.66399819,-1.62599654,-1.43518007,-0.47632603
6,1781859959.167083,-1.68954834,-1.47669547,-1.09372934,-0.53024551
6,1781859959.230279,-1.62562022,-1.50496528,-0.92487227,-1.43207511
6,1781859959.294431,-1.13514603,-1.16083104,-0.49987137,-2.14028140
6,1781859959.358642,0.07741957,-0.01371611,0.50076777,-1.88772495
6,1781859959.418667,1.61109905,1.40210316,1.61554212,-1.31673555
6,1781859959.502421,2.47113562,2.07594334,1.95863560,-0.86617017
6,1781859959.567692,2.05090212,1.66064330,1.18054302,0.28003711
6,1781859959.631719,0.88498824,0.81942702,0.03279737,2.24758075
6,1781859959.694966,0.06700486,0.37169259,-0.37117957,3.26525939
6,1781859959.759777,0.01469923,0.40288578,0.11426468,2.10961926
6,1781859959.823561,0.19488620,0.41973052,0.59740831,0.14701874
6,1781859959.900015,-0.00442886,0.10573338,0.42593936,-0.65470935
6,1781859959.962392,-0.54717857,-0.37453530,-0.11648120,-0.26622680
6,1781859960.027548,-0.97517711,-0.70397240,-0.47904516,0.14424758
6,1781859960.095405,-1.04535164,-0.79030772,-0.57280655,0.11702133
6,1781859960.157927,-0.90505111,-0.77042776,-0.62587037,-0.03096458
6,1781859960.223004,-0.73568171,-0.74842049,-0.73069168,-0.09496792
6,1781859960.303849,-0.49486500,-0.65294322,-0.75294986,-0.18100996
6,1781859960.373416,-0.11678472,-0.40402960,-0.54990833,-0.44064033
6,1781859960.428368,0.25012268,-0.09464255,-0.18506068,-0.79280362
6,1781859960.493895,0.44131222,0.14504215,0.08951424,-0.75039681
6,1781859960.553847,0.53096887,0.31664528,0.08558511,0.05216817
6,1781859960.618265,0.58630690,0.37820789,-0.13450740,0.94949335
6,1781859960.695832,0.41448409,0.15437891,-0.34468348,0.74483308
6,1781859960.761426,-0.03248256,-0.25786181,-0.32830226,-0.48294648
6,1781859960.829772,-0.30173592,-0.32434575,0.02898686,-1.17181804
6,1781859960.899967,0.00483490,0.25604477,0.63608339,-0.40156104
6,1781859960.960564,0.59290178,1.01758697,1.16920800,0.85114495
6,1781859961.021390,0.86583012,1.27927150,1.32659148,1.14120574
6,1781859961.098068,0.69186167,0.96184719,1.10249915,0.40313458
6,1781859961.162290,0.38064014,0.49980714,0.70181960,-0.25823050
6,1781859961.227540,0.14108002,0.18622038,0.29920829,-0.21148179
6,1781859961.293300,-0.06265387,-0.03677849,-0.03766212,0.08340823
6,1781859961.359848,-0.25883465,-0.26393623,-0.30914389,0.12501124
6,1781859961.424319,-0.39195139,-0.44113175,-0.49290510,0.00808241
6,1781859961.503847,-0.47934505,-0.52535343,-0.51217357,-0.18449062
6,1781859961.564595,-0.60595043,-0.58076875,-0.40162677,-0.47989648
6,1781859961.631002,-0.71449946,-0.60937653,-0.33706995,-0.52111384
6,1781859961.692427,-0.61158392,-0.49445286,-0.34373095,-0.10470318
6,1781859961.755466,-0.28037615,-0.24560121,-0.27389302,0.19657998
6,1781859961.819815,0.02392158,-0.07955768,-0.16795060,-0.04702435
6,1781859961.896356,0.11715557,-0.10502783,-0.23387589,-0.29092763
6,1781859961.961451,0.11049160,-0.16146695,-0.44631746,0.04018440
6,1781859962.025962,0.16767599,-0.10814244,-0.57221650,0.58679558
6,1781859962.093285,0.26136581,-0.00751924,-0.53846017,0.81683196
6,1781859962.158943,0.30534817,0.10183354,-0.40995166,0.96088385
6,1781859962.222616,0.34394804,0.32211932,-0.11657062,1.29936246
6,1781859962.299210,0.46419102,0.64533766,0.42986138,1.23627942
6,1781859962.363752,0.60663920,0.84134942,1.00735487,0.21415373
6,1781859962.429083,0.58966317,0.73822506,1.21508724,-1.02331674
6,1781859962.492818,0.33768929,0.43315591,0.96800234,-1.36955326
6,1781859962.556773,0.00554030,0.13097101,0.60148188,-1.07561985
6,1781859962.620012,-0.19267778,-0.07733991,0.41752391,-1.18298790
6,1781859962.702644,-0.23230358,-0.20711551,0.33752959,-1.61915509
6,1781859962.765067,-0.26062440,-0.27709728,0.11442833,-1.27173721
6,1781859962.826931,-0.34866775,-0.28952586,-0.26284820,0.10119151
6,1781859962.912577,-0.39078552,-0.25797578,-0.55189461,1.33011914
6,1781859962.956851,-0.29400882,-0.20966795,-0.59536714,1.46512170
6,1781859963.019230,-0.13078785,-0.16306134,-0.48404315,0.89990802
6,1781859963.098707,-0.01564773,-0.11263118,-0.36393689,0.48102470
6,1781859963.161332,0.04532351,-0.05085739,-0.26941443,0.38144821
6,1781859963.225858,0.08883203,0.00241173,-0.19195833,0.33648096
6,1781859963.295272,0.10135050,0.02665143,-0.14583758,0.30481266
6,1781859963.359448,0.07997021,0.04014176,-0.10843973,0.33898483
6,1781859963.416466,0.07388892,0.06485165,-0.02022376,0.23701201
6,1781859963.497755,0.09242338,0.07826430,0.10563427,-0.12944665
6,1781859963.561877,0.07299121,0.05390415,0.17308796,-0.43099234
6,1781859963.627908,-0.00135587,0.01849744,0.15107838,-0.35137361
6,1781859963.693050,-0.04787948,0.01622551,0.12952919,-0.15335301
6,1781859963.759410,-0.00232898,0.04745171,0.16752696,-0.21910913
6,1781859963.818575,0.09328694,0.09073100,0.20300585,-0.35792926
6,1781859963.896646,0.17340270,0.15385075,0.19222593,-0.18055973
6,1781859963.963260,0.23900195,0.24795111,0.20779832,0.15305150
6,1781859964.030469,0.29907421,0.32296114,0.28883728,0.18082048
6,1781859964.094452,0.29140824,0.28902719,0.31592611,-0.09126606
6,1781859964.155781,0.15791466,0.13108972,0.17922922,-0.23366522
6,1781859964.217965,-0.03182539,-0.04245817,-0.02102516,-0.09994954
6,1781859964.297128,-0.13724593,-0.12205051,-0.11336798,0.02030077
6,1781859964.360669,-0.13066313,-0.13444048,-0.12601781,-0.03802761
6,1781859964.427044,-0.12431872,-0.18228785,-0.21436894,-0.08069340
6,1781859964.492498,-0.19396599,-0.27913065,-0.37020769,0.01842898
6,1781859964.559570,-0.28250353,-0.34510409,-0.44180845,0.10630203
6,1781859964.624517,-0.31349561,-0.33952227,-0.39837451,0.10231779
6,1781859964.699171,-0.28421617,-0.28070620,-0.32485342,0.14854814
6,1781859964.764008,-0.20754702,-0.16544270,-0.21795143,0.29491024
6,1781859964.829690,-0.07986278,0.01104851,-0.02060798,0.38204551
6,1781859964.902915,0.07520608,0.20852904,0.23423143,0.33545488
6,1781859964.955861,0.23334191,0.40700229,0.47810947,0.31965985
6,1781859965.021635,0.39300620,0.59808587,0.66149241,0.44159724
6,1781859965.101361,0.49015159,0.66672607,0.69134854,0.47363661
6,1781859965.170560,0.44832694,0.52741183,0.53588922,0.22008461
6,1781859965.226453,0.42111743,0.41610209,0.40686614,0.01315570
6,1781859965.293185,0.70924139,0.66681411,0.56861567,0.17383954
6,1781859965.360178,1.20011179,1.07304450,0.88800803,0.18069074
6,1781859965.416535,1.16867704,0.88019307,0.76467565,-0.53913922
6,1781859965.497743,0.05741356,-0.31345471,-0.28303296,-1.25082680
6,1781859965.561891,-1.62732865,-1.88869289,-1.88136488,-0.83751762
6,1781859965.626723,-2.65642547,-2.74839287,-2.86898821,0.08923368
6,1781859965.692541,-2.41641809,-2.47078903,-2.45443132,-0.22046222
6,1781859965.759593,-1.47202458,-1.59962000,-1.14472463,-1.81563220
6,1781859965.821209,-0.60585622,-0.73173487,-0.02443186,-2.59703934
6,1781859965.897464,0.13829833,0.18792856,0.61797429,-1.18576064
6,1781859965.961168,1.01620175,1.32071871,1.19729323,1.33390280
6,1781859966.027664,1.77830340,2.23872157,1.72878660,3.02460484
6,1781859966.094213,2.01657018,2.43419581,1.85509864,3.10679940
6,1781859966.157938,1.91474451,2.15102433,1.72375959,2.06827802
6,1781859966.224364,1.92164967,1.98261865,1.77995297,0.82175307
6,1781859966.302281,1.94304739,1.89458024,1.85492297,-0.02746050
6,1781859966.362706,1.48681669,1.35290272,1.35856840,-0.43507181
6,1781859966.425812,0.33478829,0.15525244,0.13042449,-0.48222677
6,1781859966.493995,-1.44803528,-1.55398052,-1.63314481,-0.08347657
6,1781859966.560717,-3.57810309,-3.53452654,-3.66725761,0.54955341
6,1781859966.620328,-4.94737597,-4.83833650,-4.96046053,0.72054001
6,1781859966.706410,-4.00179305,-3.96509521,-3.90833725,-0.06252771
6,1781859967.225981,-0.87747937,-0.96229120,-0.55931038,-1.52045676
6,1781859967.292348,1.99578079,1.80081063,2.51027617,-2.81913915
6,1781859967.359726,2.67500652,2.39464851,3.10971262,-3.10274519
6,1781859967.416286,1.83995792,1.56870865,1.94172730,-2.00819244
6,1781859967.498004,1.13945240,1.01842292,0.93515517,-0.11770387
6,1781859967.564476,0.91972165,0.98204017,0.62265374,1.31446043
6,1781859967.627329,0.64557101,0.78866444,0.41455024,1.61214369
6,1781859967.693508,0.25790785,0.39858572,0.11841696,1.31178509
6,1781859967.756997,0.07006419,0.21029593,-0.01059653,1.12562941
6,1781859967.821485,0.06176985,0.19808548,0.01282813,1.00234766
6,1781859967.896949,-0.02045505,0.07480445,-0.06088832,0.71988154
6,1781859967.963448,-0.21595606,-0.16527384,-0.27981218,0.51499490
6,1781859968.028474,-0.36744128,-0.33272494,-0.47418607,0.54914774
6,1781859968.091897,-0.39800516,-0.37535706,-0.52147278,0.52603926
6,1781859968.153328,-0.36582836,-0.36340914,-0.46521535,0.32487216
6,1781859968.225720,-0.31829860,-0.32098191,-0.42162827,0.30535226
6,1781859968.305033,-0.23317558,-0.23384945,-0.39080958,0.48714650
6,1781859968.370690,-0.10689580,-0.13267569,-0.20033086,0.13052586
6,1781859968.469056,0.00284891,-0.06599587,0.23174847,-1.14266358
6,1781859968.509115,0.05086821,-0.03744933,0.63488524,-2.37096363
6,1781859968.570845,0.05032886,-0.02104893,0.64030582,-2.28393797
6,1781859968.632921,0.03567688,0.00182924,0.27669265,-0.96225681
6,1781859968.703093,0.02928116,0.03630453,-0.07320715,0.36324145
6,1781859968.765024,0.04060073,0.07193652,-0.18213597,0.88962176
6,1781859968.845548,0.07287658,0.09836408,-0.14407432,0.83512895
6,1781859968.935165,0.12782684,0.13171564,-0.07561575,0.65837638
6,1781859968.990614,0.19369610,0.18880975,0.03548797,0.46267539
6,1781859969.031855,0.23027454,0.23988497,0.17522173,0.23151215
6,1781859969.090525,0.19569127,0.22879181,0.23396958,0.08703567
6,1781859969.188931,0.10126522,0.14225112,0.14954669,0.10501322
6,1781859969.250294,0.01003807,0.03028673,-0.00230664,0.16470938
6,1781859969.314369,-0.04147100,-0.05418821,-0.11175734,0.13980412
6,1781859969.376041,-0.06745336,-0.09455039,-0.14153974,0.06200463
6,1781859969.474057,-0.04971554,-0.06525378,-0.08219204,0.00436387
6,1781859969.523341,0.04823889,0.04909425,0.06095539,-0.03430515
6,1781859969.566531,0.13579581,0.14150806,0.16409782,-0.05260744
6,1781859969.649600,0.06117464,0.06402100,0.06941678,-0.00794660
6,1781859969.699825,0.01606109,0.01316703,0.00647802,0.01076351
6,1781859969.765326,-0.04838725,-0.08814658,-0.13621850,0.02357685
6,1781859969.828433,-0.20302780,-0.29790869,-0.37765797,-0.04291752
6,1781859969.913220,-0.31394296,-0.44361041,-0.46057820,-0.31964808
6,1781859969.973598,-0.32008594,-0.46166209,-0.37173450,-0.65661000
6,1781859970.035775,-0.18352546,-0.32032855,-0.20649122,-0.71088707
6,1781859970.095793,0.08276469,-0.05050812,-0.05321135,-0.37033223
6,1781859970.157494,0.34883270,0.21803832,0.07040680,0.04775492
6,1781859970.218885,0.35180550,0.26412178,0.12612823,0.14269288
6,1781859970.294587,-0.08712187,-0.06530359,0.03333122,-0.21787340
6,1781859970.371172,-0.79782773,-0.64273066,-0.21315342,-0.77850333
6,1781859970.464086,-1.31044163,-1.04930763,-0.48974575,-0.84642582
6,1781859970.523568,-1.17270654,-0.84589092,-0.56734545,0.13690778
6,1781859970.583706,-0.25765566,0.05244602,-0.17460581,1.52351913
6,1781859970.645249,1.04345163,1.19810179,0.68358024,1.89796009
6,1781859970.708827,1.94319225,1.88069379,1.41363970,1.14743412
6,1781859970.776126,1.89948776,1.72594982,1.32475347,0.64570357
6,1781859970.841481,1.15879818,0.99275593,0.53663448,0.82274655
6,1781859971.908812,0.34196610,0.17230077,-0.19035760,0.54738278
6,1781859971.984044,-0.32464332,-0.51292590,-0.50278073,-0.56279713
6,1781859972.033504,-0.90829174,-1.02473174,-0.61150159,-1.50229424
6,1781859972.110083,-1.25718576,-1.25496050,-0.61010323,-1.82268598
6,1781859972.167782,-1.20202913,-1.17812291,-0.47293201,-1.93231586
6,1781859972.227517,-0.94733574,-0.98191452,-0.45393274,-1.59558071
6,1781859972.297137,-0.72301981,-0.77115944,-0.70308372,-0.32961956
6,1781859972.388514,-0.35890639,-0.38278755,-0.79581809,1.10373761
6,1781859972.487209,0.33913862,0.28856451,-0.28842647,1.49306698
6,1781859972.542490,1.04479351,0.96235880,0.54879886,0.93916473
6,1781859972.569491,1.17958493,1.18162761,1.03930656,0.40945631
6,1781859972.634867,0.66510964,0.82932735,0.91926548,0.21067788
6,1781859972.702682,0.04934894,0.28548518,0.50398874,0.05001124
6,1781859972.784140,-0.21321894,-0.02041639,0.18432654,-0.03386629
6,1781859972.849861,-0.26595570,-0.08228419,0.04305108,0.16545806
6,1781859972.928976,-0.38997824,-0.15725075,-0.05650096,0.37432608
6,1781859973.003480,-0.42036781,-0.27330501,-0.20171060,0.21404971
6,1781859973.051234,-0.05698171,-0.18232296,-0.26680992,-0.11587434
6,1781859973.098252,0.54916942,0.25536248,0.03537641,-0.20937682
6,1781859973.179681,0.95763732,0.82690089,0.73247345,-0.10298257
6,1781859973.250845,0.89927260,1.02526515,1.14108471,0.02885348
6,1781859973.305581,0.28354756,0.37225547,0.36216246,0.28022735
6,1781859973.371829,-0.81218070,-1.02150668,-1.42063649,0.53833726
6,1781859973.453283,-1.88141505,-2.28136911,-2.77303300,0.26011501
6,1781859973.506124,-2.18643758,-2.52280859,-2.63416348,-0.63820935
6,1781859973.585581,-1.46518798,-1.65718252,-1.38285575,-1.32261898
6,1781859973.647428,-0.12628132,-0.17957264,0.16538300,-1.12954090
6,1781859973.709373,1.23094479,1.40422226,1.75519413,-0.50399155
6,1781859973.767423,2.14565345,2.56061705,3.04273295,-0.19046291
6,1781859973.837130,2.31804629,2.72902116,3.16502278,-0.07098296
6,1781859973.918664,1.70467397,1.84703181,1.84589363,0.40699527
6,1781859973.976680,0.60995127,0.52210620,0.05067400,1.08796151
6,1781859974.049336,-0.35728926,-0.47033521,-1.04351119,1.30505880
6,1781859974.107275,-0.54373998,-0.63937126,-1.08594027,0.99535860
6,1781859974.176151,-0.01892802,-0.17021845,-0.57340203,0.71444016
6,1781859974.243981,-0.01977268,-0.12699510,-0.47190390,0.67414577
6,1781859974.297125,-1.50641285,-1.32155872,-1.34930043,0.60298186
6,1781859974.375401,-3.25010407,-2.74454209,-2.34861446,0.31095402
6,1781859974.477258,-2.98965833,-2.51893799,-1.91009074,-0.39176696
6,1781859974.497324,-0.65793425,-0.61984721,0.03434180,-1.74743930
6,1781859974.560482,1.43545139,1.03929179,1.73876544,-3.10752555
6,1781859974.633582,1.85002113,1.37672518,1.91734740,-2.87575849
6,1781859974.711778,1.42122629,1.15751735,1.11705684,-0.63319562
6,1781859974.777255,1.18564187,1.11649325,0.45450561,1.68145896
6,1781859974.841397,1.00193273,0.98126042,0.22899885,2.07499389
6,1781859974.934878,0.68770681,0.64156605,0.25794319,0.95719462
6,1781859974.987712,0.63870680,0.56393607,0.46134861,0.07889607
6,1781859975.032352,0.75976370,0.69206938,0.55200038,0.20527505
6,1781859975.109229,0.30276016,0.33923098,0.05995512,0.89554681
6,1781859975.186132,-0.80008594,-0.58142242,-0.85944600,1.40874499
6,1781859975.245497,-1.69134902,-1.36997664,-1.44068835,1.11206131
6,1781859975.306640,-1.88526220,-1.64532164,-1.40266045,-0.00771643
6,1781859975.361731,-1.66308431,-1.59738094,-1.17051891,-1.02434804
6,1781859975.453282,-1.11377555,-1.18050643,-0.87676521,-1.05076356
6,1781859975.499585,0.02367812,-0.12217673,-0.15505717,-0.32042735
6,1781859975.580557,1.37871088,1.17423215,0.86921771,0.28514767
6,1781859975.633742,1.89314028,1.69037145,1.37241513,0.32670427
6,1781859975.703108,1.10008470,1.00702800,0.92723895,-0.03763086
6,1781859975.757926,-0.27632747,-0.20397119,0.06431162,-0.55570305
6,1781859975.822788,-1.20259660,-1.02075544,-0.45544869,-1.08761675
6,1781859975.928477,-1.19781104,-1.00846976,-0.32140920,-1.41167255
6,1781859975.976198,-0.29387105,-0.14867598,0.41519431,-1.18748126
6,1781859976.034515,1.10605607,1.21043320,1.44605838,-0.37225654
6,1781859976.096769,2.17032723,2.22698432,2.10347468,0.51100377
6,1781859976.157821,2.10291267,2.08258972,1.74043506,0.91280568
6,1781859976.241070,0.94524652,0.85886793,0.44840752,0.91918764
6,1781859976.302921,-0.43584938,-0.52059257,-0.94108518,0.95228024
6,1781859976.378742,-1.25622174,-1.29592951,-1.70153894,1.03780055
6,1781859976.466882,-1.42329854,-1.45636285,-1.80178189,0.88592631
6,1781859976.513830,-1.26238260,-1.35209960,-1.61908456,0.50278204
6,1781859976.564308,-1.00805599,-1.16343827,-1.39254542,0.20910459
6,1781859976.636968,-0.68525824,-0.86814048,-1.10624103,0.15661477
6,1781859976.702615,-0.28791287,-0.45890801,-0.69090978,0.17303206
6,1781859976.783371,0.05696560,-0.05753615,-0.16898603,-0.00865595
6,1781859976.848494,0.13624027,0.14666837,0.33707854,-0.51048004
6,1781859976.942569,-0.07140504,0.10593444,0.68436748,-1.13761472
6,1781859976.979861,-0.23797785,0.04127658,0.83265214,-1.45252026
6,1781859977.041418,-0.01683122,0.21003475,0.87032264,-1.22930701
6,1781859977.096286,0.48998336,0.55729032,0.86656822,-0.68629795
6,1781859977.172523,0.86120753,0.81220086,0.77853464,-0.04350981
6,1781859977.234632,0.96336380,0.92111186,0.62555486,0.71844475
6,1781859977.296154,1.03571860,1.04203879,0.60193235,1.26619211
6,1781859977.358966,1.05640184,1.06158418,0.75209126,0.89250797
6,1781859977.452719,0.63005801,0.66512961,0.74941328,-0.13957931
6,1781859977.516294,-0.12568346,0.08243770,0.42371001,-0.37765430
6,1781859977.580249,-0.36893522,-0.00091340,0.17613395,0.54165757
6,1781859977.633983,0.12419704,0.34466021,0.23970465,0.92297946
6,1781859977.698100,0.32327985,0.14157277,0.02280745,-0.17852062
6,1781859977.761125,-0.43595029,-0.86647916,-0.91735509,-1.07680304
6,1781859977.837696,-1.24202913,-1.58634477,-1.84532795,-0.24202696
6,1781859977.931470,-1.13193768,-1.32111469,-1.86268137,0.99947670
6,1781859977.982309,-0.69483226,-0.88416975,-1.29932960,0.64049601
6,1781859978.036299,-0.90339280,-1.09216235,-1.00804541,-0.77398320
6,1781859978.095661,-1.39561752,-1.39461172,-0.97007207,-1.20126169
6,1781859978.159507,-1.14675473,-0.92852512,-0.61022713,-0.28382220
6,1781859978.236263,-0.06710885,0.12530647,0.11097024,0.58640583
6,1781859978.296100,1.02049713,1.02570988,0.74543096,0.80973509
6,1781859978.373663,1.49912027,1.48994899,1.11600562,1.03459672
6,1781859978.463574,1.44871055,1.65293187,1.44691659,1.16354691
6,1781859978.529688,1.22790062,1.55723701,1.80187416,0.24023098
6,1781859978.575611,0.91283081,1.09870838,1.74943214,-1.31843519
6,1781859978.634768,0.33560352,0.30252581,0.89963692,-1.78739356
6,1781859978.694104,-0.34780202,-0.49769238,-0.29867695,-0.98959546
6,1781859978.772170,-0.58339943,-0.81418750,-0.83543993,-0.59430233
6,1781859978.832927,-0.19737626,-0.46721003,-0.39970905,-0.95677668
6,1781859978.928647,0.23621905,0.15056569,0.20940067,-0.40980980
6,1781859978.974089,0.18941824,0.45796028,0.21160594,1.46039167
6,1781859979.041700,-0.16186017,0.26543630,-0.25163358,2.67848989
6,1781859979.101540,-0.44764740,-0.21502715,-0.69877558,2.03182403
6,1781859979.179332,-0.68269740,-0.75742523,-1.07058664,0.67626497
6,1781859979.234989,-0.91335938,-1.20223788,-1.40239294,-0.25164476
6,1781859979.303438,-0.85567731,-1.28660496,-1.34573231,-1.05453076
6,1781859979.366747,-0.33459323,-0.77928139,-0.58415871,-1.81468432
6,1781859979.438344,0.31828630,0.15136746,0.56286832,-1.64056174
6,1781859979.501968,0.63296333,0.92221526,1.31958535,-0.30665365
6,1781859979.581222,0.51005196,1.03509279,1.21097146,0.99032256
6,1781859979.645379,0.20677611,0.56786842,0.55140744,1.07084781
6,1781859979.700227,0.01605962,0.06481117,0.09815737,0.04369393
6,1781859979.766020,0.05319094,-0.06230171,0.17488311,-1.00029297
6,1781859979.831555,0.26809484,0.13779654,0.36148726,-1.00401293
6,1781859979.915996,0.57384319,0.42213171,0.21103753,0.16842612
6,1781859979.979622,0.82412115,0.61668689,-0.11698023,1.49254510
6,1781859980.041566,0.68564599,0.51617945,-0.28079850,1.77979967
6,1781859980.102886,-0.08738549,-0.04157961,-0.34940808,1.00300694
6,1781859980.164058,-1.10082076,-0.78549304,-0.47736445,0.02041872
6,1781859980.225528,-1.49590720,-1.11306423,-0.45484624,-0.78104136
6,1781859980.304455,-0.94489110,-0.80691728,-0.14281399,-1.49225184
6,1781859980.388265,-0.06632669,-0.27927849,0.10730030,-1.70043818
6,1781859980.476354,0.40015099,0.04299229,0.00826881,-0.91451744
6,1781859980.505807,0.40084645,0.17282740,-0.17561225,0.34154683
6,1781859980.561948,0.28840107,0.27076233,-0.14486458,1.12880694
6,1781859980.623656,0.21168284,0.32386322,-0.02067158,1.29537328
6,1781859980.707088,0.14417275,0.29843347,0.06884455,1.08870603
6,1781859980.783933,0.14437250,0.27695660,0.27278412,0.38788031
6,1781859980.835417,0.24251608,0.29627127,0.59926253,-0.70690390
6,1781859980.948398,0.29883026,0.27917273,0.71979663,-1.30548822
6,1781859980.990242,0.18499958,0.17609261,0.40831958,-0.68392403
6,1781859981.069033,-0.03017247,-0.02966720,-0.02638250,-0.00953015
6,1781859981.131060,0.02809071,0.00551784,-0.04710157,0.10302423
6,1781859981.191892,0.13282880,0.11619838,-0.01224917,0.38340107
6,1781859981.259802,0.14088200,0.20791832,0.05772703,0.74483492
6,1781859981.304038,0.20591201,0.33120657,0.15991713,1.01693398
6,1781859981.374877,0.41922971,0.49687756,0.27483514,1.02758478
6,1781859981.459565,0.60494387,0.56154431,0.32703170,0.65529275
6,1781859981.507159,0.52819837,0.37406707,0.23027622,-0.03545556
6,1781859981.569296,0.24765499,0.05727581,0.05137263,-0.63253550
6,1781859981.646891,0.05542241,-0.06352239,0.02438010,-0.70924266
6,1781859981.706069,0.09644749,0.14011627,0.27857256,-0.32500957
6,1781859981.764679,0.23085045,0.45184112,0.63568505,0.12736956
6,1781859981.831474,0.24697522,0.58733311,0.80379656,0.42481204
6,1781859981.923004,0.04992340,0.43808796,0.67260191,0.52684068
6,1781859981.968390,-0.33474497,0.02154682,0.27778612,0.34306228
6,1781859982.031775,-0.75473683,-0.55876689,-0.33997918,-0.07823808
6,1781859982.110453,-0.89654319,-0.98867504,-0.96314989,-0.40342497
6,1781859982.166015,-0.49665241,-0.87838602,-1.10052593,-0.54721847
6,1781859982.230306,0.23660636,-0.29400327,-0.56393214,-0.89382806
6,1781859982.297793,0.60784747,0.09430684,-0.04156160,-1.29497096
6,1781859982.379522,0.14612774,-0.23379819,-0.40480037,-0.71636245
6,1781859982.466235,-0.72028537,-0.90592896,-1.34263731,0.86085653
6,1781859982.513618,-1.04778690,-1.07524320,-1.51685547,1.42006740
6,1781859982.575358,-0.52288124,-0.50511035,-0.42538917,-0.21241654
6,1781859982.636213,0.16863542,0.20469533,0.79784251,-1.91015343
6,1781859982.700883,0.32283182,0.48815284,1.00586118,-1.20827356
6,1781859982.773134,0.07162791,0.42408509,0.50636034,0.92640588
6,1781859982.839676,-0.06968758,0.37045651,0.22036356,2.02381808
6,1781859982.914253,0.08788801,0.50041463,0.37772367,1.83516616
6,1781859982.964349,0.53741158,0.86482656,0.79296281,1.36905598
6,1781859983.028070,1.24885979,1.40709196,1.43062395,0.46186304
6,1781859983.105591,1.84225728,1.76994435,1.97266033,-0.94302541
6,1781859983.179448,1.75580618,1.54937525,1.74731425,-1.38651277
6,1781859983.243332,0.98341540,0.78006139,0.66859608,-0.31507008
6,1781859983.309319,0.04634163,-0.19498007,-0.52639802,0.30892408
6,1781859983.377748,-0.74834862,-1.14456261,-1.25628555,-0.97546936
6,1781859983.452461,-1.41661276,-1.88110984,-1.59726477,-2.56593254
6,1781859983.513605,-1.86229454,-2.12527454,-1.74828075,-2.19435661
6,1781859983.573230,-1.92417975,-1.83325360,-1.66783832,-0.25541001
6,1781859983.640027,-1.67285532,-1.34489774,-1.33459701,1.08918902
6,1781859983.705893,-1.25849563,-0.92522191,-0.94466184,1.20939256
6,1781859983.767825,-0.67462424,-0.46675708,-0.69667739,1.50109558
6,1781859983.827467,0.06767697,0.16789123,-0.48810147,2.59289958
6,1781859983.919948,0.76601753,0.83499219,0.02995058,2.99684681
6,1781859983.981200,1.24386849,1.32382028,0.98295839,1.44289550
6,1781859984.044374,1.53132716,1.59359826,1.94645340,-0.99636115
6,1781859984.103042,1.64076366,1.61712447,2.28513286,-2.37153693
6,1781859984.163870,1.39773304,1.26222495,1.80319406,-2.31952036
6,1781859984.227637,0.74525763,0.55872773,0.90085723,-1.81267932
6,1781859984.290480,0.01963230,-0.12787896,0.11341282,-1.33313670
6,1781859984.380075,-0.35447937,-0.43476833,-0.32367233,-0.65622510
6,1781859984.474883,-0.32362625,-0.38374869,-0.46019408,0.05596849
6,1781859984.519579,-0.16086611,-0.24835475,-0.43454912,0.33844439
6,1781859984.566665,-0.09298595,-0.18257980,-0.39746211,0.42959193
6,1781859984.632653,-0.14433556,-0.15911253,-0.43712174,0.90257664
6,1781859984.694859,-0.25178207,-0.16403219,-0.48610966,1.40522530
6,1781859984.784654,-0.38219939,-0.26308595,-0.45243075,1.05764862
6,1781859984.846107,-0.53110123,-0.47047262,-0.41147569,0.00559477
6,1781859984.930027,-0.67986177,-0.67037558,-0.47830049,-0.62606498
6,1781859984.992100,-0.84696848,-0.78124210,-0.63312096,-0.28251706
6,1781859985.050287,-1.14894682,-0.95437713,-0.86574449,0.36323939
6,1781859985.111730,-1.56978152,-1.32357918,-1.16386366,0.29654798
6,1781859985.176013,-1.60480390,-1.44634907,-1.11781763,-0.58316251
6,1781859985.236828,-0.53975781,-0.48967641,-0.10288233,-1.15452805
6,1781859985.296751,1.55686190,1.55951273,1.67275358,-0.37919358
6,1781859985.367870,3.40458408,3.31219766,2.88669818,1.14218556
6,1781859985.450842,3.59369306,3.30091366,2.50735492,1.71708357
6,1781859985.510319,2.04044117,1.62579794,1.02788950,0.62838388
6,1781859985.572526,-0.04862312,-0.33774737,-0.28011578,-1.18896426
6,1781859985.633333,-1.51536749,-1.52725922,-0.87093567,-2.29119172
6,1781859985.696369,-2.03451299,-1.81268969,-1.06748860,-1.79456961
6,1781859985.757843,-1.73890255,-1.41403481,-1.11622997,0.09279390
6,1781859985.833185,-0.80695817,-0.54988162,-0.84090988,1.87935424
6,1781859985.926149,0.40318249,0.39035461,-0.18958066,1.94451070
6,1781859985.988746,1.30372142,0.93760334,0.43879009,0.45498821
6,1781859986.048558,1.45863681,0.91859368,0.63132557,-0.86672071
6,1781859986.111432,0.91072898,0.51843652,0.46039606,-1.14609082
6,1781859986.176764,0.06992696,0.02189231,0.29101708,-1.08748338
6,1781859986.235557,-0.63056751,-0.36146961,0.21625611,-1.05823000
6,1781859986.296620,-0.96059071,-0.52167868,0.01242282,-0.32638784
6,1781859986.387411,-0.93787658,-0.48198961,-0.35846411,1.13960855
6,1781859986.452400,-0.77775682,-0.40717528,-0.60944789,1.96421528
6,1781859986.519005,-0.71388431,-0.45553985,-0.59370783,1.35957082
6,1781859986.569354,-0.75465980,-0.59237176,-0.50885685,0.27009909
6,1781859986.630428,-0.70874863,-0.64697871,-0.51839570,-0.22909025
6,1781859986.690005,-0.48459599,-0.54983987,-0.53467202,-0.27571756
6,1781859986.778848,-0.14525892,-0.34477233,-0.43171212,-0.38599497
6,1781859986.841838,0.31920799,0.00772032,-0.16017205,-0.49236281
6,1781859986.935050,0.87952117,0.51906826,0.26300116,-0.35792044
6,1781859986.985633,1.14436364,0.83832274,0.59733145,-0.22304356
6,1781859987.030441,0.74640616,0.53627791,0.49658761,-0.58440151
6,1781859987.085872,0.13680477,-0.07445178,0.12867264,-1.42083886
6,1781859987.172992,0.26076595,-0.02246656,0.23305466,-1.84729100
6,1781859987.226847,1.19686930,1.00457166,1.08568667,-0.93748347
6,1781859987.309800,1.88253443,2.03435819,1.90097150,0.97793602
6,1781859987.376508,1.53196228,2.01741939,1.81019136,2.37509447
6,1781859987.466068,0.55053876,1.07154924,0.94136824,2.23282011
6,1781859987.515828,-0.32580389,0.00345640,0.00441413,1.12569131
6,1781859987.573660,-0.96888778,-0.79129806,-0.67432673,0.20784969
6,1781859987.636667,-1.50756970,-1.38136408,-1.18623409,-0.23632944
6,1781859987.714039,-1.80569586,-1.76407382,-1.55544298,-0.57264358
6,1781859987.770188,-1.73180153,-1.82442039,-1.67875301,-0.81704127
6,1781859987.835312,-1.42840945,-1.59013580,-1.53379754,-0.74770486
6,1781859987.928205,-1.08223022,-1.24646502,-1.24982725,-0.55160351
6,1781859987.977578,-0.76842229,-0.98163255,-1.03946819,-0.53275204
6,1781859988.036532,-0.49095108,-0.79980327,-0.95395457,-0.53044191
6,1781859988.104447,-0.11176095,-0.43066276,-0.67148201,-0.26773124
6,1781859988.159723,0.56026442,0.37491810,0.15747671,0.11004832
6,1781859988.236512,1.40259147,1.41400648,1.31768773,0.36939995
6,1781859988.306816,1.97669018,2.16592679,2.17878369,0.60477471
6,1781859988.375065,2.03052906,2.35451466,2.43430655,0.83729690
6,1781859988.478693,1.71954945,2.09598372,2.26760715,0.70226007
6,1781859988.521105,1.26817465,1.56173681,1.84419527,0.03807263
6,1781859988.568616,0.69610138,0.80512349,1.10865737,-0.66694636
6,1781859988.632720,-0.04544556,-0.09819965,0.10058217,-0.86247202
6,1781859988.690733,-0.83795829,-0.94586293,-0.88529475,-0.57766342
6,1781859988.785264,-1.38837762,-1.47937637,-1.52602819,-0.15205778
6,1781859988.849318,-1.47868969,-1.55919723,-1.71100567,0.24447816
6,1781859988.939798,-1.21718131,-1.32295041,-1.57977214,0.51793264
6,1781859988.995487,-0.92996586,-1.08623687,-1.38756261,0.49736696
6,1781859989.035154,-0.74490195,-0.95720865,-1.22619710,0.19435166
6,1781859989.090504,-0.45963054,-0.67653900,-0.86093345,-0.11148473
6,1781859989.169803,0.03193774,-0.06619030,-0.08924355,-0.25741815
6,1781859989.246228,0.42292322,0.52455662,0.72918378,-0.35314738
6,1781859989.310673,0.41977723,0.61583110,0.94397118,-0.45290020
6,1781859989.379483,0.26313610,0.33037634,0.51884159,-0.41565907
6,1781859989.475926,0.36871966,0.22837803,0.13710309,-0.16824095
6,1781859989.542839,0.64171801,0.47505256,0.26797468,0.13856707
6,1781859989.589398,0.68168237,0.72130777,0.67838470,0.28304408
6,1781859989.659493,0.47954286,0.75597677,0.96949925,0.21571215
6,1781859989.699524,0.33374528,0.69668612,1.01625701,0.14870789
6,1781859989.777333,0.23996607,0.54686793,0.76435019,0.30660396
6,1781859989.837354,-0.06482925,0.12196962,0.13878070,0.58285800
6,1781859989.927056,-0.54157131,-0.50575365,-0.65642901,0.63945147
6,1781859989.980546,-0.80128519,-0.91295727,-1.11880178,0.32290055
6,1781859990.041343,-0.59385094,-0.78649910,-0.91629276,-0.21551693
6,1781859990.102856,-0.05515138,-0.24252265,-0.22018024,-0.71907103
6,1781859990.163925,0.46703718,0.32106076,0.46246577,-0.98537993
6,1781859990.247997,0.64036518,0.51457056,0.66088259,-0.93300547
6,1781859990.310745,0.32849078,0.18705692,0.21876296,-0.59366602
6,1781859990.397605,-0.25669051,-0.42026376,-0.56900858,-0.05084409
6,1781859990.472836,-0.67711756,-0.81972708,-1.10836728,0.50071332
6,1781859990.518303,-0.68973569,-0.74859162,-1.02032260,0.72991079
6,1781859990.563382,-0.43769976,-0.39593577,-0.49606321,0.48652053
6,1781859990.628407,-0.12540502,-0.03255237,0.04676194,0.04642057
6,1781859990.705520,0.27022830,0.35488430,0.50299380,-0.21757082
6,1781859990.783389,0.75983073,0.82557187,0.96262262,-0.24450797
6,1781859990.845842,1.04639588,1.12503371,1.25503008,-0.17609932
6,1781859990.932707,0.78796835,0.90541106,1.04563234,-0.07810365
6,1781859990.982174,0.06678537,0.20434490,0.32903487,0.04412743
6,1781859991.026267,-0.63955932,-0.54115240,-0.48443954,0.14296152
6,1781859991.103882,-0.92302767,-0.91340775,-0.95840791,0.18728259
6,1781859991.183781,-0.76019452,-0.82867537,-0.95643656,0.20326177
6,1781859991.237862,-0.41514026,-0.49650810,-0.63208808,0.18588380
6,1781859991.301620,-0.12455151,-0.15121158,-0.20399826,0.08958349
6,1781859991.413284,0.02718556,0.03418249,0.03116489,0.02315749
6,1781859991.483056,-0.76183228,-0.77460413,-0.73919363,-0.11141619
6,1781859991.555633,-2.00823094,-2.03521555,-1.90434930,-0.36501212
6,1781859991.596760,-2.31584921,-2.27668876,-2.06372888,-0.40189141
6,1781859991.644598,-1.51721546,-1.34334456,-1.14279367,-0.06169444
6,1781859991.703921,-0.23194467,0.03254005,0.12074755,0.40762102
6,1781859991.766977,0.59583416,0.78170314,0.77063729,0.45538937
6,1781859991.835597,0.62423037,0.58534254,0.56135333,-0.03445137
6,1781859991.920632,0.28310610,0.05345985,0.02843338,-0.47315996
6,1781859991.979426,0.07329672,-0.16549763,-0.25511194,-0.34496189
6,1781859992.043241,0.07927186,-0.02329857,-0.16412829,0.08847024
6,1781859992.106436,0.16974348,0.19751661,0.12276889,0.23706777
6,1781859992.164455,0.28940640,0.35303878,0.39626877,0.04717817
6,1781859992.233061,0.41014445,0.45186683,0.51638997,-0.05272419
6,1781859992.286979,0.42021616,0.45085098,0.44673081,0.08036696
6,1781859992.366099,0.23623889,0.27941471,0.26452028,0.13428083
6,1781859992.463118,-0.04038800,0.01909686,0.08821500,-0.02227585
6,1781859992.534844,-0.19414477,-0.12445898,-0.02135142,-0.07728407
6,1781859992.577945,-0.12023340,-0.06361208,-0.06809759,0.14130260
6,1781859992.641885,0.09556499,0.09254678,-0.03782512,0.29449091
6,1781859992.700680,0.31116946,0.22400709,0.10653469,0.07008852
6,1781859992.771542,0.41971911,0.28737620,0.27527152,-0.27803725
6,1781859992.835376,0.30117309,0.19426639,0.22290806,-0.31344017
6,1781859992.926865,-0.11077199,-0.14781303,-0.15523171,-0.06849834
6,1781859992.959480,-0.62400280,-0.58403242,-0.59591346,0.11990049
6,1781859993.041355,-0.84799413,-0.73795257,-0.72588188,0.22654649
6,1781859993.096302,-0.58437493,-0.42495217,-0.46052532,0.45090582
6,1781859993.174692,-0.04028707,0.10528530,-0.00917945,0.60130625
6,1781859993.236860,0.39443291,0.43757003,0.38418221,0.22320295
6,1781859993.304079,0.47708542,0.39818689,0.56206585,-0.56139531
6,1781859993.368465,0.23597126,0.12673244,0.44776358,-0.99495034
6,1781859993.463626,-0.08761870,-0.13074743,0.12013451,-0.67986622
6,1781859993.503214,-0.19998590,-0.18151178,-0.13675412,-0.06077767
6,1781859993.582078,0.00930099,0.03386999,-0.06829807,0.29306502
6,1781859993.645617,0.34222525,0.35292074,0.22545104,0.31949127
6,1781859993.702050,0.49653844,0.48888391,0.39894083,0.19028290
6,1781859993.765828,0.38271920,0.33717607,0.29404483,-0.00557721
6,1781859993.834552,0.11529516,0.03835554,0.01159112,-0.11602445
6,1781859993.927152,-0.19970132,-0.27211162,-0.35170095,0.01660067
6,1781859993.977249,-0.46022987,-0.52318733,-0.69168039,0.24403910
6,1781859994.035408,-0.50979513,-0.58357346,-0.77630683,0.27507001
6,1781859994.109012,-0.31843462,-0.38292499,-0.50026207,0.12220199
6,1781859994.179452,-0.05993645,-0.06147152,-0.08070145,0.04091737
6,1781859994.239402,0.13122127,0.21655207,0.25189920,0.11558153
6,1781859994.299092,0.26943602,0.42111660,0.49166049,0.18761937
6,1781859994.374538,0.36260574,0.54615126,0.66221233,0.15605009
6,1781859994.454248,0.42833180,0.62879786,0.76848788,0.14053769
6,1781859994.509723,0.59742289,0.83301857,0.96627735,0.23664246
6,1781859994.577815,0.83636546,1.09283844,1.25196182,0.22510989
6,1781859994.632030,0.69234087,0.83336468,1.05075962,-0.17659953
6,1781859994.699387,-0.18554765,-0.31150458,-0.10764379,-0.76266594
6,1781859994.776351,-1.34078948,-1.63708590,-1.51687161,-0.96313361
6,1781859994.831570,-1.84416959,-1.98280651,-1.85707804,-0.61131489
6,1781859994.924635,-1.29482087,-1.14151272,-0.94282384,-0.10493777
6,1781859994.994731,-0.10425117,0.02407975,0.03458631,0.27245546
6,1781859995.038007,1.01411877,0.71216977,0.13996145,0.62494393
6,1781859995.098836,1.48957192,0.79284535,-0.31280031,0.94557883
6,1781859995.170659,1.13281809,0.48643150,-0.55777658,0.91991689
6,1781859995.240843,0.27933727,0.02939758,-0.39381936,0.40068391
6,1781859995.315215,-0.50235306,-0.38318314,-0.11901462,-0.33529277
6,1781859995.387993,-0.95830998,-0.65317603,0.05656475,-0.93560723
6,1781859995.467326,-1.13981570,-0.73069379,0.21833937,-1.24848331
6,1781859995.510129,-0.91668981,-0.43552190,0.54663449,-1.15847885
6,1781859995.569732,-0.02531895,0.40326395,1.07128860,-0.55368177
6,1781859995.633651,1.31866923,1.52526455,1.60720076,0.28826002
6,1781859995.710543,2.39031261,2.30898784,1.92567276,0.69831824
6,1781859995.768775,2.66716365,2.39644320,1.91743362,0.48164493
6,1781859995.833289,2.11834631,1.89456473,1.48152647,0.43763455
6,1781859995.926459,0.84104248,0.92408571,0.45901083,1.26746071
6,1781859995.973964,-0.97220262,-0.52600345,-1.03025602,2.19781144
6,1781859996.033570,-2.71619823,-2.16774813,-2.39589152,1.79578404
6,1781859996.101129,-3.60188690,-3.30699688,-3.05112825,0.09023253
6,1781859996.178051,-3.25892911,-3.38240736,-2.86881738,-1.47314778
6,1781859996.238595,-1.92057302,-2.42352918,-2.03867838,-2.05295254
6,1781859996.296570,-0.29792430,-1.01000890,-0.93498498,-1.82009885
6,1781859996.380902,0.70434579,0.09052156,-0.14781739,-0.86826696
6,1781859996.468826,0.78554303,0.52753038,0.07426167,0.45150743
6,1781859996.530881,0.77715211,0.79810525,0.39250830,0.98634854
6,1781859996.577134,1.55552618,1.60680813,1.50662849,0.35023769
6,1781859996.639901,2.52078899,2.60795349,2.80107251,-0.24500776
6,1781859996.701176,2.27933034,2.58732509,2.93441696,-0.09040765
6,1781859996.782937,0.82277255,1.28224724,1.77339993,-0.07325177
6,1781859996.839377,-0.31593845,-0.00028944,0.59563091,-0.64809558
6,1781859996.930717,-0.26924005,-0.19266691,0.25363544,-0.85495672
6,1781859996.994473,0.18158771,0.18305260,0.28779187,-0.23881025
6,1781859997.044134,0.20625765,0.20859479,0.12284960,0.20368034
6,1781859997.084499,0.13316688,0.01580340,-0.02689462,-0.17265540
6,1781859997.165351,0.36661558,0.09275829,-0.00288531,-0.41209883
6,1781859997.251734,0.29141525,0.05226525,-0.40369058,0.50133879
6,1781859997.306394,-0.73264984,-0.76211026,-1.58254542,1.82903906
6,1781859997.365309,-2.06151565,-1.92475213,-2.69530524,2.09806643
6,1781859997.457866,-2.44949283,-2.25331113,-2.64758500,1.36536132
6,1781859997.506658,-1.58046107,-1.33851189,-1.46037674,0.84127854
6,1781859997.586901,-0.19758468,0.03716594,-0.01789843,0.67016415
6,1781859997.626464,0.84874914,0.90641932,0.96473208,-0.00148590
6,1781859997.710293,1.13206531,0.93705721,1.21534863,-1.09445125
6,1781859997.766736,0.67034969,0.36852685,0.78920103,-1.67069212
6,1781859997.834428,-0.08379296,-0.31381916,0.14964333,-1.60361366
6,1781859997.921131,-0.48371467,-0.60437330,-0.07028247,-1.51403359
6,1781859997.988913,-0.21429912,-0.25348138,0.32332914,-1.42441321
6,1781859998.045961,0.45936289,0.51367897,0.94253494,-0.86608088
6,1781859998.112522,1.00981372,1.15037869,1.31844000,-0.06358214
6,1781859998.159714,1.10146610,1.21494768,1.26427593,0.14834728
6,1781859998.239323,0.69537990,0.64986450,0.72857799,-0.28726516
6,1781859998.297156,-0.05160351,-0.19070261,-0.24331063,-0.20000077
6,1781859998.380038,-0.71607294,-0.64735146,-1.11624532,1.24317427
6,1781859998.477449,-0.63280351,-0.16067417,-0.97530602,2.97548879
6,1781859998.522362,0.47662388,1.07582474,0.32870774,3.11320680
6,1781859998.573021,1.81132231,2.01689844,1.53446233,1.59094996
6,1781859998.629850,1.98714445,1.69161734,1.26415546,0.30508415
6,1781859998.690396,0.59586757,0.22201774,-0.24604075,0.21784682
6,1781859998.769219,-1.16425721,-1.31855391,-1.45778726,-0.03483229
6,1781859998.842848,-1.86619283,-2.01791440,-1.42565348,-1.72037482
6,1781859998.933038,-1.40823317,-1.82553153,-0.64395861,-3.69720784
6,1781859998.993770,-0.69497121,-1.20598580,-0.05573388,-3.84148971
6,1781859999.041707,-0.33828066,-0.56072382,0.03180224,-1.88452354
6,1781859999.087851,-0.31019669,-0.13370009,-0.13074956,0.40130553
6,1781859999.171962,-0.40988549,-0.04000534,-0.28855946,1.43005886
6,1781859999.235280,-0.46329616,-0.13282675,-0.32114251,1.19963167
6,1781859999.292566,-0.32568631,-0.11707058,-0.19737661,0.66809869
6,1781859999.380566,-0.04957928,0.08637591,-0.07629095,0.69052952
6,1781859999.486462,0.16070213,0.32599930,-0.15974918,1.50546895
6,1781859999.520752,0.31033033,0.54832460,-0.26686146,2.43535963
6,1781859999.581599,0.62038308,0.82404987,0.04972787,2.26148775
6,1781859999.642467,1.05397244,1.05943193,0.78029945,0.65808654
6,1781859999.705183,1.22689428,1.03368654,1.32821181,-1.12782707
6,1781859999.769819,0.96469529,0.75752003,1.30893217,-1.75414701
6,1781859999.833962,0.56733110,0.48240781,0.98285224,-1.35359624
6,1781859999.928358,0.34975478,0.33548895,0.71234007,-0.90441344
6,1781859999.984151,0.25915258,0.20920118,0.48459270,-0.75231848
6,1781860000.033110,0.08574719,-0.00507737,0.15497471,-0.58012367
6,1781860000.093739,-0.20649274,-0.28285768,-0.23777128,-0.28084243
6,1781860000.157570,-0.47244700,-0.53517709,-0.56415760,-0.07804206
6,1781860000.230711,-0.57287801,-0.67710907,-0.76311355,-0.04214690
6,1781860000.292687,-0.50015633,-0.66098265,-0.82368851,0.00434622
6,1781860000.374035,-0.36854211,-0.53045684,-0.77125529,0.18240960
6,1781860000.465288,-0.30671482,-0.41059997,-0.68504398,0.39439796
6,1781860000.530424,-0.33418644,-0.36317146,-0.59660067,0.47275392
6,1781860000.558021,-0.36830620,-0.31613791,-0.43678291,0.39961105
6,1781860000.619330,-0.38349129,-0.23404289,-0.21327687,0.29756336
6,1781860000.696027,-0.42817228,-0.18649399,-0.05206636,0.24800496
6,1781860000.775981,-0.41801564,-0.11350220,0.08489733,0.24537635
6,1781860000.837013,-0.20132918,0.14452734,0.36811167,0.28274052
6,1781860000.930450,0.06133890,0.41943181,0.63459967,0.33049792
6,1781860000.995241,0.06848114,0.37047877,0.57035150,0.23615223
6,1781860001.040534,0.09212959,0.28300112,0.53517214,-0.14174809
6,1781860001.099838,0.74133498,0.84760894,1.16728718,-0.49347313
6,1781860001.176596,1.66473585,1.72016228,1.82950156,-0.12466730
6,1781860001.239019,1.60463062,1.48560455,1.00899658,0.82686745
6,1781860001.302783,0.38889555,-0.15727070,-1.06529940,0.83676573
6,1781860001.366258,-0.53455684,-1.52933719,-2.15592378,-0.85140616
6,1781860001.466188,-0.36750760,-1.30899772,-1.26338039,-2.28257361
6,1781860001.965595,-0.03017371,-0.28139444,0.04420152,-1.33382295
6,1781860002.042141,-0.17090391,0.22941783,0.35575267,0.63356352
6,1781860002.102262,-0.19575621,0.09049699,0.06920178,0.71117068
6,1781860002.183330,-0.02597081,-0.04238567,-0.07222676,0.01427157
6,1781860002.245558,0.55035183,1.19359199,0.69047832,1.21853046
6,1781860002.306054,1.70614609,3.27544680,2.06479265,2.95498617
6,1781860002.370341,2.24189647,3.88837634,2.73593868,2.97514278
6,1781860002.458686,1.47473009,2.47667518,2.27845252,1.27573263
6,1781860002.522864,0.32900611,0.47054732,1.50658180,-0.95081229
6,1781860002.583997,0.20149480,-0.10987127,1.91133233,-2.47943276
6,1781860002.624309,0.51898473,0.47483786,3.36186839,-3.11572998
6,1781860002.690166,-0.30438609,0.22706397,3.79942565,-3.23237326
6,1781860002.766639,-2.00127771,-1.33363722,2.06990655,-2.90816103
6,1781860002.845049,-2.86217487,-2.65980208,-0.52155733,-2.05775819
6,1781860002.937833,-2.50839890,-2.83198499,-2.33563753,-0.87155814
6,1781860003.005348,-1.95666535,-2.44426067,-3.22879479,0.31563463
6,1781860003.042212,-1.28879856,-1.71104017,-3.33050461,1.27260229
6,1781860003.110371,0.45714685,0.07579161,-2.06926980,1.87475251
6,1781860003.171016,3.05914116,2.68174282,0.25089721,2.18273626
6,1781860003.232592,4.75269256,4.36139510,1.66005506,2.45548730
6,1781860003.295919,4.40788541,3.89849419,0.77560209,2.77805192
6,1781860003.376982,2.64290190,1.98762512,-1.32846298,2.82834112
6,1781860003.466165,0.61859990,0.08195918,-2.57535986,2.25420031
6,1781860003.523874,-1.06456078,-1.14749922,-2.25005381,1.08381315
6,1781860003.593994,-2.17186566,-1.82251099,-1.12608089,-0.36892797
6,1781860003.633009,-2.56707291,-2.11685994,-0.05368690,-1.71451513
6,1781860003.697328,-2.39233075,-2.00774056,0.72393880,-2.49486643
6,1781860003.759332,-2.01636758,-1.55831893,1.14535132,-2.38701025
6,1781860003.837330,-1.68174744,-1.10256587,1.03302955,-1.65440865
6,1781860003.911450,-1.36031116,-0.92127534,0.48845447,-1.03181075
6,1781860003.976412,-0.91120260,-0.83095693,0.06941014,-0.87175781
6,1781860004.031529,-0.27124210,-0.41426830,0.17915781,-0.78282076
6,1781860004.094478,0.48715460,0.36991313,0.60340446,-0.37281561
6,1781860004.169697,1.18754975,1.10850296,0.89551559,0.14237373
6,1781860004.230764,1.61834135,1.44054097,0.88746650,0.39890207
6,1781860004.297686,1.64116051,1.36123315,0.61959848,0.49077730
6,1781860004.378096,1.26225893,1.01596126,0.08374855,0.72910158
6,1781860004.468551,0.66311450,0.52732989,-0.61062456,1.06526838
6,1781860004.528450,0.22800589,0.15443705,-0.97906846,1.12667232
6,1781860004.581234,0.29291688,0.21340724,-0.60442499,0.78480880
6,1781860004.624026,0.64640498,0.56765026,0.14052661,0.37030291
6,1781860004.702476,0.62506952,0.60689913,0.39422570,0.20674933
6,1781860004.782679,-0.03368452,0.02522630,-0.09911031,0.19478505
6,1781860004.841548,-0.80658114,-0.74050368,-0.72894534,0.05795175
6,1781860004.928949,-1.05828935,-1.06183449,-0.86764168,-0.21018790
6,1781860004.996448,-0.76210217,-0.82337168,-0.51414515,-0.39382320
6,1781860005.039773,-0.37867138,-0.41880836,-0.06924450,-0.41423716
6,1781860005.105904,-0.26628811,-0.23504923,0.14754011,-0.37347215
6,1781860005.182761,-0.41582366,-0.33911164,0.03735155,-0.31862408
6,1781860005.243976,-0.63011283,-0.58338027,-0.31174662,-0.23906130
6,1781860005.303099,-0.71630704,-0.75781675,-0.59384920,-0.21841450
6,1781860005.373393,-0.57359822,-0.68742861,-0.52454073,-0.29414099
6,1781860005.464367,-0.29301474,-0.40881574,-0.26927022,-0.27142363
6,1781860005.503705,-0.06045635,-0.12349261,-0.19836673,0.01258320
6,1781860005.582691,0.11882799,0.13384337,-0.17105706,0.34005833
6,1781860005.635671,0.38695886,0.50375868,0.29617849,0.34480360
6,1781860005.697657,0.72445339,0.94449065,1.10392282,0.06442091
6,1781860005.761455,0.91263546,1.17819943,1.50515187,-0.06525360
6,1781860005.854395,0.81285729,1.02589623,1.08978629,0.15853958
6,1781860005.932047,0.53578269,0.61551096,0.27473645,0.44697845
6,1781860005.995394,0.28227374,0.22060044,-0.33214133,0.52198708
6,1781860006.044129,0.10609882,-0.04452554,-0.58620437,0.41567601
6,1781860006.109557,-0.01772985,-0.27057658,-0.66700763,0.15262467
6,1781860006.165599,-0.02875356,-0.51728219,-0.73123703,-0.29186149
6,1781860006.246687,0.02425697,-0.71467420,-0.85623087,-0.63498636
6,1781860006.290792,-0.14252230,-0.78677287,-0.95547911,-0.50548551
6,1781860006.384579,-0.60094145,-0.71325664,-0.78176300,-0.04656712
6,1781860006.481095,-0.94930415,-0.52226775,-0.34887080,0.26960908
6,1781860006.535466,-0.85697507,-0.29447891,-0.03014991,0.31694034
6,1781860006.598505,-0.50643250,-0.08783551,0.09893951,0.24641793
6,1781860006.660239,-0.20042508,0.12853460,0.42993566,0.02929377
6,1781860006.721318,0.06578771,0.37169685,0.97031638,-0.31114000
6,1781860006.779995,0.34692260,0.52053497,1.06890880,-0.39835716
6,1781860006.846505,0.45287347,0.41222055,0.43373240,-0.06607879
6,1781860006.932140,0.25349671,0.08256916,-0.29457830,0.21920392
6,1781860006.996348,-0.02864413,-0.21460251,-0.47350011,0.07753162
6,1781860007.065873,-0.13531202,-0.30053522,-0.33027861,-0.14400988
6,1781860007.109247,-0.10869459,-0.24898179,-0.37804211,-0.01193375
6,1781860007.178891,-0.08819013,-0.20426412,-0.53136851,0.22431728
6,1781860007.247575,-0.03963338,-0.17289782,-0.40928767,0.10961838
6,1781860007.308784,0.12954061,-0.06227517,-0.06514967,-0.20083738
6,1781860007.380716,0.35002320,0.15329275,0.17020206,-0.22709092
6,1781860007.463463,0.43603068,0.35813641,0.23118806,0.05214261
6,1781860007.517889,0.33011062,0.41565458,0.24275008,0.27472087
6,1781860007.580163,0.16503903,0.31525228,0.17650544,0.30715357
6,1781860007.646595,0.03573846,0.12846913,-0.05219221,0.29060531
6,1781860007.714356,-0.09643269,-0.07908507,-0.31721373,0.27156156
6,1781860007.769479,-0.23685050,-0.24200987,-0.40569584,0.16850775
6,1781860007.862521,-0.33901591,-0.34029265,-0.32328360,-0.01943709
6,1781860007.940355,-0.41747709,-0.41970868,-0.24794248,-0.18495302
6,1781860007.997953,-0.45904575,-0.45947303,-0.23185591,-0.24240251
6,1781860008.045573,-0.35218094,-0.35646980,-0.13701732,-0.23782852
6,1781860008.107583,-0.08548950,-0.11668578,0.10627321,-0.27015737
6,1781860008.172301,0.12592769,0.08259312,0.28556057,-0.26180966
6,1781860008.261462,0.07747329,0.08778701,0.13759738,-0.04198343
6,1781860008.330433,-0.11336328,-0.01992050,-0.19090988,0.28108133
6,1781860008.390524,-0.12719925,-0.01313025,-0.27617089,0.40085318
6,1781860008.495461,0.08409525,0.12431917,-0.07640554,0.25611924
6,1781860008.531703,0.23610263,0.15083414,0.05934874,0.00660835
6,1781860008.613754,0.19766552,0.00273443,0.04766172,-0.25496033
6,1781860008.659983,0.14887411,-0.05746863,0.11997677,-0.40795219
6,1781860008.727585,0.20627973,0.11995072,0.26880306,-0.24998883
6,1781860008.774812,0.26634418,0.30976949,0.21515397,0.14673214
6,1781860008.849391,0.19820313,0.23481421,-0.10552441,0.40068318
6,1781860008.938856,-0.03928818,-0.05150363,-0.39797898,0.35530554
6,1781860009.000849,-0.33464979,-0.25709239,-0.38498610,0.21838671
6,1781860009.051866,-0.40313286,-0.25527925,-0.16368527,0.05980183
6,1781860009.098152,-0.08951197,-0.19242234,-0.05532932,-0.25511447
6,1781860009.170584,0.28495095,-0.20014597,-0.18096354,-0.53602975
6,1781860009.240627,0.21619767,-0.25599676,-0.37605964,-0.37430243
6,1781860009.309069,-0.28800205,-0.29723162,-0.41734552,0.11786581
6,1781860009.392091,-0.68260146,-0.26288914,-0.21147454,0.39148645
6,1781860009.466743,-0.62948028,-0.13936088,0.05622218,0.31308093
6,1781860009.510609,-0.34449303,-0.02525711,0.04737858,0.26212666
6,1781860009.572948,-0.11382632,0.02266916,-0.21885558,0.40182109
6,1781860009.630196,0.08432608,0.09091957,-0.30617251,0.42910239
6,1781860009.695796,0.34293683,0.20804228,-0.01540164,0.09412461
6,1781860009.778255,0.57727920,0.27402731,0.36691105,-0.42107709
6,1781860009.867799,0.65186800,0.26339191,0.56944992,-0.73826331
6,1781860009.946570,0.54266503,0.25852430,0.60498231,-0.67030245
6,1781860009.975443,0.30216111,0.26120257,0.51516783,-0.31349276
6,1781860010.040302,0.00394019,0.15766979,0.23190121,0.08450353
6,1781860010.097557,-0.24210176,-0.08533423,-0.24928607,0.34091248
6,1781860010.162481,-0.35182802,-0.31765071,-0.74203491,0.48743342
6,1781860010.265609,-0.37791638,-0.39529632,-0.97790024,0.60081157
6,1781860010.311867,-0.41923982,-0.36279590,-0.82414463,0.55039387
6,1781860010.377550,-0.44686613,-0.33958746,-0.43261053,0.21291311
6,1781860010.472148,-0.39331769,-0.34551745,-0.16007560,-0.14630779
6,1781860010.532658,-0.28305098,-0.30116973,-0.18329655,-0.14455423
6,1781860010.579120,-0.11819200,-0.13351346,-0.22590438,0.08192192
6,1781860010.660431,0.11379386,0.08260649,0.04795162,0.00368581
6,1781860010.720293,0.26802090,0.14791504,0.47664045,-0.47709055
6,1781860010.776565,0.22522917,0.03839695,0.65822606,-0.85745028
6,1781860010.847448,0.16754820,-0.00467907,0.59084248,-0.81608777
6,1781860010.934715,0.30869249,0.14958934,0.55059946,-0.59537909
6,1781860010.982677,0.51961881,0.31565638,0.54381451,-0.45932771
6,1781860011.054652,0.53994674,0.31740741,0.41905313,-0.34459637
6,1781860011.111706,0.36557122,0.25102235,0.23744951,-0.10733368
6,1781860011.176901,0.15494281,0.23700773,-0.05253552,0.39500535
6,1781860011.238489,-0.07996360,0.14421564,-0.81909905,1.26226084
6,1781860011.300096,-0.43137173,-0.16470962,-1.86438636,2.09014334
6,1781860011.370684,-0.83457152,-0.49799894,-2.07837798,2.03764657
6,1781860011.455674,-1.04016940,-0.58049421,-0.96926492,0.90186570
6,1781860011.517127,-0.85165307,-0.46527533,0.32787949,-0.43238856
6,1781860011.577843,-0.38398822,-0.40084872,0.55253126,-1.03132869
6,1781860011.655250,-0.03773592,-0.47032595,-0.10008719,-0.85337644
6,1781860011.709023,-0.03722161,-0.53589085,-0.62571750,-0.43458412
6,1781860011.777116,-0.10163188,-0.36912460,-0.49969557,-0.14554260
6,1781860011.846290,0.15526574,0.16759859,0.19120756,-0.01198610
6,1781860011.938544,0.69960660,0.89704468,1.13623792,-0.04438415
6,1781860011.988394,1.15807757,1.34090072,1.84725349,-0.34389967
6,1781860012.039423,1.14036239,1.11564436,1.70858169,-0.65654413
6,1781860012.114697,0.49015717,0.33487152,0.51244634,-0.35381802
6,1781860012.172059,-0.43364097,-0.48805005,-0.98814270,0.47374468
6,1781860012.253311,-0.92543814,-0.97930092,-1.54933477,0.54867019
6,1781860012.292959,-0.70224723,-1.13627917,-0.81445775,-0.80344334
6,1781860012.371532,-0.21629546,-0.97431706,0.15647231,-2.00773414
6,1781860012.460779,0.00655602,-0.40303510,0.21789558,-1.09540545
6,1781860012.523781,0.00119046,-0.00490554,0.02257728,-0.06342031
6,1781860012.585653,-0.00977959,0.05917149,-0.07986038,0.39281734
6,1781860012.675072,-0.02408661,0.13855470,-0.24323410,1.02826504
6,1781860012.720695,0.02259885,0.23664872,-0.24955941,1.32257714
6,1781860012.771237,0.15335758,0.45697379,-0.16563961,1.74936968
6,1781860012.837791,0.41256887,0.76366725,0.02062386,2.06650532
6,1781860012.928802,0.69995600,0.91770894,0.27080460,1.63307804
6,1781860012.974326,0.79514150,0.76389895,0.38412023,0.65828020
6,1781860013.074960,0.64988180,0.45981418,0.28467123,-0.02818820
6,1781860013.115879,0.42144253,0.25253035,0.16983057,-0.16282935
6,1781860013.185473,0.19533961,0.13841872,0.17512685,-0.17683713
6,1781860013.242490,-0.09768508,-0.09312130,0.13255816,-0.41762113
6,1781860013.297563,-0.49609661,-0.55925320,-0.17271844,-0.84933196
6,1781860013.377283,-0.94005047,-1.17870316,-0.70824717,-1.33929341
6,1781860013.457720,-1.36824889,-1.78438233,-1.26497394,-1.76695766
6,1781860013.501845,-1.65396614,-2.11159358,-1.58463076,-1.85959542
6,1781860013.568327,-1.47601740,-1.74947872,-1.35063215,-1.26978777
6,1781860013.647722,-0.61213344,-0.51746530,-0.40477173,-0.03404465
6,1781860013.706186,0.57286805,1.03966874,0.88078824,1.18172392
6,1781860013.764807,1.32004669,1.97384850,1.77838078,1.60401517
6,1781860013.873059,1.28477753,1.90264953,1.90654728,1.15961302
6,1781860013.937730,0.83504155,1.30440912,1.50885099,0.50036511
6,1781860014.005831,0.48124197,0.78411202,1.00488095,0.15506435
6,1781860014.046583,0.34916004,0.46520611,0.59250550,-0.02125413
6,1781860014.109393,0.31065555,0.22615974,0.32400726,-0.34439182
6,1781860014.170130,0.30160164,0.07331562,0.17678521,-0.62658675
6,1781860014.245714,0.31029440,-0.00680944,-0.05158329,-0.51434961
6,1781860014.305820,0.25522487,-0.20956637,-0.54660797,-0.24128074
6,1781860014.360512,0.06853198,-0.61655929,-1.14593898,-0.29409245
6,1781860014.445776,-0.17964855,-1.01728670,-1.62523213,-0.43382057
6,1781860014.506751,-0.32041330,-1.23163999,-2.12474802,-0.03422072
6,1781860014.567331,-0.23501329,-1.26440083,-2.58507491,0.55015284
6,1781860014.651066,-0.04438842,-1.01776199,-2.14396265,0.28864452
6,1781860015.307837,-0.14098907,-0.35210058,-0.28333327,-0.52860707
6,1781860015.367368,-0.80010759,0.39517277,1.76012987,-0.32046843
6,1781860015.445096,-1.74512887,0.50910208,2.19006315,1.08273471
6,1781860015.495979,-2.32767191,-0.18671014,1.02323327,1.75841421
6,1781860015.551700,-2.05325280,-0.88554282,-0.07642164,0.67726661
6,1781860015.631637,-0.77929619,-0.55026132,0.03355096,-0.67006802
6,1781860015.710260,1.19996384,0.96518652,1.11239625,-0.72145889
6,1781860015.774316,2.91969865,2.57469990,2.26040541,-0.05799113
6,1781860015.860364,3.12491375,2.80640317,2.52094920,-0.06243402
6,1781860015.953431,1.53676149,1.25901168,1.40801667,-0.80601170
6,1781860016.018631,-0.51306543,-0.79332372,-0.37808298,-1.31358885
6,1781860016.068217,-1.29052904,-1.59887112,-1.36336193,-1.02717177
6,1781860016.129466,-0.38272327,-0.70615275,-0.96485036,-0.12225907
6,1781860016.174981,1.12222804,0.74405348,-0.18731193,1.04481142
6,1781860016.261138,1.85365706,1.25999938,-0.32565816,1.87358994
6,1781860016.322309,1.22212661,0.22925137,-1.46846580,1.33123481
6,1781860016.385753,-0.28711319,-1.64159468,-2.53712898,-0.86681345
6,1781860016.487094,-1.50632368,-2.78270261,-2.48514049,-2.97270213
6,1781860016.539300,-1.61042998,-2.15934196,-1.25216579,-2.75011342
6,1781860016.590778,-0.91330782,-0.43723607,0.36510992,-0.61623409
6,1781860016.643173,-0.35952377,0.76093505,1.50354357,0.71364581
6,1781860016.692232,-0.38481321,0.73974054,1.66780549,0.37110834
6,1781860016.756376,-0.71839340,0.17854626,0.78675897,0.54531853
6,1781860016.834624,-1.05366537,-0.17890538,-0.48412749,2.22863192
6,1781860016.953552,-1.27130676,-0.28859020,-0.87049777,2.95510527
6,1781860016.995940,-1.08037406,-0.16015984,0.19392110,1.06925582
6,1781860017.058898,-0.15641287,0.46408132,1.62996437,-1.03007582
6,1781860017.126184,1.16984206,1.38208278,1.97574701,-0.72039450
6,1781860017.168188,1.95797694,1.76675194,1.17239896,0.76138773
6,1781860017.234910,1.69168686,1.17097847,0.23380710,0.78657355
6,1781860017.309694,0.82733127,0.07702929,-0.31955601,-0.66806462
6,1781860017.372319,0.11287497,-0.79017952,-0.74199452,-1.79660583
6,1781860017.475425,-0.18867564,-1.15538383,-1.16492027,-1.80781007
6,1781860017.519984,-0.21510876,-1.09256692,-1.30323041,-1.25937496
6,1781860017.563207,-0.08292535,-0.72638672,-0.97574185,-0.74434840
6,1781860017.640351,0.16970782,-0.20126319,-0.38015787,-0.36277453
6,1781860017.696091,0.42844230,0.29369048,0.15570936,0.00609917
6,1781860017.759321,0.52373181,0.59804704,0.45135857,0.41740965
6,1781860017.842383,0.39215267,0.65522568,0.53242891,0.72879220
6,1781860017.920301,0.12138771,0.50986253,0.52656782,0.70216106
6,1781860017.982270,-0.17286022,0.26055470,0.51661600,0.33496774
6,1781860018.043539,-0.43488996,0.05052011,0.52803876,0.01490452
6,1781860018.109003,-0.61475239,0.03035401,0.60403264,0.13490561
6,1781860018.161998,-0.64433490,0.17148736,0.71587034,0.51266731
6,1781860018.249934,-0.55115251,0.16581036,0.62653992,0.48394782
6,1781860018.286395,-0.51500564,-0.26795203,0.05793311,-0.14888907
6,1781860018.365915,-0.69658049,-0.97704759,-0.96031997,-0.56131162
6,1781860018.444272,-0.99424516,-1.46230141,-1.96942592,0.07378822
6,1781860018.503096,-1.05879169,-1.39305558,-2.33364603,1.14516883
6,1781860018.569636,-0.66168728,-0.90626175,-1.76056527,1.15159512
6,1781860018.666674,-0.00424067,-0.37085240,-0.65494438,-0.15585506
6,1781860018.708187,0.51960559,0.03472994,0.26364316,-1.34813291
6,1781860018.755873,0.81664815,0.41324173,0.73451606,-1.36870437
6,1781860018.838714,1.07288809,0.85242937,1.01899723,-0.73097702
6,1781860018.927366,1.29920537,1.19800090,1.26587518,-0.31933899
6,1781860018.991884,1.28793611,1.22762242,1.33978206,-0.32575037
6,1781860019.070004,1.01366938,0.95410604,1.23175174,-0.63688667
6,1781860019.116905,0.67380594,0.60499818,1.06940920,-1.00709020
6,1781860019.163506,0.33198631,0.33592108,0.76553351,-0.80397731
6,1781860019.237678,-0.09286453,0.11228299,0.18215258,0.25549941
6,1781860019.301822,-0.51012043,-0.12251157,-0.45368221,1.35755867
6,1781860019.360355,-0.70436550,-0.31211419,-0.76417309,1.59464855
6,1781860019.440761,-0.67066038,-0.38246537,-0.71507503,1.17251366
6,1781860019.496649,-0.60051336,-0.37665527,-0.55307682,0.75600806
6,1781860019.560739,-0.59989723,-0.42558449,-0.45447260,0.38378542
6,1781860019.636734,-0.64613735,-0.60441189,-0.46725294,-0.18024519
6,1781860019.706072,-0.69763066,-0.82218992,-0.55682260,-0.73645428
6,1781860019.784560,-0.67476993,-0.87324031,-0.57712771,-0.93411879
6,1781860019.868441,-0.49425160,-0.66666848,-0.42903986,-0.77445285
6,1781860019.941570,-0.22702553,-0.36072197,-0.24739130,-0.46656007
6,1781860020.004063,-0.02534685,-0.14759418,-0.18113436,-0.16754117
6,1781860020.051633,0.13938694,0.01769754,-0.09638727,-0.01436279
6,1781860020.098938,0.40336679,0.29129959,0.17951198,-0.00052805
6,1781860020.173374,0.67315521,0.61758633,0.46354290,0.18598885
6,1781860020.266178,0.70202452,0.76345048,0.49026331,0.63198376
6,1781860020.291413,0.53599679,0.66417158,0.44778622,0.65077068
6,1781860020.367986,0.50800015,0.52740328,0.69752913,-0.28466997
6,1781860020.452446,0.72019928,0.55548329,1.05237814,-1.24958425
6,1781860020.500870,0.88775485,0.69341285,0.96849469,-0.88660070
6,1781860020.560736,0.74760049,0.68134730,0.38362182,0.43718164
6,1781860020.669794,0.31825116,0.31875543,-0.26738135,1.10798882
6,1781860020.716120,-0.22832060,-0.29045319,-0.72159734,0.69695204
6,1781860020.768116,-0.69274803,-0.76743325,-0.95445739,0.21217449
6,1781860020.839867,-0.91449060,-0.82842187,-0.82199484,0.15041927
6,1781860020.924732,-0.91783719,-0.61613036,-0.29055069,-0.04508865
6,1781860020.987473,-0.91424739,-0.54646814,0.16578559,-0.65060890
6,1781860021.049124,-1.02922322,-0.80999074,0.01589545,-1.14578675
6,1781860021.118759,-1.11396509,-1.13067922,-0.55536466,-1.11816447
6,1781860021.168516,-0.92653859,-1.08123309,-0.83228370,-0.76236215
6,1781860021.242579,-0.44294585,-0.58141638,-0.50136320,-0.41272568
6,1781860021.301999,0.10139458,0.02430373,0.04237781,-0.17973799
6,1781860021.370556,0.47915496,0.39660544,0.34038544,-0.04972855
6,1781860021.460376,0.68209161,0.54995572,0.39647747,0.04030934
6,1781860021.512651,0.81394632,0.67960166,0.43791585,0.20273520
6,1781860021.556860,0.93719895,0.86455452,0.53218852,0.49053606
6,1781860021.645772,1.16633361,1.14473483,0.66237841,0.87023286
6,1781860021.716289,1.65067056,1.61160214,0.86075338,1.34433939
6,1781860021.773410,2.15709879,2.07085379,1.00424698,1.85160917
6,1781860021.860920,1.94901347,1.87936292,0.77179632,1.96031184
6,1781860021.939694,0.56592583,0.61336953,0.05969969,1.13532300
6,1781860021.991460,-1.38751769,-1.18663159,-0.78884137,-0.37189279
6,1781860022.028746,-2.67141168,-2.37919544,-1.28744291,-1.51008403
6,1781860022.109634,-2.63862335,-2.38081152,-1.19983942,-1.74357260
6,1781860022.170983,-1.75972289,-1.67720774,-0.75841818,-1.57947131
6,1781860022.266498,-0.98015346,-1.15127836,-0.55403063,-1.45122525
6,1781860022.306489,-0.81238050,-1.15027837,-0.82265760,-1.25696491
6,1781860022.370618,-0.95897543,-1.22282113,-0.88837803,-1.12998794
6,1781860022.450538,-0.61707975,-0.62350031,-0.00516285,-1.17998036
6,1781860022.513906,0.59924139,0.76792807,1.32362516,-0.73094647
6,1781860022.751952,1.93180052,2.02382824,1.80478619,0.58751742
6,1781860022.840095,2.20692634,2.11854523,1.12191554,1.71540889
6,1781860022.930110,1.34254247,1.21154651,0.22667911,1.61270684
6,1781860022.981347,0.35681208,0.31405712,-0.15541105,0.80593314
6,1781860023.048896,-0.11954097,-0.12132840,-0.28819114,0.31177770
6,1781860023.103276,-0.39113244,-0.44064135,-0.57651539,0.16311782
6,1781860023.166414,-0.70843833,-0.78529968,-0.82741714,-0.06562075
6,1781860023.238019,-0.71854583,-0.74387159,-0.62754912,-0.26753098
6,1781860023.295514,-0.19369948,-0.12078127,0.02022328,-0.12859464
6,1781860023.374909,0.41797648,0.59329623,0.66708901,0.19175398
6,1781860023.469954,0.56880938,0.80646776,0.88370127,0.30299441
6,1781860023.514484,0.30991037,0.51960957,0.63921691,0.17015646
6,1781860023.566533,0.04459432,0.12820447,0.19106650,0.03918698
6,1781860023.650618,0.00176519,0.00616242,0.01137664,-0.00138521
6,1781860023.718455,0.03284719,-0.04908401,-0.11998672,-0.01869896
6,1781860023.767164,0.05964470,-0.14834619,-0.32884279,-0.04661695
6,1781860023.852456,0.11314513,-0.10681367,-0.37969704,0.08973438
6,1781860023.948565,0.29981246,0.13489403,-0.23205185,0.34254046
6,1781860024.006660,0.63315969,0.50079728,-0.00635492,0.63546151
6,1781860024.044222,0.88463887,0.73134661,0.09115939,0.82553746
6,1781860024.104060,0.85199823,0.66925610,0.02123663,0.78888446
6,1781860024.168006,0.80451877,0.62495620,0.03420591,0.69717470
6,1781860024.245769,1.17873712,1.03166902,0.41561965,0.79516453
6,1781860024.303297,1.64506752,1.58753024,1.09883025,0.73104261
6,1781860024.370526,1.18344482,1.34152431,1.62001792,-0.20416388
6,1781860024.445731,-0.46380413,-0.03414815,1.46154372,-1.80747926
6,1781860024.503158,-2.15193136,-1.65032316,0.47368146,-2.75079658
6,1781860024.567897,-2.70030226,-2.43896410,-0.87955719,-2.20089433
6,1781860024.667530,-2.19489524,-2.24118856,-1.75337434,-0.90558708
6,1781860024.711403,-1.42846560,-1.57256003,-1.66709368,-0.08403103
6,1781860024.753865,-0.78268966,-0.85746306,-0.97077997,0.06535109
6,1781860024.844077,-0.20371370,-0.24104364,-0.36985216,0.15510324
6,1781860024.937918,0.29935234,0.22192910,-0.14901012,0.49766060
6,1781860024.995278,0.63836666,0.52545052,-0.09355780,0.85808662
6,1781860025.060593,0.83325244,0.72991969,0.02248564,1.02426248
6,1781860025.107855,0.95229431,0.88609338,0.19229461,1.06410120
6,1781860025.151054,1.02110854,1.00240965,0.34224060,1.08762193
6,1781860025.245075,1.03496185,1.07653169,0.43216192,1.16302050
6,1781860025.302996,0.93897326,1.06943096,0.39350467,1.36723571
6,1781860025.384246,0.67709175,0.89340537,0.25201995,1.45424112
6,1781860025.459970,0.35679834,0.52095040,0.27403274,0.69697466
6,1781860025.511036,0.18219346,0.06472028,0.63603923,-1.16785701
6,1781860025.552405,0.12241714,-0.32224622,1.00222684,-2.99959637
6,1781860025.635727,-0.10426755,-0.58433833,0.85846686,-3.26026401
6,1781860025.709814,-0.58902982,-0.75639818,0.22597645,-1.94940585
6,1781860025.769125,-1.04546217,-0.87892701,-0.39817917,-0.53275213
6,1781860025.849556,-1.20978853,-0.96990134,-0.74603824,0.02716906
6,1781860025.928058,-1.15669694,-1.02103661,-0.95327740,0.11512735
6,1781860025.971889,-1.05085500,-0.96698894,-1.08053833,0.33472073
6,1781860026.033416,-0.84181527,-0.71493215,-0.94637846,0.60755273
6,1781860026.095075,-0.41434324,-0.26918594,-0.49762385,0.63343610
6,1781860026.162469,0.12959693,0.21321484,0.00423730,0.49609980
6,1781860026.250688,0.54087752,0.55334568,0.27947339,0.48549436
6,1781860026.314555,0.71156054,0.71885630,0.34935355,0.63886733
6,1781860026.378711,0.75536478,0.81439015,0.46586716,0.69100412
6,1781860026.448933,0.80625580,0.91029216,0.74929768,0.44936362
6,1781860026.510023,0.83282685,0.93055189,0.97602963,0.08858603
6,1781860026.571457,0.70342318,0.74739435,0.82944334,-0.06456147
6,1781860026.653635,0.39974281,0.36846642,0.33375624,0.00582204
6,1781860026.720401,0.08309553,-0.03608429,-0.15782512,0.00434222
6,1781860026.764809,-0.09356993,-0.31232343,-0.45039909,-0.13679044
6,1781860026.838652,-0.16075843,-0.44706437,-0.68904785,-0.07514936
6,1781860026.932717,-0.21694603,-0.48084939,-0.88918182,0.24488158
6,1781860026.973929,-0.22426614,-0.41467953,-0.68477293,0.13509862
6,1781860027.052314,-0.09868874,-0.26216565,0.06694916,-0.83519636
6,1781860027.116050,0.06831889,-0.07798656,0.80852930,-1.75116345
6,1781860027.167400,0.09565329,0.09490449,0.93088408,-1.41868508
6,1781860027.248986,-0.05207375,0.18817044,0.56269740,-0.22767836
6,1781860027.307324,-0.31213453,0.06186248,0.19574707,0.40711409
6,1781860027.368784,-0.66776826,-0.33513394,-0.08069822,0.13258687
6,1781860027.460442,-1.03645931,-0.80351108,-0.42807864,-0.24158405
6,1781860027.511617,-1.18274761,-1.04655232,-0.73878748,-0.29089866
6,1781860027.568889,-0.95959421,-0.94352928,-0.81229467,-0.19527186
6,1781860027.647441,-0.51524873,-0.59038244,-0.74708818,0.13830655
6,1781860027.702571,-0.10553849,-0.16326981,-0.71065553,0.83021612
6,1781860027.763914,0.19238456,0.19705490,-0.57884956,1.32347585
6,1781860027.856422,0.46553003,0.46686087,-0.17589310,1.09205509
6,1781860027.954054,0.77135376,0.73113914,0.36239329,0.55702946
6,1781860028.018875,1.06978285,1.01121200,0.77599052,0.29951368
6,1781860028.067614,1.29174540,1.18906576,1.03620823,0.08507734
6,1781860028.119781,1.42988763,1.25389842,1.30970581,-0.39301448
6,1781860028.188108,1.56021390,1.42053078,1.67974702,-0.67633964
6,1781860028.269209,1.65699061,1.68502400,1.93131453,-0.37005814
6,1781860028.326189,1.38508743,1.49135727,1.63134853,-0.05717517
6,1781860028.402838,0.36964128,0.34007912,0.60286158,-0.49567453
6,1781860028.484743,-1.23130691,-1.38357996,-0.79210223,-1.26104020
6,1781860028.530378,-2.70908776,-2.69710542,-2.04165168,-1.09101505
6,1781860028.579904,-3.43329790,-3.09254839,-2.85494912,0.17489271
6,1781860028.668542,-3.26599994,-2.87140590,-3.01973938,0.92054145
6,1781860028.714386,-2.39288272,-2.43310969,-2.43153739,-0.07087126
6,1781860028.758701,-1.06876967,-1.69590149,-1.41769649,-1.53501165
6,1781860028.835419,0.41087310,-0.39019126,-0.45521425,-1.24796878
6,1781860028.926954,1.74503686,1.36069911,0.53848571,0.74242449
6,1781860029.001460,2.73071447,2.94785648,1.96722758,2.03083790
6,1781860029.076458,3.15294554,3.62404137,3.41302200,1.15653618
6,1781860029.114867,2.62628802,2.93390441,3.56072210,-0.54121042
6,1781860029.180335,0.98517225,1.13072923,1.87540033,-1.01580667
6,1781860029.240392,-1.07151701,-0.76136860,-0.35097783,-0.16996236
6,1781860029.302058,-2.26052414,-1.66874364,-1.44339791,0.62129546
6,1781860029.374337,-1.92506177,-1.34753073,-1.20238654,0.73311816
6,1781860029.460305,-0.62876170,-0.35489108,-0.52035017,0.74488986
6,1781860029.502092,0.57632487,0.60947947,0.05455747,0.99709238
6,1781860029.573127,1.09967509,1.02464979,0.41303762,0.90979078
6,1781860029.644775,0.96583169,0.62926137,0.30341089,-0.01817563
6,1781860029.704430,0.46930495,-0.32309762,-0.31336017,-1.36004002
6,1781860029.761524,-0.06768609,-1.12918746,-0.83461415,-2.29924424
6,1781860029.856750,-0.41347116,-1.29886534,-0.75169862,-2.42892773
6,1781860029.948442,-0.54499904,-0.97775547,-0.39411692,-1.72331237
6,1781860030.010325,-0.61905878,-0.57904139,-0.35042361,-0.31977469
6,1781860030.073163,-0.73440052,-0.27507999,-0.57076150,1.28011688
6,1781860030.139015,-0.76334815,-0.00703906,-0.52204170,2.15552739
6,1781860030.202694,-0.50990434,0.24236770,0.05528071,1.59269682
6,1781860030.262271,-0.03244048,0.39077213,0.81636548,-0.00403661
6,1781860030.312004,0.32624420,0.39475665,1.11516320,-1.10529587
6,1781860030.379340,0.34291463,0.31897132,0.66149626,-0.62135221
6,1781860030.460418,0.21374155,0.26148688,-0.08327450,0.66550080
6,1781860030.522384,0.26218640,0.26860962,-0.38326754,1.11615780
6,1781860030.583079,0.49410631,0.34440132,-0.06170176,0.43472666
6,1781860030.666188,0.66381904,0.47771674,0.44223989,-0.25538761
6,1781860030.732332,0.61208086,0.57979290,0.69186349,-0.24476201
6,1781860030.781520,0.33828610,0.45902168,0.57025496,0.01611129
6,1781860030.840314,-0.07029948,0.01515012,0.17054381,-0.11859119
6,1781860030.932102,-0.44351282,-0.55086739,-0.31900674,-0.57514431
6,1781860030.980577,-0.64235335,-0.88558537,-0.73570853,-0.66652174
6,1781860031.078213,-0.68066555,-0.84524857,-1.01069738,0.00146796
6,1781860031.125010,-0.57970962,-0.56433415,-1.01706356,0.79367861
6,1781860031.170446,-0.26485461,-0.21711583,-0.57620987,0.68979094
6,1781860031.237426,0.19957594,0.09354535,0.19842637,-0.35760369
6,1781860031.296380,0.51042980,0.26469100,0.85364801,-1.41523881
6,1781860031.361343,0.46021080,0.23616152,1.03867179,-1.74054656
6,1781860031.456458,0.16750822,0.10241719,0.78004035,-1.25928264
6,1781860031.519798,-0.12943927,0.01743791,0.34211213,-0.30145745
6,1781860031.581614,-0.31229845,0.00469530,0.00556573,0.53599167
6,1781860031.641948,-0.36233114,-0.00545132,-0.08578307,0.74129855
6,1781860031.708807,-0.26613488,0.00651712,0.02175395,0.43645113
6,1781860031.770926,-0.02542060,0.13331691,0.17975069,0.19041261
6,1781860031.861651,0.28001154,0.34862365,0.24397106,0.29377280
6,1781860031.940202,0.50664627,0.49011014,0.14523604,0.55670177
6,1781860031.985566,0.57213248,0.46506503,-0.06134690,0.71100463
6,1781860032.043491,0.51107635,0.31456566,-0.33154821,0.76230869
6,1781860032.108489,0.33472642,0.03734207,-0.79432954,0.90589178
6,1781860032.168543,-0.03516971,-0.41987091,-1.44530212,1.08636701
6,1781860032.262742,-0.54238199,-0.90300945,-1.76171926,0.84450582
6,1781860032.307494,-0.88523317,-1.06681274,-1.20684196,-0.07044921
6,1781860032.356649,-0.85763224,-0.81317978,-0.09573063,-1.14107562
6,1781860032.449487,-0.62711784,-0.44306460,0.69101195,-1.61077823
6,1781860032.519835,-0.44088487,-0.21063213,0.85312774,-1.41322339
6,1781860032.574688,-0.25911640,0.00065051,0.89410569,-1.07442762
6,1781860032.663671,0.06056200,0.37991099,1.17560551,-0.80765072
6,1781860032.717178,0.43244499,0.82962948,1.41177953,-0.31361179
6,1781860032.780896,0.69991622,1.13642555,1.34924945,0.37926187
6,1781860032.836703,0.89639819,1.25730600,1.28850784,0.55902125
6,1781860032.921491,1.00581918,1.13525455,1.32705268,-0.10573697
6,1781860032.986198,0.75965053,0.53096054,0.73403211,-0.73205797
6,1781860033.065751,0.11280910,-0.49858381,-0.89277650,-0.36826613
6,1781860033.131521,-0.42383549,-1.26161013,-2.38779754,0.48900802
6,1781860033.176604,-0.44193064,-1.16709059,-2.25524791,0.61546729
6,1781860033.236595,-0.27570187,-0.57643273,-0.82660643,-0.08572041
6,1781860033.295045,-0.44276646,-0.33213785,0.15686400,-0.64153730
6,1781860033.375325,-0.76033367,-0.56770119,-0.00667158,-0.62462267
6,1781860033.464220,-0.60652979,-0.56279401,-0.25988845,-0.43942613
6,1781860033.512843,0.06644191,0.12514024,0.26530871,-0.13813379
6,1781860033.562899,0.53662001,0.88819489,0.80389607,0.73903015
6,1781860033.636091,0.28452720,0.86675446,0.27371428,1.99268291
6,1781860033.698227,-0.24747710,0.22756312,-0.79647035,2.54170111
6,1781860033.778252,-0.30648819,-0.11649066,-0.98448033,1.79383257
6,1781860033.866233,0.02237089,0.04017126,-0.25267510,0.52670601
6,1781860033.939199,0.06564456,0.07910965,0.19147260,-0.16768274
6,1781860034.005067,-0.05660950,-0.05159156,-0.04073166,-0.01304552
6,1781860034.048105,0.73487234,0.57276215,0.52156686,-0.24768170
6,1781860034.114783,1.98813428,1.67232068,1.41212777,-0.12420539
6,1781860034.175067,2.37409304,2.27610191,1.89361320,0.63530548
6,1781860034.269172,1.96957983,2.21138542,2.11111350,0.76388601
6,1781860034.311764,1.25984772,1.53816644,1.93600002,-0.26688609
6,1781860034.360357,0.57149376,0.55664454,1.14497491,-1.34694752
6,1781860034.437038,-0.04863540,-0.23379452,0.10022486,-1.15936646
6,1781860034.494106,-0.42636691,-0.39122042,-0.46445688,0.24202764
6,1781860034.576074,-0.30920093,-0.00355068,-0.32093934,1.39129495
6,1781860034.669753,0.09413589,0.27435062,0.07922987,0.83815365
6,1781860034.716110,0.17973482,-0.07295306,0.19323294,-1.15868623
6,1781860034.757914,-0.30044712,-0.82551323,-0.17917829,-2.61583071
6,1781860034.841233,-0.91395063,-1.31704860,-0.83352477,-1.97989626
6,1781860034.932391,-1.09599469,-1.17672701,-1.30406202,0.10406751
6,1781860034.985652,-0.80178688,-0.63381748,-1.26709203,1.78924079
6,1781860035.057408,-0.42707418,-0.14263484,-0.85153249,2.21819966
6,1781860035.106951,-0.21559275,0.10595392,-0.40417320,1.85719304
6,1781860035.169315,-0.08019064,0.18404409,-0.10955974,1.24569743
6,1781860035.249766,0.04673320,0.15496715,0.03810564,0.50265586
6,1781860035.307109,0.12005041,0.07679386,0.15073394,-0.26170933
6,1781860035.374478,0.19682500,0.09466649,0.36517147,-0.83218690
6,1781860035.465788,0.30736468,0.23384650,0.59153343,-0.96291494
6,1781860035.491933,0.24865749,0.27695549,0.52781970,-0.49700788
6,1781860035.557877,-0.07357948,0.07622671,0.18275632,0.09664001
6,1781860035.640700,-0.35694514,-0.22755186,-0.03260522,-0.14638584
6,1781860035.709464,-0.35063016,-0.45163065,-0.00853669,-1.21500575
6,1781860035.774615,-0.24586015,-0.57024004,-0.13047692,-1.70639147
6,1781860035.867970,-0.25657406,-0.54983186,-0.47892124,-0.81321676
6,1781860035.944655,-0.20509310,-0.28393998,-0.56674150,0.45544675
6,1781860036.002620,0.09718287,0.16899330,-0.20596059,0.99765990
6,1781860036.050846,0.45185519,0.55599482,0.15391098,1.13043686
6,1781860036.111222,0.66293070,0.76487797,0.28627454,1.29641543
6,1781860036.174571,0.89391177,0.89789999,0.50651260,0.88290484
6,1781860036.270377,1.17069171,0.91506881,0.80795611,-0.33163495
6,1781860036.312862,1.04195423,0.61488873,0.69935811,-1.14229766
6,1781860036.362038,0.30689047,0.10992369,0.23126561,-0.71080839
6,1781860036.447089,-0.46085548,-0.18379880,0.05224281,0.09158987
6,1781860036.514783,-0.72746160,-0.22532312,0.16412720,0.25164150
6,1781860036.579352,-0.78294457,-0.46671532,-0.16496325,0.03232868
6,1781860036.665609,-1.09638921,-1.05307905,-1.00811118,-0.00370181
6,1781860036.713261,-1.43497352,-1.45509043,-1.48929999,0.03146999
6,1781860036.757607,-1.28373603,-1.21396072,-1.12788350,-0.03640346
6,1781860036.846328,-0.72044340,-0.59313811,-0.46742186,0.00354843
6,1781860036.933797,-0.23551291,-0.13424379,-0.12195483,0.19869969
6,1781860036.972048,0.04888143,0.08804782,0.01594908,0.24846380
6,1781860037.070183,0.40343899,0.37458035,0.31841107,0.06098683
6,1781860037.116472,0.86215332,0.77193964,0.71454969,-0.07329796
6,1781860037.161104,1.08352991,0.95542090,0.82094565,0.01421633
6,1781860037.240586,0.87772128,0.72905354,0.54018070,0.08978116
6,1781860037.300689,0.47195676,0.29972711,0.16894151,-0.09254783
6,1781860037.360794,0.13994637,-0.03651510,-0.04847421,-0.36734673
6,1781860037.469382,-0.10448595,-0.21971280,-0.15957876,-0.39159465
6,1781860037.514683,-0.30978824,-0.32585535,-0.25394774,-0.19645447
6,1781860037.565125,-0.39109872,-0.36455243,-0.27923469,-0.13124128
6,1781860037.636325,-0.30001200,-0.30691887,-0.20142182,-0.25100679
6,1781860037.705063,-0.15313922,-0.17592126,-0.09382345,-0.23420495
6,1781860037.764095,-0.06622402,-0.03622417,-0.01538470,0.02045584
6,1781860037.874192,-0.03361846,0.03705771,-0.00749240,0.25730932
6,1781860037.943335,-0.01043737,0.01113311,-0.12955253,0.36233070
6,1781860038.009812,0.03063474,-0.02974315,-0.27435176,0.41140168
6,1781860038.077800,0.09202303,0.03586277,-0.16744098,0.32858303
6,1781860038.121117,0.09055921,0.16823868,0.17689204,0.15414072
6,1781860038.190677,-0.08064426,0.19530573,0.33077270,0.31370965
6,1781860038.269070,-0.32311203,0.07404515,0.10170134,0.82512480
6,1781860038.295707,-0.35601370,-0.05445348,-0.11590242,0.81062802
6,1781860038.357570,-0.11062259,-0.10042835,0.00941719,-0.22252922
6,1781860038.448096,0.12438677,-0.12537761,0.22269054,-1.33500708
6,1781860038.510978,0.11714397,-0.18150704,0.18174035,-1.47807121
6,1781860038.574323,-0.01266074,-0.23945851,-0.00529663,-1.02935916
6,1781860038.666151,-0.09971940,-0.29780454,-0.12089411,-0.83739464
6,1781860038.715331,-0.21994358,-0.38212395,-0.26482539,-0.62409842
6,1781860038.758797,-0.42811303,-0.40701516,-0.55386370,0.37503754
6,1781860038.838374,-0.51121812,-0.22203785,-0.76393802,1.85586804
6,1781860038.929509,-0.27203688,0.14277177,-0.62245022,2.63510129
6,1781860038.972060,0.17153773,0.43675038,-0.18525737,1.98123297
6,1781860039.071203,0.54820053,0.47030038,0.29679644,0.21349080
6,1781860039.118650,0.67259400,0.29709007,0.61013547,-1.53758485
6,1781860039.162107,0.45258130,0.05703434,0.57860244,-2.04799010
6,1781860039.241438,-0.05294794,-0.18774854,0.19059243,-1.14588550
6,1781860039.302305,-0.50293405,-0.37049954,-0.19445520,-0.09738418
6,1781860039.368890,-0.49955981,-0.35890443,-0.16174177,-0.12618520
6,1781860039.477780,-0.06982990,-0.12122659,0.16923020,-0.76338574
6,1781860039.518072,0.33740518,0.17257477,0.30339476,-0.66021060
6,1781860039.564023,0.43583305,0.33470464,0.14826381,0.19050936
6,1781860039.641410,0.36981665,0.34210535,0.08373016,0.51509061
6,1781860039.701257,0.30583608,0.26892394,0.21125875,0.04634320
6,1781860039.767341,0.16511737,0.16170213,0.19163071,-0.07445938
6,1781860039.869789,-0.10038015,0.04090469,-0.08466996,0.59591824
6,1781860039.955740,-0.36028808,-0.07239572,-0.32798077,1.21362787
6,1781860039.999508,-0.53303314,-0.16950250,-0.40263831,1.33240315
6,1781860040.041178,-0.65026670,-0.26033815,-0.45247004,1.29978677
6,1781860040.102335,-0.71668111,-0.38664274,-0.51157004,1.01597418
6,1781860040.163763,-0.73047424,-0.59022407,-0.49034087,0.09014262
6,1781860040.259939,-0.71060885,-0.77988926,-0.42210505,-0.95366891
6,1781860040.319795,-0.60623620,-0.76467164,-0.37394907,-1.22631309
6,1781860040.383394,-0.41428789,-0.58728561,-0.34342770,-0.93087142
6,1781860040.457179,-0.27935095,-0.53321842,-0.38601310,-0.89562710
6,1781860040.504672,-0.07984644,-0.49522821,-0.43600604,-1.05982793
6,1781860040.568700,0.70806193,0.16239503,-0.05965770,-0.72265590
6,1781860040.661327,2.02072181,1.48314182,0.93151993,0.03135668
6,1781860040.707502,2.60354910,2.25818456,1.74687807,0.37056142
6,1781860040.772612,1.44099240,1.42710204,1.40021616,0.02902001
6,1781860040.845103,-0.61891977,-0.31863549,0.17942496,-0.44164974
6,1781860040.938455,-1.71552421,-1.29545293,-0.58943023,-0.63855200
6,1781860041.005429,-1.15276495,-0.85039942,-0.27962141,-0.59938619
6,1781860041.063056,0.10473190,0.19467628,0.37410625,-0.19982836
6,1781860041.110457,0.84499483,0.84730393,0.49900767,0.78292935
6,1781860041.156125,0.79826928,0.93319190,0.21313123,1.90924497
6,1781860041.253037,0.44184450,0.78522865,0.11642517,2.26029461
6,1781860041.309318,0.17587740,0.55157150,0.21587519,1.58859079
6,1781860041.369295,-0.01706087,0.12692898,0.02349960,0.55250659
6,1781860041.466755,-0.32380353,-0.48832845,-0.53831271,-0.25577829
6,1781860041.513675,-0.81657549,-1.07098811,-1.02020740,-0.68152071
6,1781860041.558509,-1.37692900,-1.39326377,-1.15917505,-0.55921539
6,1781860041.635047,-1.76252398,-1.45077702,-1.11581289,-0.05184576
6,1781860041.705245,-1.79220225,-1.43631774,-1.03403150,-0.10361870
6,1781860041.776361,-1.49937070,-1.43127169,-0.88753361,-1.06213946
6,1781860041.869945,-1.03586295,-1.23028082,-0.73778532,-1.53393158
6,1781860041.949708,-0.51128644,-0.73287771,-0.73761962,-0.48424168
6,1781860041.997859,-0.08452427,-0.36914431,-0.93546021,0.62904904
6,1781860042.045271,0.04668208,-0.56265369,-1.17818076,0.01382567
6,1781860042.104201,0.15106062,-0.71396327,-0.89925608,-1.51789300
6,1781860042.165388,1.07553167,0.46138678,0.73006640,-1.97141660
6,1781860042.260795,3.07165632,3.07372889,3.56970771,-1.10293155
6,1781860042.308707,4.74570011,5.20718499,5.67691188,-0.01840506
6,1781860042.352300,4.22286378,4.76506802,4.97367121,0.74495739
6,1781860042.449390,1.54364354,1.96434122,1.86158562,1.16891237
6,1781860042.510090,-1.08312249,-0.81329153,-1.03891812,1.10639571
6,1781860042.575069,-1.89301831,-1.74698419,-2.01025058,0.91400025
6,1781860042.662840,-1.45352655,-1.31483049,-1.83083493,1.46199772
6,1781860042.710029,-1.24255639,-0.97851610,-1.85786396,2.55327574
6,1781860042.756206,-1.47858860,-1.16107225,-2.03789113,2.66704454
6,1781860042.834336,-1.47745673,-1.34810747,-1.71970965,1.11866400
6,1781860042.931603,-1.20420730,-1.36240057,-1.13696311,-0.85667761
6,1781860042.979871,-1.17387732,-1.46838904,-0.92025430,-1.88169588
6,1781860043.061987,-1.35532654,-1.60477021,-0.95759576,-2.00221885
6,1781860043.136819,-1.23412757,-1.39402656,-0.71363971,-1.87642442
6,1781860043.184654,-0.68932969,-0.78483798,-0.15735718,-1.61449154
6,1781860043.242260,-0.08071043,-0.11598939,0.33087708,-1.07666869
6,1781860043.300919,0.35990277,0.37400950,0.59747159,-0.46750700
6,1781860043.361183,0.71176713,0.71706470,0.75474951,-0.07232326
6,1781860043.473671,1.03584455,0.97361922,0.85044859,0.13609563
6,1781860043.519284,1.23216863,1.11881909,0.85965199,0.32562209
6,1781860043.563562,1.22839750,1.14750052,0.83673678,0.51331058
6,1781860043.638076,1.08782716,1.09269350,0.83266999,0.59151989
6,1781860043.706937,0.88503005,0.93743698,0.76226676,0.50819770
6,1781860043.766956,0.59710485,0.62957072,0.50554610,0.34945561
6,1781860043.868010,0.17688821,0.17985235,0.07766297,0.23481610
6,1781860043.941446,-0.32630444,-0.32042030,-0.38369831,0.15444453
6,1781860043.971538,-0.75667239,-0.73086413,-0.72737340,0.04983679
6,1781860044.047577,-0.94154026,-0.88363141,-0.84010112,0.03210844
6,1781860044.107779,-0.82838832,-0.71629152,-0.70790295,0.23158865
6,1781860044.174699,-0.56339856,-0.42110241,-0.47970101,0.44861381
6,1781860044.265834,-0.34338669,-0.25940930,-0.33502213,0.35637749
6,1781860044.319028,-0.00690320,-0.00802167,-0.01229342,0.00813601
6,1781860044.390223,-0.40435910,-0.37609616,-0.30684963,-0.10574471
6,1781860044.487249,-0.99728101,-0.88855843,-0.74274577,-0.09569880
6,1781860044.509175,-1.18156926,-0.98032048,-0.85963650,0.20787106
6,1781860044.571681,-0.88652220,-0.63368294,-0.60774022,0.58543216
6,1781860044.666701,-0.35990891,-0.13504504,-0.17993280,0.69600567
6,1781860044.713130,-0.01420675,0.13384387,0.11636412,0.42709689
6,1781860044.758372,-0.01123086,0.07470008,0.15811480,0.00649229
6,1781860044.838930,-0.10563667,-0.05360217,0.10614561,-0.27791883
6,1781860044.924818,-0.00786194,-0.00328808,0.14834579,-0.37944016
6,1781860044.980154,0.24253032,0.17330530,0.24796700,-0.37125250
6,1781860045.068768,0.38927100,0.26776589,0.24455151,-0.25360704
6,1781860045.094441,0.31262974,0.19378286,0.11300399,-0.09822204
6,1781860045.156172,0.15156116,0.06596305,-0.00656086,-0.03373369
6,1781860045.236879,0.12759356,0.07707392,-0.00285025,0.07586872
6,1781860045.299989,0.29453192,0.27694847,0.08502276,0.44983308
6,1781860045.364884,0.48053173,0.47791307,0.15095012,0.83686411
6,1781860045.474018,0.50898168,0.48713506,0.17011102,0.76160857
6,1781860045.502885,0.40930155,0.37933454,0.21845237,0.33778366
6,1781860045.567487,0.33091209,0.37537076,0.35045863,0.17898865
6,1781860045.646553,0.32434161,0.49198132,0.49975169,0.41249044
6,1781860045.701811,0.27834850,0.47158103,0.50669950,0.40796152
6,1781860045.760870,0.02858879,0.09952570,0.23747307,-0.17289851
6,1781860045.870687,-0.48774832,-0.50516033,-0.28350553,-0.61683355
6,1781860045.940325,-1.15363186,-1.06978310,-0.87381624,-0.28928403
6,1781860045.985030,-1.72006114,-1.57086181,-1.38350151,-0.09846188
6,1781860046.038316,-1.88597364,-2.06167837,-1.75203336,-1.25228592
6,1781860046.112580,-1.38047181,-2.07130731,-1.72642472,-2.67233104
6,1781860046.164791,-0.18388066,-0.89912182,-0.86227495,-1.94051666
6,1781860046.275584,1.21579494,1.13316264,0.72621741,0.83678322
6,1781860046.298086,1.99233905,2.49813612,1.95491206,2.70665521
6,1781860046.369225,1.65590491,2.13258199,1.82311926,2.02837612
6,1781860046.455518,0.55465730,0.70626602,0.70369345,0.39781426
6,1781860046.504632,-0.33667434,-0.25463516,-0.06825768,-0.26921080
6,1781860046.568209,-0.15075709,0.02031959,0.23393259,-0.10975105
6,1781860046.657741,1.05574544,1.07216022,1.05703615,0.08137570
6,1781860046.704140,2.09170064,1.80920705,1.38130199,0.37518662
6,1781860046.765033,1.71056963,1.43881046,0.85076019,0.81608550
6,1781860046.847074,0.04982515,0.16730433,-0.05369032,0.87332079
6,1781860046.914761,-1.53971902,-1.05129759,-0.79227701,0.59189371
6,1781860046.978763,-2.04750021,-1.53498131,-1.24193214,0.56626971
6,1781860047.057044,-1.56503852,-1.38232755,-1.35455192,0.39975989
6,1781860047.119174,-0.77078331,-1.07512877,-1.05585327,-0.83499782
6,1781860047.183042,-0.35442803,-0.98256086,-0.68868466,-2.37894210
6,1781860047.246658,-0.63109169,-1.13433869,-0.76961097,-2.23952425
6,1781860047.310515,-1.15674580,-1.18339759,-1.08751041,-0.31617166
6,1781860047.382671,-1.09666247,-0.77273607,-0.86756683,1.08046561
6,1781860047.463887,-0.29447052,-0.02857363,0.00292987,0.60477532
6,1781860047.528681,0.58741135,0.63226463,0.80872176,-0.33956059
6,1781860047.592136,1.14709126,1.10659839,1.17820653,-0.28923994
6,1781860047.655894,1.60835902,1.52032360,1.38785425,0.11464717
6,1781860047.717559,1.93159473,1.69047635,1.41326082,0.09313686
6,1781860047.773706,1.64398898,1.33259695,0.90514312,0.29945944
6,1781860047.875187,0.86442587,0.72447154,0.23875805,0.89211817
6,1781860047.937949,0.39917270,0.47536152,0.26765341,0.73250299
6,1781860048.011910,0.47998788,0.63183447,0.87511238,-0.23590854
6,1781860048.057545,0.41829580,0.62951567,1.02870250,-0.48498714
6,1781860048.108105,-0.18482523,0.17327104,0.38685236,0.37287344
6,1781860048.179764,-0.81749179,-0.39553663,-0.32234851,0.89987903
6,1781860048.271211,-1.00951206,-0.73589362,-0.64743970,0.47775634
6,1781860048.299778,-1.09155901,-1.01665238,-1.04624726,0.26963191
6,1781860048.387520,-1.46721804,-1.49194094,-1.84859917,0.85645029
6,1781860048.471525,-1.77852853,-1.92447047,-2.46252054,1.01170648
6,1781860048.513861,-1.54313248,-1.91865328,-2.21891987,-0.19416883
6,1781860048.581781,-1.12542545,-1.62372894,-1.48886342,-1.63368512
6,1781860048.671837,-1.06351718,-1.39277985,-1.10777317,-1.58492070
6,1781860048.729201,-0.76892120,-0.81751971,-0.82564871,-0.10441834
6,1781860048.771959,0.74336384,0.82619324,0.50740253,1.03624909
6,1781860048.836000,2.89226426,2.98624231,2.86091450,0.56584688
6,1781860048.924438,3.87053379,3.99988963,4.45610722,-0.84335959
6,1781860048.986521,3.09295699,3.24252538,4.00518222,-1.58187381
6,1781860049.072152,1.71733873,1.77411829,2.24904869,-1.07890116
6,1781860049.128978,0.62505006,0.55212906,0.53739444,-0.15013091
6,1781860049.174564,-0.43965778,-0.53648874,-0.79265906,0.41112301
6,1781860049.232671,-1.55162953,-1.57657106,-1.85696318,0.65910652
6,1781860049.294933,-2.04398936,-2.00625700,-2.29849744,0.85138667
6,1781860049.381518,-1.65850494,-1.55671967,-1.83163811,0.97196043
6,1781860049.468005,-1.04933544,-0.79416420,-0.93192182,1.01382415
6,1781860049.530416,-0.73088122,-0.33512361,-0.27580082,0.86805981
6,1781860049.570981,-0.42565786,-0.16847997,0.02814584,0.15623479
6,1781860049.633986,0.14763836,-0.00147004,0.19978967,-0.90401005
6,1781860049.696545,0.60012061,0.19946362,0.22183772,-1.09149306
6,1781860049.778362,0.48527620,0.25934102,-0.03146506,0.16737809
6,1781860049.862837,0.03995917,0.11198263,-0.37623668,1.44552284
6,1781860049.954498,-0.18739793,-0.12005710,-0.46403899,1.06128347
6,1781860050.015225,-0.09240955,-0.23790351,-0.25557949,-0.32979236
6,1781860050.076634,0.03720847,-0.10893720,-0.00982080,-0.63281838
6,1781860050.140208,0.09285250,0.19021773,0.15907965,0.33156065
6,1781860050.200692,0.23950602,0.40918028,0.36703833,0.54652234
6,1781860050.261408,0.50926956,0.41760490,0.61381547,-0.74276769
6,1781860050.322933,0.66854776,0.35718928,0.72396422,-1.74970104
6,1781860050.387672,0.54944022,0.37326498,0.64413800,-1.15346150
6,1781860050.479951,0.25203846,0.35916941,0.48248902,-0.04176954
6,1781860050.544361,-0.04310187,0.15869592,0.29406743,0.17139124
6,1781860050.604661,-0.23637616,-0.11414005,0.07675102,-0.17714161
6,1781860050.664687,-0.25474744,-0.19551098,-0.11636136,-0.05137937
6,1781860050.726784,-0.09336090,-0.05140662,-0.24993657,0.62049073
6,1781860050.789358,0.05672646,0.08862875,-0.36542739,1.25385646
6,1781860050.850528,0.00115835,0.06162923,-0.42997788,1.42445629
6,1781860050.950511,-0.12098069,-0.06218345,-0.30376189,0.77502100
6,1781860051.010223,-0.04367971,-0.14928134,-0.01897581,-0.60868109
6,1781860051.058822,0.06899535,-0.17437154,0.10664825,-1.35300797
6,1781860051.118588,-0.21391005,-0.18424749,-0.13370529,-0.05387306
6,1781860051.161802,-0.74867717,-0.19165402,-0.46975283,2.15475848
6,1781860051.243262,-0.77989812,-0.15567253,-0.44945605,2.36862164
6,1781860051.295785,-0.03389154,-0.03909044,-0.03343219,-0.02801332
6,1781860051.363261,0.77410564,0.12995042,0.36652705,-2.27243985
6,1781860051.455535,0.90333834,0.24544883,0.43863484,-2.19592142
6,1781860051.519824,0.52113974,0.20434958,0.30679148,-1.08169088
6,1781860051.563990,0.23034456,0.03624876,0.22303874,-0.98275092
6,1781860051.639683,0.09116141,-0.10449309,0.14178332,-1.14025784
6,1781860051.705747,-0.26300308,-0.13117666,-0.14316843,0.37107568
6,1781860051.764373,-0.73322451,-0.12267700,-0.52400291,2.61080767
6,1781860051.859451,-0.77102216,-0.16834589,-0.62259373,2.72704623
6,1781860051.945999,-0.32736808,-0.22518519,-0.35955422,0.61034468
6,1781860052.012094,0.05022233,-0.18731256,-0.06212678,-0.93588178
6,1781860052.063412,0.16217399,-0.00010437,0.09045460,-0.65236388
6,1781860052.125195,0.34442543,0.31773260,0.29403046,-0.00771648
6,1781860052.169056,0.68088756,0.67637045,0.67617809,-0.01115859
6,1781860052.256751,0.85322530,0.92370417,1.01620993,-0.05683315
6,1781860052.309427,0.74047851,0.91859074,1.03596491,0.15671463
6,1781860052.382349,0.50579090,0.64592323,0.71194067,0.19122916
6,1781860052.463554,0.22567224,0.25388438,0.23518084,0.12105054
6,1781860052.503713,-0.09867123,-0.08789302,-0.18879959,0.28816599
6,1781860052.566233,-0.37784396,-0.38014990,-0.50270904,0.31027395
6,1781860052.658596,-0.58803023,-0.73666161,-0.80586040,-0.20494977
6,1781860052.719057,-0.84474195,-1.11267645,-1.12970461,-0.64738159
6,1781860052.746012,-1.11825455,-1.25873902,-1.27081861,-0.33130669
6,1781860052.850907,-1.11720573,-1.02082779,-1.02817977,0.26764106
6,1781860052.936633,-0.63966383,-0.52348109,-0.51351055,0.27404576
6,1781860052.983143,0.14448968,0.03253025,0.00142650,-0.20862155
6,1781860053.059531,0.88106960,0.57196453,0.43175995,-0.43579237
6,1781860053.104839,1.29814653,1.00516781,0.81229883,-0.25830037
6,1781860053.159497,1.20366666,1.06200243,0.98736037,-0.17292873
6,1781860053.244919,0.50803550,0.51798392,0.68645886,-0.40902573
6,1781860053.301455,-0.54710132,-0.41915768,-0.04226498,-0.64233144
6,1781860053.370881,-1.34193323,-1.11205739,-0.67550813,-0.53325303
6,1781860053.459750,-1.24465681,-0.93773614,-0.60119148,-0.07643498
6,1781860053.528718,-0.10880348,0.21575814,0.31469722,0.58214501
6,1781860053.569691,1.43759856,1.70227455,1.45981674,1.30849256
6,1781860053.649590,2.24657786,2.40605826,1.84270022,1.86504765
6,1781860053.707042,1.62161003,1.68947317,1.01950419,1.90373393
6,1781860053.767095,0.16084428,0.16403662,-0.33034794,1.28383411
6,1781860053.858971,-0.80878417,-0.87834523,-1.07622677,0.33108894
6,1781860053.932202,-0.73239541,-0.87339085,-0.87708230,-0.35426793
6,1781860053.993934,-0.26544233,-0.40608463,-0.38777592,-0.41012098
6,1781860054.046115,-0.18560457,-0.24241728,-0.26920803,-0.07746185
6,1781860054.107976,-0.51296062,-0.49582858,-0.48348959,0.01236688
6,1781860054.169847,-0.86421238,-0.85441279,-0.68044655,-0.42357826
6,1781860054.258505,-1.03122013,-1.07782452,-0.75394910,-0.95590169
6,1781860054.304756,-0.89059775,-1.00405563,-0.65418506,-1.19546717
6,1781860054.378162,-0.26911155,-0.48702524,-0.10142213,-1.55717729
6,1781860054.474114,0.65178174,0.30391147,0.88269670,-2.39093078
6,1781860054.525465,1.14207278,0.77139503,1.45138795,-2.71091130
6,1781860054.568540,0.65609704,0.47835844,0.78975990,-1.26206564
6,1781860054.658119,-0.02061456,-0.00589438,-0.02649599,0.07256946
6,1781860054.734485,0.53159081,0.49496561,0.58069452,-0.25137939
6,1781860054.778757,1.52941458,1.29428458,1.52460910,-0.95628717
6,1781860054.845886,2.33973929,1.89424087,2.12194805,-1.38311657
6,1781860054.933390,2.95787357,2.59098325,2.76706171,-1.11554203
6,1781860054.965985,3.15588120,3.15425444,3.43444590,-0.57900211
6,1781860055.055344,2.52367136,2.81140462,3.40237620,-0.62301018
6,1781860055.123264,0.81417321,1.06802590,1.99490409,-1.38274660
6,1781860055.170827,-1.80175950,-1.79447039,-0.66389535,-2.30781713
6,1781860055.244757,-4.37757527,-4.51151670,-3.30032303,-2.76361141
6,1781860055.308986,-5.06549684,-4.98887401,-3.89107566,-2.09802891
6,1781860055.368565,-2.53887833,-2.06671623,-1.56361693,-0.06356121
6,1781860055.459859,1.77576261,2.25332430,1.58549027,2.35324219
6,1781860055.523915,4.17067998,4.03493618,2.12860455,3.63771398
6,1781860055.569630,2.57416969,1.86524365,-0.53848914,3.48201997
6,1781860055.646103,-0.93317607,-1.46624805,-3.23397912,2.53663586
6,1781860055.714580,-2.69723700,-2.62725125,-3.00398012,0.91778560
6,1781860055.771295,-1.71267119,-1.42148917,-0.57175969,-1.14754878
6,1781860055.867038,0.01568386,0.10508892,1.22147699,-2.10996053
6,1781860055.963546,0.61795509,0.63302709,1.08648062,-0.90066504
6,1781860056.003569,0.29921049,0.46803419,0.11914000,1.06366348
6,1781860056.052797,0.18618038,0.40339607,-0.25010795,1.78891393
6,1781860056.097376,0.60393812,0.71486206,0.20119607,1.28323458
6,1781860056.177564,1.03454436,1.10154021,0.87342228,0.60631814
6,1781860056.263370,1.04535045,1.15445838,1.25106202,0.02569035
6,1781860056.326341,0.69637516,0.79874623,1.19597850,-0.60579920
6,1781860056.358427,0.28784434,0.29302752,0.88876048,-1.21329829
6,1781860056.450721,-0.00060704,-0.16157125,0.61284629,-1.92176361
6,1781860056.496604,-0.26496651,-0.61545430,0.33772537,-2.67841519
6,1781860056.585397,-0.67579600,-1.08987740,-0.28719431,-2.49987098
6,1781860056.666938,-1.12148065,-1.35891535,-1.24795319,-0.71578945
6,1781860056.729509,-1.25284234,-1.21794536,-1.88341559,1.43892074
6,1781860056.776358,-0.92206572,-0.76076046,-1.65843183,2.17569216
6,1781860056.821392,-0.33548247,-0.19969980,-0.80526893,1.52312454
6,1781860056.930743,0.24442683,0.37425971,0.11541211,0.79855309
6,1781860056.971076,0.70079921,0.88981760,0.83729508,0.49625140
6,1781860057.069052,0.95918863,1.15900750,1.27584591,0.17048529
6,1781860057.130179,0.91851350,1.01563098,1.24580983,-0.27337766
6,1781860057.180675,0.57639045,0.52894381,0.69275034,-0.43402459
6,1781860057.224496,0.11131641,-0.01433768,-0.03482478,-0.21606804
6,1781860057.297530,-0.26762321,-0.38206907,-0.50588391,0.01924880
6,1781860057.360449,-0.52382923,-0.60160371,-0.71712041,0.07754230
6,1781860057.468551,-0.74873383,-0.79024261,-1.00510419,0.35615736
6,1781860057.531740,-0.93636943,-0.87132529,-1.44403529,1.31028075
6,1781860057.589173,-0.93846303,-0.67635594,-1.57741814,2.38975841
6,1781860057.629256,-0.66008416,-0.26273275,-0.92956178,2.18638350
6,1781860057.702291,-0.17548286,0.12329530,0.29980556,0.25120223
6,1781860057.764184,0.35751376,0.36013008,1.31637049,-1.95924293
6,1781860057.860543,0.78269246,0.51529200,1.58780769,-2.75288894
6,1781860057.953656,0.97775604,0.65465673,1.35323754,-2.09906562
6,1781860057.999606,0.93361767,0.75558200,1.11157224,-1.09716866
6,1781860058.045277,0.75808174,0.74300391,0.90511585,-0.36404049
6,1781860058.106985,0.50759047,0.51491289,0.43588777,0.17740302
6,1781860058.158911,0.13057098,0.04413862,-0.30403799,0.53775967
6,1781860058.254344,-0.32427826,-0.47259948,-0.91104973,0.59607686
6,1781860058.315205,-0.61549799,-0.70457618,-1.04807798,0.52271924
6,1781860058.379359,-0.57550075,-0.52376432,-0.76525218,0.60243616
6,1781860058.472645,-0.34509603,-0.16952754,-0.36141378,0.75494429
6,1781860058.523069,-0.20478902,0.00299547,-0.12348749,0.68676029
6,1781860058.571144,-0.24790575,-0.10441840,-0.15813941,0.40516916
6,1781860058.661707,-0.33553366,-0.29209835,-0.33339845,0.17409088
6,1781860058.722628,-0.33531975,-0.36929930,-0.42423819,0.04306144
6,1781860058.786019,-0.26766604,-0.34978963,-0.36456269,-0.13837324
6,1781860058.825659,-0.18726422,-0.28995678,-0.26444651,-0.26339570
6,1781860058.921803,-0.06909188,-0.13392765,-0.17086561,-0.05731671
6,1781860058.985128,0.10444957,0.14107087,0.02475838,0.31420604
6,1781860059.059056,0.26909384,0.39497266,0.36012412,0.33021812
6,1781860059.122175,0.35734977,0.47859821,0.62910123,-0.06010423
6,1781860059.170309,0.34290050,0.39032238,0.59623656,-0.32562612
6,1781860059.221612,0.21011814,0.21228746,0.32241384,-0.22180030
6,1781860059.293219,0.01093093,0.03258517,0.10493461,-0.10415449
6,1781860059.366226,-0.09121790,-0.03466868,0.10230295,-0.16522970
6,1781860059.462947,0.01613270,0.08534302,0.19450459,-0.08208078
6,1781860059.533781,0.22266880,0.28820160,0.23507310,0.24379240
6,1781860059.562609,0.30182300,0.34385542,0.21659041,0.34782549
6,1781860059.618507,0.15823492,0.14495673,0.10816321,0.04831278
6,1781860059.698746,-0.10447401,-0.17991044,-0.19224914,-0.12963576
6,1781860059.772900,-0.32934027,-0.43143985,-0.59583802,0.12799390
6,1781860059.872159,-0.45028426,-0.54323750,-0.80894348,0.35492454
6,1781860059.959326,-0.48334645,-0.57233043,-0.74070222,0.16310410
6,1781860060.007957,-0.43524095,-0.54619712,-0.61148885,-0.09381868
6,1781860060.052798,-0.28965448,-0.41411583,-0.52563339,-0.02659331
6,1781860060.098987,-0.07086749,-0.15617652,-0.29820951,0.11654073
6,1781860060.159339,0.14499232,0.14172822,0.14568535,-0.01483618
6,1781860060.272617,0.28555771,0.36322943,0.54409490,-0.21201399
6,1781860060.326847,0.31873300,0.46393345,0.63861875,-0.06057729
6,1781860060.404603,0.25753978,0.46235902,0.49374030,0.35633234
6,1781860060.480283,0.15704760,0.38060408,0.34718340,0.52796555
6,1781860060.544346,0.08133996,0.25091153,0.30430732,0.23868584
6,1781860060.606069,0.04722378,0.13105324,0.27209183,-0.11753747
6,1781860060.663695,0.01934373,0.04894197,0.13064727,-0.10705516
6,1781860060.723683,-0.01707711,-0.01080847,-0.07140943,0.13738514
6,1781860060.787174,-0.02143621,-0.03586164,-0.14367144,0.19186036
6,1781860060.854362,0.00616435,-0.01919691,-0.04203382,-0.00518632
6,1781860060.930605,-0.03924286,-0.06626857,-0.01475960,-0.16135135
6,1781860061.003611,-0.21491596,-0.27694533,-0.27714195,-0.12703680
6,1781860061.056939,-0.37854475,-0.51604754,-0.64119014,-0.02539428
6,1781860061.142360,-0.35334648,-0.53703281,-0.71794118,-0.00570739
6,1781860061.160869,-0.19327871,-0.34499774,-0.45260307,-0.09063262
6,1781860061.224500,-0.10118227,-0.18599286,-0.20509011,-0.13500959
6,1781860061.304844,-0.12185417,-0.16274456,-0.24109458,0.07696166
6,1781860061.368284,-0.10891087,-0.11928772,-0.35414827,0.46120700
6,1781860061.455922,0.02113466,0.06616529,-0.15689910,0.55080746
6,1781860061.500876,0.19008980,0.31601752,0.36540074,0.15726246
6,1781860061.562727,0.31309762,0.51299354,0.81433052,-0.20841301
6,1781860061.625196,0.38108419,0.61484116,0.88372668,-0.07217241
6,1781860061.698814,0.37856712,0.58301759,0.67284169,0.23550257
6,1781860061.756983,0.26688038,0.37991536,0.41933694,0.15124045
6,1781860061.865251,0.07244207,0.07898947,0.16813181,-0.16969323
6,1781860061.960586,-0.10748546,-0.15310963,-0.12089806,-0.15991533
6,1781860062.025918,-0.20506038,-0.23504476,-0.36575724,0.20694822
6,1781860062.073511,-0.23847810,-0.25793130,-0.49383393,0.44470042
6,1781860062.115716,-0.26746026,-0.34815266,-0.58560075,0.32205819
6,1781860062.166281,-0.31167528,-0.48651284,-0.67764480,0.03347723
6,1781860062.255537,-0.31574735,-0.52463546,-0.63034181,-0.21198932
6,1781860062.317967,-0.21383768,-0.37263717,-0.37616077,-0.31901793
6,1781860062.368646,-0.03755497,-0.10931137,-0.07406841,-0.21983266
6,1781860062.462988,0.08383890,0.10492485,0.13556879,-0.01963711
6,1781860062.497979,0.06502966,0.17761139,0.28732439,0.00589386
6,1781860062.570233,-0.02781014,0.14587544,0.39928500,-0.16379480
6,1781860062.657768,-0.05480617,0.12846140,0.40241893,-0.18632462
6,1781860062.717742,0.02820113,0.19901728,0.32864681,0.08461885
6,1781860062.767082,0.11848231,0.27779670,0.27956462,0.32368289
6,1781860062.823665,0.09447576,0.21057306,0.19041097,0.27994809
6,1781860062.928769,-0.02027461,0.00729015,-0.06488197,0.20491176
6,1781860062.979633,-0.05679196,-0.09906461,-0.34650070,0.42151307
6,1781860063.055820,0.09902263,0.05639925,-0.35667659,0.76110324
6,1781860063.112311,0.33892557,0.31313759,-0.08636445,0.76780424
6,1781860063.164193,0.43372564,0.36476980,0.13425620,0.33192417
6,1781860063.228846,0.27349719,0.12551431,0.05694091,-0.16314863
6,1781860063.299384,-0.05663646,-0.22093206,-0.22573794,-0.32767532
6,1781860063.360703,-0.37382161,-0.45909343,-0.43880895,-0.21686785
6,1781860063.456474,-0.49750642,-0.49681904,-0.39772832,-0.20217197
6,1781860063.520451,-0.36418726,-0.37537505,-0.16999773,-0.44493806
6,1781860063.567504,-0.13856560,-0.23973053,-0.01775993,-0.66388946
6,1781860063.629762,-0.07352709,-0.20318735,-0.06923820,-0.54159169
6,1781860063.705347,-0.17413822,-0.19171480,-0.12952667,-0.16387849
6,1781860063.766446,-0.19797221,-0.06506674,-0.02048528,0.18146372
6,1781860063.860331,-0.05970478,0.11885413,0.13128736,0.34130908
6,1781860063.954133,0.05459361,0.17614807,0.22332147,0.15281764
6,1781860063.999519,0.04153975,0.10730720,0.36872299,-0.40196406
6,1781860064.044097,-0.00529328,0.08313517,0.45175676,-0.57566335
6,1781860064.110980,-0.04754909,0.14978214,0.13614599,0.43343740
6,1781860064.168311,-0.08985484,0.20684996,-0.36717906,1.78894291
6,1781860064.258679,-0.00541472,0.24189889,-0.36931581,1.76386642
6,1781860064.318700,0.26223407,0.33130764,0.17722561,0.45847840
6,1781860064.379042,0.50759064,0.44776594,0.55011815,-0.33319621
6,1781860064.482605,0.56045057,0.48837710,0.42703194,-0.02204157
6,1781860064.540313,0.51207335,0.42913481,0.22419871,0.25064684
6,1781860064.582949,0.43473485,0.27105284,0.16071583,-0.10959855
6,1781860064.663452,0.16775881,-0.06969395,-0.09786242,-0.42997944
6,1781860064.729274,-0.41633433,-0.65181804,-0.71231088,-0.35952282
6,1781860064.752835,-1.11475021,-1.32788875,-1.28384348,-0.52839012
6,1781860064.831320,-1.50691687,-1.74379479,-1.37193646,-1.25066281
6,1781860064.934487,-1.30563296,-1.54299564,-0.97761867,-1.64924730
6,1781860064.997540,-0.56142930,-0.66231093,-0.37638341,-0.79470839
6,1781860065.072255,-0.00798358,-0.00083705,0.00145947,0.01443004
6,1781860065.118593,0.01586098,0.01106968,0.05412567,-0.14235821
6,1781860065.169098,0.05644411,0.03939755,0.13876569,-0.34636420
6,1781860065.228098,0.07376939,0.05433183,0.19348601,-0.47185194
6,1781860065.307422,0.02645569,-0.00566768,0.21138804,-0.74137307
6,1781860065.374533,-0.13280245,-0.18197975,0.09899886,-0.98230026
6,1781860065.473718,-0.35605842,-0.40180316,-0.16848918,-0.83027275
6,1781860065.545935,-0.51608222,-0.54102722,-0.41805395,-0.44009558
6,1781860065.569410,-0.57628175,-0.59043526,-0.49986632,-0.31157673
6,1781860065.632533,-0.60217846,-0.62289498,-0.48624468,-0.46820745
6,1781860065.703142,-0.58199768,-0.60799273,-0.49019148,-0.42783164
6,1781860065.764799,-0.42850962,-0.45015281,-0.47941525,0.02266925
6,1781860065.862776,-0.15166381,-0.17753846,-0.39027257,0.55595580
6,1781860065.956325,0.17459395,0.12441769,-0.21257337,0.85334912
6,1781860066.016676,0.54529770,0.48361388,0.10051684,0.95628850
6,1781860066.065084,0.90913188,0.89803342,0.56935600,0.94488054
6,1781860066.111992,1.05540959,1.14914819,1.00303808,0.71361274
6,1781860066.176158,0.85748361,1.03698284,1.11227246,0.31005083
6,1781860066.265924,0.49415049,0.68171494,0.83809762,0.09277394
6,1781860066.329142,0.21682686,0.34437057,0.39948248,0.21550358
6,1781860066.392638,0.04704240,0.09225044,0.03910131,0.29263834
6,1781860066.468505,-0.11777451,-0.13926803,-0.14192316,-0.05604912
6,1781860066.530897,-0.28590753,-0.33376444,-0.17693905,-0.60898343
6,1781860066.574319,-0.42480968,-0.44804627,-0.18880602,-0.84044259
6,1781860066.665797,-0.54503455,-0.51321868,-0.27495784,-0.61422783
6,1781860066.726809,-0.62156740,-0.55975098,-0.39889678,-0.29466333
6,1781860066.793955,-0.60651081,-0.58894446,-0.48841456,-0.24683826
6,1781860066.820477,-0.52791757,-0.60940908,-0.55557341,-0.40263379
6,1781860066.914098,-0.40803906,-0.55770117,-0.57935879,-0.38084685
6,1781860066.974785,-0.18271233,-0.31327437,-0.43964764,-0.01246268
6,1781860067.051542,0.12540105,0.06153072,-0.13734883,0.40168779
6,1781860067.115783,0.32058754,0.30030824,0.11915557,0.47864040
6,1781860067.181160,0.30128388,0.29325119,0.20091624,0.25082130
6,1781860067.227535,0.23556256,0.24377554,0.22972496,0.06623993
6,1781860067.304505,0.30041247,0.33793780,0.34638936,0.08650206
6,1781860067.365397,0.41390777,0.48027987,0.49775124,0.14549244
6,1781860067.455540,0.38796009,0.48230823,0.54397903,0.09722365
6,1781860067.518458,0.21606965,0.33470485,0.44406182,0.02760518
6,1781860067.562964,0.06428954,0.18477964,0.28781491,0.05193266
6,1781860067.627976,0.03627406,0.13292168,0.18917952,0.12017016
6,1781860067.708592,0.04174266,0.10151590,0.12721955,0.10136594
6,1781860067.764613,-0.08106584,-0.07396347,-0.06069294,-0.01835188
6,1781860067.858776,-0.32819264,-0.38196771,-0.42456635,-0.03325279
6,1781860067.938048,-0.49096900,-0.56940282,-0.73410270,0.25666412
6,1781860067.982857,-0.40505558,-0.45769041,-0.71305130,0.60316313
6,1781860068.030880,-0.14452190,-0.17681313,-0.35393034,0.43089522
6,1781860068.105783,0.09396029,0.04120609,0.10018195,-0.33242617
6,1781860068.168400,0.18619835,0.11981994,0.37722823,-0.96335018
6,1781860068.258543,0.11472185,0.08932790,0.34303213,-0.83039019
6,1781860068.327968,-0.05499514,-0.01644067,0.08954485,-0.20062499
6,1781860068.372091,-0.18287939,-0.12123857,-0.12849427,0.20498521
6,1781860068.459791,-0.14600077,-0.11726921,-0.14454622,0.16664014
6,1781860068.506033,0.03810251,0.01763560,-0.02626949,0.06973475
6,1781860068.574570,0.22652988,0.18667218,0.07713684,0.20730921
6,1781860068.664830,0.28654227,0.26958229,0.11723918,0.40280024
6,1781860068.714984,0.19955774,0.22377698,0.12530206,0.36504726
6,1781860068.760211,0.06004400,0.11291108,0.12696945,0.11546605
6,1781860068.819607,-0.02438069,0.03456912,0.11826003,-0.07361126
6,1781860068.939491,-0.04945062,-0.00717441,0.05513075,-0.05959138
6,1781860068.987951,-0.08624654,-0.09392476,-0.09451706,-0.02108247
6,1781860069.062213,-0.12159967,-0.19658001,-0.20999554,-0.18317143
6,1781860069.116033,-0.05277264,-0.12981796,-0.06349015,-0.42657264
6,1781860069.165055,0.09505850,0.13823408,0.32122055,-0.41597398
6,1781860069.221225,0.11365059,0.29580238,0.51653062,-0.11477501
6,1781860069.301051,-0.11021809,0.05662154,0.17454276,0.14554508
6,1781860069.378367,-0.40736859,-0.40240618,-0.44916392,0.15388098
6,1781860069.470537,-0.52135060,-0.62522464,-0.75576196,0.07933027
6,1781860069.532377,-0.36214342,-0.40257662,-0.50377868,0.18080326
6,1781860069.597541,-0.01791269,0.07511813,0.01506679,0.45545953
6,1781860069.641986,0.31751025,0.45607603,0.38561671,0.62190441
6,1781860069.701567,0.40303065,0.47348117,0.40913428,0.40105761
6,1781860069.767009,0.14389567,0.12156933,0.14976480,-0.15031562
6,1781860069.880648,-0.22405585,-0.28995803,-0.14692980,-0.62162269
6,1781860069.963273,-0.31275339,-0.38147545,-0.23025647,-0.65438220
6,1781860070.011837,0.01305703,-0.06330416,-0.04270090,-0.28849460
6,1781860070.054738,0.49577772,0.40052870,0.25063403,0.16258509
6,1781860070.113270,0.74271557,0.64971873,0.40862713,0.44062068
6,1781860070.174412,0.58897920,0.52464346,0.29886507,0.48033415
6,1781860070.256871,0.22819762,0.17703670,0.01411882,0.33250618
6,1781860070.306269,-0.00755812,-0.09730553,-0.20145235,0.04284198
6,1781860070.367335,0.02396849,-0.14142328,-0.20539539,-0.30175001
6,1781860070.466624,0.19121902,-0.01709694,-0.08018567,-0.43208909
6,1781860070.506375,0.25241859,0.13110322,0.04840943,-0.11490934
6,1781860070.568563,0.04095408,0.17413644,0.17704276,0.38760531
6,1781860070.660397,-0.41208626,0.03189925,0.30702475,0.50240275
6,1781860070.721823,-0.87358616,-0.25203541,0.31697069,0.15633405
6,1781860070.771883,-1.11537831,-0.53021820,0.09175911,-0.10954081
6,1781860070.829606,-1.14706769,-0.74569979,-0.32359758,-0.06169000
6,1781860070.947896,-1.13303772,-0.98909714,-0.77926403,-0.19604753
6,1781860070.986733,-1.09062952,-1.25163588,-1.12950230,-0.84241548
6,1781860071.062326,-0.83627799,-1.27916896,-1.24034900,-1.43321620
6,1781860071.124456,-0.25266562,-0.82561220,-0.98785416,-1.22195384
6,1781860071.166322,0.53908217,0.04425914,-0.34486135,-0.31449274
6,1781860071.231782,1.27534774,0.97637261,0.49650090,0.53821474
6,1781860071.307477,1.70772022,1.58256410,1.16711273,0.86370438
6,1781860071.380767,1.76343258,1.74432896,1.45771719,0.79590677
6,1781860071.463950,1.67863812,1.75793084,1.57848703,0.76980893
6,1781860071.528436,1.77654549,1.97786427,1.80136876,1.12409647
6,1781860071.551972,1.92159996,2.18020437,1.86236236,1.71507904
6,1781860071.618769,1.45924798,1.62253702,1.16420435,1.84948737
6,1781860071.711210,0.02172478,0.02186560,-0.30060399,0.95985042
6,1781860071.775791,-1.79453488,-1.84516615,-1.69230051,-0.60545663
6,1781860071.871259,-2.91382723,-2.87085210,-2.22092712,-1.80583475
6,1781860071.962800,-2.87242619,-2.73476001,-1.93205329,-1.97866976
6,1781860072.008996,-2.15490681,-2.02087413,-1.40842102,-1.42342605
6,1781860072.059741,-1.48982037,-1.41056988,-1.03953052,-0.86814833
6,1781860072.101015,-1.08798871,-1.04229484,-0.78980134,-0.61528304
6,1781860072.179243,-0.70288388,-0.66010248,-0.47377896,-0.42707539
6,1781860072.270910,-0.23154525,-0.18119535,-0.09192344,-0.11580319
6,1781860072.329482,0.18855087,0.22478287,0.20140393,0.17735814
6,1781860072.362899,0.75512879,0.73614271,0.57422291,0.42526523
6,1781860072.441552,1.94199971,1.90426106,1.55740638,0.91970115
6,1781860072.508818,3.33655238,3.44185197,2.99827034,1.63306535
6,1781860072.566666,3.41251963,3.77362641,3.50912811,1.86133893
6,1781860072.673455,1.47373635,1.95043290,2.06792464,1.06872839
6,1781860072.730155,-0.94338374,-0.65643645,-0.28850182,-0.24095855
6,1781860072.778613,-1.77997274,-1.88787986,-1.65661009,-1.00914006
6,1781860072.824383,-0.91429438,-1.45086446,-1.71166004,-0.82050134
6,1781860072.934937,0.13426615,-0.82292143,-1.67385478,-0.31613417
6,1781860072.981290,0.29477017,-1.04960946,-2.24986443,-0.42880863
6,1781860073.072113,-0.24708876,-1.75822173,-2.83860882,-1.28158179
6,1781860073.135165,-0.84808514,-2.05564193,-2.57622846,-2.04391642
6,1781860073.179040,-1.13203916,-1.52103974,-1.23126951,-2.01952092
6,1781860073.242152,-1.01602040,-0.31655254,0.81230157,-1.27753653
6,1781860073.301379,-0.58624761,1.12795892,2.77313975,0.20536954
6,1781860073.372013,-0.10693174,2.29784664,3.77999501,2.74506591
6,1781860073.513427,0.04666949,2.63051139,3.45524250,5.23381528
6,1781860073.580381,-0.34281723,1.73787788,2.13284733,5.01547529
6,1781860073.631951,-1.01421770,-0.07433450,0.40602194,1.36721244
6,1781860073.707583,-1.21806404,-1.62654793,-1.17102221,-2.57065486
6,1781860073.769209,-0.32424734,-1.73712197,-1.99552490,-3.43485566
6,1781860073.860385,1.40146415,-0.44189474,-1.72926137,-1.65422259
6,1781860073.952818,2.89999034,1.05113343,-0.80905077,0.03370166
6,1781860073.982817,3.31825751,1.67974672,-0.08852854,0.38608327
6,1781860074.031152,2.58347054,1.33018692,0.05378237,0.06879084
6,1781860074.111713,1.04567728,0.39214968,-0.14772294,-0.33815330
6,1781860074.166556,-0.81583515,-0.75233249,-0.39830329,-0.86439254
6,1781860074.264993,-2.27526203,-1.64681781,-0.57645664,-1.31481866
6,1781860074.325742,-2.66953405,-1.83666126,-0.58270523,-1.25283290
6,1781860074.373445,-2.06029888,-1.31779674,-0.35695533,-0.64961649
6,1781860074.458620,-1.14097038,-0.54522724,0.00203045,0.14425687
6,1781860074.511649,-0.43927749,0.08999339,0.32922587,0.86294020
6,1781860074.576555,0.00675812,0.49506524,0.54446721,1.30585776
6,1781860074.666800,0.28197160,0.66350415,0.64511994,1.18985707
6,1781860074.727234,0.35905596,0.58986535,0.64539615,0.52149970
6,1781860074.774265,0.25515256,0.38623154,0.56471203,-0.14103195
6,1781860074.821011,0.12127855,0.22994624,0.42154750,-0.24674907
6,1781860074.930756,0.09403483,0.18138567,0.23396690,0.10344870
6,1781860074.976412,0.16889096,0.16363211,0.03059610,0.38017055
6,1781860075.075273,0.25015109,0.09077043,-0.16935561,0.29974388
6,1781860075.133984,0.28777918,-0.02961588,-0.35460183,0.02258487
6,1781860075.184245,0.33957088,-0.08752309,-0.46097849,-0.15958880
6,1781860075.228277,0.47582958,0.02199369,-0.39142762,-0.12024393
6,1781860075.304276,0.64035192,0.24485482,-0.16728881,0.04952779
6,1781860075.369003,0.67254108,0.37461097,0.02329213,0.15884545
6,1781860075.463019,0.48676664,0.27267929,0.02537562,0.09882730
6,1781860075.536440,0.00236065,0.01123452,0.02696485,-0.03730217
6,1781860075.602518,0.41000606,0.31167941,0.43702211,-1.21686312
6,1781860075.650428,1.02903457,0.80345395,0.90447261,-1.77684880
6,1781860075.711578,1.40358224,1.21716145,0.96511492,0.35703383
6,1781860075.774177,1.56500858,1.49946112,0.91603650,2.81748748
6,1781860075.854768,1.49374538,1.53710384,0.89966033,3.70387257
6,1781860075.954534,1.26835651,1.33878361,0.81491567,3.23323554
6,1781860075.984003,1.15971552,1.11909402,0.68530631,2.13900321
6,1781860076.030775,1.16304149,0.94325001,0.56586848,0.85736166
6,1781860076.096319,0.72499490,0.45261497,0.21817716,-0.20642239
6,1781860076.170000,-0.55399382,-0.67584003,-0.62378600,-0.94609645
6,1781860076.260323,-2.15578453,-2.08217663,-1.72157536,-1.56137462
6,1781860076.324280,-3.12920048,-2.98724555,-2.47364685,-2.02191134
6,1781860076.391497,-3.19302109,-3.08139213,-2.57216852,-2.16309594
6,1781860076.483674,-2.77226072,-2.66197498,-2.17573686,-2.04535208
6,1781860076.525885,-2.09239931,-1.94664309,-1.49375770,-1.67092250
6,1781860076.578557,-0.96798355,-0.85468170,-0.58195720,-0.86733176
6,1781860076.667912,0.56620234,0.56663536,0.54482091,0.12103629
6,1781860076.735553,2.12973089,2.08216374,1.92372248,0.60320569
6,1781860076.797405,3.41450206,3.47718904,3.45549060,0.45909507
6,1781860076.844242,4.08623515,4.27792126,4.38750621,0.44666770
6,1781860076.933501,3.58405511,3.71749515,3.66883234,0.99072239
6,1781860076.982006,1.81844048,1.74161434,1.38987395,1.49565862
6,1781860077.058038,-0.22155832,-0.41702050,-0.86929986,1.39720241
6,1781860077.133606,-1.33061541,-1.44571444,-1.73708065,0.95897377
6,1781860077.186989,-1.35036209,-1.33641507,-1.40973417,0.47476744
6,1781860077.231463,-1.06199423,-1.01791747,-0.92597653,-0.26040294
6,1781860077.313620,-1.12227431,-1.10057817,-0.88132364,-1.07480757
6,1781860077.371363,-1.48193729,-1.43801935,-1.17860556,-1.17239558
6,1781860077.461807,-1.61017597,-1.52906015,-1.36645423,-0.44334321
6,1781860077.520819,-1.15351117,-1.10607580,-1.08969746,0.16896435
6,1781860077.575189,-0.52514935,-0.56722809,-0.65161797,0.23019183
6,1781860077.636613,-0.54372831,-0.63564383,-0.80307844,0.41085825
6,1781860077.705141,-1.15680327,-1.24136883,-1.49671325,0.92911477
6,1781860077.775838,-1.14552797,-1.27434856,-1.56357303,0.87267014
6,1781860077.862005,0.20298566,-0.08512950,-0.34295667,-0.16478051
6,1781860077.955369,1.80005421,1.40003964,1.19936797,-1.08451614
6,1781860077.999881,2.13579624,1.92079189,1.85496086,-0.81157081
6,1781860078.046412,1.34521651,1.56818178,1.76168906,0.16026481
6,1781860078.105753,0.68508615,1.21328815,1.62284459,0.64548581
6,1781860078.171272,0.56123674,1.01369352,1.39164908,0.40532064
6,1781860078.260327,0.46668183,0.66528162,0.86384604,0.00019241
6,1781860078.324115,0.25638092,0.33563247,0.46926469,-0.29585558
6,1781860078.380028,0.08326495,0.18740995,0.39749004,-0.57633513
6,1781860078.459275,-0.26647252,-0.16385937,0.10010372,-0.87781713
6,1781860078.523140,-0.82373126,-0.79216953,-0.54782502,-1.15763521
6,1781860078.581352,-0.99962305,-1.04000038,-0.85130910,-1.24623756
6,1781860078.665028,-0.52084787,-0.62523354,-0.56546633,-0.89306634
6,1781860078.728436,-0.01096017,-0.20006965,-0.35809088,-0.16913424
6,1781860078.777083,-0.07690750,-0.31963144,-0.65927030,0.52726131
6,1781860078.831047,-0.46675797,-0.65078801,-0.99632678,0.87868107
6,1781860078.930360,-0.57216734,-0.61879651,-0.81847501,0.83265808
6,1781860078.983830,-0.31695036,-0.28068344,-0.37798552,0.72667620
6,1781860079.076196,-0.08923814,-0.09888824,-0.31895933,1.14478599
6,1781860079.130502,-0.04764411,-0.15543284,-0.65045877,2.10674667
6,1781860079.176275,0.02358228,-0.07915790,-0.67496818,2.68252576
6,1781860079.222307,0.29162220,0.34693947,0.05149233,1.90831809
6,1781860079.296587,0.65842572,0.86721586,1.08601032,-0.05442804
6,1781860079.384916,0.82503887,0.99344980,1.50807331,-1.88355408
6,1781860079.468755,0.45456219,0.43070878,0.84278550,-2.37165834
6,1781860079.528935,-0.41239880,-0.55980039,-0.38691822,-1.74248949
6,1781860079.574090,-1.11736216,-1.21172078,-1.08431611,-1.20649328
6,1781860079.622149,-1.00028485,-0.95385940,-0.68204403,-1.22622379
6,1781860079.699423,-0.19409157,-0.03363281,0.34176924,-1.16938940
6,1781860079.761614,0.61031086,0.82358925,1.16851126,-0.71620128
6,1781860079.868298,0.98465075,1.20129496,1.48226168,-0.34994378
6,1781860079.959673,0.89942966,1.09905917,1.33439836,-0.19427688
6,1781860080.021096,0.37019442,0.55384033,0.67053131,0.36426532
6,1781860080.074583,-0.41867332,-0.28665140,-0.40709106,1.37350595
6,1781860080.121438,-0.87023657,-0.89414524,-1.24623224,1.78543956
6,1781860080.178113,-0.51976005,-0.79761141,-1.26978616,1.05720770
6,1781860080.268027,0.25258250,-0.26438913,-0.83226734,0.27695496
6,1781860080.336437,0.59426139,-0.00710097,-0.71168588,0.56157759
6,1781860080.381902,0.19737518,-0.24638755,-0.91412305,1.21851385
6,1781860080.473931,-0.49523922,-0.56356601,-0.79281406,0.87548498
6,1781860080.516858,-0.96016118,-0.61462620,-0.21393546,-0.30007250
6,1781860080.565856,-0.99983903,-0.44778013,0.28787445,-0.99884408
6,1781860080.655912,-0.59679428,-0.14159601,0.46794358,-0.83968703
6,1781860080.739228,0.10569242,0.29167891,0.58424194,-0.57982493
6,1781860080.782176,0.67559989,0.61450377,0.66620267,-0.61365626
6,1781860080.831774,0.71437897,0.54082264,0.47599463,-0.59153152
6,1781860080.922295,0.31261388,0.20603595,0.15438673,-0.29883720
6,1781860080.970867,-0.12472288,-0.01983236,0.06132948,0.12909477
6,1781860081.065401,-0.25619335,0.01756749,0.19382178,0.53047999
6,1781860081.130980,0.19467031,0.37864305,0.45917173,0.56278279
6,1781860081.173750,1.12841056,1.00582467,0.90584561,-0.12299149
6,1781860081.237415,1.56055309,1.21931830,1.07448622,-1.06852012
6,1781860081.304959,0.53238886,0.25161494,0.19356481,-1.21171875
6,1781860081.377772,-1.24302584,-1.32939942,-1.36262442,-0.28915250
6,1781860081.461663,-1.98614738,-1.97718436,-2.10768337,0.75873692
6,1781860081.524121,-1.23176877,-1.24071288,-1.44846915,1.08162860
6,1781860081.584272,-0.19374545,-0.19201713,-0.34665288,0.85069174
6,1781860081.631242,0.19582034,0.28807554,0.28027057,0.54437282
6,1781860081.706451,0.18405950,0.35754081,0.49550785,0.19321377
6,1781860081.765141,0.19919651,0.36569191,0.55117907,-0.10332385
6,1781860081.868522,0.20433152,0.29868451,0.38371964,0.05069333
6,1781860081.950734,0.12286554,0.14009134,0.08196958,0.40992507
6,1781860081.994737,0.08448250,0.04135327,-0.02672335,0.13572511
6,1781860082.046279,0.13690996,0.05300644,0.09458046,-0.68265499
6,1781860082.107244,0.14134169,0.05268547,0.13817323,-0.94742253
6,1781860082.169558,0.00845824,-0.04781756,-0.04040554,-0.34649073
6,1781860082.263235,-0.17532204,-0.19627898,-0.26339992,0.25115323
6,1781860082.327780,-0.28259393,-0.29193714,-0.36340574,0.33799047
6,1781860082.371914,-0.28136117,-0.29062088,-0.34025578,0.21965943
6,1781860082.463413,-0.19649530,-0.19423920,-0.19024060,-0.00948003
6,1781860082.530775,-0.03430141,-0.00192845,0.11555789,-0.46305556
6,1781860082.556312,0.17667324,0.25190178,0.44737093,-0.65416362
6,1781860082.667831,0.35289517,0.46255508,0.59882201,-0.14475429
6,1781860082.730042,0.44294470,0.55213947,0.59362695,0.36835841
6,1781860082.763919,0.46200194,0.54127775,0.60791418,0.06876395
6,1781860082.828498,0.39071242,0.44074972,0.57437071,-0.45473331
6,1781860082.919858,0.14817159,0.16472750,0.22156457,-0.21914787
6,1781860082.965136,-0.26937554,-0.32535642,-0.45112068,0.37965343
6,1781860083.054522,-0.67854501,-0.82869040,-1.05653302,0.42270836
6,1781860083.135676,-0.81649638,-1.00378634,-1.23566234,0.24256834
6,1781860083.180139,-0.60376215,-0.73220625,-0.97789056,0.63784018
6,1781860083.228482,-0.24365201,-0.27017344,-0.49979592,1.10496218
6,1781860083.300856,0.01800157,0.06624983,0.00927005,0.57248848
6,1781860083.366396,0.14322752,0.22370485,0.42569117,-0.66106423
6,1781860083.454748,0.20720417,0.29061764,0.60072227,-1.23330309
6,1781860083.537062,0.18100576,0.24107837,0.41601289,-0.62490109
6,1781860083.590402,-0.01516914,0.00615550,-0.03859762,0.35949314
6,1781860083.639365,-0.28732667,-0.29285228,-0.43964211,0.76854167
6,1781860083.703164,-0.36633781,-0.37590045,-0.45302161,0.36754906
6,1781860083.763677,-0.09906904,-0.10132777,-0.01740957,-0.46884167
6,1781860083.855727,0.33688082,0.35175847,0.56930586,-1.10261568
6,1781860083.951500,0.59198806,0.64244882,0.87382085,-0.98423965
6,1781860084.000373,0.49195296,0.57884078,0.69310233,-0.14892555
6,1781860084.042156,0.17520189,0.25989270,0.21714616,0.69331720
6,1781860084.110159,-0.08865434,-0.05146931,-0.17833485,0.89250979
6,1781860084.166373,-0.16580123,-0.18083851,-0.29286308,0.52765497
6,1781860084.259861,-0.13536584,-0.17573736,-0.23183905,0.08557926
6,1781860084.325762,-0.13799703,-0.18653951,-0.19926578,-0.19485648
6,1781860084.373787,-0.20628984,-0.25734784,-0.24832766,-0.32685262
6,1781860084.461285,-0.25805415,-0.29624778,-0.27929616,-0.30001522
6,1781860084.513371,-0.21330875,-0.22776430,-0.21131915,-0.16811385
6,1781860084.572793,-0.08414715,-0.09043400,-0.07600316,-0.11271372
6,1781860084.662910,0.05283817,0.03294771,0.04651270,-0.18201290
6,1781860084.726915,0.13729199,0.10382015,0.11358253,-0.23521386
6,1781860084.770150,0.13032110,0.10007662,0.10291409,-0.17998086
6,1781860084.822757,-0.00953900,-0.01812521,-0.03227369,0.03026121
6,1781860084.913079,-0.24488475,-0.22031088,-0.28171794,0.46777544
6,1781860084.972737,-0.39209587,-0.34025544,-0.46267526,0.94805503
6,1781860085.069844,-0.28371299,-0.22649190,-0.34828421,0.97391434
6,1781860085.130767,-0.00516498,0.04228915,0.01774367,0.39171071
6,1781860085.173899,0.16386664,0.21011938,0.28852661,-0.17493513
6,1781860085.221450,0.08997910,0.15378736,0.22721693,-0.05234428
6,1781860085.304458,-0.04002050,0.03639000,0.02739653,0.46463652
6,1781860085.365371,0.02036468,0.06794344,0.03614997,0.43182109
6,1781860085.470914,0.21874797,0.20118999,0.24911634,-0.35626458
6,1781860085.527474,0.26636822,0.20448143,0.33520149,-1.04786889
6,1781860085.579756,0.05908446,0.00568725,0.14597464,-1.05373245
6,1781860085.621242,-0.15641881,-0.19692042,-0.08424821,-0.83333531
6,1781860085.709447,-0.13810110,-0.21175348,-0.11528820,-0.92551754
6,1781860085.764153,0.00333269,-0.10224935,-0.02362689,-1.00215634
6,1781860085.858401,0.00880832,-0.04644300,-0.01174690,-0.48935494
6,1781860085.964428,-0.01169889,0.00079716,-0.00945905,0.05245678
6,1781860086.008862,0.24479074,0.27345838,0.21843900,0.19294561
6,1781860086.060464,0.56308864,0.58925249,0.47844352,0.31579935
6,1781860086.102430,0.50228305,0.50685485,0.40323332,0.24944645
6,1781860086.170538,0.24792637,0.27735722,0.24413767,0.14444440
6,1781860086.264943,0.02097827,0.11019710,0.12519997,0.17110955
6,1781860086.323841,-0.08904442,0.02678425,0.01133174,0.30267697
6,1781860086.379384,-0.05930594,0.05107145,-0.00475683,0.38319754
6,1781860086.469708,0.05196717,0.16940052,0.16115491,0.28976065
6,1781860086.511006,0.09081602,0.20322660,0.32383003,-0.01888914
6,1781860086.572653,-0.03053970,0.00592164,0.21710261,-0.40282702
6,1781860086.668758,-0.20976100,-0.30031374,-0.16647893,-0.51733946
6,1781860086.731121,-0.28504512,-0.48577546,-0.57847031,-0.24908258
6,1781860086.754112,-0.22526971,-0.51058755,-0.77161967,-0.05599224
6,1781860086.820580,-0.10775251,-0.46212523,-0.67941809,-0.31604619
6,1781860086.909978,0.02595281,-0.29932761,-0.39072242,-0.53923786
6,1781860086.970502,0.17231240,0.06315834,-0.03691166,-0.02094386
6,1781860087.069964,0.24382220,0.43078074,0.22627031,0.90255614
6,1781860087.135850,0.08436851,0.40149241,0.21093805,1.17048388
6,1781860087.182462,-0.31420779,-0.10697293,-0.10326053,0.46923374
6,1781860087.223498,-0.66197772,-0.59941320,-0.33360364,-0.46859415
6,1781860087.298922,-0.55013119,-0.45469804,0.06615759,-0.98083805
6,1781860087.366452,0.12981872,0.39043007,1.12666211,-1.09657317
6,1781860087.489724,0.96513630,1.31311303,2.07350373,-0.95084615
6,1781860087.547240,1.33223047,1.58938745,1.99494825,-0.34215430
6,1781860087.594840,0.95943413,1.03395078,0.79072911,0.73256552
6,1781860087.647344,0.11549519,0.03920796,-0.75497421,1.65515156
6,1781860087.709269,-0.71038127,-0.85798272,-1.77869926,1.78246505
6,1781860087.769035,-1.17290857,-1.32648134,-1.97759671,1.14711549
6,1781860087.864017,-1.16357038,-1.30285792,-1.56334400,0.27943080
6,1781860087.956464,-0.75279752,-0.90556348,-0.89340163,-0.38025136
6,1781860087.999989,-0.12333923,-0.31440404,-0.19954246,-0.70533238
6,1781860088.047096,0.49865632,0.30323957,0.43344089,-0.75073279
6,1781860088.113325,0.89356061,0.76765118,0.90880397,-0.61572863
6,1781860088.172894,0.91004198,0.89032393,1.05640407,-0.42836934
6,1781860088.268764,0.57014906,0.61061576,0.79299629,-0.32719122
6,1781860088.332700,0.06718481,0.09217923,0.26403072,-0.33858812
6,1781860088.356884,-0.38787816,-0.37747137,-0.23254307,-0.31014775
6,1781860088.446310,-0.64512480,-0.56512127,-0.44754522,-0.08662578
6,1781860088.514831,-0.59952833,-0.41086229,-0.33109839,0.25108066
6,1781860088.577843,-0.27386545,-0.05029079,-0.01488153,0.43382708
6,1781860088.675533,0.11883452,0.29753976,0.33074499,0.33545936
6,1781860088.722615,0.34486789,0.48759931,0.55710484,0.16882688
6,1781860088.777193,0.36087580,0.49570682,0.52976132,0.23234655
6,1781860088.827342,0.28342105,0.37591168,0.25313914,0.49630267
6,1781860088.908686,0.17162588,0.17732944,-0.08496543,0.61788711
6,1781860088.975271,-0.09021121,-0.16042503,-0.39637480,0.38211457
6,1781860089.067822,-0.60843339,-0.72783341,-0.81715232,-0.06935389
6,1781860089.126910,-1.18511854,-1.35418318,-1.32464772,-0.45788493
6,1781860089.170792,-1.36861188,-1.58162351,-1.53857815,-0.59035536
6,1781860089.224073,-0.88995025,-1.11656843,-1.17026789,-0.39867493
6,1781860089.297431,0.06577692,-0.14972799,-0.35046496,-0.03404837
6,1781860089.369177,1.11653709,0.95467879,0.72205553,0.16315303
6,1781860089.474752,2.06187504,2.05957596,2.02821458,0.06700495
6,1781860089.532029,2.75859193,2.98332172,3.24221087,-0.07875655
6,1781860089.567843,2.72767834,3.05376896,3.44321007,-0.14605853
6,1781860089.630303,1.45748176,1.67777149,2.00408832,-0.24445207
6,1781860089.702389,-0.63191204,-0.51521623,-0.34723952,-0.11823133
6,1781860089.766104,-2.15739361,-1.96134966,-2.04662807,0.64860625
6,1781860089.856824,-2.31334110,-2.04098061,-2.41695065,1.49476649
6,1781860089.964788,-1.88542160,-1.80392322,-2.25078711,1.21817217
6,1781860090.014752,-1.93232416,-2.17043695,-2.34815358,-0.13924712
6,1781860090.058078,-2.08462341,-2.39941343,-2.22033923,-1.13863476
6,1781860090.102626,-1.28488800,-1.38724404,-1.05256453,-1.00761275
6,1781860090.167374,0.30437746,0.39251330,0.67616223,-0.45076761
6,1781860090.267955,1.45525361,1.53052118,1.68854955,-0.19081021
6,1781860090.332632,1.60616737,1.60145048,1.63005643,-0.07682789
6,1781860090.362114,1.21672749,1.20423076,1.15168607,0.09233306
6,1781860090.461368,0.69275051,0.67828195,0.64777552,0.03697633
6,1781860090.506107,0.08354193,-0.00620788,0.04608064,-0.32747824
6,1781860090.565793,-0.37394856,-0.52411089,-0.45154058,-0.51352400
6,1781860090.673820,-0.34422430,-0.42741892,-0.45068984,-0.13815782
6,1781860090.726595,0.12687562,0.18055636,0.01061820,0.51556733
6,1781860090.799444,0.80232293,0.90447637,0.62864862,0.87145923
6,1781860090.852584,1.56711167,1.59056183,1.27544010,0.78059865
6,1781860090.918618,2.09271203,2.05876597,1.71853718,0.70615393
6,1781860090.962929,1.75257756,1.82069759,1.43906961,1.03692208
6,1781860091.058035,0.45100058,0.67066887,0.34133033,1.26576952
6,1781860091.132925,-0.96211713,-0.80560414,-0.84177755,0.44425054
6,1781860091.184448,-1.65309734,-1.80518626,-1.38627588,-1.31647454
6,1781860091.231831,-1.73087077,-2.11395750,-1.40456601,-2.51877668
6,1781860091.313932,-1.75140569,-2.00655632,-1.44287378,-1.88787095
6,1781860091.372954,-1.79170222,-1.68476352,-1.63325387,0.12779514
6,1781860091.500223,-1.55239733,-1.19166085,-1.60324271,1.78062809
6,1781860091.523836,-1.02874359,-0.64803145,-1.04908364,1.80240645
6,1781860091.588096,-0.52707332,-0.21004144,-0.15491658,0.60384300
6,1781860091.636331,-0.13809026,0.14282030,0.59646257,-0.39824375
6,1781860091.714225,0.35707866,0.53884182,0.96550535,-0.56463307
6,1781860091.765882,1.03436569,0.95240144,1.17023912,-0.69121207
6,1781860091.858628,1.61644854,1.20468537,1.48578825,-1.59744590
6,1781860091.956389,1.80300786,1.23007546,1.77266505,-2.57190556
6,1781860092.004398,1.57897295,1.14085733,1.59495073,-2.05704356
6,1781860092.050948,1.11882441,0.99809516,0.79940849,0.17973569
6,1781860092.114997,0.58023295,0.73318257,-0.20218482,2.50918276
6,1781860092.172708,0.08800428,0.34935802,-0.82288532,3.30524749
6,1781860092.267230,-0.22618564,-0.00367545,-0.87213874,2.51530739
6,1781860092.329577,-0.32075932,-0.22793149,-0.65267234,1.19328691
6,1781860092.381943,-0.33916084,-0.39195397,-0.54282983,0.22613588
6,1781860092.491399,-0.46245563,-0.57531588,-0.56631220,-0.28096492
6,1781860092.547356,-0.66033800,-0.71405412,-0.46341999,-0.70169846
6,1781860092.596061,-0.72493650,-0.69150419,-0.17755511,-1.10786137
6,1781860092.673539,-0.57246657,-0.52240709,-0.01462987,-1.05529680
6,1781860092.732425,-0.38369550,-0.35168648,-0.18157438,-0.31840528
6,1781860092.775415,-0.38198062,-0.28108463,-0.43946861,0.59778615
6,1781860092.817067,-0.52411728,-0.26616407,-0.40818280,0.92216026
6,1781860092.907318,-0.51161811,-0.19326368,-0.02692472,0.35048114
6,1781860092.969543,-0.17384450,-0.01841665,0.42982822,-0.67510792
6,1781860093.065831,0.26395815,0.18125791,0.67418264,-1.32713927
6,1781860093.132772,0.44866901,0.28021133,0.63689157,-1.21073825
6,1781860093.196176,0.34448593,0.22696714,0.45048662,-0.78628502
6,1781860093.237571,0.21085006,0.09468578,0.29812636,-0.73686894
6,1781860093.300014,0.19289274,-0.00487942,0.23088022,-0.99953460
6,1781860093.355594,0.15537106,-0.05285465,0.07871559,-0.78342076
6,1781860093.463199,-0.03067858,-0.11336654,-0.33279146,0.31525558
6,1781860093.528898,-0.20629238,-0.15984589,-0.81370933,1.61460823
6,1781860093.597621,-0.08737372,-0.00912664,-0.87650361,2.18019522
6,1781860093.627014,0.34886077,0.44401282,-0.31495427,1.96922493
6,1781860093.705575,0.84425580,1.00613086,0.49599322,1.54936722
6,1781860093.760890,1.22205830,1.37489335,1.04729473,1.10766977
6,1781860093.855033,1.47651207,1.44856955,1.20225493,0.50347049
6,1781860093.962330,1.43193354,1.21817327,1.03121095,-0.06178433
6,1781860094.017846,0.71958693,0.53380503,0.46866202,-0.27814048
6,1781860094.052447,-0.65591276,-0.63464369,-0.44336302,-0.39197235
6,1781860094.114920,-2.05146948,-1.82418072,-1.23698701,-0.82978332
6,1781860094.163806,-2.74507679,-2.38805754,-1.44027150,-1.36204971
6,1781860094.250278,-2.54485570,-2.15434766,-1.14508191,-1.42658449
6,1781860094.325574,-1.74472302,-1.49567308,-0.76671793,-1.10645137
6,1781860094.398965,-0.75827616,-0.82674488,-0.45781825,-1.00844227
6,1781860094.484254,0.09382386,-0.26830903,-0.11050362,-1.19875021
6,1781860094.531666,0.67540585,0.26966310,0.28689354,-0.97519107
6,1781860094.577134,1.07690531,0.86997442,0.64045207,0.05208600
6,1781860094.664555,1.45718889,1.46216372,0.92581381,1.24805795
6,1781860094.723913,1.73645506,1.80186829,1.07992940,1.81528943
6,1781860094.785319,1.58745170,1.62807860,0.89850762,1.77573924
6,1781860094.846408,0.89674667,0.92844887,0.33262937,1.44679044
6,1781860094.939898,0.05991258,0.04866165,-0.29106626,0.75732416
6,1781860095.002651,-0.42078625,-0.53498493,-0.59437184,-0.12637195
6,1781860095.073227,-0.44909597,-0.58628749,-0.48577161,-0.54804926
6,1781860095.130749,-0.23125421,-0.24715346,-0.06226877,-0.46291991
6,1781860095.202053,0.03954325,0.13915321,0.45280081,-0.49347712
6,1781860095.247921,0.14696370,0.27386685,0.61970810,-0.50477543
6,1781860095.304612,-0.12646162,0.04966088,0.15686973,0.15888473
6,1781860095.358121,-0.65022532,-0.39190617,-0.52860297,0.91073389
6,1781860095.451178,-0.95898792,-0.74107026,-0.73567315,0.48997938
6,1781860095.534532,-0.83542760,-0.76317260,-0.41618811,-0.63340599
6,1781860095.586432,-0.52069793,-0.47534027,-0.13340733,-0.68377278
6,1781860095.629077,-0.20932637,-0.05957426,-0.07983544,0.39197627
6,1781860095.697037,0.18773593,0.30761155,0.13506045,0.67420806
6,1781860095.758173,0.60640141,0.49471670,0.59145213,-0.48052561
6,1781860095.852294,0.68050492,0.42734249,0.71629827,-1.24988735
6,1781860095.946026,0.27651392,0.15225289,0.13609674,-0.24924255
6,1781860096.012438,-0.22495921,-0.19756667,-0.68929026,1.19685461
6,1781860096.065719,-0.38403758,-0.51948211,-0.99852586,0.79218946
6,1781860096.107174,-0.17693622,-0.71832899,-0.60959205,-1.49891462
6,1781860096.161900,0.09336114,-0.62380859,-0.05020712,-2.97595354
6,1781860096.259151,0.19415805,-0.13739131,0.14164269,-1.40773805
6,1781860096.335650,-0.04159489,-0.00811057,-0.01629689,0.04036446
6,1781860096.406736,-0.08906080,0.26061627,-0.38594336,0.96500948
6,1781860096.517718,0.24721037,0.37205698,-0.88542709,1.33900128
6,1781860096.540842,1.01872903,-0.20097241,-0.89779965,-0.50648462
6,1781860096.568115,1.41904328,-0.68184166,-0.35482551,-2.35179809
6,1781860096.660237,1.14859913,-0.36048120,0.53625683,-2.33040755
6,1781860096.719567,0.81442276,0.35002917,1.21550514,-1.28818455
6,1781860096.780011,0.77813065,0.51533139,1.13899686,-0.85867833
6,1781860096.847706,0.61950952,0.04300334,0.51421189,-1.01487393
6,1781860096.924837,-0.09302590,-0.44271045,0.07868021,-0.84377121
6,1781860096.967063,-1.28430654,-0.87035637,-0.13351639,-0.31276878
6,1781860097.062956,-2.51516970,-1.62385652,-0.84990435,0.11368232
6,1781860097.123708,-3.01065760,-2.19866245,-2.01121925,0.60497525
6,1781860097.186093,-2.00680717,-1.39839475,-2.32474897,1.48665911
6,1781860097.249523,0.18571676,0.78691847,-0.96783112,2.28210359
6,1781860097.305190,1.99121504,2.71866666,1.14170681,2.23217928
6,1781860097.375829,2.22345224,3.01683325,2.37532155,1.38991573
6,1781860097.471166,1.38988436,2.01192694,2.16051641,0.45861264
6,1781860097.535459,0.66844062,0.86536398,1.21918573,-0.15198039
6,1781860097.585688,0.38896077,0.14990700,0.45576708,-0.52783344
6,1781860097.650098,0.30233906,-0.16139994,0.18194497,-0.78178571
6,1781860097.712445,0.39649671,-0.17113536,0.17866697,-0.88867725
6,1781860097.779319,0.56992126,-0.14737246,0.07552919,-0.91072478
6,1781860097.865375,0.36032748,-0.42782433,-0.17681876,-1.00658481
6,1781860097.960895,-0.34305616,-0.86802970,-0.32639931,-1.03317105
6,1781860098.027020,-1.13329866,-1.12210595,-0.61523537,-0.48014075
6,1781860098.074878,-1.82766421,-1.40876625,-1.67160360,0.66036619
6,1781860098.126186,-2.35910171,-1.94437865,-2.94005149,1.36618679
6,1781860098.169469,-2.11216204,-1.97071632,-2.71330392,0.85632314
6,1781860098.260213,-0.65150045,-0.74221593,-0.70014356,-0.12862559
6,1781860098.322801,1.15818621,0.93761342,1.19606635,-0.46401057
6,1781860098.404595,1.94245257,1.59911908,1.56308046,-0.29766267
6,1781860098.509506,1.42303873,1.07675390,1.08503471,-0.34345172
6,1781860098.566140,0.45610526,0.39357908,0.85020769,-0.50288179
6,1781860098.613947,-0.11911271,0.21361872,0.92866265,-0.37032885
6,1781860098.654879,-0.13377367,0.39940494,1.07621143,-0.13912583
6,1781860098.715757,0.17151151,0.67144467,1.25743074,-0.08335557
6,1781860098.779114,0.63307659,0.95636414,1.19438153,0.08259736
6,1781860098.841296,1.08952559,1.21046285,0.56561762,0.74177890
6,1781860098.935145,1.04756565,1.23089811,-0.25852509,1.62032284
6,1781860098.995847,0.20746384,0.72907914,-0.53528543,1.72999801
6,1781860099.053666,-0.75000267,-0.27846687,-0.27637561,0.45472972
6,1781860099.132517,-0.90292032,-1.20180163,-0.35449056,-1.11026477
6,1781860099.195172,-0.47744791,-1.39577474,-1.16143762,-1.11653349
6,1781860099.239497,-0.43932682,-1.01013395,-1.79732757,0.20960382
6,1781860099.301261,-0.94333231,-0.81240300,-1.31453639,0.61321923
6,1781860099.363179,-1.21120661,-1.05107383,-0.20343452,-0.66595651
6,1781860099.453242,-0.82056818,-1.14300708,0.32337266,-1.73274780
6,1781860099.522281,-0.28886694,-0.68364750,0.00900808,-1.05335026
6,1781860099.582428,-0.16620412,-0.02671708,-0.37649151,0.47392548
6,1781860099.654826,-0.05579397,0.43430739,-0.10768555,0.99974312
6,1781860099.702640,0.78816513,0.84406150,0.88708198,0.01247229
6,1781860099.776422,1.97319163,1.37064578,1.89708646,-1.09359825
6,1781860099.867404,2.10904529,1.66968463,1.86104291,-0.61094893
6,1781860099.936005,0.76846210,1.27986716,0.56936734,1.18360406
6,1781860100.000468,-0.77032007,0.30446747,-0.86819252,2.17700089
6,1781860100.058264,-1.22460448,-0.60073303,-1.29524769,1.27706105
6,1781860100.127254,-0.76236487,-0.89150962,-0.77308776,-0.23980659
6,1781860100.167518,-0.30318347,-0.63596694,-0.19311846,-0.75131963
6,1781860100.262490,-0.20926253,-0.30973756,-0.07250797,-0.32711921
6,1781860100.322472,-0.20862062,-0.22772801,-0.15906544,-0.08501879
6,1781860100.385157,-0.14632322,-0.32429320,-0.13496909,-0.35578118
6,1781860100.475785,-0.15415528,-0.40301251,-0.11855539,-0.51659752
6,1781860100.525573,-0.16009320,-0.39487900,-0.17855014,-0.43697439
6,1781860100.568965,0.01306251,-0.36075970,-0.10346470,-0.61133473
6,1781860100.662400,0.06838651,-0.36902997,0.03599790,-0.81603778
6,1781860100.726198,-0.31994112,-0.37614727,-0.00503504,-0.41392402
6,1781860100.787112,-0.61560936,-0.16049271,0.05322784,0.23382949
6,1781860100.834205,-0.00871569,0.53326984,0.67387790,0.38879622
6,1781860100.926284,1.28369746,1.61164934,1.61667073,0.31280816
6,1781860100.990370,2.15534268,2.47057170,2.05149971,0.71128422
6,1781860101.066693,1.90809626,2.46545863,1.45465630,1.51901029
6,1781860101.128784,0.86205624,1.48726218,0.17263353,1.87903011
6,1781860101.197068,-0.33044899,-0.13023350,-1.00607344,1.04232628
6,1781860101.240511,-1.49942163,-1.94259041,-1.82515682,-0.54303018
6,1781860101.286683,-2.58130521,-3.23197956,-2.51651824,-1.32331390
6,1781860101.361711,-2.83162915,-3.10090428,-2.71124505,-0.63827994
6,1781860101.455480,-1.53868921,-1.51160691,-1.59285663,0.10493633
6,1781860101.518515,0.54153980,0.24439121,0.50379669,-0.53910878
6,1781860101.592449,1.67609087,0.90208693,1.93424595,-1.74954847
6,1781860101.642848,1.19990280,0.60192983,1.68960673,-1.63281287
6,1781860101.689221,0.16353174,0.28815243,0.56985535,-0.15215847
6,1781860101.773200,-0.19137656,0.31756310,-0.04293722,0.84218722
6,1781860101.858080,0.05343185,0.35448853,0.02069985,0.61494601
6,1781860101.948551,-0.02634081,0.18975165,-0.11090183,0.50054843
6,1781860102.012573,-0.53010896,-0.00196127,-0.60165491,1.09248894
6,1781860102.076775,-0.56830905,-0.02568402,-0.58701622,1.06935349
6,1781860102.120706,0.15712676,0.14372337,0.19900653,-0.06653355
6,1781860102.182306,0.90732189,0.42410780,0.98191742,-1.00839263
6,1781860102.255380,1.19386795,0.65139495,1.32195645,-1.17501171
6,1781860102.318699,1.14994058,0.68731347,1.35377944,-1.09370145
6,1781860102.382443,0.69859654,0.62093817,0.83508628,-0.28265975
6,1781860102.469831,-0.22588594,0.66074722,-0.34779058,1.83576648
6,1781860102.535157,-0.87603251,0.74748817,-1.16637728,3.42650612
6,1781860102.598425,-0.49307383,0.52574248,-0.63803997,2.11418480
6,1781860102.656220,0.34236009,-0.17433676,0.43756659,-1.09322403
6,1781860102.720845,0.34008431,-1.02666008,0.41021680,-2.71574126
6,1781860102.782912,-0.67600661,-1.51786472,-0.87712591,-1.43612464
6,1781860102.828515,-1.48001582,-1.43837209,-1.83480635,0.42434635
6,1781860102.922272,-1.04832830,-0.97802159,-1.21806482,0.30062197
6,1781860102.982804,0.11684521,-0.47420767,0.28121549,-1.30427051
6,1781860103.059937,0.62497930,-0.14980225,0.94399258,-1.81000551
6,1781860103.128498,-0.01202141,0.01370548,0.23433785,-0.18879613
6,1781860103.186152,-0.80014114,0.17057237,-0.63922644,1.72470185
6,1781860103.230819,-0.70286397,0.32225453,-0.53894357,1.82718967
6,1781860103.274979,0.00324520,0.28829707,0.14473929,0.41517481
6,1781860103.378046,0.38567741,0.07196904,0.42426986,-0.64513301
6,1781860103.468799,0.25690822,-0.03305310,0.20961804,-0.51593700
6,1781860103.534018,0.13431225,0.11483665,0.06614603,0.02829927
6,1781860103.596756,0.23671932,0.28567810,0.16887719,0.16056393
6,1781860103.634021,0.32869993,0.31279411,0.28190913,0.01450964
6,1781860103.704726,0.36220494,0.40272192,0.35859698,0.08198880
6,1781860103.764585,0.58694930,0.75597440,0.56719092,0.34659301
6,1781860103.870440,1.00060891,1.15794321,0.89418454,0.40789374
6,1781860103.955466,1.16879308,1.20588204,1.06553337,0.17187582
6,1781860104.022845,0.74305413,0.76871164,0.81779219,-0.02268885
6,1781860104.065645,-0.10108407,0.03789785,0.13094275,0.04449711
6,1781860104.132593,-0.86674076,-0.72320047,-0.71038731,0.12662946
6,1781860104.191067,-1.21887787,-1.30270023,-1.24577501,-0.13633582
6,1781860104.270048,-1.18785254,-1.54159692,-1.22155398,-0.65266734
6,1781860104.330851,-1.00410231,-1.41611347,-0.88188036,-0.91658406
6,1781860104.398352,-0.79918203,-1.05406508,-0.62983103,-0.65783007
6,1781860104.486236,-0.48152279,-0.55198867,-0.45696996,-0.16029746
6,1781860104.547309,0.03473991,0.06978028,-0.09605122,0.19457551
6,1781860104.611994,0.56317734,0.67004577,0.39641902,0.36856850
6,1781860104.674859,0.81005202,1.01572398,0.71645848,0.48911011
6,1781860104.719703,0.71710902,1.03438845,0.79835450,0.53596969
6,1781860104.782351,0.42222210,0.78385937,0.72952941,0.40292867
6,1781860104.846387,0.03297086,0.29447993,0.42372420,0.12811893
6,1781860104.921458,-0.34155454,-0.29709656,-0.15075088,-0.09869399
6,1781860104.983671,-0.49033722,-0.63814090,-0.64685135,-0.13473334
6,1781860105.059316,-0.23874985,-0.42674376,-0.65752326,0.04144447
6,1781860105.121698,0.30165244,0.23257140,-0.23585699,0.38682973
6,1781860105.186524,0.67838791,0.77756762,0.18135350,0.67359658
6,1781860105.249276,0.46019779,0.61889461,0.28336800,0.47873192
6,1781860105.293785,-0.23705916,-0.18537696,0.10465668,-0.23088028
6,1781860105.354237,-0.80411503,-0.87770253,-0.17848711,-0.74857927
6,1781860105.466675,-0.82656016,-0.90425967,-0.38536187,-0.57789686
6,1781860105.538001,-0.43439390,-0.54789488,-0.27910628,-0.37030663
6,1781860105.574116,0.03655929,-0.30177354,0.21600725,-0.82927859
6,1781860105.633835,0.33547858,-0.08432515,0.65549901,-1.12327914
6,1781860105.699827,0.33747266,0.39311341,0.48418428,-0.03431956
6,1781860105.771597,0.20544024,0.91650853,-0.04836810,1.62341212
6,1781860105.864418,0.31627181,1.03197617,-0.09197997,1.78199601
6,1781860105.956078,0.71859332,0.72436305,0.53628961,0.18776713
6,1781860106.018476,0.99166711,0.34075921,1.06944708,-1.33635210
6,1781860106.082843,0.80630938,0.06066536,0.86563201,-1.50200649
6,1781860106.148750,0.20832969,-0.20915877,0.04487228,-0.65047062
6,1781860106.195997,-0.66001519,-0.58236260,-0.94031841,0.42195417
6,1781860106.267189,-1.57375346,-1.00383748,-1.67980218,1.20682833
6,1781860106.327474,-1.96646368,-1.18391734,-1.71965404,1.27696122
6,1781860106.390445,-1.31985540,-0.78831213,-0.82494154,0.55036322
6,1781860106.463481,0.03157226,0.10888793,0.44208685,-0.24786254
6,1781860106.530828,1.05786948,0.91410334,1.08349161,-0.30333853
6,1781860106.577028,1.13106899,1.05179515,0.83829785,0.13001620
6,1781860106.671854,0.47260968,0.47571342,0.28338070,0.18931046
6,1781860106.747482,0.03586203,0.04939046,0.05012964,0.04004727
6,1781860106.787616,0.56504703,0.56882248,0.34592835,0.70977597
6,1781860106.845281,1.50486407,1.32625819,0.73846816,1.28128830
6,1781860106.916478,1.73736777,1.26317767,0.58510930,0.63840892
6,1781860106.962366,0.60687714,0.20235700,-0.12204356,-0.25088035
6,1781860107.067662,-1.40685787,-1.24424200,-0.88789894,-0.60662267
6,1781860107.136236,-2.76974039,-2.06624366,-1.14455231,-0.68323814
6,1781860107.185559,-2.63615497,-1.89122617,-0.88905627,-0.80550531
6,1781860107.248332,-1.73623578,-1.29202069,-0.59126798,-0.80330248
6,1781860107.310337,-1.16094046,-0.93973226,-0.51905916,-0.62458931
6,1781860107.369917,-1.02696363,-0.85584265,-0.53982205,-0.45372769
6,1781860107.460677,-0.74636614,-0.67258492,-0.53805203,-0.19023316
6,1781860107.528718,0.03924753,-0.19307241,-0.53168748,0.33284453
6,1781860107.592650,1.21701766,0.58280774,-0.31424173,0.82303587
6,1781860107.640902,2.39958109,1.58146879,0.45090540,0.97838567
6,1781860107.688133,3.01913672,2.45883533,1.54866799,1.09554375
6,1781860107.760262,2.64780993,2.63790229,2.16411142,1.45256880
6,1781860107.867902,1.51995457,1.91927005,1.84847845,1.47205772
6,1781860107.961441,0.40346794,0.80244574,1.06893613,0.41486108
6,1781860108.023244,-0.21609260,-0.06492914,0.48417575,-1.24608366
6,1781860108.077338,-0.49565987,-0.50840514,0.14984894,-2.10111649
6,1781860108.103513,-0.72776650,-0.72225300,-0.21021325,-1.58609791
6,1781860108.168158,-0.89812108,-0.83967567,-0.58526692,-0.61362478
6,1781860108.260976,-0.88922118,-0.84684910,-0.74946577,-0.17225802
6,1781860108.321172,-0.77338987,-0.75596517,-0.69866786,-0.12485410
6,1781860108.386051,-0.68888879,-0.63445217,-0.65285333,0.22807867
6,1781860108.475013,-0.60212480,-0.49191186,-0.69055363,0.96712427
6,1781860108.537189,-0.37879357,-0.28240567,-0.62881115,1.38652965
6,1781860108.580706,-0.02832392,-0.02061380,-0.31800563,0.95537319
6,1781860108.662654,0.27755604,0.20930991,0.10624020,0.10904391
6,1781860108.728148,0.42156009,0.35433421,0.38288694,-0.29991388
6,1781860108.786928,0.43322531,0.41163439,0.43095677,-0.12811280
6,1781860108.833742,0.37012526,0.37983052,0.37351665,0.05016109
6,1781860108.926894,0.26040821,0.27995735,0.33701186,-0.11744146
6,1781860108.996101,0.15392029,0.17821692,0.32665242,-0.38871902
6,1781860109.064424,0.08786404,0.11453763,0.26599323,-0.39073291
6,1781860109.129059,0.02556512,0.05991288,0.12098942,-0.08369646
6,1781860109.189693,-0.05872178,-0.00836477,-0.02587139,0.21250305
6,1781860109.236104,-0.09000683,-0.04795095,-0.06715624,0.19182861
6,1781860109.280492,-0.00210060,-0.01348865,-0.01765981,-0.02259839
6,1781860109.358721,0.12301366,0.06520072,0.02282614,-0.04834248
6,1781860109.465857,0.16182476,0.11692034,0.04646272,0.08001536
6,1781860109.531528,0.14633836,0.11873661,0.14482620,-0.16812498
6,1781860109.592441,0.18004603,0.10052410,0.29540748,-0.85925197
6,1781860109.635621,0.20180763,0.08114426,0.29880855,-1.05941364
6,1781860109.703052,0.07563757,0.05875598,0.07199543,-0.09431871
6,1781860109.768679,-0.11080079,0.03948432,-0.14702391,1.05460916
6,1781860109.860044,-0.13629526,0.02167472,-0.12273513,0.94684927
6,1781860109.945389,-0.02290503,-0.00695410,0.00085392,0.02549808
6,1781860110.008065,0.00311956,-0.01220458,-0.04114606,0.04264029
6,1781860110.070342,-0.07774556,0.07123737,-0.14865787,1.15507714
6,1781860110.132895,-0.04464497,0.20837559,-0.01086410,1.47879998
6,1781860110.193372,0.14580657,0.24605186,0.31908292,0.08521655
6,1781860110.256555,0.22682324,0.11173196,0.39648655,-1.25204707
6,1781860110.323368,0.03905250,-0.06858090,0.03700079,-0.66764557
6,1781860110.389438,-0.17846168,-0.13923856,-0.33691659,0.74181429
6,1781860110.477323,-0.13459499,-0.10184421,-0.27481293,0.64417445
6,1781860110.522767,0.07278457,-0.05851841,0.04984792,-0.75048235
6,1781860110.571497,0.14201654,-0.06332603,0.17135287,-1.37784993
6,1781860110.665245,0.04948351,-0.08732890,0.07274933,-0.92966087
6,1781860110.724150,0.01653534,-0.07217301,0.07644915,-0.74315875
6,1781860110.790643,0.07146710,-0.00088928,0.17699326,-0.78357920
6,1781860110.834603,0.01498199,0.07052027,0.07936711,0.14620606
6,1781860110.912593,-0.16106240,0.08825655,-0.17407377,1.60213973
6,1781860110.972539,-0.19436032,0.09407731,-0.21338897,1.86596840
6,1781860111.065492,0.02388797,0.16610267,0.02815904,0.87726661
6,1781860111.128257,0.27922939,0.28816915,0.24677172,0.15762205
6,1781860111.188668,0.37656227,0.37556799,0.32220796,0.16397418
6,1781860111.255673,0.36529424,0.40594430,0.41765245,0.09062651
6,1781860111.298758,0.35055105,0.41283629,0.54998127,-0.23441012
6,1781860111.359124,0.31056404,0.36943359,0.53500080,-0.33410497
6,1781860111.466844,0.16962287,0.19815853,0.33337535,-0.33405331
6,1781860111.535404,-0.08396098,-0.10524078,0.06890078,-0.61192762
6,1781860111.586877,-0.37399670,-0.43901553,-0.22011788,-0.88903456
6,1781860111.628548,-0.56661671,-0.67183558,-0.53079045,-0.77113244
6,1781860111.687411,-0.57418354,-0.72020165,-0.72850153,-0.43124040
6,1781860111.764789,-0.45331605,-0.60180647,-0.70481582,-0.14241599
6,1781860111.856513,-0.30240243,-0.41960734,-0.55205502,0.04773003
6,1781860111.945205,-0.11196387,-0.24460604,-0.38731629,0.03152638
6,1781860111.993739,0.11975513,-0.04769123,-0.20277544,-0.03870994
6,1781860112.061079,0.25504942,0.21487511,-0.00894672,0.57505996
6,1781860112.104324,0.24388176,0.51165018,0.14546598,1.98511118
6,1781860112.165876,0.32211982,0.77180224,0.37855482,2.63948663
6,1781860112.249673,0.70871577,0.97194003,0.87125884,1.13950594
6,1781860112.334170,1.22613835,1.14872764,1.46432475,-1.23063493
6,1781860112.403152,1.45119696,1.30519949,1.69997071,-1.69332210
6,1781860112.502870,1.18385135,1.32575283,1.40543722,0.19482194
6,1781860112.551305,0.58164898,1.02120044,0.89379392,1.77532933
6,1781860112.615404,-0.16439482,0.25033861,0.36965054,0.92506051
6,1781860112.656456,-1.01592005,-0.92828601,-0.44621913,-1.23509708
6,1781860112.716609,-1.80690189,-2.09171019,-1.65886097,-2.24721840
6,1781860112.792642,-2.12326676,-2.58664144,-2.56309854,-1.52469683
6,1781860112.860742,-1.74607403,-2.11233873,-2.31848020,-0.50139777
6,1781860112.949487,-0.92000307,-1.05999675,-1.04235959,-0.49359330
6,1781860113.013427,-0.00132078,-0.03518696,0.33955531,-1.27948555
6,1781860113.057950,0.80290295,0.72396605,1.11759786,-1.47976587
6,1781860113.121728,1.28020167,1.20938886,1.20905470,-0.22069147
6,1781860113.194412,1.23861934,1.29076147,0.82402743,1.62476955
6,1781860113.244882,0.75520280,0.86554474,0.19506817,2.44499596
6,1781860113.287311,0.11917431,0.15586005,-0.43163011,1.95449714
6,1781860113.368516,-0.34909133,-0.35180191,-0.74091802,1.20996098
6,1781860113.457771,-0.30454193,-0.22593743,-0.39344650,0.77066138
6,1781860113.516110,0.29063210,0.45934552,0.54794568,0.25086059
6,1781860113.577427,0.71490224,0.93331626,1.23175891,-0.25059558
6,1781860113.638671,0.27321300,0.56207716,0.84002008,0.03419795
6,1781860113.702143,-0.29497639,-0.02415802,0.00182712,0.76665226
6,1781860113.765049,0.40276545,0.36811080,0.21897023,0.35849252
6,1781860113.856752,1.92442021,1.49077392,1.49262609,-1.36368688
6,1781860113.950822,2.15658968,1.74117355,2.03782007,-2.22969903
6,1781860114.019777,0.45465829,0.55019367,0.95114083,-0.95634332
6,1781860114.059740,-1.40775641,-0.87168810,-0.52555301,0.59474253
6,1781860114.103776,-1.93679762,-1.48113672,-1.11924969,0.29363643
6,1781860114.171763,-1.58133540,-1.54553784,-1.18185872,-1.02670352
6,1781860114.264555,-1.23597737,-1.54650486,-1.40135731,-1.42686630
6,1781860114.341965,-0.92186101,-1.36517108,-1.50343452,-0.95519989
6,1781860114.397313,-0.53419866,-0.94230997,-1.21186118,-0.43387665
6,1781860114.501522,-0.40701850,-0.61003132,-1.02867355,0.67520559
6,1781860114.544145,-0.48522374,-0.37348012,-1.06709655,2.52184345
6,1781860114.566917,-0.07008345,0.22997283,-0.48163887,3.16786045
6,1781860114.666551,1.00762033,1.20134633,0.98500053,1.28406773
6,1781860114.728709,1.85116536,1.79295957,2.14616010,-1.28824661
6,1781860114.798433,1.67129185,1.52051222,1.94573672,-1.80365571
6,1781860114.863439,0.82590527,0.84211072,0.89416566,-0.11225639
6,1781860114.940378,0.22811378,0.46774470,0.22391357,1.51387645
6,1781860114.997392,0.18873511,0.46150172,0.31829979,1.30253239
6,1781860115.061300,0.29422133,0.40909772,0.58425511,-0.18875939
6,1781860115.119387,0.19246098,0.17001827,0.52367748,-1.17769705
6,1781860115.181321,0.01824385,0.01413565,0.32840939,-0.99695712
6,1781860115.243081,-0.01374526,0.06951748,0.32958227,-0.55362452
6,1781860115.304122,-0.02224707,0.06646399,0.35294512,-0.61928217
6,1781860115.365349,-0.21255018,-0.21914117,0.02647854,-0.78975350
6,1781860115.457619,-0.50818474,-0.61444411,-0.57162878,-0.46680124
6,1781860115.522442,-0.72522594,-0.86856014,-1.04236053,0.09539949
6,1781860115.582114,-0.86669396,-0.99763493,-1.23349602,0.32853892
6,1781860115.648976,-0.94349205,-1.04323747,-1.23548493,0.28965391
6,1781860115.693814,-0.77959562,-0.84435038,-1.03066941,0.38065715
6,1781860115.773296,-0.33081301,-0.37876799,-0.60237955,0.55003769
6,1781860115.866199,0.08741458,0.02267352,-0.19517728,0.47943626
6,1781860115.961283,0.21465814,0.12916587,-0.04676441,0.28319071
6,1781860116.022377,0.20540949,0.14292953,-0.02732039,0.33746274
6,1781860116.066699,0.32505844,0.33582617,0.15782419,0.59109917
6,1781860116.130646,0.58606341,0.69152055,0.60035255,0.61569707
6,1781860116.177135,0.87516183,1.07739861,1.20504638,0.23356238
6,1781860116.254669,1.16297354,1.46189400,1.84343402,-0.25870864
6,1781860116.327435,1.42645714,1.81935760,2.34682339,-0.42136768
6,1781860116.393995,1.53458697,1.98677691,2.49049492,-0.16135107
6,1781860116.482355,1.33214864,1.71715085,2.07790273,0.07593569
6,1781860116.545819,0.82425868,0.93912091,1.08862009,-0.10845949
6,1781860116.612653,0.19230532,-0.05782495,-0.20016097,-0.33753876
6,1781860116.676628,-0.54688158,-0.98446928,-1.42259691,0.00169067
6,1781860116.738031,-1.71165770,-2.02927256,-2.53080110,0.57589336
6,1781860116.783447,-3.15202653,-3.27013352,-3.51267240,0.38963660
6,1781860116.830418,-3.54702144,-3.74974725,-3.70273146,-0.78202195
6,1781860116.927180,-1.93477345,-2.52334832,-2.47376622,-1.99827638
6,1781860116.977788,0.18317718,-0.61157903,-0.72753346,-2.12554849
6,1781860117.066711,0.45545423,0.06715258,-0.04813329,-0.85490093
6,1781860117.141594,-0.04023756,-0.02825687,-0.02720947,0.02924569
6,1781860117.209652,0.40919749,0.11659227,0.40420514,-1.55203833
6,1781860117.250840,1.47688048,0.97816608,1.46544551,-2.63745692
6,1781860117.312330,2.46773313,2.25830347,2.34628035,-0.79553941
6,1781860117.390552,2.47762781,2.25370221,1.96878472,0.16314856
6,1781860117.462902,1.01820104,0.20416614,0.15229269,-2.03872268
6,1781860117.525145,-1.12668619,-2.25675255,-1.78538221,-4.28371877
6,1781860117.586375,-2.65992821,-3.17317302,-2.65495459,-2.75908404
6,1781860117.648445,-3.05677431,-2.61088412,-2.62677821,1.23523711
6,1781860117.720448,-2.54686394,-1.76679479,-2.21631795,3.28906394
6,1781860117.784694,-1.36662324,-0.93699577,-1.27334075,2.04891678
6,1781860117.868366,0.11773830,0.16989518,0.13730084,0.22670292
6,1781860117.965659,1.10604437,1.10809793,1.08923168,0.05595890
6,1781860118.019056,1.21430223,1.28757658,1.11584518,0.65537136
6,1781860118.088850,1.13885230,1.19893609,1.11111160,0.39564314
6,1781860118.129935,1.52591532,1.59616946,1.81473406,-0.39671896
6,1781860118.181412,1.78571161,2.01025655,2.37459508,-0.37393702
6,1781860118.272489,1.02692821,1.42172190,1.60648594,0.56181297
6,1781860118.332278,-0.38501762,0.01349925,-0.08180928,1.32094454
6,1781860118.398508,-1.21975257,-0.98682850,-1.22899152,1.27082110
6,1781860118.485377,-0.98722931,-0.99588988,-1.24784615,0.65079707
6,1781860118.525020,-0.28810563,-0.55703963,-0.73226193,-0.25067152
6,1781860118.592549,0.19459274,-0.28446844,-0.27871977,-1.29682869
6,1781860118.673949,0.28545567,-0.23898176,-0.01332324,-2.00644842
6,1781860118.726703,0.06034649,-0.29440211,0.00457121,-1.74865535
6,1781860118.788627,-0.30038134,-0.37839544,-0.22226714,-0.62631271
6,1781860118.847347,-0.45402630,-0.33446076,-0.37785502,0.43590479
6,1781860118.944587,-0.21482909,-0.06034271,-0.18685268,0.75164340
6,1781860119.006508,0.13551624,0.23714060,0.12913062,0.56075557
6,1781860119.065509,0.18860575,0.25612871,0.16057033,0.43622989
6,1781860119.128371,-0.12314156,-0.03527074,-0.13710962,0.50745869
6,1781860119.190187,-0.58327067,-0.43320697,-0.48824442,0.54862961
6,1781860119.255785,-0.90110715,-0.68808143,-0.63012635,0.41480189
6,1781860119.314816,-0.78083751,-0.56997645,-0.41596504,0.15206841
6,1781860119.377634,-0.19082924,-0.06157903,0.09545230,-0.07431234
6,1781860119.466150,0.41947309,0.45895728,0.55401739,-0.14866125
6,1781860119.535853,0.65922449,0.64490327,0.72088728,-0.24155949
6,1781860119.598131,0.86633961,0.79546032,0.93033471,-0.55037510
6,1781860119.643820,1.49789967,1.36925162,1.49987678,-0.69353569
6,1781860119.683912,1.93211575,1.82854814,1.76768096,-0.11422032
6,1781860119.766296,1.04413482,1.05491730,0.79268495,0.73029347
6,1781860119.861331,-0.83373517,-0.75133397,-0.93242904,0.70483207
6,1781860119.932947,-1.94007420,-1.93013315,-1.84050886,-0.21314646
6,1781860119.996056,-1.51171871,-1.67428764,-1.54262400,-0.78704930
6,1781860120.043052,-0.73363478,-1.04930843,-1.21136521,-0.41091323
6,1781860120.106749,-0.74921830,-1.08598844,-1.49254127,0.18666325
6,1781860120.169017,-1.15770048,-1.31981573,-1.60718619,0.33504796
6,1781860120.256213,-1.10454955,-0.95407504,-0.90882245,0.28146047
6,1781860120.317084,-0.60513422,-0.20874812,0.03934780,0.39666469
6,1781860120.410962,-0.05984400,0.32444279,0.49533226,0.57082125
6,1781860120.498154,0.61791547,0.80546284,0.72784122,0.70930644
6,1781860120.537787,1.59176456,1.69962514,1.48527475,0.86188934
6,1781860120.606116,2.34370903,2.55723695,2.55533612,0.57625518
6,1781860120.662881,2.12787437,2.25571742,2.64165006,-0.69036961
6,1781860120.831491,1.04502800,0.71395971,1.17291804,-2.11325985
6,1781860120.908546,-0.01055827,-0.60276555,-0.47863508,-1.91614784
6,1781860120.969520,-0.45556923,-0.54411114,-0.66065963,0.07491541
6,1781860121.062970,-0.45843281,0.23507294,0.26588122,1.77266421
6,1781860121.126334,-0.36478259,0.40556344,0.60046106,1.53927982
6,1781860121.185779,-0.36313511,-0.28543980,-0.27015779,0.16695074
6,1781860121.231186,-0.69052413,-1.21572040,-1.47133635,-0.72110645
6,1781860121.279134,-1.52023052,-2.05047343,-2.23624846,-0.92142481
6,1781860121.375220,-2.45458486,-2.72475469,-2.57366138,-1.12684615
6,1781860121.464944,-2.50671580,-2.68824473,-2.43989318,-1.14989690
6,1781860121.530081,-1.01605358,-1.24105686,-1.39202589,-0.19803589
6,1781860121.592468,1.31031346,1.18396432,0.53032385,1.41046336
6,1781860121.637020,2.69014088,2.87084543,2.21567765,2.23589357
6,1781860121.697154,2.06328048,2.53755235,2.42583082,1.56748684
6,1781860121.760623,0.32685870,0.83273389,1.23808496,0.26889421
6,1781860121.867547,-0.74754724,-0.46327950,-0.00514756,-0.46507325
6,1781860121.960278,-0.50502865,-0.46253894,-0.24879700,-0.45808641
6,1781860121.986988,0.30858536,0.24873856,0.31040562,-0.32504015
6,1781860122.037719,0.85173347,0.78443901,0.86709533,-0.40110667
6,1781860122.082755,0.95304732,0.87483310,0.95388600,-0.42067731
6,1781860122.178149,0.76641243,0.63427318,0.57595841,-0.19747474
6,1781860122.265524,0.39679753,0.16684167,-0.01718947,-0.12284504
6,1781860122.331619,-0.07334359,-0.38652615,-0.48674883,-0.56965115
6,1781860122.395687,-0.53665416,-0.79689935,-0.66500125,-1.04895286
6,1781860122.485138,-0.88358764,-0.92222008,-0.70064919,-0.69602367
6,1781860122.528280,-1.00836993,-0.81556941,-0.76648428,0.38442748
6,1781860122.583239,-0.88132983,-0.62367765,-0.77836577,1.10297830
6,1781860122.667167,-0.63160737,-0.44604295,-0.59631854,0.89834595
6,1781860122.728129,-0.45298366,-0.30029023,-0.32602513,0.47728192
6,1781860122.792769,-0.40601892,-0.17157451,-0.19917707,0.70095530
6,1781860122.835166,-0.37220805,-0.06139960,-0.22366388,1.26543280
6,1781860122.927085,-0.21037338,0.01853763,-0.14133378,1.03996278
6,1781860122.991549,0.08047357,0.08709398,0.20851865,-0.30709247
6,1781860123.056888,0.36107112,0.17977629,0.60194332,-1.61421361
6,1781860123.142090,0.48634911,0.27143410,0.66074592,-1.61625985
6,1781860123.203163,0.43199351,0.28109859,0.33919489,-0.55903525
6,1781860123.245343,0.30370809,0.19733675,-0.01648960,0.28743381
6,1781860123.292209,0.21727057,0.11656819,-0.11941419,0.36186348
6,1781860123.376907,0.19316931,0.12260636,-0.00936791,0.16427052
6,1781860123.466189,0.23727952,0.23588006,0.20545282,0.07764709
6,1781860123.525357,0.44100110,0.46729372,0.54677310,-0.14227047
6,1781860123.581545,0.78725268,0.73604110,0.90033085,-0.57644931
6,1781860123.648702,0.93878661,0.77722760,0.88472745,-0.71971153
6,1781860123.692793,0.56740595,0.40816926,0.31637698,-0.18040853
6,1781860123.775294,-0.12556922,-0.13691761,-0.42553673,0.74167766
6,1781860123.866924,-0.59814224,-0.43973537,-0.79899919,1.38472885
6,1781860123.954760,-0.68329001,-0.45050959,-0.70002742,1.29011033
6,1781860124.000747,-0.74040167,-0.51604296,-0.48519765,0.51763331
6,1781860124.068864,-1.05942772,-0.85308677,-0.54861904,-0.26248154
6,1781860124.113015,-1.44597919,-1.24636874,-0.93364071,-0.30258073
6,1781860124.162440,-1.47645386,-1.31005010,-1.22736930,0.22395240
6,1781860124.262732,-0.94740791,-0.87536182,-0.90963900,0.28440646
6,1781860124.326955,-0.01847068,-0.08256875,0.04547837,-0.51397346
6,1781860124.398642,0.92623358,0.75716236,1.04511780,-1.22251083
6,1781860124.479238,1.49068631,1.30829526,1.47711760,-0.93946855
6,1781860124.530367,1.46183147,1.34387192,1.26098500,-0.09381655
6,1781860124.577213,0.93688258,0.89583169,0.72528401,0.34639385
6,1781860124.670455,0.28230145,0.27749007,0.19482574,0.20825057
6,1781860124.728460,-0.13864627,-0.15405092,-0.17849535,0.02418071
6,1781860124.793111,-0.27578296,-0.30181142,-0.39484384,0.17923036
6,1781860124.821911,-0.35825967,-0.34780661,-0.53605381,0.53150778
6,1781860124.915418,-0.51502901,-0.46434280,-0.61903105,0.54936073
6,1781860124.968233,-0.57916040,-0.57309477,-0.53503553,-0.08558042
6,1781860125.058694,-0.35601824,-0.43993753,-0.21754397,-0.81936310
6,1781860125.136933,0.05924315,-0.00990656,0.19723708,-0.73906327
6,1781860125.198757,0.36716193,0.43498797,0.46245262,0.10796360
6,1781860125.243339,0.42203585,0.58257447,0.46578941,0.74181932
6,1781860125.295615,0.35999450,0.47210257,0.33984076,0.65367042
6,1781860125.381427,0.28192865,0.31671817,0.23998491,0.29831479
6,1781860125.464411,0.00241555,0.06994427,0.05214997,0.22823244
6,1781860125.520634,-0.57939142,-0.40500058,-0.40802634,0.47457561
6,1781860125.596140,-1.04714714,-0.84546650,-0.90068527,0.68718599
6,1781860125.647440,-0.89300799,-0.80765667,-0.90092173,0.47778493
6,1781860125.697768,-0.25344228,-0.32448466,-0.33178662,-0.17050069
6,1781860125.769342,0.28745452,0.14790952,0.29270264,-0.76058238
6,1781860125.862572,0.49487160,0.36799332,0.55992442,-0.85279031
6,1781860125.935137,0.57326788,0.44939332,0.54995799,-0.60035752
6,1781860126.002814,0.60495239,0.45601674,0.46094033,-0.41156148
6,1781860126.043671,0.44555609,0.29052679,0.30657595,-0.45762162
6,1781860126.091024,0.13858411,-0.01017078,0.10966287,-0.71845345
6,1781860126.165917,-0.05220341,-0.20319134,-0.00001087,-0.94737296
6,1781860126.263741,-0.05949011,-0.13914904,-0.02065077,-0.53005510
6,1781860126.326765,-0.07442013,0.06599557,-0.10168881,0.82414381
6,1781860126.410295,-0.16061193,0.21685800,-0.23656745,2.22258060
6,1781860126.492275,-0.15953815,0.24435014,-0.23042089,2.35034541
6,1781860126.539365,-0.05408542,0.15215716,-0.07473230,1.15859459
6,1781860126.585015,-0.12823717,-0.11329527,-0.06089236,-0.10020529
6,1781860126.666726,-0.59197582,-0.57673340,-0.35790870,-0.54456678
6,1781860126.725892,-1.16884703,-1.02593920,-0.69701342,-0.49758357
6,1781860126.786314,-1.25800758,-1.07719832,-0.67378977,-0.59543581
6,1781860126.831989,-0.60088720,-0.58463802,-0.24542950,-0.86389115
6,1781860126.927112,0.33261622,0.11500925,0.24681832,-0.93466075
6,1781860126.992840,0.81712321,0.51916291,0.48214541,-0.69800170
6,1781860127.057194,0.65592940,0.46990641,0.42681847,-0.38234017
6,1781860127.125901,0.27978355,0.24267507,0.25121132,-0.12209609
6,1781860127.188788,0.17593295,0.20482071,0.16217454,0.19134773
6,1781860127.234951,0.44275415,0.46765251,0.27738455,0.57555320
6,1781860127.281042,0.77944868,0.78248616,0.46641354,0.85359475
6,1781860127.404381,0.76481927,0.76026372,0.38766887,0.98447652
6,1781860127.483020,0.30913504,0.32454444,-0.05985874,1.06946762
6,1781860127.539278,-0.15121665,-0.11241478,-0.43506542,0.96685740
6,1781860127.598757,-0.15956420,-0.13446985,-0.26444587,0.41480119
6,1781860127.652023,-0.02747260,-0.02895206,-0.02728561,-0.00582484
6,1781860127.730864,0.11824191,0.04436147,0.15649973,-0.34442483
6,1781860127.778259,0.53956779,0.37665994,0.44566491,-0.42940057
6,1781860127.855945,0.93089306,0.81742181,0.47592004,0.42221223
6,1781860127.951333,0.83447634,0.87114779,0.26407923,1.19192342
6,1781860128.006515,0.30175092,0.44602873,0.06909258,0.96505904
6,1781860128.031921,-0.02254940,0.11992974,0.17618875,0.15964175
6,1781860128.095043,0.19914059,0.32130518,0.53535779,-0.17013620
6,1781860128.168669,0.56912427,0.72413279,0.75120857,0.23687519
6,1781860128.267914,0.59781460,0.77423863,0.55105394,0.73989963
6,1781860128.322118,0.33230754,0.46373798,0.12773529,0.86548059
6,1781860128.380379,0.12881727,0.21034293,-0.13166301,0.78419425
6,1781860128.477439,0.10747953,0.17959783,-0.10614616,0.66260357
6,1781860128.523868,0.09596920,0.12553879,0.04103780,0.21120854
6,1781860128.586968,-0.01835793,-0.14090689,0.13934830,-0.74581613
6,1781860128.663601,-0.13533477,-0.46902209,0.12429053,-1.71639623
6,1781860128.723858,-0.18953218,-0.64501460,0.00259044,-2.04243286
6,1781860128.785352,-0.36280530,-0.72572564,-0.17048541,-1.70002960
6,1781860128.830319,-0.83240433,-0.92606670,-0.37643814,-1.19109192
6,1781860128.906081,-1.37996813,-1.26034067,-0.70663154,-0.80372839
6,1781860128.974292,-1.56110866,-1.45776614,-1.16917605,-0.34299704
6,1781860129.066188,-1.27328835,-1.24738426,-1.45360728,0.42979734
6,1781860129.128384,-0.82270870,-0.66475643,-1.23851452,1.35480582
6,1781860129.202227,-0.42005732,-0.06897416,-0.77549046,1.95820908
6,1781860129.245989,0.02611561,0.20806888,-0.62400405,1.87753062
6,1781860129.304791,0.59759504,0.30056268,-0.63150991,1.17581523
6,1781860129.382737,1.19342346,0.71460342,0.06781007,0.31101272
6,1781860129.467288,1.69719734,1.61305657,1.65564838,-0.23465301
6,1781860129.530100,2.03356000,2.43862531,3.05634593,-0.39374411
6,1781860129.589010,2.02757217,2.49756788,3.23865552,-0.50194303
6,1781860129.640950,1.47373317,1.69425381,2.30389159,-0.72047380
6,1781860129.682111,0.46164143,0.50420499,0.91374567,-0.67948025
6,1781860129.782273,-0.55738085,-0.54125606,-0.50589356,-0.03561975
6,1781860129.867402,-1.17230981,-1.18435463,-1.60974971,0.76534290
6,1781860129.959359,-1.33783175,-1.43037019,-1.96389126,0.81650590
6,1781860129.989929,-1.22585508,-1.39322763,-1.53622277,-0.04513624
6,1781860130.042856,-0.99035779,-1.20781120,-0.94533346,-0.88862141
6,1781860130.082697,-0.76511486,-1.02743108,-0.79116039,-0.92316368
6,1781860130.160587,-0.61985545,-0.92819862,-0.90392972,-0.61585126
6,1781860130.274793,-0.43421144,-0.77746165,-0.64825537,-0.87478164
6,1781860130.326957,-0.06422724,-0.38154230,0.08644209,-1.45402925
6,1781860130.393059,0.35647084,0.19693872,0.70135902,-1.22934790
6,1781860130.481874,0.54562929,0.66451328,0.78097971,0.00447627
6,1781860130.542725,0.47001683,0.85722051,0.60481666,1.18427186
6,1781860130.605602,0.34975281,0.86795905,0.56651116,1.51763900
6,1781860130.669011,0.29860502,0.80507905,0.60943934,1.30000590
6,1781860130.735278,0.19324802,0.63512027,0.46710205,1.12924893
6,1781860130.798302,-0.08337369,0.31018319,0.06756823,1.17791048
6,1781860130.843395,-0.41750179,-0.09711111,-0.44140777,1.23070864
6,1781860130.918655,-0.56379031,-0.43919904,-0.80342019,0.90506566
6,1781860130.977775,-0.44199850,-0.60755082,-0.79340275,0.03758595
6,1781860131.054318,-0.22924680,-0.59677854,-0.47924072,-0.89813551
6,1781860131.116736,-0.09812355,-0.50408174,-0.26399884,-1.19618399
6,1781860131.190790,0.02023676,-0.44039244,-0.40846353,-0.91200102
6,1781860131.257170,0.28524555,-0.39388782,-0.59758029,-0.88030747
6,1781860131.303449,0.64729456,-0.22287948,-0.30524772,-1.45866990
6,1781860131.368734,0.86810833,0.16536660,0.45911826,-1.84506753
6,1781860131.460659,0.83022089,0.67141203,1.15419743,-1.18795041
6,1781860131.524720,0.68601846,1.08597062,1.44265901,0.08010546
6,1781860131.586090,0.65147102,1.28251159,1.49196371,0.78059644
6,1781860131.634816,0.71453855,1.27827168,1.50301641,0.62765745
6,1781860131.702230,0.60390997,1.10914801,1.35859279,0.47361663
6,1781860131.778502,0.06301824,0.69125526,0.84208837,0.88394208
6,1781860131.869729,-0.88671636,-0.15208222,-0.11556975,1.29261434
6,1781860131.960979,-1.98033827,-1.46341631,-1.46064582,0.95198241
6,1781860132.016740,-2.83752472,-2.84819942,-2.92320587,0.11911413
6,1781860132.038478,-2.93362960,-3.45468097,-3.80975254,-0.30732159
6,1781860132.081074,-1.80506467,-2.58020990,-3.35287503,-0.00459206
6,1781860132.169213,0.29285202,-0.48944917,-1.55728667,0.52868768
6,1781860132.276558,2.21427583,1.61910326,0.61870797,0.75029427
6,1781860132.338527,2.90642183,2.67377178,2.13962470,0.55823991
6,1781860132.402401,2.32677540,2.50179104,2.62863201,0.08919831
6,1781860132.475816,1.02497175,1.45106807,2.17800958,-0.55703302
6,1781860132.521411,-0.60097440,-0.12150464,1.05243777,-1.28585794
6,1781860132.564920,-2.05844734,-1.59328281,-0.16064984,-1.79132609
6,1781860132.661144,-2.49978372,-2.04315516,-0.71569395,-1.61239910
6,1781860132.721492,-1.52273896,-1.13189339,-0.36082338,-0.70400844
6,1781860132.803383,0.24224979,0.45422081,0.52592686,0.25970905
6,1781860132.846790,1.83149170,1.78215699,1.38489424,0.64420975
6,1781860132.923984,2.68340741,2.33599319,1.63596859,0.65287934
6,1781860132.986946,2.51917230,1.87071433,0.82651692,0.73273541
6,1781860133.071166,1.35975724,0.48444535,-0.71003573,0.59096099
6,1781860133.133105,-0.09235008,-1.03601093,-1.83757699,-0.26309705
6,1781860133.190874,-0.89313116,-1.75376416,-1.91231495,-1.29994750
6,1781860133.239800,-0.89725859,-1.56411386,-1.48926379,-1.37331210
6,1781860133.282004,-0.74366989,-1.04851480,-1.19848328,-0.28676305
6,1781860133.379033,-0.82353565,-0.53852846,-0.78642853,0.98670989
6,1781860133.475454,-0.93173741,0.01452166,0.05088091,1.68473434
6,1781860133.534924,-0.88440626,0.47919609,0.78538313,1.95786815
6,1781860133.590877,-0.79997089,0.56523295,0.83894844,2.02095643
6,1781860133.659428,-0.74551420,0.31614584,0.54360051,1.54458149
6,1781860133.700863,-0.62547758,0.06072241,0.52750531,0.40626397
6,1781860133.771105,-0.41794808,-0.05602974,0.69199669,-0.71490239
6,1781860133.862193,-0.15797205,-0.12930568,0.53226382,-1.17185824
6,1781860133.955999,0.22183228,-0.18243784,0.07479586,-1.22481419
6,1781860134.006534,0.72863920,-0.12097041,-0.18430056,-1.45584379
6,1781860134.046526,1.09617071,0.02620263,-0.07829169,-1.78763282
6,1781860134.106184,1.01380265,0.06806693,0.05556450,-1.72793765
6,1781860134.165129,0.53544196,-0.08721213,-0.02588900,-1.26642499
6,1781860134.261481,0.05165897,-0.27895487,-0.15240983,-0.84645721
6,1781860134.336140,-0.17155828,-0.30081782,-0.13074607,-0.55422992
6,1781860134.397767,-0.26171414,-0.18862760,-0.08684715,-0.05312849
6,1781860134.493713,-0.45069635,-0.15816820,-0.20453776,0.62748953
6,1781860134.543638,-0.64623046,-0.24463380,-0.38812061,1.00925488
6,1781860134.607985,-0.49471187,-0.18020361,-0.41504444,1.01715294
6,1781860134.663976,0.13863830,0.26253439,-0.24337773,1.16612786
6,1781860134.728641,0.95897728,0.95053964,0.02307522,1.70163346
6,1781860134.793490,1.55273746,1.51544184,0.31477878,2.15404488
6,1781860134.853419,1.68723229,1.63174142,0.53398919,1.92980970
6,1781860134.918856,1.25856144,1.12448322,0.46678373,0.96951633
6,1781860134.975204,0.28220877,0.10084463,0.05016839,-0.24197650
6,1781860135.055449,-0.88923378,-0.92219062,-0.38309550,-1.05918865
6,1781860135.118898,-1.65495048,-1.36374215,-0.46253522,-1.12944914
6,1781860135.202160,-1.71022441,-1.18401709,-0.26736731,-0.72292772
6,1781860135.245261,-1.30448678,-0.84675825,-0.10989894,-0.51682744
6,1781860135.308745,-0.85297833,-0.66696669,-0.02646598,-0.84151390
6,1781860135.371704,-0.54054571,-0.57114257,0.11036869,-1.31851106
6,1781860135.461772,-0.37647380,-0.48066892,0.18535997,-1.42611613
6,1781860135.522785,-0.34399569,-0.48544320,-0.00719339,-1.14740694
6,1781860135.580959,-0.35156376,-0.56993719,-0.33906848,-0.83179887
6,1781860135.643817,-0.22411483,-0.51376086,-0.45494933,-0.64519017
6,1781860135.692503,0.12795479,-0.15407290,-0.22964496,-0.38226503
6,1781860135.770389,0.60601834,0.43976088,0.15362310,0.22196563
6,1781860135.863192,1.01814317,1.04419662,0.48985661,1.07463346
6,1781860135.957088,1.21243390,1.40674752,0.67939567,1.70651912
6,1781860136.002945,1.14153134,1.37489297,0.67336623,1.73100215
6,1781860136.048865,0.86722747,1.01855617,0.51229111,1.21757446
6,1781860136.091749,0.48947665,0.56225128,0.30881555,0.60399813
6,1781860136.174356,0.08056195,0.16310691,0.04953351,0.36312497
6,1781860136.262820,-0.25857217,-0.16414568,-0.36983705,0.55568627
6,1781860136.324814,-0.37777124,-0.44617058,-0.81037333,0.54769783
6,1781860136.385192,-0.26328229,-0.69753658,-0.95019175,-0.33624171
6,1781860136.477243,-0.13720824,-0.90203948,-0.78585663,-1.63125069
6,1781860136.523915,-0.18680946,-0.93504009,-0.62004151,-1.96863292
6,1781860136.569664,-0.30057211,-0.63322908,-0.46619165,-0.92521429
6,1781860136.668887,-0.26141084,-0.07978203,-0.01712443,0.22028236
6,1781860136.723895,-0.10142312,0.35555425,0.68378137,0.23838883
6,1781860136.795750,-0.06774108,0.43161219,1.11998500,-0.34998104
6,1781860136.851430,-0.27352697,0.29946081,1.01641563,-0.26656366
6,1781860136.910730,-0.55398672,0.18275571,0.64862274,0.50154212
6,1781860136.974751,-0.70788972,0.02239938,0.25996155,0.91231360
6,1781860137.066171,-0.73955268,-0.34018213,-0.28139049,0.63060237
6,1781860137.128573,-0.73283406,-0.78868555,-0.95967729,0.21318911
6,1781860137.192382,-0.58448888,-0.96273345,-1.27297674,-0.12590846
6,1781860137.251325,-0.08781529,-0.62997771,-0.84986578,-0.59671037
6,1781860137.298891,0.68762281,0.06729728,-0.04487204,-0.94088182
6,1781860137.365686,1.29759788,0.71738477,0.48688347,-0.64751250
6,1781860137.473719,1.33623194,0.96968183,0.54603364,0.10572054
6,1781860137.529044,0.86196088,0.79804270,0.39810031,0.62216904
6,1781860137.593051,0.29353368,0.45751960,0.27644795,0.63889491
6,1781860137.659798,-0.05914340,0.19385894,0.19267697,0.47063756
6,1781860137.706597,-0.22201650,0.03620414,0.10200708,0.35627297
6,1781860137.758318,-0.34744084,-0.11943612,0.01105290,0.18055618
6,1781860137.866803,-0.45103333,-0.29277773,-0.05455147,-0.14807050
6,1781860137.960851,-0.42159056,-0.36159193,-0.08009270,-0.41012169
6,1781860137.999413,-0.20323310,-0.22991904,-0.06546834,-0.35390099
6,1781860138.078777,0.01707959,0.00092113,-0.00068943,-0.03662463
6,1781860138.126114,0.25991469,0.13573732,0.10728540,-0.24099097
6,1781860138.191998,0.51843132,0.26527322,0.17442493,-0.40861859
6,1781860138.253673,0.29363780,0.12944499,-0.09818898,0.15971456
6,1781860138.343436,-0.29734135,-0.17589270,-0.57865885,1.31972262
6,1781860138.397663,-0.72381327,-0.41043423,-0.85702967,1.91325298
6,1781860138.474237,-0.62157768,-0.42970307,-0.68371269,1.12252364
6,1781860138.525670,-0.24308760,-0.31151031,-0.27401512,-0.26665070
6,1781860138.567486,-0.06428969,-0.23233500,-0.01677417,-0.96573716
6,1781860138.667229,-0.16613892,-0.25791836,-0.01431598,-0.84433132
6,1781860138.731581,-0.27086496,-0.28766788,-0.06579567,-0.60087005
6,1781860138.780944,-0.19321423,-0.19843697,0.00922090,-0.53593174
6,1781860138.862576,0.01062168,0.00771286,0.19324731,-0.47441020
6,1781860138.937656,0.24426975,0.23743480,0.37713368,-0.36890221
6,1781860138.984690,0.48336568,0.42124290,0.49430845,-0.34033968
6,1781860139.063437,0.66588972,0.51511840,0.50557903,-0.35555465
6,1781860139.122034,0.64252276,0.46389655,0.37098043,-0.21577712
6,1781860139.184845,0.36337854,0.28955285,0.14467030,0.17888724
6,1781860139.247421,0.05598453,0.16578210,0.01955779,0.64454086
6,1781860139.295929,0.03893373,0.24671863,0.12122169,0.83904461
6,1781860139.370104,0.30004488,0.42717116,0.28376351,0.68107530
6,1781860139.481883,0.47221128,0.46687000,0.25025398,0.53188894
6,1781860139.525157,0.38157355,0.38036360,0.12159486,0.64841009
6,1781860139.589809,0.29727642,0.39173827,0.22913184,0.64717519
6,1781860139.651176,0.33560553,0.38580011,0.41130711,0.06215152
6,1781860139.699838,0.07702893,-0.11599244,0.01502122,-0.81576551
6,1781860139.766745,-0.75259251,-1.13917289,-1.01377952,-1.28890549
6,1781860139.870780,-1.71775538,-1.95802797,-1.76906512,-1.08060994
6,1781860139.963922,-2.20831725,-1.99081609,-1.59248666,-0.45523929
6,1781860140.022809,-2.00609819,-1.45219070,-0.85472958,-0.10964726
6,1781860140.094175,-1.17859754,-0.80555690,-0.15868964,-0.68936469
6,1781860140.136016,-0.04739540,-0.15372506,0.35128134,-1.53905238
6,1781860140.193598,0.81435015,0.52485506,0.63217330,-0.99898655
6,1781860140.259707,1.11078268,1.00689165,0.53899065,0.91640332
6,1781860140.339094,1.09299664,1.00832627,0.16736843,1.90397082
6,1781860140.401955,1.04161702,0.63498252,-0.08699789,0.79389046
6,1781860140.487846,1.01645648,0.49766438,0.18813823,-0.52683174
6,1781860140.536232,1.17260522,1.11489325,1.10684179,-0.12502149
6,1781860140.579499,1.57247677,2.07418570,2.12958981,1.12358250
6,1781860140.662342,1.69131865,2.22926849,2.24954860,1.30324528
6,1781860140.727646,0.92776250,1.07858215,1.08483324,0.36395461
6,1781860140.800876,-0.38813018,-0.50372509,-0.47760584,-0.35676863
6,1781860140.860674,-1.25332049,-1.32755378,-1.26258639,-0.35044087
6,1781860140.950930,-1.26693629,-1.23985375,-1.13151276,-0.20457001
6,1781860141.016918,-0.96733931,-0.95172185,-0.82722858,-0.27409732
6,1781860141.059762,-0.87693207,-0.90074217,-0.80205035,-0.30840137
6,1781860141.126336,-0.91967311,-0.92903289,-0.86318842,-0.18932843
6,1781860141.183548,-0.99231372,-1.00624024,-0.97713575,-0.10833154
6,1781860141.265515,-1.36774324,-1.48811272,-1.58538496,-0.05814784
6,1781860141.310211,-1.93992884,-2.20462837,-2.50290316,0.08452649
6,1781860141.384232,-1.71462247,-2.00382032,-2.28943138,-0.00902982
6,1781860141.473373,-0.05016412,-0.19159866,-0.00954153,-0.81439759
6,1781860141.535176,2.02995488,2.06078244,2.87292259,-1.96697210
6,1781860141.598922,2.98275842,3.04500430,4.02671342,-2.31476949
6,1781860141.660969,2.81820879,2.82777989,3.33019617,-1.24074893
6,1781860141.728097,2.56574336,2.61619028,2.45104410,0.54276051
6,1781860141.793414,2.08433587,2.25614161,1.71528318,1.79414817
6,1781860141.868966,0.34054903,0.53889947,-0.07057542,2.03371852
6,1781860141.959856,-2.14912151,-2.03081566,-2.58618566,1.69599423
6,1781860142.023450,-3.25239114,-3.16810947,-3.55369840,1.18290988
6,1781860142.082908,-2.10095774,-2.00340106,-2.07727358,0.43157691
6,1781860142.128317,-0.28010833,-0.26137137,-0.08814219,-0.38893767
6,1781860142.177523,0.46564440,0.34476176,0.46849631,-0.61582933
6,1781860142.274991,0.23972711,0.09371250,-0.00557681,-0.11763200
6,1781860142.331397,0.09394440,0.04414541,-0.09490091,0.22468217
6,1781860142.391472,0.34646296,0.35624646,0.46730878,-0.25497172
6,1781860142.494439,0.52241541,0.50141787,0.88934944,-1.02948826
6,1781860142.534844,0.26444438,0.20253901,0.61567489,-1.19592709
6,1781860142.598090,-0.28635970,-0.36093575,-0.18566723,-0.62898936
6,1781860142.654097,-0.76086923,-0.84364554,-0.94554750,0.04814922
6,1781860142.722500,-0.92236628,-0.99780041,-1.14698478,0.18566792
6,1781860142.795129,-0.80225648,-0.82525830,-0.74159669,-0.26852760
6,1781860142.857641,-0.53149387,-0.48067539,-0.18175373,-0.62460537
6,1781860142.929766,-0.08932952,-0.00006462,0.17394613,-0.21334959
6,1781860142.996785,0.60842179,0.66753727,0.46672936,0.65436301
6,1781860143.055287,1.34822146,1.31403421,0.84436219,1.09634276
6,1781860143.117537,1.66732702,1.52765362,1.02265135,0.91972369
6,1781860143.194709,1.47862661,1.29665209,0.88146738,0.58711190
6,1781860143.258769,1.27254125,1.12208297,0.91513192,0.14222183
6,1781860143.305639,1.28311412,1.15957089,1.30308780,-0.67232995
6,1781860143.377498,0.90200760,0.77561532,1.19454104,-1.37285042
6,1781860143.472453,-0.37677360,-0.43010673,-0.04414826,-1.10592654
6,1781860143.522674,-1.84591636,-1.70584579,-1.51682114,-0.12324298
6,1781860143.586015,-2.35293393,-2.06403245,-1.90920213,0.33752718
6,1781860143.651384,-1.88502402,-1.63277545,-1.32317545,-0.14438353
6,1781860143.693822,-1.40005941,-1.23840850,-0.83558580,-0.60715546
6,1781860143.757024,-1.30726089,-1.10199646,-0.79289256,-0.26141820
6,1781860143.859950,-1.09485582,-0.80057642,-0.67107831,0.41484063
6,1781860143.957249,-0.36177820,-0.16004268,-0.21107244,0.63634230
6,1781860144.002436,0.60019054,0.54678954,0.27327808,0.55413308
6,1781860144.051898,1.28753752,1.06647023,0.53115615,0.79112341
6,1781860144.111252,1.52785362,1.32509188,0.65496479,1.17660284
6,1781860144.177010,1.45010309,1.28006487,0.75302184,0.89876767
6,1781860144.269871,1.19784252,0.94554091,0.75009155,-0.14312683
6,1781860144.326462,0.83613802,0.49372528,0.58623625,-1.09493028
6,1781860144.389041,0.44755190,0.13963198,0.36450495,-1.34131813
6,1781860144.484732,0.14111489,-0.06217919,0.19429796,-1.15748447
6,1781860144.548403,-0.04950293,-0.21087091,0.06118710,-1.09115976
6,1781860144.588485,-0.17238118,-0.35255208,-0.06403272,-1.17993834
6,1781860144.670235,-0.28198812,-0.38801708,-0.15037757,-0.86519316
6,1781860144.732935,-0.43173914,-0.25681949,-0.21031851,0.32329690
6,1781860144.793815,-0.63628426,-0.09458905,-0.30084940,1.88299503
6,1781860144.852730,-0.73502507,-0.04905856,-0.33691571,2.45162307
6,1781860144.945264,-0.49724031,-0.05111445,-0.13440694,1.33282267
6,1781860145.009010,-0.04259287,0.01342385,0.20816458,-0.34924084
6,1781860145.071690,0.15390315,0.02654257,0.27182081,-0.93812667
6,1781860145.131898,-0.06267632,-0.18518820,-0.09252369,-0.54171140
6,1781860145.193308,-0.25399298,-0.49005022,-0.47110927,-0.64196368
6,1781860145.256642,-0.09302417,-0.56248752,-0.46417126,-1.42939799
6,1781860145.314703,0.15309446,-0.31240939,-0.20048674,-1.45368431
6,1781860145.377477,0.16465365,0.03026876,-0.01428423,-0.22615383
6,1781860145.467493,0.05515698,0.22165904,0.02333162,0.91846646
6,1781860145.530327,0.00088507,0.21805630,0.00080309,1.09367336
6,1781860145.592414,-0.07853455,0.13923567,-0.05460906,1.03624991
6,1781860145.662829,-0.17377775,0.15498681,-0.05412340,1.35411189
6,1781860145.700089,-0.02791406,0.33615890,0.17363185,1.32572746
6,1781860145.757329,0.38353545,0.53652699,0.56363578,0.31691267
6,1781860145.856555,0.64818173,0.54071894,0.78121815,-0.87600221
6,1781860145.959914,0.46880559,0.34054476,0.67043233,-1.15339896
6,1781860146.011776,0.06125573,0.06203897,0.38697429,-0.81606022
6,1781860146.054312,-0.24427717,-0.31801607,-0.01729686,-0.94270676
6,1781860146.102522,-0.44250579,-0.85185228,-0.65847625,-1.51736760
6,1781860146.146416,-0.61790459,-1.28665993,-1.32295839,-1.59222452
6,1781860146.277222,-0.61641904,-1.24818379,-1.45603342,-1.06721591
6,1781860146.340668,-0.27986989,-0.72285682,-0.87527749,-0.73150714
6,1781860146.396166,0.22890354,-0.02529220,-0.04673070,-0.58597162
6,1781860146.488765,0.58686971,0.60950939,0.50621685,0.31703722
6,1781860146.538324,0.64163045,1.09111305,0.69556906,2.12737356
6,1781860146.584533,0.47473401,1.28657382,0.71537555,3.48182966
6,1781860146.661287,0.29751468,1.11566073,0.74503414,2.99276200
6,1781860146.719655,0.31792318,0.77965670,0.86479050,0.94809830
6,1781860146.798961,0.53938648,0.60914886,1.02479127,-0.87076080
6,1781860146.857966,0.66041720,0.61641633,1.02055023,-1.12818941
6,1781860146.936429,0.32946214,0.40114817,0.60498617,-0.33269556
6,1781860146.981928,-0.42382783,-0.30760038,-0.24902411,0.14513814
6,1781860147.056915,-1.13765951,-1.16197118,-1.14428909,-0.10572025
6,1781860147.121976,-1.41899132,-1.57024990,-1.49482468,-0.57068162
6,1781860147.198291,-1.32820832,-1.44067695,-1.15806459,-0.99462532
6,1781860147.257619,-1.06803534,-1.12145246,-0.62916553,-1.37382229
6,1781860147.303353,-0.57459734,-0.74539779,-0.38169477,-1.34562457
6,1781860147.358444,0.21586936,-0.18020377,-0.30469184,-0.68372153
6,1781860147.462357,0.98073567,0.47268656,-0.05611783,0.05225190
6,1781860147.518847,1.30991279,0.85532673,0.33708012,0.16026692
6,1781860147.583587,1.14473651,0.76484879,0.50730249,-0.30799730
6,1781860147.644703,0.64481161,0.27156666,0.20847857,-0.78082691
6,1781860147.710904,-0.00671267,-0.34775340,-0.34227088,-0.87238012
6,1781860147.757613,-0.45646730,-0.60380109,-0.55117639,-0.50340001
6,1781860147.862098,-0.34198341,-0.15282516,-0.06276617,0.24948462
6,1781860147.953357,0.16257309,0.64292405,0.70329469,1.05730996
6,1781860148.015968,0.42605592,1.00056258,1.00523771,1.43456378
6,1781860148.074786,0.15949381,0.70076471,0.73672810,1.27212309
6,1781860148.117051,-0.27868637,0.26559310,0.40463576,1.02019286
6,1781860148.154758,-0.46063682,0.10187272,0.23270542,1.08675622
6,1781860148.264741,-0.36728773,0.07301541,0.00175049,1.28788419
6,1781860148.330288,-0.20427907,-0.00396615,-0.24467211,1.11027501
6,1781860148.398751,-0.07835238,-0.05069239,-0.16053542,0.34616695
6,1781860148.508880,0.02632963,0.01940130,0.03412143,-0.02185319
6,1781860148.556316,-0.24841147,0.11720983,-0.44027788,0.93183867
6,1781860148.606976,-0.23414702,0.35845265,-0.69465925,1.66127471
6,1781860148.662810,0.50605688,0.69932053,-0.02924182,0.93054352
6,1781860148.729735,0.85196341,0.94468102,0.29578848,0.74862340
6,1781860148.788698,0.43047064,0.94999148,-0.13327686,1.61794642
6,1781860148.851880,0.01480468,0.70371614,-0.39809743,1.80765955
6,1781860148.910445,0.00078897,0.27465614,-0.06483795,0.61916168
6,1781860148.977144,-0.01617459,-0.15433908,0.25926010,-0.55698158
6,1781860149.069806,-0.22390219,-0.37084217,0.21279164,-0.73748267
6,1781860149.128477,-0.31139391,-0.37346366,0.13002762,-0.57090941
6,1781860149.192304,-0.16568349,-0.38072762,0.15249231,-0.75534024
6,1781860149.255757,-0.07753536,-0.54938323,-0.00067239,-1.03020991
6,1781860149.316752,-0.21423506,-0.79232555,-0.26734165,-1.11350594
6,1781860149.377586,-0.32080546,-0.88323016,-0.19020592,-1.26732147
6,1781860149.473135,-0.09290769,-0.69565288,0.18014167,-1.49252199
6,1781860149.515757,0.31333024,-0.33893755,0.20967879,-1.21224064
6,1781860149.582147,0.40784493,-0.01453730,-0.23165365,-0.20720704
6,1781860149.648125,0.03730770,0.24326489,-0.49382499,0.95196527
6,1781860149.686889,-0.42409392,0.52170845,-0.24894656,1.73268955
6,1781860149.753335,-0.64034138,0.75402227,0.05371764,2.11447712
6,1781860149.864147,-0.59068373,0.77522664,0.13082965,2.02931842
6,1781860149.955666,-0.23292959,0.65317377,0.31348432,1.23738488
6,1781860150.003722,0.46799553,0.60753210,0.71482567,0.03254791
6,1781860150.068322,1.11813696,0.59083796,0.82894104,-0.77264033
6,1781860150.118642,1.17858457,0.36891485,0.37414608,-0.82260729
6,1781860150.161453,0.72964681,0.03062320,-0.14286624,-0.53050403
6,1781860150.265866,0.36640169,-0.06787420,-0.14381527,-0.36172351
6,1781860150.328628,0.32299766,0.06585298,0.19020153,-0.38510093
6,1781860150.394658,0.22246880,-0.02514382,0.21977086,-0.49718502
6,1781860150.478182,-0.24398873,-0.55195031,-0.26293879,-0.60261855
6,1781860150.541078,-0.82422691,-1.11204601,-0.80505513,-0.60043498
6,1781860150.602416,-1.07562163,-1.23042344,-0.89400455,-0.49586608
6,1781860150.666125,-0.94898092,-0.95838732,-0.51604078,-0.45602508
6,1781860150.731075,-0.74423454,-0.67445922,-0.05007126,-0.55985750
6,1781860150.792544,-0.61953570,-0.49987251,0.19673950,-0.58240491
6,1781860150.855711,-0.42298939,-0.21954637,0.20896604,-0.22719782
6,1781860150.926850,-0.03139571,0.28151786,0.13468262,0.46409657
6,1781860150.996530,0.34651353,0.78840258,0.06709264,1.17419912
6,1781860151.056680,0.39723102,1.02833061,-0.00910195,1.68431111
6,1781860151.134362,0.24214431,0.97677537,-0.02117813,1.74896924
6,1781860151.195873,0.41770482,0.78069091,0.22587383,0.92648265
6,1781860151.247336,1.00788035,0.51903005,0.58402792,-0.55908580
6,1781860151.290251,1.21260459,0.18102731,0.43105829,-1.29372816
6,1781860151.348337,0.41647020,-0.18845456,-0.41318566,-0.38378907
6,1781860151.456427,-0.69629689,-0.43556551,-1.06629194,0.89988814
6,1781860151.522851,-0.90931698,-0.38723550,-0.59344965,0.73518297
6,1781860151.601046,-0.03946319,-0.00130929,0.75712333,-0.72709024
6,1781860151.657446,1.01037423,0.49397256,1.89786133,-1.93845023
6,1781860151.704489,1.37515246,0.64550650,2.03393468,-2.13810432
6,1781860151.754682,0.80877250,0.17131337,1.12075161,-1.60190433
6,1781860151.854232,-0.34580151,-0.61958712,-0.25832764,-0.64105059
6,1781860151.947030,-1.28310213,-1.04582855,-1.24370951,0.43926971
6,1781860152.013017,-1.31660508,-0.81689489,-1.36770945,1.06045935
6,1781860152.047845,-0.64824969,-0.32246625,-0.97290366,0.98545277
6,1781860152.089403,-0.16990959,-0.04650399,-0.74473040,0.82940200
6,1781860152.158548,-0.36423534,-0.02075355,-0.89526453,1.22951109
6,1781860152.269644,-0.77902870,-0.03156055,-0.97360384,1.70548880
6,1781860152.319517,-0.73093064,-0.02281663,-0.50370357,1.20024509
6,1781860152.382032,-0.15573370,-0.01244709,0.32177166,-0.19273776
6,1781860152.477203,0.52165015,0.13516153,0.88254212,-1.14459196
6,1781860152.520739,1.01790553,0.49702238,0.98921536,-1.02265657
6,1781860152.591159,1.26715746,0.78387082,0.92218093,-0.62747506
6,1781860152.663716,1.14962624,0.61907789,0.69258349,-0.60976636
6,1781860152.721901,0.61171478,0.08101058,0.08647934,-0.54124344
6,1781860152.784634,-0.08288071,-0.36383244,-0.57512394,-0.07031899
6,1781860152.850475,-0.51690376,-0.42053525,-0.59268015,0.27105268
6,1781860152.922170,-0.49311667,-0.18936886,0.09762773,0.01690963
6,1781860152.987243,-0.19371476,0.06112882,0.74062176,-0.42866519
6,1781860153.060519,-0.00600994,0.12012491,0.72567459,-0.48394855
6,1781860153.125584,-0.13676865,-0.03882839,0.27266791,-0.21557559
6,1781860153.200071,-0.39774029,-0.21175791,-0.00397287,-0.02200886
6,1781860153.263784,-0.45609548,-0.16751037,0.09062664,0.03073606
6,1781860153.304382,-0.23669603,0.05838682,0.21513592,0.13964193
6,1781860153.384019,0.03995263,0.20415923,0.06918025,0.30201490
6,1781860153.463224,0.12834250,0.09414764,-0.25165210,0.31455166
6,1781860153.520146,-0.06142162,-0.22439575,-0.54890853,0.16306628
6,1781860153.593025,-0.40085628,-0.58774118,-0.82453255,0.05037843
6,1781860153.654989,-0.47630270,-0.77825826,-1.05856348,-0.02185509
6,1781860153.716401,0.14913677,-0.54020228,-0.97946609,-0.25244015
6,1781860153.777883,1.23407048,0.20240535,-0.43590778,-0.39707184
6,1781860153.860253,1.76978272,1.10185961,0.21057378,0.22547500
6,1781860153.953310,1.19137479,1.62108505,0.53684625,1.52826615
6,1781860153.994977,0.24704885,1.56478689,0.71445505,2.18857285
6,1781860154.069295,-0.10305470,1.11536578,1.15396189,1.19098172
6,1781860154.092692,-0.09894403,0.38608678,1.66281070,-0.79917998
6,1781860154.155747,-0.58714603,-0.64252384,1.55920026,-2.27844685
6,1781860154.258726,-1.52970708,-1.68672403,0.60665312,-2.47356697
6,1781860154.321507,-1.99636373,-2.11135370,-0.59573999,-1.64602396
6,1781860154.398131,-1.40523322,-1.59538644,-1.27807157,-0.51226709
6,1781860154.499895,-0.21044609,-0.62229630,-1.32705894,0.29568246
6,1781860154.523439,0.59983307,-0.01823482,-1.19987840,0.56890530
6,1781860154.591902,0.51217235,-0.08108312,-1.13919156,0.46924898
6,1781860154.664771,-0.01347293,-0.37639436,-0.91150660,0.17381918
6,1781860154.728757,-0.12744903,-0.32315195,-0.36832312,-0.15195531
6,1781860154.779645,0.40533877,0.22708702,0.21792910,-0.17069291
6,1781860154.849563,1.07404095,0.98565939,0.58974909,0.31043697
6,1781860154.927856,1.33217872,1.57871694,0.83870619,0.99587855
6,1781860154.976187,0.97841063,1.73025086,0.99566271,1.50048523
6,1781860155.068231,0.10775436,1.25054568,0.80508443,1.60327234
6,1781860155.128331,-0.73740342,0.24529084,0.36723935,0.86888565
6,1781860155.194553,-0.76255283,-0.62463567,0.35336707,-0.84803009
6,1781860155.252752,0.11332017,-0.59430735,0.96938257,-2.29279681
6,1781860155.309401,0.96158012,0.26458240,1.43586557,-1.88594884
6,1781860155.347092,1.04242687,0.99900041,1.13725926,-0.18340347
6,1781860155.465629,0.66206335,0.90750338,0.48207540,0.67721229
6,1781860155.531859,0.35300217,0.25242252,0.02749383,0.12552498
6,1781860155.590921,-0.00573125,-0.37708972,-0.38130870,-0.37061145
6,1781860155.646528,-0.70591135,-0.85334051,-1.05807775,0.05785003
6,1781860155.715091,-1.56017087,-1.34740740,-1.86149106,0.73372078
6,1781860155.758830,-2.19503097,-1.87670380,-2.46635013,0.91656002
6,1781860155.869021,-2.45897477,-2.31996717,-2.57146713,0.39420050
6,1781860155.963661,-2.28636815,-2.48550434,-1.89988392,-0.79217788
6,1781860156.019942,-1.57261150,-2.04123914,-0.71015920,-1.81672704
6,1781860156.082544,-0.35173277,-0.85615305,0.05420032,-1.42815288
6,1781860156.145678,1.10365880,0.58553812,-0.03234481,0.10070569
6,1781860156.196633,2.44360305,1.69526659,0.03448221,0.92107674
6,1781860156.275616,3.44258199,2.58523934,1.44745322,0.28309556
6,1781860156.326425,3.92566710,3.60037946,3.69708104,-0.42597987
6,1781860156.402663,3.52064451,4.19537273,4.82599995,0.04451804
6,1781860156.501454,1.93447595,3.31708689,3.63991711,1.06980284
6,1781860156.547550,-0.27616555,1.06908823,1.04476035,1.38253350
6,1781860156.608601,-1.87843505,-1.03761842,-1.09379171,0.90547257
6,1781860156.656905,-2.35498078,-1.90556173,-1.96590478,0.51458281
6,1781860156.723458,-2.33484206,-1.97839392,-2.10584463,0.48847498
6,1781860156.804171,-2.28519519,-2.08473913,-2.02678272,0.14384723
6,1781860156.867044,-1.86668732,-2.17355270,-1.62260368,-0.86592656
6,1781860156.945002,-0.95002836,-1.82621955,-0.91870930,-1.80056954
6,1781860156.985841,-0.11167360,-1.15105480,-0.31939374,-1.88873632
6,1781860157.060750,0.25605854,-0.51536567,0.05321508,-1.35267710
6,1781860157.126505,0.42929444,0.03294116,0.41229167,-0.78303946
6,1781860157.185254,0.70752387,0.58576674,0.66822456,-0.20614617
6,1781860157.253605,0.92222925,0.98665375,0.46354585,0.59308857
6,1781860157.295069,0.80318411,1.00739725,-0.14601255,1.37046169
6,1781860157.358123,0.45971373,0.73463855,-0.58646130,1.61111795
6,1781860157.462782,0.23228586,0.47645642,-0.40238228,1.13362932
6,1781860157.526383,0.20434467,0.34791728,0.23347634,0.26045353
6,1781860157.592470,0.14314549,0.20065067,0.67522881,-0.42101714
6,1781860157.648404,-0.08051753,-0.05015678,0.49207940,-0.51671612
6,1781860157.715127,-0.27851055,-0.25280110,-0.00550310,-0.22368407
6,1781860157.743328,-0.21369622,-0.22254127,-0.14586494,-0.08633015
6,1781860157.865567,0.09746299,0.02232380,0.21455099,-0.26989480
6,1781860157.959022,0.41199054,0.30040589,0.56594658,-0.38069174
6,1781860158.028121,0.52118526,0.46296320,0.56388277,-0.16064660
6,1781860158.075732,0.46215756,0.46098757,0.50751635,-0.04814986
6,1781860158.115380,0.40731278,0.28657634,0.72064297,-0.56004971
6,1781860158.181596,0.30329550,-0.01348444,0.82291979,-1.16408959
6,1781860158.256362,-0.12595410,-0.29356644,0.19037955,-0.65771998
6,1781860158.319227,-0.81098827,-0.41413709,-0.93230488,0.92367211
6,1781860158.396340,-1.16395124,-0.40103411,-1.50178865,1.88129603
6,1781860158.485534,-0.85170802,-0.41099074,-1.05525795,1.09524497
6,1781860158.547598,-0.31013569,-0.51272605,-0.30343308,-0.41577842
6,1781860158.609588,-0.07799617,-0.57314260,-0.05356575,-1.02431931
6,1781860158.675781,-0.10344035,-0.43866169,-0.23879517,-0.54014807
6,1781860158.723249,-0.08192563,-0.17179375,-0.33924813,0.07831998
6,1781860158.782929,0.03485758,0.04249246,-0.15045187,0.20247603
6,1781860158.859063,0.00260479,0.00116292,-0.00253022,0.00560713
6,1781860158.938557,0.01268387,0.01289911,0.05133988,-0.09520615
6,1781860158.995443,-0.03008827,-0.03069686,0.02861830,-0.14924869
6,1781860159.058846,-0.12993186,-0.12799160,-0.15879800,0.08156021
6,1781860159.119558,-0.17109039,-0.13940413,-0.25457531,0.36576946
6,1781860159.182388,-0.06745366,0.00333288,-0.10792221,0.45340070
6,1781860159.262600,0.10281095,0.18304470,0.12493264,0.34457002
6,1781860159.307516,0.14424809,0.23544927,0.19291259,0.33309324
6,1781860159.356869,-0.03862662,0.13362354,0.02841857,0.69104168
6,1781860159.462246,-0.25832692,-0.00067062,-0.16202994,1.04361835
6,1781860159.530938,-0.21001456,-0.04780936,-0.09422701,0.51960505
6,1781860159.590737,0.10575369,-0.01807741,0.22735084,-0.91969321
6,1781860159.656325,0.33442076,-0.00915497,0.46768112,-2.04335293
6,1781860159.695575,0.26097684,-0.06763808,0.38619670,-1.94880287
6,1781860159.758689,0.06742957,-0.14603849,0.07609892,-1.08493774
6,1781860159.858226,-0.05292872,-0.18698503,-0.29009981,-0.07706430
6,1781860159.951201,-0.17382155,-0.19036209,-0.61348467,1.01265070
6,1781860160.016762,-0.33499485,-0.17966448,-0.71820621,1.72818772
6,1781860160.079700,-0.35693013,-0.14881718,-0.46128502,1.29658092
6,1781860160.139596,-0.17633955,-0.08716641,-0.05250941,0.13578022
6,1781860160.202467,-0.01489876,-0.03078686,0.11543735,-0.40376393
6,1781860160.262975,-0.02505458,-0.02167573,-0.01181934,-0.01613322
6,1781860160.321241,-0.06288837,-0.02263160,-0.12341787,0.35128785
6,1781860160.385619,0.03775624,0.04413121,-0.03626431,0.21611432
6,1781860160.480536,0.20448948,0.16821381,0.10446277,0.06843131
6,1781860160.527141,0.28244902,0.26049284,0.16853793,0.17434187
6,1781860160.569442,0.28040923,0.30081892,0.26863684,0.13098732
6,1781860160.663702,0.30791621,0.35310487,0.49063728,-0.22999531
6,1781860160.731359,0.37653157,0.42583228,0.69149251,-0.53887433
6,1781860160.791842,0.42305897,0.46750738,0.79780981,-0.71196031
6,1781860160.853207,0.43528587,0.48177531,0.96638221,-1.09119419
6,1781860160.927736,0.37089500,0.44702630,1.11345121,-1.47021065
6,1781860160.975222,0.07409239,0.17982329,0.72140731,-1.08555448
6,1781860161.062842,-0.48192017,-0.43735400,-0.37605281,-0.04168097
6,1781860161.124794,-1.00494804,-1.14103575,-1.48014921,0.50566466
6,1781860161.185333,-1.20785050,-1.50768700,-1.90262609,0.23686661
6,1781860161.252417,-1.15934775,-1.44131174,-1.85765637,0.33469424
6,1781860161.295634,-1.04860891,-1.15697628,-1.83761620,1.42532662
6,1781860161.359793,-0.80969801,-0.75717103,-1.62882113,2.30179518
6,1781860161.463904,-0.25616082,-0.12571609,-0.67981592,1.70495610
6,1781860161.527544,0.58095007,0.76227104,0.87796484,0.16345384
6,1781860161.588556,1.45198338,1.65176897,2.19367488,-0.85209957
6,1781860161.651871,2.05893916,2.16902049,2.55867180,-0.69630901
6,1781860161.698053,2.11236220,2.06312837,1.95692324,0.14189514
6,1781860161.739586,1.46842498,1.33589118,0.90109974,0.75281586
6,1781860161.865505,0.37618794,0.27853012,-0.01363191,0.48444051
6,1781860161.955071,-0.61568304,-0.66081859,-0.50630633,-0.49725145
6,1781860162.014314,-1.14665125,-1.19399433,-0.73708004,-1.25592506
6,1781860162.080930,-1.29647377,-1.36901874,-0.97857584,-1.15313749
6,1781860162.139698,-1.29963892,-1.37114921,-1.19171368,-0.62501646
6,1781860162.203111,-1.20893157,-1.25001609,-1.10296570,-0.46857689
6,1781860162.261040,-0.95206282,-0.95353097,-0.62969234,-0.81022307
6,1781860162.326866,-0.57291854,-0.53587603,-0.01532304,-1.20425203
6,1781860162.398375,-0.23855183,-0.15900446,0.42666637,-1.26057284
6,1781860162.479517,-0.01273364,0.11797711,0.58471133,-0.83691453
6,1781860162.545682,0.23132130,0.40717090,0.59697644,-0.03475927
6,1781860162.595473,0.58968476,0.78141366,0.64641211,0.81376889
6,1781860162.669282,0.91363450,1.09288268,0.70116008,1.42208434
6,1781860162.730845,0.97686895,1.13338509,0.59139608,1.73972700
6,1781860162.789043,0.88299998,0.99517753,0.40562552,1.74775783
6,1781860162.855458,1.08625095,1.09624290,0.53387919,1.42553366
6,1781860162.947076,1.72679545,1.58639310,1.03363480,1.02703147
6,1781860163.006616,2.09845379,1.83673316,1.22185586,0.87958719
6,1781860163.071251,1.30991804,1.03155816,0.43954955,0.78118701
6,1781860163.138420,-0.53147948,-0.71138462,-0.97339248,0.20448857
6,1781860163.192653,-2.40045763,-2.43623180,-2.18973940,-0.70302527
6,1781860163.253938,-3.49597563,-3.47441270,-3.02089008,-1.07585737
6,1781860163.297966,-3.54496681,-3.64727094,-3.46565983,-0.70713150
6,1781860163.359218,-2.36375942,-2.69008550,-2.76937734,-0.61527411
6,1781860163.450734,-0.24661449,-0.68295674,-0.51867887,-1.49593027
6,1781860163.537523,1.55833386,1.25447110,1.92090376,-2.41665951
6,1781860163.598380,1.91216562,1.90818057,2.72952256,-2.05559501
6,1781860163.660963,1.10113740,1.37651584,1.90888125,-0.64006282
6,1781860163.719392,0.29838635,0.69294018,0.93017193,0.39183312
6,1781860163.768962,0.03155430,0.38515914,0.61340189,0.31223221
6,1781860163.860393,-0.12669809,0.12453872,0.45066336,-0.18651883
6,1781860163.953114,-0.48798086,-0.31382034,-0.10121089,-0.09576257
6,1781860164.003292,-0.55908775,-0.41259305,-0.52004419,0.63248842
6,1781860164.060952,0.22079763,0.36635247,0.06711393,1.10782152
6,1781860164.103966,1.46506590,1.60599187,1.39764555,0.86991256
6,1781860164.172750,2.18568611,2.34382845,2.17763524,0.80780405
6,1781860164.269029,1.96964270,2.23927449,1.77417680,1.82994883
6,1781860164.329754,1.08920944,1.53191662,0.76462191,3.01368276
6,1781860164.394614,-0.33498114,0.12450148,-0.45846622,2.59637162
6,1781860164.487440,-2.12247288,-1.99667436,-2.11565757,0.60966390
6,1781860164.553514,-3.03411753,-3.47263119,-3.45278113,-1.14162039
6,1781860164.621764,-1.68376263,-2.53905650,-2.75271918,-1.59807424
6,1781860164.662261,1.07395012,0.15964500,-0.18004315,-1.43116570
6,1781860164.729782,2.46702919,1.64489129,1.46759613,-1.60607307
6,1781860164.785792,1.27356750,0.40780694,0.40249274,-2.14306469
6,1781860164.865405,-0.71617299,-1.65248937,-1.62080462,-2.41094527
6,1781860164.950860,-1.38723355,-2.04099255,-1.87035777,-2.05327064
6,1781860165.019958,-0.78555722,-0.72862035,-0.13514243,-1.33633218
6,1781860165.065063,-0.21066987,0.60556221,1.62992645,-0.51838292
6,1781860165.129213,-0.28923361,0.98427987,1.98233604,0.68606583
6,1781860165.188467,-0.77107369,0.66446901,1.18203412,2.28635446
6,1781860165.267912,-1.26757613,0.12535725,0.26676388,3.11710635
6,1781860165.308575,-1.43704136,-0.39246426,-0.17974636,2.07186434
6,1781860165.353354,-0.94127566,-0.58822062,-0.26438929,0.07278581
6,1781860165.463659,0.22625267,-0.13080348,-0.21488097,-0.67989239
6,1781860165.529832,1.56049720,0.86886186,0.00685145,0.42434347
6,1781860165.588828,2.43784875,1.76440671,0.42513586,1.65834185
6,1781860165.650296,2.53844550,1.90968314,0.72532344,1.38379459
6,1781860165.694721,1.87811545,1.20788755,0.54661193,-0.02229695
6,1781860165.763372,0.74302344,0.12811213,-0.02741816,-1.14415414
6,1781860165.865813,-0.35918291,-0.73212091,-0.55041020,-1.38143193
6,1781860165.963578,-0.98247810,-1.08280118,-0.71461146,-1.16689813
6,1781860166.005176,-1.06724504,-1.01206225,-0.56168122,-0.98429772
6,1781860166.065859,-0.85791344,-0.73573209,-0.26874735,-0.85878215
6,1781860166.129506,-0.57832894,-0.39339875,0.04886348,-0.64092222
6,1781860166.173391,-0.33892337,-0.08484780,0.30103866,-0.32829390
6,1781860166.261738,-0.21881895,0.06884206,0.37204874,-0.03871870
6,1781860166.335330,-0.22888089,0.02563249,0.21783098,0.15520416
6,1781860166.399315,-0.27350600,-0.10703790,-0.05915341,0.29534946
6,1781860166.491009,-0.27832327,-0.20311803,-0.30628396,0.44425893
6,1781860166.533971,-0.25508377,-0.23139526,-0.42584242,0.54329805
6,1781860166.585565,-0.18327093,-0.17470435,-0.35618258,0.47333379
6,1781860166.662708,0.00033245,0.00734296,-0.09578441,0.27431412
6,1781860166.722832,0.23518607,0.23784474,0.18465386,0.13910129
6,1781860166.780872,0.34556808,0.32028075,0.23109959,0.15913672
6,1781860166.861327,0.27646493,0.19594514,0.01594428,0.24777186
6,1781860166.941648,0.16435676,0.04812382,-0.19377319,0.31298435
6,1781860167.000243,0.13147329,0.04311830,-0.17134867,0.31409991
6,1781860167.068018,0.14100631,0.10958846,0.00836795,0.17385352
6,1781860167.128217,0.09955078,0.08668881,0.12859928,-0.13641863
6,1781860167.188277,0.01088083,-0.01918980,0.12836911,-0.44241180
6,1781860167.256600,-0.03703264,-0.06371321,0.12319589,-0.53197565
6,1781860167.300227,-0.00963404,-0.00313214,0.17546271,-0.42862213
6,1781860167.347701,0.02682025,0.05155229,0.18913447,-0.28106943
6,1781860167.468118,0.02161918,0.03450753,0.09882797,-0.12809895
6,1781860167.529680,0.01528616,0.01899368,0.02494774,-0.00559529
6,1781860167.594623,0.03823383,0.05332110,0.08062190,-0.03041953
6,1781860167.653293,0.03786376,0.06255552,0.14551742,-0.14513011
6,1781860167.717088,-0.01027865,0.00118089,0.05801820,-0.11301982
6,1781860167.765444,-0.03196918,-0.04068397,-0.07456821,0.06268810
6,1781860167.862216,0.01328310,0.01218196,-0.03749198,0.12097749
6,1781860167.949219,0.04309593,0.08120909,0.10472515,0.03635614
6,1781860167.994282,-0.01198727,0.05740549,0.09802451,0.07166511
6,1781860168.060037,-0.09347796,-0.03424602,-0.08716077,0.27931736
6,1781860168.102129,-0.12847897,-0.11386307,-0.25562466,0.38948049
6,1781860168.146834,-0.15008758,-0.19172474,-0.33349018,0.24938378
6,1781860168.255437,-0.20277778,-0.29186537,-0.38943507,0.02112594
6,1781860168.319818,-0.22722130,-0.32936017,-0.39213056,-0.09805286
6,1781860168.400405,-0.15354482,-0.22545898,-0.25800067,-0.09806279
6,1781860168.491640,-0.03898409,-0.06603796,-0.06445588,-0.07132196
6,1781860168.530623,-0.00271591,0.00235382,0.03469263,-0.06791754
6,1781860168.593362,-0.05354006,-0.02318418,0.03223651,-0.06242752
6,1781860168.659660,-0.06863346,-0.01400486,0.04695546,-0.01577009
6,1781860168.732497,0.04867481,0.11227044,0.16572310,0.02526252
6,1781860168.783600,0.23806410,0.29425134,0.37231683,-0.05449090
6,1781860168.875392,0.34130661,0.38880297,0.53436686,-0.24425118
6,1781860168.939636,0.29349701,0.32248977,0.48248974,-0.32629218
6,1781860168.985659,0.20905880,0.18761273,0.21638203,-0.12506857
6,1781860169.064721,0.21132440,0.12678707,-0.04776632,0.22419788
6,1781860169.115287,0.22838261,0.12631716,-0.12914790,0.38206368
6,1781860169.177678,0.10544894,0.06100521,-0.05258502,0.17221924
6,1781860169.272979,-0.04992313,-0.02901658,-0.01104112,0.01187867
6,1781860169.323050,-0.05732604,-0.02085430,0.00467163,0.04435924
6,1781860169.385587,0.04706558,0.08441712,0.06356920,0.23586060
6,1781860169.474595,0.25838377,0.28434136,0.16847116,0.57477502
6,1781860169.521285,0.44056607,0.45043519,0.26392955,0.79583351
6,1781860169.587536,0.39350243,0.40035419,0.22837161,0.72474869
6,1781860169.668539,0.19693026,0.21728210,0.13120521,0.43131579
6,1781860169.712507,0.18958557,0.21876976,0.23464954,0.05391779
6,1781860169.769220,0.44034093,0.45708216,0.53513088,-0.24845634
6,1781860169.864653,0.56338583,0.55298781,0.61886913,-0.30913159
6,1781860169.961793,0.27405082,0.22827618,0.22876609,-0.18749294
6,1781860169.996874,-0.18772248,-0.27857964,-0.32611859,-0.17555253
6,1781860170.062673,-0.42243852,-0.55263375,-0.59283592,-0.36470828
6,1781860170.115280,-0.38309698,-0.52357130,-0.54172501,-0.49571977
6,1781860170.157397,-0.26997546,-0.39861164,-0.43093350,-0.39032592
6,1781860170.266720,-0.13587846,-0.25504386,-0.32624320,-0.19438845
6,1781860170.330495,0.10352599,-0.00439539,-0.09773821,-0.05908142
6,1781860170.399470,0.36829779,0.29808984,0.20967928,0.07376835
6,1781860170.484309,0.39956706,0.39631628,0.33897424,0.21921165
6,1781860170.525945,0.05444551,0.13188082,0.16013689,0.19930506
6,1781860170.574080,-0.53779248,-0.37282008,-0.19020220,-0.07151054
6,1781860170.673135,-1.10534449,-0.85017742,-0.50743066,-0.35492776
6,1781860170.736398,-1.41271878,-1.07211069,-0.66257806,-0.27932538
6,1781860170.801510,-1.32461995,-0.90366815,-0.55300822,0.28486663
6,1781860170.868023,-0.82223155,-0.34721469,-0.12107540,1.00860771
6,1781860170.933180,-0.07597733,0.35105546,0.46125740,1.28399695
6,1781860170.986679,0.53438888,0.74712169,0.76264160,0.79923016
6,1781860171.060231,0.70464632,0.60241895,0.51164114,-0.04640081
6,1781860171.123279,0.63533163,0.29607744,0.06932303,-0.45591956
6,1781860171.201741,0.92223651,0.52864299,0.14049936,-0.02208630
6,1781860171.263306,1.75573061,1.39432527,0.84652632,0.75538359
6,1781860171.312052,2.44636863,2.03978093,1.44542964,0.76093560
6,1781860171.359942,2.12663145,1.60948815,1.23160098,-0.56435303
6,1781860171.464641,0.82033438,0.32669322,0.37225289,-2.18517939
6,1781860171.527802,-0.59685878,-0.81689025,-0.46861574,-2.30313169
6,1781860171.589080,-1.47657668,-1.34199785,-1.04186550,-0.67092649
6,1781860171.650831,-1.96442069,-1.68656382,-1.61816167,0.84884172
6,1781860171.697724,-2.37036836,-2.22517367,-2.27137610,0.77566099
6,1781860171.745274,-2.47811373,-2.49252750,-2.50564320,-0.00526057
6,1781860171.870322,-1.86906973,-1.82325787,-1.80952971,0.13002322
6,1781860171.966825,-0.65784719,-0.39599478,-0.35943973,0.91304595
6,1781860172.007631,0.52783207,0.90164883,1.08659560,0.76541940
6,1781860172.056813,1.22507831,1.51391814,1.92537875,-0.49693616
6,1781860172.104906,1.46931019,1.64653270,2.15264194,-1.33285495
6,1781860172.151048,1.49097073,1.69496900,2.10105124,-0.81897077
6,1781860172.262311,1.38521582,1.70086558,1.93178856,0.34336595
6,1781860172.323800,1.14136931,1.49115743,1.53418285,1.24319451
6,1781860172.402934,0.76074327,1.00214507,0.83249831,1.66582611
6,1781860172.491809,0.20885435,0.25198764,-0.08544954,1.54230983
6,1781860172.537596,-0.57281944,-0.75376438,-1.13797748,0.82376986
6,1781860172.599327,-1.42060894,-1.81149511,-2.19830586,-0.01651614
6,1781860172.659417,-1.87047144,-2.40139452,-2.84679749,-0.34658102
6,1781860172.739831,-1.58943413,-2.13063005,-2.59996252,-0.29123567
6,1781860172.796102,-0.79744294,-1.22159615,-1.51398034,-0.53401060
6,1781860172.858170,-0.01596264,-0.26209492,-0.21214902,-1.19989415
6,1781860172.937838,0.49767318,0.43319914,0.77963139,-1.66524956
6,1781860172.986338,0.81322947,0.91146394,1.38741118,-1.53072867
6,1781860173.059947,0.96647187,1.17733370,1.64168939,-1.02731580
6,1781860173.121269,0.86881929,1.10053541,1.42866138,-0.39071308
6,1781860173.201943,0.54836304,0.71832329,0.79555806,0.37578165
6,1781860173.266142,0.20955540,0.31234042,0.15285068,1.06290151
6,1781860173.311285,0.01654439,0.12067872,-0.10525144,1.33762797
6,1781860173.359538,-0.03230192,0.13962637,-0.00046227,1.26448796
6,1781860173.461066,-0.01949290,0.21902493,0.18100854,1.12068981
6,1781860173.528952,-0.02238386,0.22030342,0.25421786,0.84607828
6,1781860173.585346,-0.10471619,0.07077385,0.18330020,0.25516827
6,1781860173.660263,-0.28167038,-0.21668385,-0.04714791,-0.42369965
6,1781860173.694567,-0.46423835,-0.51185485,-0.37298290,-0.75576800
6,1781860173.757866,-0.50946462,-0.62383454,-0.57103715,-0.67746667
6,1781860173.860817,-0.37843980,-0.49135021,-0.48597788,-0.47935572
6,1781860173.958944,-0.21075387,-0.29681284,-0.29489133,-0.35655203
6,1781860174.007025,-0.17227021,-0.27336066,-0.31107878,-0.25682438
6,1781860174.053254,-0.24039516,-0.39866498,-0.53171825,-0.10219330
6,1781860174.106587,-0.23498986,-0.42309062,-0.62270903,0.04667672
6,1781860174.163081,-0.07378716,-0.22171992,-0.39471758,0.10157865
6,1781860174.270060,0.11702369,0.04656216,-0.05378209,0.12110344
6,1781860174.332042,0.18977274,0.18362596,0.11916816,0.23631278
6,1781860174.396938,0.16395285,0.19238266,0.12220721,0.39961028
6,1781860174.485214,0.15346098,0.18741307,0.12597114,0.38659631
6,1781860174.535726,0.18636331,0.20809628,0.18918520,0.16471515
6,1781860174.582596,0.20237226,0.23505590,0.25363922,0.05714337
6,1781860174.674317,0.19953067,0.29028826,0.31808717,0.25514805
6,1781860174.732989,0.26313179,0.40252568,0.44896235,0.37672084
6,1781860174.793272,0.41634474,0.53901691,0.65251133,0.03719401
6,1781860174.857769,0.54287949,0.65938757,0.85566231,-0.32326443
6,1781860174.932448,0.52601104,0.75512506,0.98843904,-0.01702083
6,1781860174.985565,0.37808012,0.74480236,0.97748126,0.54322756
6,1781860175.053522,0.14269806,0.44100684,0.69675453,0.17248422
6,1781860175.114836,-0.21904669,-0.21109796,0.09489637,-1.20786739
6,1781860175.201351,-0.69246792,-0.92235752,-0.62038374,-2.15544342
6,1781860175.272881,-1.08961059,-1.31814426,-1.14115828,-1.64341954
6,1781860175.293470,-1.27653162,-1.41437604,-1.44311593,-0.44215987
6,1781860175.363296,-1.36176226,-1.53212060,-1.73213474,0.12018386
6,1781860175.463117,-1.41291417,-1.68430238,-1.96053406,0.01962883
6,1781860175.523346,-1.22117059,-1.48277427,-1.80418469,0.24237435
6,1781860175.584520,-0.64712365,-0.80481904,-1.23746406,1.11426802
6,1781860175.663027,0.12450593,0.00714844,-0.59885126,1.98028423
6,1781860175.713123,1.01791747,0.87261181,0.14813512,2.34716363
6,1781860175.762488,2.24452150,2.16629651,1.52040339,2.30054669
6,1781860175.873659,3.51005551,3.64857750,3.34119209,1.80709601
6,1781860175.956368,3.66246553,4.00173496,4.18016179,0.65183493
6,1781860176.006212,1.99043704,2.35771539,2.91188700,-0.75740849
6,1781860176.051479,-0.54631523,-0.26577110,0.39789520,-1.55265093
6,1781860176.098634,-2.23990892,-2.02310001,-1.39487185,-1.66732837
6,1781860176.159630,-2.47361097,-2.30414894,-1.66499554,-1.90348353
6,1781860176.264182,-1.93606749,-1.87406339,-1.21680906,-2.41232662
6,1781860176.326472,-1.38605896,-1.43416071,-0.93037002,-2.23661375
6,1781860176.386747,-0.95802301,-0.99734542,-0.82787654,-0.84615299
6,1781860176.475866,-0.51974269,-0.46680871,-0.62830941,0.86902353
6,1781860176.518472,-0.08185557,-0.01470234,-0.35282208,1.64241985
6,1781860176.566068,0.25371123,0.19991929,-0.14234125,1.16905541
6,1781860176.669626,0.44838154,0.25630331,0.02704008,0.15069691
6,1781860176.732486,0.49854722,0.29297883,0.19189843,-0.42345074
6,1781860176.796419,0.37569388,0.29411395,0.21257313,-0.00015852
6,1781860176.864767,0.11554950,0.16045416,-0.04032252,0.99565462
6,1781860176.934644,-0.07435999,-0.06470355,-0.40335421,1.41155849
6,1781860176.981739,0.05057858,-0.15278152,-0.52627992,0.68950689
6,1781860177.063004,0.46676631,0.06399226,-0.26592578,-0.29525819
6,1781860177.126047,0.83872673,0.46629710,0.19314699,-0.40234277
6,1781860177.215697,0.86603443,0.75281437,0.59490355,0.18111493
6,1781860177.269106,0.54925991,0.72440271,0.77949357,0.48652569
6,1781860177.319593,0.07166363,0.41220982,0.66371627,0.36084476
6,1781860177.361522,-0.38547680,0.01179012,0.33595275,0.29626436
6,1781860177.464494,-0.67001281,-0.26704328,0.08351703,0.21239496
6,1781860177.529573,-0.71879125,-0.37034337,0.05022624,-0.29228240
6,1781860177.585980,-0.62963530,-0.41598165,0.01753558,-0.89102487
6,1781860177.643555,-0.52307145,-0.48184439,-0.20529625,-0.95366840
6,1781860177.712885,-0.37724683,-0.48415722,-0.39864355,-0.77982274
6,1781860177.756847,-0.14339817,-0.34634876,-0.27211096,-1.12334095
6,1781860177.869110,0.06888632,-0.13455576,0.01933202,-1.44812428
6,1781860177.966204,0.10251811,0.05247243,0.08609894,-0.33909211
6,1781860177.993477,-0.00404140,0.15974922,-0.11065925,1.75964659
6,1781860178.062988,-0.05168592,0.12230951,-0.28383644,2.35109614
6,1781860178.108101,0.06738026,-0.03931621,-0.30984518,0.66395190
6,1781860178.147063,0.28951379,-0.08679824,-0.27832849,-0.74885149
6,1781860178.254411,0.50891636,0.18330009,-0.16769634,0.10285627
6,1781860178.337190,0.66587032,0.58433853,0.12248104,1.54131784
6,1781860178.402636,0.75125157,0.74911261,0.49457709,1.02286890
6,1781860178.498009,0.76576985,0.60806413,0.69313727,-0.98389197
6,1781860178.545457,0.60600843,0.32404185,0.54790399,-2.04993473
6,1781860178.586698,0.09891340,-0.07018688,0.09553863,-1.35692375
6,1781860178.664469,-0.67753534,-0.56492223,-0.40026011,-0.21093518
6,1781860178.726978,-1.30886873,-0.91589993,-0.61881398,0.38857733
6,1781860178.808501,-1.51976041,-0.93599011,-0.54631784,0.78660678
6,1781860178.874886,-1.46753844,-0.83311572,-0.47435791,1.11716681
6,1781860178.952499,-1.30042063,-0.81198360,-0.46500315,0.57327061
6,1781860178.989399,-0.79341209,-0.58727437,-0.18215885,-0.80638262
6,1781860179.066331,0.19156266,0.16893381,0.46520391,-1.29237824
6,1781860179.133117,1.20295461,1.08823815,0.93961217,0.13742257
6,1781860179.190402,1.60989921,1.41466254,0.75243179,1.89255245
6,1781860179.252502,1.33565006,0.97082831,0.17141921,1.76122001
6,1781860179.305423,0.81545427,0.28814141,-0.19233132,-0.18982556
6,1781860179.372961,0.39499977,-0.14662306,-0.20154870,-1.97240179
6,1781860179.475263,0.11856319,-0.29030434,-0.15013803,-2.22502894
6,1781860179.531675,-0.02778168,-0.25816677,-0.16167765,-1.32469894
6,1781860179.592870,-0.02070444,-0.09362182,-0.10337272,-0.25599011
12,1781860047.246658,0.71816372,0.72858575,0.81840798,-1.20393668
12,1781860047.310515,0.99682414,0.98498236,1.09192370,-1.80109583
12,1781860047.382671,0.59601414,0.56798609,0.54109793,-0.01728402
12,1781860047.463887,0.70477993,0.70990585,0.61288851,1.54878746
12,1781860047.528681,0.78249018,0.79692312,0.72993041,1.23464857
12,1781860047.592136,0.58722348,0.57514117,0.56061477,0.03705937
12,1781860047.655894,0.35763913,0.33765475,0.32234855,-0.07093489
12,1781860047.717559,0.22213430,0.23599948,0.18119225,1.04127230
12,1781860047.773706,-0.02291327,0.02971313,-0.03988505,1.85327826
12,1781860047.875187,-0.46205663,-0.39062166,-0.42240600,1.56510333
12,1781860047.937949,-0.84653210,-0.75504872,-0.71843760,0.83202227
12,1781860048.011910,-1.01246429,-0.88933599,-0.78672670,0.31112765
12,1781860048.057545,-1.13786629,-1.00544480,-0.86469604,-0.12626544
12,1781860048.108105,-1.35398187,-1.25900154,-1.12831315,-0.54143763
12,1781860048.179764,-1.44067860,-1.40504865,-1.33283309,-0.55474364
12,1781860048.271211,-1.20914932,-1.23039183,-1.23317350,-0.27991988
12,1781860048.299778,-0.88490348,-0.97893543,-1.03934443,-0.50982115
12,1781860048.387520,-0.70951650,-0.89582394,-0.99494352,-1.32202020
12,1781860048.471525,-0.39332911,-0.62119253,-0.74695648,-1.54812348
12,1781860048.513861,0.50491917,0.35729605,0.24626206,-0.55479711
12,1781860048.581781,1.70664354,1.71301297,1.69467416,0.37464850
12,1781860048.671837,2.29655974,2.39364439,2.50837525,-0.26756776
17,1781860181.918079,0.02003557,0.01340149,0.04736904,-0.03829767
17,1781860181.998775,-0.21943547,-0.12621211,-0.37191893,0.31969732
17,1781860182.066686,-0.39058313,-0.06435227,-0.68456519,0.89273709
17,1781860182.124143,-0.35701689,0.09751038,-0.58813292,1.07547070
17,1781860182.172836,-1.01487830,-0.85412500,-1.29016618,0.56292891
17,1781860182.264438,-2.13042322,-2.50203662,-2.41656530,-0.43114710
17,1781860182.331322,-2.09758483,-2.60933166,-2.06840721,-0.99293664
17,1781860182.403764,-0.21559279,-0.32227131,0.03598467,-0.43855144
17,1781860182.462259,2.10311710,2.35616641,1.90806855,0.66136004
17,1781860182.508735,3.06061633,3.20618447,2.20797095,1.07887688
17,1781860182.556886,2.40644277,2.29725696,1.64888927,0.50858558
17,1781860182.664947,1.16661881,1.07060268,1.21272077,-0.22462111
17,1781860182.728899,0.24786399,0.29177567,0.86018946,-0.49473882
17,1781860182.785666,-0.21111641,-0.23234065,0.33598372,-0.55609422
17,1781860182.873018,-0.50310163,-0.73992503,-0.09123222,-0.83526690
17,1781860182.919526,-0.82100057,-1.12940815,-0.10040793,-1.26151556
17,1781860182.958007,-1.10697649,-1.25502683,0.11032520,-1.42752318
17,1781860183.068509,-1.20685242,-1.11440432,0.05400712,-1.01490696
17,1781860183.127202,-1.01189799,-0.72631017,-0.39398931,-0.04408112
17,1781860183.202241,-0.49688900,-0.07138934,-0.79646702,1.08528695
17,1781860183.260787,0.27705982,0.76002338,-0.68695142,1.82042252
17,1781860183.326062,1.07775413,1.41232735,-0.17974339,1.81731505
17,1781860183.368533,1.39773823,1.35386118,0.10131871,1.14007876
17,1781860183.470618,0.77374962,0.35532583,-0.28644833,0.21067618
17,1781860183.543155,-0.53595046,-1.04438435,-1.08184046,-0.44425178
17,1781860183.600040,-1.56858105,-1.89860682,-1.58077902,-0.61109062
17,1781860183.655876,-1.65899002,-1.83006645,-1.34413184,-0.61972845
17,1781860183.716415,-1.08543706,-1.26536372,-0.53798022,-0.85582416
17,1781860183.765030,-0.52200997,-0.66376693,0.26856922,-1.01314286
17,1781860183.873771,-0.22874868,-0.08677229,0.57307801,-0.48848676
17,1781860183.940873,-0.01617115,0.41550300,0.47078796,0.35503069
17,1781860184.000906,0.28875316,0.68448744,0.63621379,0.41881236
17,1781860184.058715,0.71100598,0.88333898,1.42619069,-0.34949334
17,1781860184.122372,1.30931507,1.37933022,2.28182907,-0.78524376
17,1781860184.166269,1.98369874,1.99041797,2.42444641,-0.40306122
17,1781860184.261176,2.20982615,2.00708516,1.77794731,0.02489894
17,1781860184.342152,1.63102326,1.21632285,0.87156015,-0.06596903
17,1781860184.404020,0.75592597,0.27775570,0.18562660,-0.36413496
17,1781860184.463465,0.27076158,-0.20782725,-0.23302873,-0.42765953
17,1781860184.530278,-0.05632273,-0.43731308,-0.76653920,-0.04882683
17,1781860184.573931,-0.82617628,-0.86444501,-1.73353223,0.78367304
17,1781860184.659742,-1.72845439,-1.39331839,-2.68005525,1.52983845
17,1781860184.720105,-1.97012144,-1.60183103,-2.62224054,1.30989707
17,1781860184.783815,-1.69064962,-1.49752356,-1.39878176,0.08902836
17,1781860184.874403,-1.66671849,-1.43621901,-0.16298267,-0.98356595
17,1781860184.938639,-1.79615376,-1.33599963,0.07555349,-0.89741111
17,1781860184.958164,-1.21776902,-0.69952430,-0.19994228,0.01760367
17,1781860185.069015,0.11411111,0.39903420,0.13690244,0.51601181
17,1781860185.131709,1.22897295,1.16397076,1.14317298,-0.04169600
17,1781860185.192882,1.56190000,1.29880830,1.85024800,-0.76831019
17,1781860185.248874,1.50938433,1.45938900,1.79992099,-0.36836655
17,1781860185.316549,1.43945786,1.89593019,1.51178772,0.79291347
17,1781860185.384230,1.10541508,1.70457262,1.30977728,0.93755026
17,1781860185.623435,0.40788051,0.33777325,0.74352537,-0.44885637
17,1781860185.686237,-0.06617837,-1.16359399,-0.41752816,-1.73887167
17,1781860185.741682,0.12504311,-1.51420681,-1.51352907,-1.54686869
17,1781860185.764371,0.51526351,-0.88198214,-1.77109605,-0.47929742
17,1781860185.852024,0.45916927,-0.27240994,-1.13785520,0.12626973
17,1781860185.906584,0.07680913,-0.03909036,-0.16729421,0.01160613
17,1781860185.966200,-0.18537257,0.09397441,0.45618638,-0.07816275
17,1781860186.038839,-0.38102761,0.18124632,0.38454855,0.33860157
17,1781860186.105341,-0.76698617,0.05414349,-0.01142029,0.83637734
17,1781860186.156529,-1.16287245,-0.17170483,-0.02662051,0.79807164
17,1781860186.245918,-1.25263328,-0.20233358,0.35033314,0.46939441
17,1781860186.314180,-1.10538188,-0.03699375,0.40147868,0.59417064
17,1781860186.371323,-0.84404977,0.06543804,0.01775864,0.90285202
17,1781860186.442633,-0.28419365,-0.02067906,0.12242525,0.11357750
17,1781860186.514449,0.52054332,-0.20572122,1.00663798,-1.82861504
17,1781860186.597344,0.90390245,-0.36078487,1.32286319,-2.78102981
17,1781860186.667220,0.43431699,-0.39469232,-0.02760083,-1.12822714
17,1781860186.732690,-0.27125383,-0.29381414,-1.89682348,1.49076523
17,1781860186.772271,-0.25723514,-0.14267515,-2.22371248,2.07100646
17,1781860186.833760,0.49651145,0.00321626,-0.81846904,0.30975535
17,1781860186.895006,1.16274111,0.19021501,0.53534194,-1.24288179
17,1781860186.946926,1.31127247,0.44502545,0.60509114,-0.96807380
17,1781860187.035702,1.30782682,0.71462882,0.17146579,-0.04719569
17,1781860187.098035,1.33572082,0.91938960,0.53754579,-0.03253039
17,1781860187.155653,0.87224623,0.94021713,1.39442016,-0.36431509
17,1781860187.239336,-0.35741787,0.68406300,1.32136465,0.38124375
17,1781860187.297556,-1.59020414,0.30432730,0.22185736,1.86481491
17,1781860187.326508,-1.86527343,0.10809447,-0.34626001,2.28995939
17,1781860187.436647,-1.25021864,0.04337789,0.29705651,0.98090697
17,1781860187.515577,-0.61998319,-0.35228386,0.81630245,-0.84976544
17,1781860188.306360,-0.45097519,-1.16940367,0.07951424,-1.85570780
17,1781860188.375657,-0.40304303,-1.74667948,-1.09744723,-1.87978183
17,1781860188.428277,-0.06609515,-1.52587653,-1.39308670,-1.50219954
17,1781860188.500192,0.37552997,-0.83258972,-0.81106070,-1.15987133
17,1781860188.587516,0.46067753,-0.31809370,-0.18077589,-0.86410487
17,1781860188.608033,0.17653398,-0.06723119,0.12892111,-0.41495401
17,1781860188.713805,-0.00826297,0.23150664,0.27275283,0.18725805
17,1781860188.769391,0.17077033,0.60344919,0.35078303,0.64645459
17,1781860188.830000,0.44574927,0.80044761,0.28698915,0.81889258
17,1781860188.895120,0.51732664,0.78010899,0.09544357,0.89368411
17,1781860188.957897,0.48604667,0.72640219,-0.00920680,0.92058265
17,1781860189.041198,0.51353896,0.68847358,0.10603937,0.71439135
17,1781860189.093157,0.44118330,0.54757674,0.26144980,0.37024651
17,1781860189.153066,0.13980467,0.31758886,0.28646359,0.19705473
17,1781860189.237069,-0.12245139,0.18045041,0.30771961,0.16566619
17,1781860189.292802,-0.12443146,0.16225245,0.35157078,0.09184049
17,1781860189.342299,-0.11850355,0.03353906,0.12556139,0.05661439
17,1781860189.422733,-0.33449464,-0.32166420,-0.35784315,0.04622831
17,1781860189.505600,-0.50747890,-0.65876916,-0.56197876,-0.23400312
17,1781860189.586142,-0.36223831,-0.70213843,-0.26645096,-0.73157627
17,1781860189.637253,-0.11473883,-0.54306042,0.08182036,-0.99343758
17,1781860189.692775,-0.11334776,-0.47197129,0.16408172,-0.93823286
17,1781860189.738992,-0.35618072,-0.53802132,0.17872625,-0.84759709
17,1781860189.824012,-0.59253136,-0.51603214,0.27352889,-0.67259856
17,1781860189.892570,-0.60403392,-0.27670051,0.32090346,-0.25493384
17,1781860189.961461,-0.28653932,0.00447868,0.33026596,-0.03279627
17,1781860190.048250,0.26992466,0.07223532,0.45108820,-0.54382589
17,1781860190.099350,0.73135832,-0.04678284,0.54210987,-1.28946047
17,1781860190.143635,0.81623062,0.00310308,0.28242808,-1.03046047
17,1781860190.225708,0.64463535,0.50070965,-0.27190960,0.59301785
17,1781860190.291586,0.49998106,1.17167241,-0.72361577,2.42131430
17,1781860190.354781,0.34512941,1.32677931,-0.90610750,3.03212533
17,1781860190.428239,0.00795850,0.70933698,-0.94068768,2.21797096
17,1781860190.489258,-0.28829006,-0.02540587,-0.79029199,0.96944869
17,1781860190.577209,-0.15665225,-0.11214203,-0.28530215,0.20531848
18,1781860182.873018,0.59419832,0.53663028,0.62389136,-0.94001408
18,1781860182.919526,1.75712613,1.65619473,1.79515794,-1.55703709
18,1781860182.958007,2.12757886,2.09125156,2.12887057,-0.47994886
18,1781860183.068509,1.29373617,1.39364628,1.32862355,1.07049729
18,1781860183.127202,0.15083529,0.37121825,0.27516361,2.05383960
18,1781860183.202241,-0.44470656,-0.24439480,-0.32310228,1.81097560
18,1781860183.326062,-0.53353822,-0.48793358,-0.54091842,0.63989547
18,1781860183.368533,-0.70691932,-0.79291268,-0.79565072,-0.54036904
18,1781860183.470618,-1.14925079,-1.21707458,-1.11604510,-1.09594298
18,1781860183.543155,-1.37009625,-1.33283400,-1.12051818,-1.13618606
18,1781860183.600040,-0.89384425,-0.83666919,-0.61487899,-1.06843525
18,1781860183.655876,0.09010039,0.02132097,0.09563040,-0.92871884
18,1781860183.716415,0.93583313,0.72221258,0.57011359,-0.39930600
18,1781860183.765030,1.22445616,1.00354132,0.69769984,0.55121671
18,1781860183.873771,1.03497912,0.95176582,0.66207937,1.34011480
18,1781860183.940873,0.64336709,0.72032620,0.59867994,1.28904906
18,1781860184.000906,0.22846416,0.39237157,0.49502288,0.39758303
18,1781860184.058715,-0.09596835,0.08735093,0.35971133,-0.57792173
18,1781860184.122372,-0.23573061,-0.06611075,0.23415793,-0.84797675
18,1781860184.166269,-0.28403315,-0.17017458,-0.00912056,-0.30632233
18,1781860184.261176,-0.54984135,-0.54674815,-0.61489816,0.46240437
18,1781860184.342152,-1.14089073,-1.25606149,-1.48669805,0.74943125
18,1781860184.404020,-1.56952448,-1.73850717,-1.94705986,0.25682928
18,1781860184.463465,-1.10633078,-1.25840950,-1.29591200,-0.74365746
19,1781860183.940873,0.94166516,0.81410580,-0.06555131,1.50219807
19,1781860184.000906,1.04420109,0.35216773,-1.04021702,1.39884276
19,1781860184.463465,0.36341019,-0.67030328,-0.93504207,-1.53590712
19,1781860184.530278,0.56128618,-0.05982851,0.47186753,-2.30255980
19,1781860184.573931,0.23258947,0.09030705,0.11300827,-0.32952911
19,1781860184.659742,-0.45966597,-0.49580557,-1.09248571,1.11959237
19,1781860184.720105,-0.58003681,-0.61764275,-0.86390242,0.41675333
19,1781860184.783815,-0.48065930,-0.34791462,0.08232095,-0.59419170
19,1781860184.874403,-0.78021033,-0.47629063,0.13037243,-0.60468271
19,1781860186.105341,-0.95209886,-0.65093618,-0.13224101,-0.43448724
19,1781860186.156529,-0.56074714,-0.28165758,0.16308942,-0.33087491
19,1781860186.314180,-0.15047055,0.18319718,0.32454966,0.38411975
19,1781860186.371323,0.10765973,0.36220523,0.11839306,0.99539177
19,1781860186.442633,0.71709248,0.66501291,0.44484681,0.33572666
19,1781860186.514449,1.33297063,1.05386873,1.01551764,-0.48086223
19,1781860186.732690,1.06696872,0.91566840,0.61603837,0.29626549
19,1781860186.772271,0.34725535,0.47480750,-0.21896118,1.64046040
19,1781860186.833760,0.26450937,0.39985282,-0.12281543,1.31427585
19,1781860186.895006,0.50488468,0.30210502,0.27639003,-0.35365909
19,1781860186.946926,0.19151750,-0.33596243,-0.19288531,-1.33933321
19,1781860187.035702,-0.20239846,-0.70080648,-0.60163179,-1.19357836
19,1781860187.155653,-0.14412573,-0.33131226,-0.12019111,-0.79555755
19,1781860187.239336,-0.68824364,-0.60691290,-0.31556453,-0.41947751
19,1781860187.297556,-2.22761610,-1.99992321,-1.71361120,-0.11708254
19,1781860187.326508,-2.57999461,-2.07703280,-1.48290297,-0.18209393
19,1781860187.515577,-0.26611004,0.66148636,1.55541249,0.06725110
19,1781860187.632278,2.39636698,3.37754447,3.58619639,1.54299945
21,1781860192.766676,0.26598732,0.32071265,0.30626384,0.17105656
21,1781860192.821763,0.43000733,0.25882441,0.22804830,-0.34720357
21,1781860192.880267,0.70292190,0.02772674,-0.00328576,-1.59296066
21,1781860192.948347,0.75253560,-0.23038607,-0.22582966,-2.44187525
21,1781860193.018870,0.37188959,-0.34581593,-0.32441690,-1.82768729
21,1781860193.102668,-0.13200090,-0.23090693,-0.13663352,-0.47770183
21,1781860193.160040,-0.29890230,0.03916652,0.27799692,0.24540074
21,1781860193.230760,-0.17487260,0.36462146,0.65383260,0.61890963
21,1781860193.283349,-0.07395746,0.66926645,0.85980827,1.36669435
21,1781860193.334313,-0.04933083,0.81304580,0.92753420,1.84940790
21,1781860193.410166,-0.01472654,0.66124299,0.79174512,1.34885359
21,1781860193.505634,0.01224021,0.30055116,0.37482008,0.52929170
21,1781860193.569058,0.06271311,0.00933599,-0.11714165,0.18076589
21,1781860193.625871,0.26204145,-0.04528921,-0.34615344,-0.01599044
21,1781860193.698666,0.58904028,0.08369609,-0.26165667,-0.39563318
21,1781860193.716923,0.85792011,0.30951801,-0.05511912,-0.45442136
21,1781860193.809574,0.96571754,0.57210086,0.23000365,-0.12739940
21,1781860193.892232,0.94039770,0.72856932,0.65505951,-0.34203968
21,1781860193.971083,0.80243281,0.68801048,0.99511117,-1.04235895
21,1781860194.037367,0.63333457,0.66606615,0.93113726,-0.57453846
21,1781860194.090077,0.65731739,0.93790759,0.69755286,1.28821345
21,1781860194.142786,0.90280436,1.30042494,0.82991038,2.14675928
21,1781860194.217717,0.96651026,1.21963296,1.15020971,0.79760449
21,1781860194.296540,0.52091981,0.58238885,0.91471202,-0.66977894
21,1781860194.355945,-0.24742393,-0.19758087,0.04026894,-0.46491063
21,1781860194.420218,-1.09124682,-0.92614510,-0.91055438,0.36971675
21,1781860194.494775,-2.05041175,-1.86022594,-1.82488584,0.38290865
21,1781860194.550329,-2.86808742,-2.84480146,-2.75822891,-0.15649760
21,1781860194.618918,-2.69000141,-2.83301338,-2.83154046,-0.35728800
21,1781860194.694187,-1.00576938,-1.03864452,-1.06856851,-0.00729774
23,1781860204.360725,-0.06462854,-0.05651324,-0.04645811,-0.00650024
23,1781860204.412433,1.16155141,0.84226366,0.28749981,0.78906940
23,1781860204.494203,2.65306010,1.99834978,0.85821690,1.62662829
23,1781860204.562636,2.49549023,2.14298630,1.44894099,1.14448917
23,1781860204.620037,1.65230051,1.94884243,2.17206333,0.24569530
23,1781860204.697056,1.06487069,1.78361792,2.60972966,-0.35977340
23,1781860204.755772,0.78057477,1.41410855,2.34913542,-1.01028925
23,1781860204.828131,0.52476212,0.80645510,1.59502838,-1.69853213
23,1781860204.879248,0.12187477,0.21093232,0.68421023,-1.28750443
23,1781860204.975934,-0.46501672,-0.30422232,-0.31464693,0.57374686
23,1781860205.021378,-1.03101313,-0.82223677,-1.21110051,2.00266400
23,1781860205.093377,-1.29936521,-1.31189437,-1.66111260,1.12822928
23,1781860205.163902,-1.26418061,-1.62481662,-1.66490339,-1.07414549
23,1781860205.218352,-1.09150870,-1.61680090,-1.50869229,-2.12249648
23,1781860205.298174,-0.86448137,-1.31991060,-1.33967564,-1.45989031
23,1781860205.349817,-0.69000240,-1.03794365,-1.26199413,-0.41515218
23,1781860205.423743,-0.70213527,-1.00638207,-1.43216508,0.40726213
23,1781860205.491106,-0.69876877,-0.94630723,-1.56803827,1.25390178
23,1781860205.560411,-0.21708124,-0.33297014,-0.94256676,1.65439144
23,1781860205.618683,0.75472133,0.83968829,0.57152466,1.18332409
23,1781860205.699685,1.56697194,1.90858134,2.01644399,0.78327443
23,1781860205.747419,1.66893706,2.23598654,2.43622212,1.22917621
23,1781860205.823418,1.21276827,1.80083273,1.93532278,1.51990657
23,1781860205.906115,0.68140080,1.03986204,1.23746163,0.53903983
23,1781860205.963760,0.26895720,0.34303770,0.72724794,-1.03923021
23,1781860206.031641,-0.10663017,-0.16737942,0.34796218,-1.93045346
23,1781860206.106867,-0.45296102,-0.52412357,0.00499410,-2.01151094
23,1781860206.161766,-0.66758779,-0.76082701,-0.32969288,-1.75715053
23,1781860206.228630,-0.73110236,-0.87588605,-0.66880599,-1.17907896
23,1781860206.311498,-0.74016622,-0.89705058,-0.95400125,-0.33487316
23,1781860206.361293,-0.79735263,-0.91186503,-1.10853227,0.27529707
23,1781860206.430634,-0.92209258,-0.95877986,-1.16516887,0.56866258
23,1781860206.487210,-1.01631866,-0.95332275,-1.18076273,0.97323707
23,1781860206.555545,-0.95128298,-0.83099832,-1.10346268,1.31608357
23,1781860206.620387,-0.72747368,-0.65707037,-0.87451393,0.96456140
23,1781860206.701915,-0.44148507,-0.46733798,-0.53363698,0.13553297
23,1781860206.764875,-0.09190941,-0.15527421,-0.11624583,-0.34311475
23,1781860206.828773,0.40208143,0.34016038,0.39102596,-0.37794274
23,1781860206.893203,1.01664580,0.91973950,0.93934898,-0.39043893
23,1781860206.959698,1.64748077,1.50977666,1.42903012,-0.19086217
23,1781860207.026998,2.18062933,2.07594867,1.78798833,0.61416164
23,1781860207.100010,2.32526522,2.30923342,1.86570892,1.43250800
23,1781860207.161313,1.68215150,1.71470852,1.42097752,1.09337582
23,1781860207.233051,0.30544364,0.30084619,0.44808207,-0.50878637
23,1781860207.293332,-1.15546448,-1.21134134,-0.68361295,-1.95563387
23,1781860207.356229,-2.14897969,-2.14260840,-1.57479957,-1.88135091
23,1781860207.431729,-2.58804901,-2.39758545,-2.01163195,-0.65507762
23,1781860207.527444,-2.41259386,-2.09791573,-1.84313199,0.20070330
23,1781860207.772628,-1.54073667,-1.29721845,-1.11252212,0.19710937
23,1781860207.812390,-0.40043165,-0.29212633,-0.28799976,0.34909809
23,1781860207.893127,0.30450507,0.39639028,0.13747141,1.17552807
23,1781860207.956443,0.47385167,0.59808685,0.20871833,1.72106192
23,1781860208.034851,0.55977647,0.60086688,0.27466930,1.23076486
23,1781860208.094525,0.72404929,0.61254626,0.41649017,0.28333334
23,1781860208.150917,0.72400526,0.54233316,0.47836925,-0.39443464
23,1781860208.253338,0.47339522,0.31704192,0.39967317,-0.80082602
23,1781860208.302499,0.12377324,0.01412971,0.21282945,-1.03324389
23,1781860208.361542,-0.21513016,-0.29462277,-0.03468942,-1.13740047
23,1781860208.438284,-0.39093292,-0.49351023,-0.17376616,-1.41517913
23,1781860208.497478,-0.16062568,-0.34386973,-0.03020062,-1.66513274
23,1781860208.555554,0.34868160,0.15742311,0.21710474,-0.84088855
23,1781860208.613077,0.52033066,0.51947432,0.14414033,1.25485708
23,1781860208.706593,0.06204312,0.31740318,-0.28982307,2.89048634
23,1781860208.784137,-0.46549692,-0.17143689,-0.58003366,2.35457003
23,1781860208.836368,-0.44366535,-0.36286814,-0.35659148,0.24971486
23,1781860208.897726,-0.09242273,-0.18268248,0.10283652,-1.25921697
23,1781860208.963301,-0.00398325,-0.00523190,0.30214190,-1.03417937
23,1781860209.018487,-0.19085506,0.00420033,0.18144214,0.05969247
23,1781860209.104776,-0.23373238,-0.00963698,0.02697416,0.62825098
23,1781860209.158150,-0.08136142,-0.00816064,-0.05295493,0.39539597
23,1781860209.251233,-0.06965267,-0.12662361,-0.18492285,0.00445110
23,1781860209.312587,-0.27092132,-0.33991489,-0.35143748,-0.19258254
23,1781860209.362341,-0.36048066,-0.39791883,-0.32404830,-0.37299022
23,1781860209.417463,-0.15708405,-0.18618983,-0.04042537,-0.58598198
23,1781860209.497655,0.09799691,0.06294963,0.21571448,-0.62934964
23,1781860209.562279,0.13182853,0.08026578,0.16080269,-0.44265979
23,1781860209.635207,0.03242016,-0.05677921,-0.11125049,-0.11637223
23,1781860209.713226,0.03631705,-0.08040887,-0.27182774,0.25029259
23,1781860209.786695,0.11702850,0.02137551,-0.20369783,0.43368149
23,1781860209.836172,0.06320435,0.01834192,-0.10697582,0.26960198
23,1781860209.897516,-0.14436979,-0.14129123,-0.14935887,0.03735036
23,1781860209.959593,-0.30090736,-0.24374180,-0.21283511,0.08799227
23,1781860210.029683,-0.27158960,-0.15566124,-0.10982878,0.23488810
23,1781860210.099482,-0.13124923,0.00844784,0.10240341,0.15327759
23,1781860210.163793,-0.03854232,0.09129545,0.21519296,0.01990554
23,1781860210.251768,-0.07367143,0.06751493,0.16836209,0.13517475
23,1781860210.303442,-0.18384604,-0.01077283,0.05252144,0.36786412
23,1781860210.361459,-0.23920898,-0.09673957,-0.07181582,0.39388998
23,1781860210.425125,-0.15347777,-0.14877837,-0.16014878,0.05384914
23,1781860210.510960,0.01462778,-0.14410864,-0.14882658,-0.51610874
23,1781860210.559487,0.09654253,-0.11090362,-0.10615548,-0.71105315
23,1781860210.614799,0.01359331,-0.09257311,-0.19009458,-0.02896881
23,1781860210.721664,-0.09248498,-0.09287052,-0.32275634,0.76904469
23,1781860210.805178,-0.05229123,-0.09307916,-0.23021337,0.32285186
23,1781860210.850146,0.06512177,-0.08654537,0.08383548,-1.07916773
23,1781860210.908926,0.07414631,-0.06676686,0.29300272,-1.67776438
23,1781860210.966666,-0.01712907,-0.02704917,0.25522654,-0.97913448
23,1781860211.026860,-0.06833670,0.00548532,0.14994349,-0.23669843
23,1781860211.102024,-0.08816486,-0.01442175,0.06861237,-0.03113377
23,1781860211.163468,-0.17982658,-0.07195694,-0.10646012,0.47708463
23,1781860211.257914,-0.28396504,-0.07798691,-0.35836537,1.62975817
23,1781860211.318520,-0.23628520,0.01673806,-0.44277186,2.38766527
23,1781860211.389528,-0.03962832,0.13060399,-0.24102315,1.81574564
23,1781860211.429610,0.12507602,0.14475862,0.04374753,0.40443893
23,1781860211.507433,0.14122411,0.05617032,0.14867003,-0.59497347
23,1781860211.563396,0.06454622,-0.04211552,0.05799051,-0.69286914
23,1781860211.626165,0.00018588,-0.09227062,-0.04389744,-0.47191369
23,1781860211.696336,-0.01419673,-0.10271078,-0.03128768,-0.53594195
23,1781860211.785095,0.00264285,-0.10051202,0.05017096,-0.85059871
23,1781860211.829362,0.01461732,-0.12145665,0.09308398,-1.17489310
23,1781860211.908478,-0.03326730,-0.19565547,0.04398966,-1.34719472
23,1781860211.976401,-0.19140632,-0.29952865,-0.10311920,-1.02047172
23,1781860212.030592,-0.41820828,-0.36018516,-0.30661035,0.01490604
23,1781860212.094572,-0.56443135,-0.33423415,-0.43308133,1.10261232
23,1781860212.153038,-0.54690657,-0.27665643,-0.37194039,1.22488767
23,1781860212.235929,-0.46982048,-0.28477085,-0.22021224,0.40375977
23,1781860212.307515,-0.41222418,-0.31136747,-0.12401136,-0.28985544
23,1781860212.376414,-0.26034698,-0.16933013,-0.00192021,-0.25598958
23,1781860212.429572,-0.04872136,0.06253862,0.14813198,0.08600763
23,1781860212.490362,-0.13832944,-0.06643468,-0.10274177,0.36257935
23,1781860212.548083,-0.52323950,-0.59072504,-0.85385032,0.65557957
23,1781860212.615027,-0.47287893,-0.69916317,-1.15502241,0.76929506
23,1781860212.704114,0.38861070,0.14092897,-0.24070140,0.44885560
23,1781860212.788983,1.37296597,1.26455514,1.10436473,0.17351094
23,1781860212.838781,1.86043255,1.85363054,1.75835122,0.29648332
23,1781860212.898866,2.07486126,1.98912530,1.87454097,0.09666956
23,1781860212.966382,2.05937292,1.88010175,1.92774268,-0.76037185
23,1781860213.021384,1.23843915,1.17561777,1.44516366,-1.11374713
23,1781860213.103463,-0.41262583,-0.25137807,0.00225938,-0.30959351
23,1781860213.157885,-2.00721353,-1.79277288,-1.68835883,0.36869398
23,1781860213.245675,-2.83345692,-2.75151320,-2.62585606,-0.14648165
23,1781860213.296629,-2.85811625,-2.86390269,-2.58741558,-0.94588544
23,1781860213.343700,-2.33265607,-2.29480904,-1.99981890,-0.86167456
23,1781860213.419905,-1.65830492,-1.57197445,-1.43248985,-0.17811700
23,1781860213.500904,-1.15024846,-1.06844241,-1.07548576,0.29773020
23,1781860213.559807,-0.43801560,-0.33980375,-0.33545880,0.31454364
23,1781860213.621476,0.98881480,1.12052693,1.25664097,-0.01475063
23,1781860213.712315,2.34255365,2.44850167,2.60503277,-0.16950150
23,1781860213.847213,2.11190164,2.19132530,2.09107645,0.60207413
23,1781860213.902898,0.43809744,0.59215934,0.18616846,1.87671061
23,1781860213.967711,-0.76355957,-0.56277928,-0.94542254,1.95502496
23,1781860214.024271,-0.39935891,-0.39906439,-0.49625869,0.32668047
23,1781860214.091036,0.67517619,0.30714553,0.33741679,-1.33469103
23,1781860214.154385,1.28381627,0.69749622,0.60170128,-1.64372668
23,1781860214.228460,1.24476403,0.73141028,0.55975119,-1.14500278
23,1781860214.305623,0.89556226,0.60503930,0.53080909,-0.72478692
23,1781860214.374120,0.41081349,0.32746372,0.33868710,-0.31691021
24,1781860209.158150,0.09195741,0.09976832,0.09514799,0.05055207
24,1781860209.251233,-0.30267390,-0.27984124,-0.20145179,-0.22592363
24,1781860209.312587,-0.97030104,-0.95264967,-0.79219187,-0.58072738
24,1781860210.029683,-1.00209313,-1.01081189,-0.93068243,-0.36130440
24,1781860210.099482,-0.54833601,-0.53577696,-0.60320909,0.32528699
24,1781860210.251768,-0.20765032,-0.15770740,-0.27585472,0.68354488
24,1781860210.303442,-0.41457125,-0.43526163,-0.46155543,0.02278648
24,1781860210.559487,-0.69097531,-0.92554754,-0.85291044,-1.24927754
24,1781860210.614799,-0.03075954,-0.48793146,-0.45786539,-1.98137034
24,1781860211.026860,1.43851187,0.93146520,0.82277031,-1.61991148
24,1781860211.102024,2.08211700,1.75628108,1.57964496,-0.60672621
24,1781860211.163468,0.94684572,0.94971129,0.80506479,0.59986298
24,1781860211.257914,-0.80863068,-0.44338850,-0.56690651,1.98756043
24,1781860211.318520,-1.60156469,-0.95764550,-1.06571428,3.05798539
24,1781860211.389528,-1.30531261,-0.61553290,-0.58197618,2.66855381
24,1781860211.429610,-0.71132558,-0.24755952,0.02183906,0.79040217
24,1781860211.507433,-0.25868232,-0.11044680,0.25154719,-0.86925625
24,1781860211.563396,0.09338672,0.02896685,0.23829586,-1.11320945
24,1781860211.626165,0.43637228,0.26530934,0.26575661,-0.69745226
24,1781860211.696336,0.81196591,0.56898539,0.50030776,-0.70880881
24,1781860211.785095,1.24618956,0.94338603,0.91080292,-1.09886080
24,1781860211.829362,1.58066743,1.24772063,1.22098987,-1.24523827
24,1781860211.908478,1.48796547,1.22550419,1.12391462,-0.65419045
24,1781860212.030592,0.96005782,0.89961281,0.69206786,0.59818704
24,1781860212.153038,0.43548789,0.55720212,0.32363913,1.44474727
24,1781860212.235929,0.10313406,0.23023945,0.12152901,0.95895337
24,1781860212.307515,-0.39139573,-0.35433500,-0.27383828,-0.17663397
24,1781860212.376414,-1.25505006,-1.24782549,-1.04550155,-0.79337845
24,1781860212.429572,-2.20756228,-2.17603230,-1.95378113,-0.77557444
24,1781860212.490362,-2.93004635,-2.90572030,-2.81859267,-0.25538482
24,1781860213.902898,-3.15223160,-3.20513080,-3.43449438,0.71759862
24,1781860213.967711,-2.47071422,-2.63824854,-3.08823821,1.14861455
24,1781860214.091036,-0.87784316,-1.05488730,-1.29839598,0.27028038
24,1781860214.154385,0.80406476,0.86058936,1.08119834,-0.66725483
24,1781860214.305623,1.74732428,2.14774115,2.62375589,-0.30742139
24,1781860214.374120,2.06829679,2.57572660,2.96963872,0.46162365
24,1781860214.430489,2.36201248,2.62324655,2.80673235,0.31616609
24,1781860214.490581,2.66069908,2.62002528,2.61799334,-0.15713848
24,1781860214.885507,2.55181919,2.46807278,2.32285142,0.24999001
24,1781860214.935678,2.11581742,2.17997895,1.92278123,1.30681862
24,1781860215.009956,1.81534200,1.90792457,1.58361655,1.69530016
24,1781860215.090140,1.36080325,1.23379774,0.96310749,0.58429901
24,1781860215.178732,-0.11142119,-0.49530920,-0.56697814,-1.26964980
24,1781860215.232404,-2.30785407,-2.71529324,-2.62985183,-2.00431614
24,1781860215.291641,-3.61730179,-3.84027145,-3.80929018,-1.03270034
24,1781860215.344358,-3.27790430,-3.35295362,-3.40936055,-0.07580988
24,1781860215.407381,-2.25986915,-2.29803271,-2.23471911,-0.41266046
24,1781860215.549083,-1.50220868,-1.47106034,-1.24990784,-0.77265857
24,1781860215.615688,-0.80221892,-0.63656993,-0.50293606,0.13019059
24,1781860215.693783,0.11235688,0.32953246,0.28843104,1.05029246
24,1781860215.926918,0.82340190,0.96626891,0.98348672,0.51095684
24,1781860216.019940,0.99454125,1.08570394,1.27491475,-0.39871614
24,1781860216.062903,0.91320090,1.05531318,1.20085432,-0.01394357
24,1781860216.129798,0.93934411,1.11218232,1.04826890,0.96275884
24,1781860216.175468,1.04796467,1.11307263,0.95622131,0.90260521
24,1781860216.252291,1.06465439,0.96939631,0.84898957,0.10226791
24,1781860216.363365,0.91250378,0.78479472,0.64269596,0.05851625
24,1781860216.412021,0.59398458,0.57347553,0.35214579,0.81664438
24,1781860216.455701,0.20402172,0.24355472,0.05754754,0.91716701
24,1781860216.563203,-0.12500028,-0.15407556,-0.17036975,-0.05197469
24,1781860216.730521,-0.38596590,-0.44192820,-0.32654446,-0.69678469
24,1781860216.800587,-0.59816884,-0.55203173,-0.41108604,-0.38554243
24,1781860216.888223,-0.63724282,-0.55165332,-0.37716989,-0.36149034
24,1781860216.930604,-0.45388126,-0.48763142,-0.25746099,-1.07324228
24,1781860216.982216,-0.23996466,-0.35831697,-0.19162610,-1.15913805
24,1781860217.063726,-0.12124826,-0.19112569,-0.20396872,-0.23193237
24,1781860217.194228,0.00187983,-0.03787175,-0.16998331,0.37558514
24,1781860217.259919,0.16033701,0.07253008,-0.06609400,0.20664969
24,1781860217.346399,0.21358866,0.12082372,-0.00436826,0.13186570
24,1781860217.413555,0.10623455,0.09007951,-0.01912560,0.37839132
24,1781860217.458545,-0.04521175,0.01741249,-0.03457024,0.46605326
24,1781860217.531421,-0.13581226,-0.02134498,-0.01429219,0.43680476
24,1781860217.597700,-0.19387294,-0.03275777,-0.00711546,0.55090514
24,1781860217.666617,-0.28927735,-0.09246755,-0.05653119,0.65419745
24,1781860217.718717,-0.33612092,-0.13809782,-0.09987089,0.64981673
24,1781860217.764707,-0.10786907,0.02227521,-0.00027386,0.62093289
24,1781860217.859625,0.39031852,0.35934654,0.24696909,0.33103822
24,1781860217.938199,0.73872759,0.53219147,0.42470136,-0.40277402
24,1781860218.113517,0.58269048,0.33709902,0.35649231,-1.07756976
24,1781860218.161702,0.11532087,-0.00690330,0.14910897,-1.13145825
24,1781860218.258156,-0.20174462,-0.19326740,0.01105058,-0.79639328
24,1781860218.366946,-0.17882849,-0.18174934,-0.02758472,-0.63879358
24,1781860218.416313,0.03224315,-0.08726291,-0.05167168,-0.63070857
24,1781860218.459394,0.15516784,0.01394367,-0.07260539,-0.22233824
24,1781860218.798469,0.01572373,0.06951317,-0.05779730,0.73644913
24,1781860218.853474,-0.24570517,0.05138043,-0.03247195,1.54909769
24,1781860218.916283,-0.30402477,0.01157094,-0.04290697,1.50491734
24,1781860218.969977,-0.10407227,0.01725641,-0.07970608,0.88768872
24,1781860219.044409,0.08500245,0.05695777,-0.08734649,0.47277363
24,1781860219.133598,0.10322767,0.07357085,-0.03326936,0.31386892
24,1781860219.201978,0.04971491,0.03969228,0.04916830,-0.07929196
24,1781860219.263190,0.01613517,-0.02813113,0.09864620,-0.69555492
24,1781860219.352909,-0.02115884,-0.09956902,0.08735222,-1.07897953
24,1781860219.404749,-0.06819670,-0.15892048,0.02657290,-1.12324673
24,1781860219.526809,-0.06238189,-0.18212364,-0.05362564,-1.00947560
24,1781860219.590319,0.05849175,-0.10732329,-0.11469162,-0.64432906
24,1781860219.652290,0.26643056,0.08616046,-0.10835752,0.05793946
24,1781860219.730724,0.40694188,0.29172236,0.01684872,0.64923913
24,1781860219.779268,0.32190502,0.36980511,0.21821048,0.81125222
24,1781860219.869971,0.03151979,0.29158586,0.29377215,1.04867715
24,1781860219.933763,-0.26173159,0.12426006,0.12030975,1.58571261
24,1781860219.998247,-0.35722059,-0.05853155,-0.11176972,1.43112435
24,1781860220.517673,-0.25177768,-0.21522287,-0.16521170,-0.05472073
24,1781860220.564344,-0.13931081,-0.32534726,-0.08178048,-1.74699655
24,1781860220.657339,-0.16251097,-0.34678093,-0.00381610,-2.14401877
24,1781860220.725693,-0.24012453,-0.23038278,0.02934200,-1.01656477
24,1781860220.794857,-0.21342892,-0.01857052,-0.01059225,0.75995458
24,1781860220.882702,-0.02776685,0.16839154,-0.07812163,1.80013941
24,1781860220.975884,0.26938720,0.27654264,0.00449077,1.13540628
24,1781860221.348847,0.53339610,0.32178171,0.21032699,-0.40730275
24,1781860221.441004,0.56548998,0.28510585,0.23923054,-0.95363831
24,1781860221.535419,0.36544501,0.17588754,0.04226143,-0.22744681
24,1781860221.594098,0.20186119,0.10195414,-0.06147064,0.25829704
24,1781860221.668416,0.17481718,0.08410666,0.03835361,-0.18282116
24,1781860221.725545,-0.00391212,-0.02306518,0.06463468,-0.43452113
24,1781860222.175886,-0.44129254,-0.22550771,-0.12312048,0.46113535
24,1781860222.247778,-0.68894458,-0.27771067,-0.27754054,1.67160529
24,1781860222.354533,-0.39958653,-0.09358192,-0.16624719,1.53987435
24,1781860222.420128,0.08272380,0.06248858,0.09280790,-0.20558184
24,1781860222.469180,0.25379862,0.01096205,0.23289621,-1.89000641
24,1781860222.524850,0.14288069,-0.06813823,0.18413142,-1.88397925
24,1781860222.581959,0.05677819,-0.00107477,0.07645036,-0.55051976
24,1781860222.658590,0.03728282,0.08465961,0.00027961,0.53579358
24,1781860222.730509,-0.01500486,0.04554016,-0.05652894,0.66127601
24,1781860222.793300,-0.02423303,-0.01178639,-0.07234045,0.29685990
24,1781860222.889639,0.05203603,0.02762415,-0.01431236,0.07126452
24,1781860222.943014,0.02342798,0.06192231,0.02797387,0.29459101
24,1781860222.976909,-0.14944083,0.00166932,-0.01846346,0.69636541
24,1781860223.058482,-0.14881858,-0.03887880,-0.02233137,0.37978322
24,1781860223.127725,0.16045662,0.04053451,0.11803656,-0.80283228
24,1781860223.194580,0.41486562,0.15133416,0.21884422,-1.34619190
24,1781860223.258014,0.30632665,0.18268751,0.08839037,-0.11932029
24,1781860223.349782,0.01613440,0.14792026,-0.14569013,1.72988876
24,1781860223.392179,-0.15838092,0.09297818,-0.24176276,2.38339634
24,1781860223.535549,-0.19791511,0.01244453,-0.16046370,1.55857216
24,1781860223.656620,-0.19828798,-0.08806073,-0.00656991,0.11685763
24,1781860223.848166,-0.15683175,-0.14843265,0.12534269,-1.07916182
24,1781860223.927939,-0.06186885,-0.12575587,0.14903747,-1.37725554
24,1781860223.990100,0.03654607,-0.05433620,0.04587845,-0.77710230
24,1781860224.057847,0.12832622,0.00224456,-0.02428524,-0.40483112
24,1781860224.126046,0.24030687,0.02184715,0.09629937,-1.19113669
24,1781860224.194181,0.29230766,0.02221621,0.25475603,-2.04396769
24,1781860224.653752,0.15762769,0.02091843,0.16359202,-1.13612013
24,1781860224.792792,0.00401850,0.04258583,0.07960842,0.00243791
24,1781860224.865723,-0.09765117,-0.08019503,0.06788627,-0.20615267
24,1781860224.933355,-0.06180151,-0.14218497,0.10316721,-0.51407607
24,1781860224.976899,0.34726398,0.11441187,0.30675482,-0.67104292
24,1781860225.056929,0.86641362,0.46965590,0.55748008,-0.76476728
24,1781860225.123527,1.16164611,0.63875285,0.68490569,-0.89806869
24,1781860225.182394,1.10454089,0.55735253,0.55660359,-0.86239083
24,1781860225.934417,0.75253853,0.37629015,0.15183843,-0.23956554
24,1781860226.003404,0.27904239,0.26370650,-0.29938417,0.86446673
24,1781860226.056165,-0.12224398,0.20731603,-0.44422076,1.54836720
24,1781860226.122490,-0.42028314,0.02971690,-0.26401374,1.17375593
24,1781860226.180089,-0.71956281,-0.32219446,-0.15047760,0.35612325
24,1781860227.178895,-0.94948529,-0.60450669,-0.30641052,0.07398988
24,1781860227.257867,-0.85578720,-0.57028752,-0.41691353,0.20852080
24,1781860227.352084,-0.46351948,-0.31057715,-0.19422987,0.05775431
24,1781860227.402152,-0.17461219,-0.08542261,0.14942316,-0.22987462
24,1781860227.448104,-0.17744296,0.02793927,0.27184560,-0.06079874
24,1781860227.524503,-0.18319772,0.08199889,0.16821117,0.28247312
24,1781860227.704981,-0.01188327,0.02356072,0.03004687,0.04570127
24,1781860227.791127,0.04635962,-0.20743295,-0.05488508,-0.64128657
24,1781860227.865275,-0.17930992,-0.42021297,-0.09548353,-0.89268132
24,1781860227.935654,-0.29033794,-0.32323877,-0.07808120,-0.43883184
24,1781860228.001151,0.02064336,-0.00301116,0.02777106,-0.08591208
24,1781860228.056329,0.33358411,0.10753657,0.18284590,-0.47560147
24,1781860228.118923,0.22879547,-0.02699440,0.30587931,-0.92902898
24,1781860228.180478,0.20555231,0.19221361,0.47262244,-0.46359242
24,1781860228.257272,0.94602561,1.04995751,0.89847994,0.40308727
24,1781860228.359999,1.97842255,1.85751704,1.48723865,0.39356034
24,1781860228.432701,2.10822836,1.81172214,1.66400361,-0.23481677
24,1781860228.457508,1.06176891,1.04129951,1.04174873,-0.03301378
24,1781860228.527690,-0.20063191,0.27268544,0.01237699,1.15780842
24,1781860228.579157,-0.78433672,-0.14260430,-0.72941002,1.93887918
24,1781860228.655472,-0.77276274,-0.43439147,-1.03694997,1.48497556
24,1781860228.737354,-0.77331228,-0.88334670,-1.30158934,0.48641427
24,1781860228.790216,-1.01935843,-1.39030076,-1.74250429,-0.02957358
24,1781860228.881253,-1.19314726,-1.61733440,-2.08985946,0.07628693
24,1781860228.950678,-1.05816987,-1.45703447,-1.99862282,0.22524664
24,1781860229.002243,-0.87010128,-1.12483687,-1.45760923,0.12315763
24,1781860229.038054,-0.86249429,-0.74442811,-0.60881209,-0.02769715
24,1781860229.140127,-0.72205015,-0.17210710,0.54139862,-0.25813465
24,1781860229.192901,-0.09583047,0.63203817,1.87073023,-0.80618163
24,1781860229.256553,0.67332245,1.30582708,2.85989298,-1.45440821
24,1781860229.346438,0.86082908,1.32004522,3.03675496,-1.98457668
24,1781860229.414094,0.29528477,0.54518291,2.47486015,-2.65102776
24,1781860229.455063,-0.37699591,-0.40969811,1.47049525,-3.01893220
24,1781860229.540409,-0.34176750,-0.62666965,0.19411682,-1.74499801
24,1781860229.597066,0.64785939,0.22779799,-0.91792934,1.14524614
24,1781860229.661131,2.15571047,1.65854604,-1.11138091,3.58687435
24,1781860229.719583,3.37672047,2.86792516,-0.29232551,4.18452745
24,1781860229.783479,3.37567040,3.03090638,0.45123633,3.52712921
24,1781860229.874229,1.55978420,1.48583189,-0.00624021,2.23807700
24,1781860229.919948,-1.39787260,-1.32784396,-1.37839882,0.19030490
24,1781860229.990941,-3.58334771,-3.53095626,-2.28023240,-1.89120847
24,1781860230.052661,-3.64443947,-3.56835886,-1.92677746,-2.47067372
24,1781860230.121879,-2.19179369,-1.94931661,-0.88363462,-1.29918220
24,1781860230.181248,-0.77913727,-0.33893613,-0.07379118,0.27627371
24,1781860230.246218,-0.06538558,0.45410564,0.31091088,1.04585118
24,1781860230.348920,0.37010658,0.74921036,0.66764577,0.72702693
24,1781860230.412608,0.90299303,0.93108186,1.18536661,-0.35698246
24,1781860230.478403,1.32411726,1.01950542,1.56049627,-1.33453035
24,1781860230.527526,1.35716429,1.01485046,1.47433967,-1.26540572
24,1781860230.587693,1.10558407,0.99485081,1.04728316,-0.25750800
24,1781860230.648601,0.76473493,0.86961988,0.61629555,0.56532596
24,1781860230.717117,0.31880475,0.44919255,0.28728615,0.46129876
24,1781860230.786263,-0.22472983,-0.18434780,-0.04050296,-0.16328504
24,1781860230.872474,-0.67570401,-0.68846589,-0.40064619,-0.47437791
24,1781860230.943482,-0.96806893,-0.95343737,-0.75767308,-0.28586371
24,1781860231.000741,-1.29704488,-1.26468808,-1.13707294,-0.15033673
24,1781860231.074380,-1.69372167,-1.71108732,-1.48920082,-0.37758778
24,1781860231.127785,-1.70062269,-1.73289355,-1.47759719,-0.45383864
24,1781860231.183781,-0.87945424,-0.79737206,-0.78675147,0.11278070
24,1781860231.251061,0.39435935,0.61925890,0.26088433,0.92052336
24,1781860231.340247,1.22212069,1.47549790,0.91254693,1.28832932
24,1781860231.406217,1.41956674,1.59725288,1.03188930,1.17268124
24,1781860231.463612,1.69178643,1.75278097,1.25880345,0.87585704
24,1781860231.527709,2.25715741,2.17043955,1.79696619,0.45255759
24,1781860231.582982,2.29092152,2.07404596,1.90003123,-0.06764298
24,1781860231.643699,1.28948865,1.05122604,1.06422140,-0.39653539
24,1781860231.709069,-0.02815684,-0.19588098,-0.12363514,-0.37872068
24,1781860231.786934,-0.80301211,-0.93514289,-0.85423838,-0.33621233
24,1781860231.863893,-1.07724356,-1.25569604,-1.03776472,-0.62557299
24,1781860231.922976,-1.24049254,-1.42675221,-0.97985677,-0.99924555
24,1781860231.989747,-1.31224621,-1.34248949,-0.82344360,-0.86688830
24,1781860232.049717,-1.19732506,-0.97480123,-0.61380841,-0.21853181
24,1781860232.110171,-0.99004007,-0.61068406,-0.41630465,0.29193012
24,1781860232.174066,-0.77043479,-0.39162458,-0.23491949,0.35052635
24,1781860232.250492,-0.53047947,-0.18704041,-0.08207490,0.37635900
24,1781860232.345437,-0.32020689,0.02909753,-0.01765557,0.62505808
24,1781860232.411953,-0.13694778,0.16664436,0.05276203,0.65885829
24,1781860232.456593,0.17058468,0.29862448,0.32039417,0.16771551
24,1781860232.512352,0.59026247,0.51012601,0.65960549,-0.36237994
24,1781860232.577580,0.82988894,0.64407132,0.69058526,-0.36666572
24,1781860232.637961,0.78457448,0.57921112,0.39787206,-0.03791515
24,1781860232.730689,0.71100864,0.46926118,0.17327122,0.08560551
24,1781860232.792781,0.71114761,0.39530113,0.14722177,-0.10695008
24,1781860232.882717,0.58541322,0.23669363,0.09829423,-0.33192736
24,1781860232.944599,0.37325520,0.11943092,0.06397195,-0.31306018
24,1781860233.009934,0.36697843,0.33885068,0.29952050,0.01767970
24,1781860233.069562,0.45006580,0.65888344,0.60121510,0.42056824
24,1781860233.131035,0.17208652,0.48406318,0.46228018,0.52673957
24,1781860233.193378,-0.41881331,-0.14155655,-0.06262021,0.31298935
24,1781860233.255921,-0.77522856,-0.53614046,-0.39621704,0.15650174
24,1781860233.348769,-0.71749679,-0.43737618,-0.33498386,0.28049082
24,1781860233.414756,-0.58090656,-0.26492665,-0.21983318,0.42751303
24,1781860233.456596,-0.51572070,-0.31140964,-0.25175463,0.22829621
24,1781860233.516828,-0.31204015,-0.38217831,-0.26415493,-0.29695659
24,1781860233.590669,0.06575366,-0.28451252,-0.16532839,-0.74088660
24,1781860233.652696,0.31584128,-0.11916671,-0.09128950,-0.73052555
24,1781860233.714235,0.24822254,-0.01212538,-0.09107581,-0.28628156
24,1781860233.778384,0.04099646,0.06308986,-0.03771628,0.19396008
24,1781860233.867322,-0.05746568,0.13375422,0.11092529,0.33781190
24,1781860233.929537,-0.04833467,0.15420675,0.23227202,0.19644830
24,1781860233.991411,-0.04931833,0.13016758,0.25715493,0.08285323
24,1781860234.051314,-0.01655660,0.14874053,0.27069089,0.06840988
24,1781860234.114397,0.16113444,0.24929122,0.34929618,-0.01869880
24,1781860234.171834,0.38947354,0.36180680,0.43787228,-0.16371022
24,1781860234.254606,0.45245609,0.39190328,0.44519158,-0.17966408
24,1781860234.345920,0.32791406,0.32087616,0.36637392,-0.08291180
24,1781860234.395306,0.19053622,0.21263504,0.25135089,-0.02622501
24,1781860234.452033,0.12778101,0.13246258,0.12350335,0.02152790
24,1781860234.517175,0.06768732,0.07728146,-0.00170540,0.13979855
24,1781860234.573544,-0.02654448,0.00539690,-0.07698055,0.18041801
24,1781860234.638891,-0.10578719,-0.09435647,-0.08026604,-0.00419756
24,1781860234.725658,-0.17171645,-0.19286078,-0.07219802,-0.22379997
24,1781860234.787343,-0.25501872,-0.24497513,-0.13819678,-0.15266684
24,1781860234.882862,-0.28840377,-0.21524816,-0.29448276,0.24050227
24,1781860234.941504,-0.21931951,-0.13165110,-0.46482102,0.66416716
24,1781860235.007560,-0.17726965,-0.09715221,-0.53764336,0.82162460
24,1781860235.063600,-0.28175242,-0.16978326,-0.48032522,0.66680715
24,1781860235.130678,-0.38309149,-0.25596754,-0.39976518,0.42756853
24,1781860235.185975,-0.27310823,-0.22605355,-0.40213083,0.35214690
24,1781860235.248919,-0.04381307,-0.11067868,-0.38770358,0.33167343
24,1781860235.341533,0.06788660,-0.04222808,-0.13276864,-0.03089189
24,1781860235.370760,0.09603599,-0.01137608,0.38449191,-0.79427670
24,1781860235.452929,0.29503972,0.14096832,0.92213394,-1.47599126
24,1781860235.527993,0.71211996,0.46105418,1.29741074,-1.71617017
24,1781860235.587808,1.05971204,0.77882443,1.53865827,-1.64246681
24,1781860235.651412,1.03378725,0.91805889,1.63192936,-1.30927308
24,1781860235.710746,0.62217955,0.88400565,1.41043033,-0.41758953
24,1781860235.779137,0.07867148,0.78197232,0.85775855,0.99034372
24,1781860235.870499,-0.31224704,0.64145007,0.27130831,2.08928282
24,1781860235.929483,-0.40257988,0.42157289,-0.06404487,2.06708014
24,1781860236.666295,-0.22527705,0.14868751,-0.20946992,1.15543509
24,1781860236.750165,-0.00554460,-0.10687698,-0.44190893,0.36882472
24,1781860236.815931,-0.06506629,-0.43174566,-0.93257648,0.21171783
24,1781860236.875626,-0.54599915,-1.07254395,-1.69979768,0.15893887
24,1781860236.945305,-1.20668680,-2.05712532,-2.66458131,-0.38347509
24,1781860237.002500,-1.57614913,-2.85002274,-3.41257847,-1.12260204
24,1781860237.070167,-1.33223158,-2.62183812,-3.11117807,-1.26298093
24,1781860237.151721,-0.52195334,-1.06300231,-1.28752596,-0.49954035
29,1781860252.548046,0.02396361,0.04919062,0.05001403,0.07020785
29,1781860252.604179,0.40182835,0.16821467,0.09131048,-0.45084499
29,1781860252.674083,0.94733168,0.43940074,0.24305047,-0.89640124
29,1781860252.736165,1.06546684,0.66925356,0.36266426,-0.25784348
29,1781860252.797762,0.70945052,0.46595805,0.00519301,0.62508176
29,1781860252.861732,0.12387629,-0.08443897,-0.55043878,0.74134492
29,1781860252.941913,-0.28975968,-0.40349724,-0.54777069,0.08785014
29,1781860253.005433,-0.35100510,-0.27571578,-0.03348175,-0.48029121
29,1781860253.071809,-0.27884704,-0.09315043,0.19275690,-0.28830099
29,1781860253.132703,-0.38155622,-0.16967306,-0.12141706,0.47074675
29,1781860253.196785,-0.66868927,-0.37896749,-0.43184119,0.98562922
29,1781860253.263922,-0.86193900,-0.50133437,-0.37945949,0.68681297
29,1781860253.342731,-0.75734701,-0.50452751,-0.21189654,-0.11453549
29,1781860253.401684,-0.48849539,-0.46344451,-0.25615135,-0.52430145
29,1781860253.471690,-0.29797021,-0.39690555,-0.45985899,-0.10351801
29,1781860253.532301,-0.11493718,-0.20330878,-0.47594166,0.53011002
29,1781860253.593395,0.33210473,0.20466950,-0.06018752,0.39535527
29,1781860253.662175,0.98079409,0.69491953,0.60850979,-0.57384979
29,1781860253.742237,1.39123371,0.99815139,1.06716712,-1.32943186
29,1781860253.806424,1.29621132,1.00075375,1.06558488,-1.03653173
29,1781860253.871214,0.86865532,0.80169782,0.78530219,-0.14546382
29,1781860253.933408,0.42137404,0.55099313,0.54642887,0.38603844
29,1781860253.998546,0.12577328,0.38290422,0.48451189,0.44743232
29,1781860254.065893,0.00956979,0.37202704,0.53202571,0.58246275
29,1781860254.141522,-0.00523836,0.41704096,0.54041134,0.85994536
29,1781860254.206644,-0.07512422,0.29954999,0.37654987,0.85639343
29,1781860254.271708,-0.33172100,-0.07431133,-0.01701839,0.57572533
29,1781860254.329731,-0.76002760,-0.58990347,-0.57853457,0.45673046
29,1781860254.402294,-1.16173098,-1.05502163,-1.09405606,0.41929721
29,1781860254.462368,-1.28253298,-1.31881904,-1.30604901,-0.14113179
29,1781860254.545084,-1.02619601,-1.30011638,-1.18120032,-1.13016984
29,1781860254.605616,-0.51959942,-0.99988881,-0.95288000,-1.51700926
29,1781860254.669863,-0.01540699,-0.54298550,-0.79961847,-0.77949613
29,1781860254.737139,0.22767905,-0.15859926,-0.66267621,0.33890054
29,1781860254.798878,0.14062924,0.01276284,-0.44075970,0.93689562
29,1781860254.861942,-0.00568413,0.08554645,-0.14596411,0.92850934
29,1781860254.942405,0.12673715,0.25569410,0.17871327,0.59247220
29,1781860255.005499,0.47372947,0.49807532,0.50823152,0.04082286
29,1781860255.070400,0.65520968,0.63375314,0.78018997,-0.48302041
29,1781860255.136374,0.56807330,0.66983669,0.95031187,-0.51414442
29,1781860255.199670,0.53328148,0.80844794,1.10306605,-0.05596136
29,1781860255.262942,0.72416757,1.06303993,1.32879849,0.21034455
29,1781860255.343540,0.87024743,1.18874279,1.51804220,-0.03108267
29,1781860255.406736,0.81856175,1.15374616,1.53023851,-0.11884076
29,1781860255.474187,0.87533809,1.22656116,1.45211931,0.36153137
29,1781860255.537705,1.05270539,1.26105744,1.26589537,0.58549944
29,1781860255.599665,0.60386481,0.53399956,0.51486185,-0.14594047
29,1781860255.659430,-0.82116399,-1.07761171,-0.99245343,-0.98278254
29,1781860255.742319,-2.17597114,-2.43409982,-2.42793701,-0.76035277
29,1781860255.808321,-2.23717794,-2.46366536,-2.76756453,0.22270955
29,1781860255.872479,-1.30696253,-1.57670530,-2.13424510,0.82797693
29,1781860255.934706,-0.69051557,-0.97920687,-1.51622491,0.71442298
29,1781860256.173512,-0.89694774,-1.06535764,-1.38255145,0.42804347
29,1781860256.212824,-1.21711481,-1.17196190,-1.27319671,0.42114975
29,1781860256.233383,-0.84593421,-0.62693312,-0.64101394,0.67056443
29,1781860256.299973,0.21828068,0.49113767,0.43879435,0.93558422
29,1781860256.365246,1.37165130,1.57417837,1.46923482,0.88457684
29,1781860256.431139,2.08146544,2.12150861,2.08961664,0.20695364
29,1781860256.509322,2.16583058,2.03437496,2.20350458,-0.86476794
29,1781860256.575845,1.63788701,1.47675717,1.78994060,-1.36457442
29,1781860256.643665,0.69489325,0.72353746,0.98263567,-0.66300409
29,1781860256.700496,-0.17589815,0.09495255,0.21724916,0.42738235
29,1781860256.766333,-0.53032434,-0.23258264,-0.12157206,0.53721563
29,1781860256.830588,-0.38358081,-0.30858667,-0.08911665,-0.41564952
29,1781860256.912642,0.00116670,-0.18673449,0.08757647,-1.32976013
29,1781860256.969895,0.32690094,0.01020063,0.26178182,-1.63491607
29,1781860257.037662,-0.01838548,-0.27710009,0.02976227,-1.62713531
29,1781860257.116624,-1.42532154,-1.42900356,-1.00162854,-1.24012854
29,1781860257.163596,-2.69976252,-2.36302408,-2.06349855,0.10705961
29,1781860257.228850,-1.81954997,-1.33247478,-1.60524980,2.18604919
29,1781860257.310671,0.99309516,1.28237315,0.31774860,3.60741185
29,1781860257.374182,2.82628169,2.76338907,1.55196561,3.30426304
29,1781860257.437335,1.89919451,1.64239746,0.79689068,1.69368703
29,1781860257.502100,-0.17165034,-0.38635669,-0.59957702,-0.00427519
29,1781860257.569381,-1.12481422,-1.18865683,-0.89802099,-1.01981590
29,1781860257.632142,-0.93698782,-0.86393460,-0.31032565,-1.38253363
29,1781860257.713753,-0.69320865,-0.59535960,0.04585028,-1.56322062
29,1781860257.776623,-0.57526178,-0.61206687,-0.00942036,-1.83966875
29,1781860257.840983,-0.27005890,-0.44647913,-0.00590955,-1.77504734
29,1781860257.903479,0.10589498,0.01171530,0.18220735,-0.76144668
30,1781860258.640347,-0.81228049,-0.35263428,-0.51510679,0.84528920
30,1781860258.698524,-1.58212295,-0.73127173,-0.84155517,1.30591914
30,1781860258.829455,-0.87334953,-0.13076552,-0.10887788,0.97922925
30,1781860258.911695,0.47173637,1.04164903,0.90292798,0.96283940
30,1781860258.974245,1.30373329,1.59520600,1.49250501,0.53557425
30,1781860259.038738,1.28015401,1.20173281,1.46293280,-0.46145233
30,1781860259.106255,0.75631030,0.34846718,0.88481135,-1.28289231
30,1781860259.168092,-0.07147428,-0.63071119,-0.17464262,-1.37952245
30,1781860259.229651,-1.05100868,-1.63308536,-1.38706896,-1.12515201
30,1781860259.310876,-1.45709273,-2.14270432,-2.03953591,-1.07173628
30,1781860259.376970,-0.55592711,-1.50756321,-1.66850694,-1.07433468
30,1781860259.441406,1.09645298,-0.06063455,-0.68308112,-0.72643083
30,1781860259.500301,1.87329946,0.88342961,0.07156691,-0.24186304
30,1781860259.566254,1.03215776,0.61711550,0.31908183,-0.15898265
30,1781860259.634761,-0.29339533,-0.02254688,0.48296472,-0.31884303
30,1781860259.713936,-0.65516075,0.09197851,0.79566072,0.05904625
30,1781860259.776427,-0.21477279,0.72213176,0.82295577,1.13600479
30,1781860259.837751,-0.24725953,0.71020663,0.18296831,2.01730735
31,1781860260.107793,-0.04826269,-0.04256006,-0.03827513,0.00917786
31,1781860260.173145,-0.45566840,-0.74690680,-0.84499224,-1.25042295
31,1781860260.240173,-1.06168793,-1.72544023,-1.95606228,-2.80397476
31,1781860260.366805,-1.38177222,-2.00439619,-2.28289187,-2.22779872
31,1781860260.433276,-1.51276344,-1.85320096,-2.17608034,-0.11366696
31,1781860260.505623,-1.10432838,-1.16308210,-1.44406303,1.43864224
31,1781860260.573539,0.01005610,0.09618737,0.06223753,0.77737443
31,1781860260.639602,1.12133139,1.19352369,1.44785386,-1.17911415
31,1781860260.698571,1.45701737,1.46071198,1.76992646,-1.97785771
31,1781860260.764326,1.09620667,1.10146341,1.26580584,-1.02988010
31,1781860260.828968,0.53329723,0.61376202,0.68237066,0.07675366
31,1781860260.912780,-0.04207364,0.12599404,0.20085605,0.60338972
31,1781860260.971742,-0.59124386,-0.35529749,-0.29810473,1.15720529
31,1781860261.037263,-0.87150524,-0.63535531,-0.61890312,1.42226718
31,1781860261.101703,-0.67808660,-0.56144382,-0.52523812,0.52072922
31,1781860261.169136,-0.19922918,-0.25968526,-0.20641703,-0.73622221
31,1781860261.231798,0.15952909,0.00860700,-0.03312974,-0.70683808
31,1781860261.305897,0.20608439,0.09374982,-0.09147153,0.47185038
31,1781860261.371172,0.06504429,0.01932694,-0.20590208,1.16211274
31,1781860261.436345,-0.08722681,-0.11695264,-0.24340426,0.62617804
31,1781860261.497218,-0.23065920,-0.24631836,-0.22475795,-0.24094999
31,1781860261.561470,-0.37277548,-0.32723300,-0.21263905,-0.44702160
31,1781860261.625871,-0.37599738,-0.29949643,-0.19452637,-0.18430180
31,1781860261.711675,-0.15308668,-0.13798603,-0.11018317,-0.08223082
31,1781860261.776450,0.10126266,0.06834326,0.03399932,0.00922215
31,1781860261.837890,0.19946386,0.21344769,0.17142274,0.36258662
31,1781860261.903993,0.27949894,0.30836719,0.28595442,0.33198022
31,1781860261.963965,0.42964038,0.36291649,0.36958757,-0.47514031
31,1781860262.025102,0.32238036,0.23806832,0.30123897,-0.95476536
31,1781860262.114578,-0.23723203,-0.13328652,-0.00596624,-0.15132228
31,1781860262.169291,-0.74734324,-0.47952637,-0.35287790,0.91388820
31,1781860262.238931,-0.59342733,-0.45060079,-0.41073935,0.66656974
31,1781860262.303465,0.08056865,-0.08667515,-0.14515123,-0.70413452
31,1781860262.366953,0.59320984,0.24726983,0.14490123,-1.57681914
31,1781860262.431011,0.57782630,0.32588409,0.21957972,-0.94282218
31,1781860262.510200,0.21811771,0.21186447,0.11835107,0.56490006
31,1781860262.575399,-0.16923276,0.01671907,-0.02576992,1.47886751
31,1781860262.638847,-0.44974061,-0.23278249,-0.17835291,1.05216835
31,1781860262.701233,-0.61290587,-0.48229407,-0.32822007,-0.15188836
31,1781860262.759811,-0.61676623,-0.57737469,-0.37692697,-1.04263666
31,1781860262.830424,-0.40948216,-0.39653882,-0.24342208,-0.90744685
31,1781860262.909639,-0.07112868,-0.03172354,-0.02367715,0.20300864
31,1781860262.973896,0.20659319,0.25392524,0.08760037,1.38316031
31,1781860263.038916,0.31335663,0.29305491,0.03833135,1.51758719
31,1781860263.099745,0.26976594,0.15757065,-0.03685006,0.53230636
31,1781860263.167120,0.10534008,-0.00022062,-0.03173846,-0.47933466
31,1781860263.229190,-0.13060844,-0.11487821,0.00906313,-0.70053108
31,1781860263.308615,-0.25836293,-0.14910999,0.03162684,-0.46276839
31,1781860263.369382,-0.08923758,-0.02611559,0.09582337,-0.38076606
31,1781860263.440663,0.28931252,0.23550515,0.24623343,-0.41778740
31,1781860263.499551,0.50314135,0.40165645,0.34254410,-0.27430900
31,1781860263.585094,0.28656757,0.23060294,0.18749238,-0.08321401
31,1781860263.787760,-0.15704047,-0.16341246,-0.15169823,-0.11708560
31,1781860263.818759,-0.38626100,-0.38096096,-0.34993141,-0.16656635
31,1781860263.867332,-0.34241028,-0.29879557,-0.27515145,0.12928455
31,1781860263.937654,-0.36574508,-0.23345362,-0.18554292,0.54625946
31,1781860263.998785,-0.47115030,-0.32263303,-0.25972072,0.55418469
31,1781860264.061612,-0.23167985,-0.22897564,-0.25133669,0.16226618
31,1781860264.143837,0.31827939,0.15884023,0.03186011,-0.21013160
31,1781860264.211850,0.43607516,0.29356598,0.23016338,-0.51211588
31,1781860264.268122,-0.19063358,-0.20035770,-0.07785542,-0.85599992
31,1781860264.333606,-0.79184175,-0.74108267,-0.58345599,-0.69183358
31,1781860264.397323,-0.57250493,-0.51563379,-0.54566590,0.56258946
31,1781860264.462193,0.17178582,0.30047875,0.11934790,2.00572014
31,1781860264.542575,0.58117328,0.77602892,0.66484444,1.98122566
31,1781860264.602484,0.43663286,0.54908401,0.58023336,0.52632707
31,1781860264.674882,0.22803297,0.16287279,0.20683861,-0.70645385
31,1781860264.729479,0.25573703,0.07338380,0.04175593,-0.97575757
31,1781860264.797466,0.27504001,0.08490443,0.04047403,-0.94325814
31,1781860264.861385,0.02519630,-0.09327068,-0.06699607,-0.93702003
31,1781860264.942763,-0.36922561,-0.36972401,-0.26374226,-0.68932528
31,1781860265.006386,-0.61850504,-0.51407905,-0.35778559,-0.33577667
31,1781860265.069760,-0.59423977,-0.45233811,-0.29535960,-0.09760374
31,1781860265.134892,-0.39149599,-0.26433175,-0.17998575,0.27719434
31,1781860265.209222,-0.21727274,-0.12511458,-0.14092765,0.69897824
31,1781860265.262330,-0.15055641,-0.13263218,-0.19871221,0.54382219
31,1781860265.341605,0.01605873,-0.07934705,-0.17855050,0.02458523
31,1781860265.407601,0.44355477,0.28503598,0.08927864,0.24107291
31,1781860265.472279,0.78683204,0.69303157,0.41720894,1.17836500
31,1781860265.534205,0.53874145,0.57458651,0.41010465,1.29686542
31,1781860265.598410,-0.15510296,-0.06091317,0.05045712,-0.11122219
31,1781860265.667517,-0.59550305,-0.54912501,-0.24700310,-1.65562062
31,1781860265.740740,-0.48039498,-0.49583453,-0.24217570,-1.74207434
31,1781860265.805741,-0.20543526,-0.21537601,-0.13837282,-0.56285294
31,1781860265.871053,-0.17948998,-0.13722647,-0.17618429,0.52580618
31,1781860265.935110,-0.30005973,-0.22963005,-0.28212759,0.79579942
31,1781860265.998689,-0.23549507,-0.18831266,-0.23194410,0.58790572
31,1781860266.060067,0.00324926,0.01643150,-0.02023208,0.32268913
31,1781860266.142381,0.05026850,0.06712801,0.09946757,-0.10021394
31,1781860266.214669,-0.14995864,-0.11313536,0.02842161,-0.67801924
31,1781860266.272433,-0.07362178,-0.07204274,0.05912705,-0.83893753
31,1781860266.334832,0.53809404,0.44832519,0.39836359,-0.25770204
31,1781860266.392637,1.02871061,0.89265921,0.68837840,0.44169983
31,1781860266.461059,0.69338311,0.61802667,0.45658530,0.55729184
31,1781860266.542370,-0.12667961,-0.09973494,-0.12922432,0.36533967
31,1781860266.605588,-0.53217788,-0.44416672,-0.44116704,0.55034259
31,1781860266.674903,-0.33912378,-0.23597105,-0.29085780,1.02310727
31,1781860266.730613,-0.20585314,-0.12692173,-0.20056190,0.98770941
31,1781860266.799956,-0.54674544,-0.55003037,-0.55887584,0.03599757
31,1781860266.864703,-0.88693129,-0.97912797,-0.89459889,-1.14407745
31,1781860266.941684,-0.65293554,-0.72322255,-0.59116835,-1.30990540
31,1781860267.005737,-0.18455639,-0.11820910,-0.02343017,-0.18405912
31,1781860267.071961,-0.19139447,-0.03821123,-0.00274567,0.76207428
31,1781860267.134074,-0.47117265,-0.40879828,-0.32989562,-0.10700001
31,1781860267.202555,-0.18688935,-0.31213725,-0.11628801,-2.07870097
31,1781860267.260232,0.73967304,0.53235875,0.70008492,-2.42791632
31,1781860267.341320,1.47923699,1.40260552,1.33649229,-0.06809235
31,1781860267.405703,1.37235837,1.53295794,1.30112800,2.54048855
31,1781860267.471041,0.49390010,0.77727603,0.65796529,2.60689071
31,1781860267.534419,-0.55619393,-0.36353312,-0.28840256,0.76086086
31,1781860267.598584,-1.06209889,-1.05304255,-0.98782106,-0.36359884
31,1781860267.669528,-0.75045416,-0.85073739,-0.94319807,-0.05064119
31,1781860267.739607,-0.07285424,-0.18418414,-0.33690780,0.26797259
31,1781860267.806186,0.32496118,0.22418376,0.14608098,-0.14678982
31,1781860267.870354,0.28543129,0.18423115,0.16603157,-0.53732444
31,1781860267.936245,0.06891395,-0.01539352,-0.04095230,-0.38032408
31,1781860267.999829,-0.12269224,-0.16486870,-0.18893214,-0.11725908
31,1781860268.064809,-0.27501194,-0.28091294,-0.26516558,-0.14014596
31,1781860268.142575,-0.40526374,-0.39471220,-0.34380681,-0.26124062
31,1781860268.220587,-0.50464567,-0.47536342,-0.40527483,-0.26416985
31,1781860268.271096,-0.56688780,-0.50561315,-0.41213165,-0.20849893
31,1781860268.337592,-0.57161569,-0.48863738,-0.38029271,-0.16421523
31,1781860268.398930,-0.48362881,-0.40599281,-0.30705773,-0.13788471
31,1781860268.462879,-0.31128426,-0.24512548,-0.15341070,-0.16544294
31,1781860268.542102,-0.11449857,-0.04113614,0.05657217,-0.15760902
31,1781860268.605819,0.07665797,0.16359765,0.23844828,0.07826138
31,1781860268.671148,0.28171924,0.36254085,0.37342165,0.45277900
31,1781860268.729754,0.47392226,0.53679659,0.50410524,0.61866791
31,1781860268.799226,0.58297954,0.63489432,0.61430295,0.46938627
31,1781860268.863363,0.67010949,0.69057801,0.67306084,0.24590964
31,1781860268.938246,0.94269871,0.87578114,0.77272178,0.23397270
31,1781860269.008013,1.43565497,1.26497703,1.00923333,0.55069402
31,1781860269.073093,1.77019933,1.54427731,1.18239587,0.88016659
31,1781860269.135624,1.36306028,1.12116215,0.79761358,0.52858412
31,1781860269.207005,-0.09454927,-0.31770497,-0.46685347,-0.47910376
31,1781860269.262401,-2.19980607,-2.27218790,-2.21554210,-0.83529207
31,1781860269.342709,-3.75939653,-3.53459198,-3.33019678,0.13212487
31,1781860269.409883,-3.55060554,-3.11978723,-2.81645374,0.82530424
31,1781860269.470717,-1.57136225,-1.23478896,-0.84372972,-0.35272816
31,1781860269.538774,0.77036396,0.84327074,1.27158337,-2.30080685
31,1781860269.600264,1.99664720,1.88225192,2.22437470,-2.95538150
31,1781860269.667883,1.73205935,1.54752865,1.67306238,-2.00727800
31,1781860269.739982,0.54226200,0.37178067,0.22282178,-0.13933081
31,1781860269.805333,-0.75195892,-0.78608324,-1.12971564,2.00367636
31,1781860269.868810,-1.54947159,-1.41238318,-1.73132499,2.95222336
31,1781860269.935492,-1.74734989,-1.63068149,-1.74529607,1.49726704
31,1781860269.998292,-1.48146869,-1.58067287,-1.55629137,-0.80006213
31,1781860270.066398,-0.52878422,-0.74031447,-0.77354787,-1.15424839
31,1781860270.142077,1.40149206,1.36180466,1.24649749,0.48954304
31,1781860270.209065,3.67084107,3.89321493,3.84148504,1.77447783
31,1781860270.271230,4.83696575,5.13460757,5.19316885,1.54774643
31,1781860270.336747,4.01316667,4.19296940,4.26348158,0.70751907
31,1781860270.399082,1.55706911,1.60064855,1.61646676,0.17971906
31,1781860270.462826,-0.04978025,-0.04812589,-0.01494771,-0.09552422
31,1781860270.543541,0.20319120,0.27697382,0.24459396,0.32169600
31,1781860270.605998,0.58960433,0.76606709,0.52688191,1.25950588
31,1781860270.667660,0.50163077,0.64645176,0.17953631,1.85369774
31,1781860270.737717,-0.17267171,-0.16324268,-0.65680844,1.52418631
31,1781860270.800928,-0.82040493,-0.86656873,-1.31688560,1.22467388
31,1781860270.869643,-0.76187260,-0.68261984,-1.30183157,2.11650307
31,1781860271.263726,-0.27690812,-0.06103514,-0.82831124,2.97916078
31,1781860271.342989,-0.15107997,-0.00040866,-0.42015458,1.72849130
31,1781860271.415945,-0.39299089,-0.44412112,-0.18737266,-0.93294105
31,1781860271.467695,-0.31033444,-0.44666803,0.20141945,-2.37697068
31,1781860271.538654,0.27679777,0.26737086,0.94156652,-2.07152873
31,1781860271.601802,0.80671255,0.98446086,1.72390017,-1.70204891
31,1781860271.671624,0.91092043,1.15528280,2.01310158,-1.85890967
31,1781860271.745512,0.79624500,0.94108415,1.60378161,-1.56922607
31,1781860271.809779,0.68570049,0.62411809,0.76056428,-0.60007077
31,1781860271.874774,0.48710276,0.21716584,-0.14286425,0.27300236
31,1781860271.937127,0.10734448,-0.24694858,-0.85685702,0.77457156
31,1781860272.003449,-0.28429513,-0.52840184,-1.14499218,1.12870844
31,1781860272.063145,-0.48827883,-0.50332421,-0.90947204,1.18512754
31,1781860272.145030,-0.65430565,-0.50719610,-0.59241057,0.70399358
31,1781860272.221034,-1.15811301,-1.03843025,-0.89105680,-0.08390895
31,1781860272.272635,-1.90744654,-1.92354776,-1.68593171,-0.76881984
31,1781860272.335999,-2.07691008,-2.13143162,-1.82495541,-1.09390363
31,1781860272.403569,-1.05753068,-0.98979217,-0.61361409,-0.93464065
31,1781860272.466946,0.54163251,0.69430955,0.99957020,-0.46236235
31,1781860272.545259,1.53240860,1.54174207,1.59259821,-0.12582294
31,1781860272.607923,1.59504643,1.36501195,1.14892735,-0.04227125
31,1781860272.682884,1.30597380,1.04105337,0.71410392,0.18796178
31,1781860272.739939,0.99693796,0.94061575,0.64842414,0.71473686
31,1781860272.799614,0.50162479,0.64863787,0.44861748,1.05158872
31,1781860272.860842,-0.16161593,0.03721488,-0.02415489,0.78846571
31,1781860272.944092,-0.67646343,-0.47022533,-0.30859731,0.13517846
31,1781860273.008884,-0.89023503,-0.62278051,-0.19937686,-0.47256062
31,1781860273.070124,-0.85971033,-0.55538202,0.01187227,-0.79672427
31,1781860273.137890,-0.59539053,-0.36860012,0.11333622,-0.77314904
31,1781860273.217989,-0.12745510,-0.03483675,0.23721453,-0.54372176
31,1781860273.265131,0.32158726,0.33702961,0.47956501,-0.38512025
31,1781860273.346150,0.51272020,0.50755999,0.59490962,-0.28032546
31,1781860273.411160,0.45574037,0.37039935,0.28727212,-0.00670828
31,1781860273.474258,0.31304559,0.02531120,-0.34361554,0.24603092
31,1781860273.533771,0.14054075,-0.36373457,-0.92101231,0.16060918
31,1781860273.599444,-0.10016088,-0.67272490,-1.26212103,0.05100503
31,1781860273.666663,-0.37553315,-0.84785268,-1.42252375,0.31014796
31,1781860273.746821,-0.59921429,-0.90534534,-1.38022905,0.51135817
31,1781860273.807148,-0.74237941,-0.86639037,-1.02355644,0.10046737
31,1781860273.866698,-0.79597465,-0.68660788,-0.37694290,-0.60694819
31,1781860273.934729,-0.68404146,-0.28671225,0.43469325,-0.98202336
31,1781860273.998177,-0.31975875,0.34214695,1.31287055,-0.93578705
31,1781860274.062492,0.26221769,1.05339907,2.03616707,-0.58055018
31,1781860274.143442,0.86541792,1.55448498,2.19825086,0.13727266
31,1781860274.214773,1.21371063,1.56160174,1.61398457,0.89545593
31,1781860274.270847,1.09932800,1.02844584,0.64059644,0.96048136
31,1781860274.332261,0.54113301,0.22659513,-0.17756208,0.27156655
31,1781860274.398843,-0.16782396,-0.45475148,-0.63861823,-0.31229711
31,1781860274.461322,-0.65790222,-0.81888741,-0.85627795,-0.37451933
31,1781860274.538871,-0.79336526,-0.95082347,-0.92961672,-0.54139468
31,1781860274.605102,-0.72724279,-0.99679201,-0.89557342,-1.12350915
31,1781860274.670253,-0.63991160,-0.96806316,-0.86575676,-1.30438355
31,1781860274.729989,-0.54701249,-0.83473599,-0.96112541,-0.48887817
31,1781860274.796868,-0.36876303,-0.61485915,-1.06571241,0.62045977
31,1781860274.859106,-0.04043429,-0.22718188,-0.77953032,1.10785208
31,1781860274.943640,0.42384216,0.44349620,0.13998527,0.97926187
31,1781860275.009023,0.84051434,1.13940526,1.24047665,0.59943727
31,1781860275.074088,0.92362655,1.30053559,1.63626032,0.12479764
31,1781860275.135181,0.59639760,0.79563435,1.02596916,-0.09423408
31,1781860275.207446,0.12634128,0.15580343,0.11463743,0.21401900
31,1781860275.263663,-0.17419143,-0.13570316,-0.23193317,0.40822642
31,1781860275.343453,-0.26203886,-0.15370684,0.05551612,-0.30572204
31,1781860275.405477,-0.29487869,-0.18170998,0.39191851,-1.39529572
31,1781860275.464300,-0.38678627,-0.29225799,0.34826119,-1.65447408
31,1781860275.533120,-0.52530732,-0.43038336,0.00471878,-1.03081570
31,1781860275.598233,-0.64115845,-0.56973520,-0.34505752,-0.46439510
31,1781860275.660821,-0.67560490,-0.65373377,-0.53255174,-0.30093420
31,1781860275.744090,-0.60642579,-0.60300948,-0.56199297,-0.11393699
31,1781860275.805236,-0.45807665,-0.44871454,-0.52754626,0.26724698
31,1781860275.870371,-0.28979549,-0.31350248,-0.54008923,0.61477090
31,1781860275.939515,-0.14082247,-0.24012392,-0.61044678,0.82125527
31,1781860275.999516,0.02570838,-0.14298924,-0.57132231,0.78675330
31,1781860276.062810,0.28780679,0.07034152,-0.25049414,0.31323529
31,1781860276.144263,0.65698095,0.40678371,0.27100841,-0.34672400
31,1781860276.210069,1.04173080,0.79741691,0.74154702,-0.57102730
31,1781860276.270606,1.32033919,1.13352932,1.04544172,-0.29915046
31,1781860276.334583,1.41567271,1.32638439,1.23003591,0.02139384
31,1781860276.397593,1.30237296,1.35642402,1.29001772,0.36501263
31,1781860276.464221,0.94953027,1.17896506,1.11407860,0.89185895
31,1781860276.539176,0.29096538,0.63902254,0.61900556,1.11534664
31,1781860276.611678,-0.64000542,-0.29878522,-0.12516402,0.50786236
31,1781860276.684922,-1.57712078,-1.32178031,-0.88503370,-0.54970102
31,1781860276.737354,-2.22016015,-2.06770224,-1.44631140,-1.42097128
31,1781860276.803094,-2.52686540,-2.50004650,-1.80767897,-2.01676068
31,1781860276.862103,-2.57203585,-2.65752683,-2.02143805,-2.18654750
31,1781860276.940375,-2.22150875,-2.29535394,-1.86017613,-1.54245313
31,1781860277.009194,-1.28466462,-1.21286034,-0.96916574,-0.52086598
31,1781860277.070065,0.04613994,0.26034225,0.49560131,-0.06380664
31,1781860277.140420,1.27386042,1.51541324,1.72174230,0.10673588
31,1781860277.203635,2.14926062,2.26856872,2.06120844,0.98987802
31,1781860277.264032,2.73870798,2.56347346,1.69801624,2.09152864
31,1781860277.342074,2.87113804,2.32853673,1.13353320,1.97692410
31,1781860277.405515,2.12240029,1.42932136,0.45758973,0.84437976
31,1781860277.473472,0.67302804,0.20620701,-0.32989199,0.20992772
31,1781860277.536650,-0.40894497,-0.52630096,-0.75470620,0.33650396
31,1781860277.598202,-0.30097630,-0.29506343,-0.35351964,0.19505265
34,1781860277.009194,0.00536564,-0.00089597,-0.01017356,0.02097042
34,1781860277.264032,-0.74754173,-0.61430879,-0.44011124,-0.28483143
34,1781860277.342074,-1.58826549,-1.30642434,-0.87768953,-1.02136813
34,1781860277.865818,-1.20228870,-0.99416888,-0.51797231,-1.86396779
34,1781860278.269337,-0.39343246,-0.34828580,0.01112074,-2.18508431
34,1781860278.332603,0.11004660,0.03942104,0.16313824,-1.35128705
34,1781860278.397746,0.26775162,0.16371582,0.03396830,0.17877640
34,1781860278.463020,0.19923042,0.13618187,-0.07934853,1.06022350
34,1781860280.147302,-0.03605003,-0.01337095,-0.11143826,0.83956324
34,1781860280.205201,-0.28048256,-0.17961398,-0.15409700,0.52392815
34,1781860280.271785,-0.36867300,-0.25235101,-0.23252719,0.67096265
34,1781860280.332696,-0.27553750,-0.24178717,-0.26556528,0.40000166
34,1781860280.459023,-0.08751981,-0.18809434,-0.20158287,-0.60551880
34,1781860280.736922,0.06926638,-0.09194130,-0.10230101,-1.04886287
34,1781860280.799709,0.12263080,0.01395551,-0.05329905,-0.28800296
34,1781860280.860700,0.12561106,0.07188523,-0.05249368,0.49125885
34,1781860280.938189,0.17970123,0.11303649,-0.01818377,0.44886177
34,1781860281.199185,0.29984142,0.21969964,0.10171575,0.26312044
34,1781860281.262615,0.38614536,0.33955792,0.23388446,0.41083184
34,1781860281.342788,0.33127277,0.31803971,0.26492236,0.27731993
34,1781860281.742059,0.16212532,0.16924253,0.22512167,-0.33904729
34,1781860282.143216,0.01564623,0.09412437,0.23534013,-0.43622172
34,1781860282.205880,-0.03648638,0.16513854,0.29080387,0.52815555
34,1781860282.273457,-0.02407674,0.23145060,0.29760820,1.31670903
34,1781860283.262469,0.01674443,0.17746495,0.25694899,0.56484635
34,1781860283.345540,0.03874859,0.04962799,0.20036089,-0.97241708
34,1781860283.407130,-0.00721305,-0.08091831,0.04014515,-1.35424877
34,1781860283.472376,-0.12012764,-0.24740075,-0.33597691,-0.26906429
34,1781860283.538650,-0.35693543,-0.57032883,-0.87240950,0.61665263
34,1781860283.598196,-0.71503222,-0.96757853,-1.25845528,0.26651587
34,1781860283.663507,-0.70228661,-0.88280508,-1.04077262,-0.15679915
34,1781860283.745681,0.13275491,0.03640275,-0.14932649,0.62144887
34,1781860283.808065,0.87766003,0.85092662,0.61238679,1.47271380
34,1781860284.001413,0.04838599,0.22488271,0.31287416,0.61538707
34,1781860284.063969,-1.59200668,-1.16351227,-0.57981428,-1.07914790
34,1781860284.149145,-1.39980631,-1.08263372,-0.54902623,-1.50489610
34,1781860284.208151,0.73992122,0.55379344,0.49622872,-0.89391337
34,1781860284.272352,1.51957920,1.07538906,0.74126268,-0.76528567
34,1781860284.607250,-0.45911834,-0.56559329,-0.54390092,-0.89116183
34,1781860284.675741,-2.14943117,-1.89696194,-1.59823978,-0.32160179
34,1781860284.737505,-1.06929792,-1.00760539,-0.99531850,0.34352286
34,1781860284.802578,1.09001646,0.78989992,0.46182594,0.19439122
34,1781860284.862949,2.08469585,1.91469383,1.76534798,-0.14362477
34,1781860284.945663,2.36787379,2.67104800,2.93184784,0.29463384
34,1781860285.009687,2.66644245,3.08871319,3.32203709,1.31376856
34,1781860285.075813,1.97621356,1.98896815,1.66953474,2.30974049
34,1781860285.139231,-0.14625101,-0.53902176,-1.33431485,2.79878313
34,1781860285.394753,-2.08220812,-2.45852584,-3.10979691,1.91178161
34,1781860285.500283,-2.36333978,-2.47139084,-2.52402140,-0.38534494
34,1781860285.774189,-1.52488953,-1.44136623,-1.07216391,-1.98635840
34,1781860285.840117,-0.86767900,-0.72352724,-0.39200665,-1.30279656
34,1781860285.901360,-0.70054961,-0.55540573,-0.39878985,-0.07976616
34,1781860285.963937,-0.57079055,-0.47291532,-0.29052987,-0.58760901
34,1781860286.031299,-0.34420495,-0.29367169,0.02923730,-1.89385903
34,1781860286.093251,-0.23886172,-0.16232692,0.18798292,-1.90358861
34,1781860286.171015,-0.22240886,-0.09599193,0.14695867,-0.81027184
34,1781860286.301888,-0.06319365,0.03403309,0.12643510,0.03354690
34,1781860286.363876,0.20441044,0.19688470,0.13414001,0.38394354
34,1781860286.431966,0.36941433,0.24741342,0.04562791,0.55475123
34,1781860286.495824,0.45540590,0.25129053,-0.03887547,0.59831969
34,1781860286.576375,0.56325134,0.35034248,0.03663144,0.70088883
34,1781860286.640547,0.44374214,0.30074850,0.02984313,0.88938461
34,1781860286.696627,-0.10935915,-0.18410713,-0.35502598,0.66868681
34,1781860286.763955,-0.47552886,-0.53046044,-0.59165356,0.04353721
34,1781860286.974103,0.25196254,0.23877873,0.24062995,-0.10454032
34,1781860287.906011,1.73049935,1.81621087,1.82598311,0.52801433
34,1781860288.178615,2.34801260,2.49239924,2.48804950,1.03418071
34,1781860288.240716,1.12050460,1.19993031,1.18725850,0.64036432
38,1781860287.500419,-0.09836773,-0.02716904,0.05716261,-0.04783540
38,1781860287.564080,-0.14893239,-0.29564894,-0.14585506,-1.08000638
38,1781860287.636192,0.01467474,-0.37726473,-0.33934789,-1.56570400
38,1781860287.700658,0.31026622,-0.02740368,-0.41318590,0.17524375
38,1781860287.777651,0.00048822,-0.23557619,-0.86703449,1.44017842
38,1781860287.842078,-0.92688652,-1.12925585,-1.44758483,0.42237017
38,1781860287.906011,-1.58395697,-1.68347810,-1.44880638,-1.21726045
38,1781860287.968680,-1.46449479,-1.37402792,-0.95975220,-1.17943788
38,1781860288.027495,-0.91166147,-0.72313996,-0.58331230,0.17736192
38,1781860288.096285,-0.32644078,-0.19564047,-0.30965232,0.89170122
38,1781860288.178615,0.22703898,0.29380725,0.25838632,0.37221288
38,1781860288.240716,0.75231716,0.88115480,1.10593497,-0.34945998
38,1781860288.310867,1.23896323,1.50138148,1.93168152,-0.61149079
38,1781860288.363616,1.56998627,1.87195520,2.35118629,-0.64565774
38,1781860288.432270,1.35972016,1.54257543,1.82959573,-0.37940959
38,1781860288.496110,0.47041842,0.51554408,0.41331802,0.53671233
38,1781860288.577288,-0.46600378,-0.41768801,-0.78657203,1.51960397
38,1781860288.639692,-0.82465692,-0.69605988,-0.97805908,1.49555127
38,1781860288.704179,-0.85580252,-0.75017310,-0.77112189,0.46104711
38,1781860288.769405,-0.96805834,-0.97681899,-0.77741994,-0.75819868
38,1781860288.830168,-0.93580014,-0.96733176,-0.52733440,-1.71749206
38,1781860288.896304,-0.66108981,-0.58944997,0.06076917,-2.10741101
38,1781860288.973542,-0.68470986,-0.54942931,-0.01896032,-1.43943007
38,1781860289.038545,-1.12370828,-1.02823198,-0.90565877,-0.09869754
38,1781860289.103119,-1.15336651,-1.06181245,-1.14853201,0.64934192
38,1781860289.165994,-0.20379668,-0.01810031,0.03348834,0.48847250
38,1781860289.232457,1.17291432,1.38109459,1.46087537,0.46768089
38,1781860289.344085,2.01999683,2.03141883,1.73323501,1.12770487
38,1781860289.409544,1.97691793,1.69366177,0.96834650,1.61015130
38,1781860289.473427,1.37196080,0.94571890,0.20732572,1.13697647
38,1781860289.533175,0.69172612,0.36892652,-0.02663865,0.26504051
38,1781860289.605385,0.16034408,0.09646181,0.04352289,-0.03985992
39,1781860291.593050,-0.03617412,-0.02698227,-0.03325614,0.04856907
39,1781860291.627168,-0.49838670,-0.52335755,-0.54972607,0.00438934
39,1781860291.693124,-0.04652774,-0.14731953,0.04338162,-0.91541446
39,1781860291.755694,1.83858755,1.65585230,2.28755058,-2.55767517
39,1781860291.842147,2.37164520,2.08660068,2.79846893,-3.13073923
39,1781860291.906435,0.77828716,0.39551642,0.81436438,-2.51743099
39,1781860291.970730,-0.67227140,-1.07556675,-0.79857337,-2.13640216
39,1781860292.068476,-0.47347822,-0.74325017,-0.39953852,-1.92660503
39,1781860292.093013,0.49662170,0.51080925,0.69064384,-0.52020364
39,1781860292.160055,1.04299476,1.34237976,1.02201422,1.94628596
39,1781860292.237307,1.04355076,1.43471296,0.69200359,3.56084941
39,1781860292.299083,0.79782745,1.06063391,0.33617645,3.10043770
39,1781860292.363721,0.46078056,0.53453162,0.19628066,1.29386535
39,1781860292.432959,0.18661307,0.14416434,0.19830826,-0.30334293
39,1781860292.496205,0.04244301,-0.03947382,0.11766409,-0.75073576
39,1781860292.555795,-0.21122634,-0.28699680,-0.30591508,-0.17854059
39,1781860292.643231,-0.84325425,-0.88509667,-1.07883541,0.47702044
39,1781860292.704908,-1.73161248,-1.74067699,-1.86090248,0.34909381
39,1781860292.771728,-2.42766099,-2.39640212,-2.26096140,-0.32717626
39,1781860292.833616,-2.53472409,-2.40434916,-2.10355920,-0.53517726
39,1781860292.893968,-1.95597120,-1.71094331,-1.44036075,-0.08025279
39,1781860292.957159,-0.95037638,-0.72343117,-0.52528167,0.09043102
39,1781860293.040844,0.01397332,0.05914949,0.25874644,-0.48494837
39,1781860293.103679,0.64639052,0.51314213,0.70866941,-1.03249844
39,1781860293.165966,1.05222626,0.88318380,0.98322441,-0.84503775
39,1781860293.229190,1.40960754,1.30728075,1.25501925,-0.15722673
39,1781860293.293844,1.62483242,1.60339353,1.39138423,0.59847387
39,1781860293.354353,1.58168018,1.62832046,1.27873550,1.24431946
39,1781860293.434289,1.48280279,1.54467843,1.16457590,1.38800348
39,1781860293.497993,1.57474939,1.54227217,1.29127202,0.68625696
39,1781860293.568341,1.72640470,1.54250450,1.45855727,-0.31389574
39,1781860293.627968,1.59491785,1.33975430,1.30346305,-0.68735412
39,1781860293.693825,1.01229327,0.81909495,0.75351272,-0.40076993
39,1781860293.762045,0.00991302,-0.04038273,-0.06455874,-0.08202735
39,1781860293.842417,-1.23918625,-1.13063645,-1.03790785,0.04968547
39,1781860293.904460,-2.37740262,-2.17838817,-1.97803941,-0.00419034
39,1781860293.968524,-3.11567433,-2.99066720,-2.68927723,-0.55391876
39,1781860294.033063,-3.48952945,-3.56309139,-3.19700484,-1.38068731
39,1781860294.095958,-3.45424535,-3.63468752,-3.43938681,-1.17999591
39,1781860294.159603,-2.56767791,-2.60696949,-2.88305346,0.74363097
39,1781860294.240448,-0.72439862,-0.49187446,-1.16329793,2.83878835
39,1781860294.302927,1.25008053,1.62635173,1.09623310,2.84645788
39,1781860294.372576,2.45744526,2.75942028,2.84595863,0.67656473
39,1781860294.433160,2.84075963,2.99622251,3.63540497,-1.51908965
39,1781860294.491724,2.71535137,2.79201410,3.50379777,-1.99455569
39,1781860294.556227,2.21363181,2.22747567,2.58946022,-1.09331302
39,1781860294.634982,1.59785763,1.45762033,1.37831494,-0.19135266
39,1781860294.704114,1.14931974,0.84018417,0.46445368,0.20913702
39,1781860294.780267,0.57867470,0.28094175,-0.21067733,0.60888670
39,1781860294.985696,-0.45567386,-0.55923701,-1.00367307,1.07048905
39,1781860295.016705,-1.43602989,-1.39463435,-1.64065821,0.90262177
39,1781860295.070402,-1.62735704,-1.62005440,-1.61902428,0.01969844
39,1781860295.134970,-1.22533694,-1.29527644,-1.14669522,-0.68624996
39,1781860295.200646,-0.92978664,-0.97698437,-0.79924221,-0.70640897
39,1781860295.262197,-0.87619606,-0.85520853,-0.67984011,-0.48482306
39,1781860295.327518,-0.75856043,-0.72769475,-0.56010565,-0.42937098
39,1781860295.401735,-0.51366808,-0.52139564,-0.39700772,-0.41489999
39,1781860295.467325,-0.27377085,-0.31431704,-0.25306502,-0.31969059
39,1781860295.532314,-0.03019181,-0.07557125,-0.08392281,-0.11628361
39,1781860295.597690,0.24082577,0.25085981,0.10582168,0.48699402
39,1781860295.659784,0.41185246,0.55339592,0.19317688,1.57575225
39,1781860295.721552,0.40582840,0.66028786,0.17502425,2.32305185
39,1781860295.801738,0.32939215,0.54745626,0.21229194,1.73737763
39,1781860295.877150,0.28236104,0.33659461,0.35077437,0.12578638
39,1781860295.931819,0.23128481,0.15825290,0.44353067,-1.12524809
39,1781860295.998748,0.13068219,0.06354413,0.40864733,-1.29461663
39,1781860296.069150,0.00949760,0.02014498,0.33099003,-0.94275113
39,1781860296.126958,-0.07442583,-0.01812760,0.27728234,-0.75091469
39,1781860296.205762,-0.03806986,-0.01595442,0.24714384,-0.75679072
39,1781860296.268230,0.21040794,0.12788678,0.30805608,-0.82496220
39,1781860296.338012,0.60239882,0.42388062,0.50428668,-0.81313469
39,1781860296.417342,0.83637046,0.69272288,0.62210646,-0.22934957
39,1781860296.461379,0.66287097,0.68607950,0.35579790,1.11011258
39,1781860296.525880,0.18578913,0.31567434,-0.23726797,2.14437509
39,1781860296.608466,-0.28017525,-0.25139324,-0.74548602,1.64205405
39,1781860296.670781,-0.57413665,-0.72899464,-0.92109751,0.11696510
39,1781860296.736241,-0.74717080,-0.93871322,-0.88993674,-0.75470576
39,1781860296.794728,-0.84141005,-0.90315408,-0.81210841,-0.47982601
39,1781860296.861151,-0.81437849,-0.74822823,-0.66233190,-0.06201128
39,1781860296.923744,-0.66504373,-0.55678613,-0.41409939,-0.10812248
39,1781860297.007220,-0.45643525,-0.32304697,-0.15954241,-0.09457821
39,1781860297.074003,-0.19920794,-0.02656931,0.03951646,0.33462226
39,1781860297.139641,0.13839131,0.28308782,0.22968789,0.62210887
39,1781860297.201347,0.48909285,0.51083944,0.43736638,0.29903110
39,1781860297.262391,0.69248379,0.61083708,0.59273442,-0.19955596
39,1781860297.323109,0.67332571,0.60501472,0.62256923,-0.26965500
39,1781860297.405595,0.51082284,0.51785264,0.52831932,-0.01079329
39,1781860297.472991,0.30592178,0.35128261,0.34973368,0.14731700
39,1781860297.537503,0.08014030,0.12415274,0.13348716,0.10890406
39,1781860297.598781,-0.15644643,-0.11274937,-0.04916951,-0.06244066
39,1781860297.665233,-0.34853217,-0.31682010,-0.15070463,-0.42208509
39,1781860297.725496,-0.46407221,-0.47400613,-0.23210001,-0.79088716
39,1781860297.807966,-0.49882315,-0.55122588,-0.38216545,-0.69549054
39,1781860297.872699,-0.38160948,-0.47811004,-0.52262611,-0.16325388
39,1781860297.932198,-0.06008486,-0.24494367,-0.45453141,0.07765956
39,1781860297.997736,0.28972775,0.03287026,-0.17159330,-0.16453970
39,1781860298.060061,0.38680828,0.23641810,0.06946375,0.05201870
39,1781860298.128154,0.23567808,0.36426331,0.10963807,1.20344737
39,1781860298.207479,0.12753169,0.44063635,0.09195352,2.07830028
39,1781860298.271178,0.18330254,0.40334498,0.16023535,1.45449873
39,1781860298.333633,0.19473122,0.21203312,0.21946516,0.03099568
39,1781860298.413099,0.02428272,-0.01821626,0.16735140,-0.71622838
39,1781860298.463400,-0.15654195,-0.13607956,0.08649411,-0.63471725
39,1781860298.524071,-0.18883581,-0.15412436,0.03842258,-0.49567202
39,1781860298.607498,-0.19125829,-0.19620049,-0.06347027,-0.43235119
39,1781860298.674313,-0.30062958,-0.28344630,-0.24005904,-0.08229184
39,1781860298.736720,-0.39241674,-0.31536068,-0.35202096,0.35711870
39,1781860298.798046,-0.29407895,-0.25476516,-0.31182071,0.30264161
39,1781860298.866760,-0.09696416,-0.18556705,-0.19543660,-0.24725693
39,1781860298.921129,-0.01126908,-0.16107706,-0.10443268,-0.64835012
39,1781860299.006474,-0.03735887,-0.12456390,-0.05464870,-0.49342578
39,1781860299.070858,-0.01895662,-0.02473796,-0.00382684,-0.08382596
39,1781860299.134905,0.07465623,0.09681040,0.08516485,0.10614582
39,1781860299.192883,0.14947424,0.18314230,0.20143137,0.04829672
39,1781860299.262294,0.19814326,0.24198943,0.30142317,-0.04895177
39,1781860299.326711,0.29426247,0.29761211,0.36481109,-0.20051468
39,1781860299.402626,0.39924247,0.32425198,0.36893115,-0.37581471
39,1781860299.468308,0.35567297,0.27871143,0.23048353,-0.09023607
39,1781860299.530668,0.11639782,0.17209512,-0.07859140,0.96217832
39,1781860299.597054,-0.13323842,0.07075978,-0.36920564,2.02232551
39,1781860299.663363,-0.17827659,0.01764348,-0.39271880,1.90399000
39,1781860299.722784,-0.05747272,-0.02828166,-0.18074148,0.57046268
39,1781860299.806791,-0.01586299,-0.13458189,-0.01908484,-0.73553987
39,1781860299.878994,-0.16380817,-0.28074266,-0.05743754,-1.06850021
39,1781860299.928993,-0.33601238,-0.36498134,-0.16056583,-0.73292863
39,1781860299.996783,-0.34592441,-0.33518640,-0.17918909,-0.45617728
39,1781860300.060124,-0.22446893,-0.24526265,-0.14165201,-0.39068375
39,1781860300.128390,-0.11964760,-0.17120166,-0.11201255,-0.34778165
39,1781860300.206476,-0.09506786,-0.13407530,-0.06669454,-0.33410514
39,1781860300.273009,-0.11871090,-0.11676759,-0.00706820,-0.33840091
39,1781860300.334381,-0.14043671,-0.10117149,-0.01992425,-0.13184176
39,1781860300.404431,-0.10972959,-0.06756300,-0.11604822,0.28468608
39,1781860300.461925,-0.01249568,0.00239177,-0.15287376,0.53435428
39,1781860300.528141,0.07965761,0.09778724,-0.03236066,0.46565586
39,1781860300.605827,0.09731363,0.18106372,0.14285627,0.38299966
39,1781860300.671406,0.09279110,0.22920914,0.21750482,0.46516856
39,1781860300.731867,0.15549592,0.24697874,0.18648793,0.47726323
39,1781860300.799373,0.25913665,0.24680073,0.15486442,0.24997984
39,1781860300.865594,0.31317943,0.24053278,0.17671048,-0.02771230
39,1781860300.928842,0.30095888,0.22941922,0.21233830,-0.17102410
39,1781860301.006588,0.26115088,0.18663562,0.19121150,-0.24838052
39,1781860301.071798,0.19206394,0.08187200,0.07382042,-0.32076509
39,1781860301.133788,0.06295817,-0.06756734,-0.10131461,-0.30392572
39,1781860301.199144,-0.10631309,-0.19602615,-0.22546173,-0.18929743
39,1781860301.263349,-0.24081082,-0.24646416,-0.23574885,-0.05140470
39,1781860301.327675,-0.29396566,-0.22448525,-0.20103914,0.14456768
39,1781860301.402895,-0.29710818,-0.19347495,-0.21289807,0.38645039
39,1781860301.470427,-0.30246362,-0.20202565,-0.24321640,0.44477575
39,1781860301.533847,-0.30670811,-0.22272373,-0.21079478,0.22628533
39,1781860301.599628,-0.26609399,-0.19375150,-0.12046151,-0.00297557
39,1781860301.666208,-0.16994553,-0.11042797,-0.03105679,-0.06234899
39,1781860301.727558,-0.06383870,-0.03051136,0.03522352,-0.10177376
39,1781860301.810162,-0.00260934,0.00427811,0.06403434,-0.16603095
39,1781860301.865212,-0.00092916,0.00354785,0.02567906,-0.05544188
39,1781860301.933804,-0.22757475,-0.21056563,-0.16509378,-0.10961098
39,1781860302.000393,-0.30865603,-0.24821805,-0.09876013,-0.34281890
39,1781860302.064409,-0.40547249,-0.32223860,-0.08789800,-0.58191726
39,1781860302.128511,-0.33386098,-0.30151705,-0.16429251,-0.40389892
39,1781860302.209527,-0.19399710,-0.21335259,-0.23307204,0.00140163
39,1781860302.273890,-0.07484191,-0.10866396,-0.25895946,0.44854331
39,1781860302.337389,0.04474863,-0.00298367,-0.27083579,0.84768916
39,1781860302.404861,0.18977694,0.10868355,-0.22297054,0.96491811
39,1781860302.465054,0.30615455,0.20033167,-0.06056640,0.59720003
39,1781860302.528724,0.31897182,0.22049192,0.11057445,0.04404644
39,1781860302.610017,0.20145017,0.15257401,0.13425749,-0.11768625
39,1781860302.671346,-0.01428439,0.03692255,0.03961893,0.18681586
39,1781860302.735349,-0.24447431,-0.08359957,-0.02704381,0.40173609
39,1781860302.804724,-0.39944666,-0.21911526,-0.02009940,-0.07195452
39,1781860302.870572,-0.47527091,-0.40097724,0.01626193,-1.32069520
39,1781860302.926688,-0.58145397,-0.60827070,0.02514379,-2.54257372
39,1781860303.009143,-0.83015074,-0.79446106,-0.11823807,-2.46671642
39,1781860303.071462,-1.18153422,-0.96914665,-0.50031901,-0.98755975
39,1781860303.136989,-1.41570056,-1.12013715,-0.90379128,0.30506952
39,1781860303.200123,-1.33100355,-1.11233985,-0.99618953,0.39478265
39,1781860303.263420,-1.02665059,-0.92541407,-0.92589708,0.39172545
39,1781860303.329820,-0.83116296,-0.86184456,-1.21709240,1.24991608
39,1781860303.409924,-0.76360219,-1.04044040,-1.74088839,1.63133619
39,1781860303.474321,-0.33040680,-0.86325088,-1.45804674,0.23857849
39,1781860303.538286,0.76323855,0.28047471,0.15429184,-1.37320589
39,1781860303.602333,2.00198207,1.90969006,2.06240957,-0.94354800
39,1781860303.664851,2.61887653,2.85174287,2.86170816,0.85839977
39,1781860303.729496,2.41613451,2.60698033,2.37699623,1.62063086
39,1781860303.810363,1.63257117,1.61483666,1.36147603,0.90740448
39,1781860303.885735,0.47564016,0.42380862,0.32731593,0.17199168
43,1781860310.990398,-0.06132844,-0.05166881,-0.02077694,-0.04030842
43,1781860311.068432,0.10358829,0.20632387,0.20621229,0.19525043
43,1781860311.198139,0.54161712,0.45102543,-0.01317298,0.70927454
43,1781860311.263535,1.19347453,0.43339988,-0.79436797,0.88789321
43,1781860311.327533,1.95870301,0.81629118,-0.53553236,0.39755816
43,1781860311.393738,2.57161635,1.78733520,1.01068631,-0.01448950
43,1781860311.476874,2.70321743,2.57636237,2.21955258,0.43655807
43,1781860311.533949,2.23627010,2.45861484,2.14354629,1.02025349
43,1781860311.600731,1.42399532,1.63620772,1.50783658,0.64658158
43,1781860311.665207,0.61054858,0.76101068,1.05621075,-0.27477811
43,1781860311.730207,-0.05340540,0.13045345,0.66924805,-0.67382861
43,1781860311.792331,-0.51341702,-0.28522004,0.22270087,-0.53104256
43,1781860311.875180,-0.70911064,-0.50978227,-0.04663452,-0.50084852
43,1781860311.938711,-0.72944015,-0.64080451,-0.16190205,-0.74090292
43,1781860311.999073,-0.84815422,-0.91488166,-0.48492145,-0.94293782
43,1781860312.059495,-1.19481205,-1.34460040,-1.06320874,-0.81857470
43,1781860312.127739,-1.52330662,-1.55484292,-1.48817880,-0.18642880
43,1781860312.195161,-1.55958521,-1.32244303,-1.51207823,0.81021648
43,1781860312.272632,-1.43626348,-1.01144416,-1.34338158,1.43666656
43,1781860312.329942,-1.44214402,-1.06852367,-1.19643406,0.95213220
43,1781860312.399096,-1.52766069,-1.35196540,-1.01767086,-0.30109314
43,1781860312.462498,-1.41360293,-1.36953495,-0.78973147,-1.01706828
43,1781860312.529390,-0.94437374,-0.91108976,-0.56968419,-0.58495417
43,1781860312.592316,-0.13126214,-0.15086511,-0.18370203,0.02512401
43,1781860312.671611,0.80743762,0.58282729,0.49873604,-0.26676876
43,1781860312.735717,1.49986119,1.05272756,1.12237494,-0.98108412
43,1781860312.802637,1.91465607,1.41291601,1.34413799,-0.82195778
43,1781860312.865561,2.40428947,2.02299498,1.41006535,0.43974828
43,1781860312.931247,2.82580918,2.64554725,1.55128044,1.73519469
43,1781860312.992282,2.38267170,2.41440907,1.36852465,2.04581356
43,1781860313.075126,0.89176985,1.07414854,0.52868730,1.38176939
43,1781860313.137992,-0.66802623,-0.44846737,-0.50546467,0.52502867
43,1781860313.202046,-1.41444627,-1.22909611,-1.05018505,0.01222432
43,1781860313.264256,-1.50112266,-1.35793097,-0.98892518,-0.42869729
43,1781860313.330640,-1.36995751,-1.26949763,-0.57731798,-1.12335178
43,1781860313.397029,-1.03127121,-0.95659892,-0.02228077,-1.63199666
43,1781860313.474546,-0.62241174,-0.53635490,0.36008905,-1.53848129
43,1781860313.539547,-0.69716167,-0.63466040,0.15952428,-1.38906604
43,1781860313.603570,-1.20813314,-1.25335596,-0.45006295,-1.61086682
43,1781860313.669257,-1.14691157,-1.23722131,-0.62116860,-1.34099544
43,1781860313.725409,-0.13168472,-0.05688233,-0.04981206,0.12858621
43,1781860313.794672,0.64474502,0.94899239,0.33192595,1.74907033
43,1781860313.874151,0.19524496,0.53560346,-0.30876919,2.24915557
43,1781860313.938662,-0.58641369,-0.39339623,-1.27934401,2.04836405
43,1781860313.996025,-0.35599773,-0.29315368,-1.26649503,1.96714855
43,1781860314.062700,0.59980743,0.59717777,-0.18764792,1.48496185
43,1781860314.127298,1.10723719,0.98638733,0.92010322,-0.10359047
43,1781860314.190394,0.98068490,0.65789056,1.42976204,-2.07817086
43,1781860314.270488,0.78755811,0.30951496,1.42829637,-3.03149527
43,1781860314.336710,0.58376986,0.13004344,0.94082471,-2.40060755
43,1781860314.563152,0.14204037,-0.13873189,0.01614561,-0.82706027
43,1781860314.595313,-0.24734403,-0.38534387,-0.80354919,0.53195675
43,1781860314.635307,-0.22186162,-0.35071123,-1.04325786,1.07015191
43,1781860314.702726,-0.03945574,-0.16707810,-0.88806613,1.12647642
43,1781860314.765878,-0.12728184,-0.09297415,-0.65499049,1.13209273
43,1781860314.830820,-0.42470379,-0.12293593,-0.31963866,0.94632263
43,1781860314.894930,-0.63509668,-0.15964755,0.07656938,0.45417090
43,1781860314.972892,-0.70631253,-0.21495720,0.26649942,0.01879222
43,1781860315.034686,-0.71042382,-0.25851480,0.26229068,-0.13079662
43,1781860315.103571,-0.56819366,-0.15026015,0.39620510,-0.24401137
43,1781860315.165160,-0.21363102,0.11237949,0.70194036,-0.50033777
43,1781860315.230519,0.15860514,0.28224655,0.79030557,-0.72979848
43,1781860315.296346,0.28605726,0.16624423,0.45195973,-0.76987659
43,1781860315.357447,0.16908272,-0.11196779,-0.06371110,-0.62517403
43,1781860315.438994,0.01537615,-0.30603231,-0.44840480,-0.33989125
43,1781860315.509091,-0.02629124,-0.33765672,-0.63138400,-0.03348529
43,1781860315.569733,0.05683807,-0.25545129,-0.63046735,0.11908367
43,1781860315.633520,0.18267056,-0.11140050,-0.46243498,0.10814234
43,1781860315.693989,0.20206484,-0.01453294,-0.26841255,0.07077776
43,1781860315.763251,0.04003478,-0.07155030,-0.22518664,0.07983231
43,1781860315.837780,-0.15763598,-0.16638898,-0.26247965,0.16580640
43,1781860315.902576,-0.18601470,-0.07434490,-0.13800786,0.33286088
43,1781860315.966389,-0.06763108,0.15119965,0.16237029,0.39423275
43,1781860316.029246,0.00401925,0.23424788,0.37414362,0.17149267
43,1781860316.094196,-0.05555528,0.11009970,0.32755001,-0.09833097
43,1781860316.163393,-0.16909531,-0.04363713,0.12625151,-0.08434911
43,1781860316.237184,-0.23057605,-0.12674693,-0.03041362,0.01423045
43,1781860316.303891,-0.17174833,-0.14858832,-0.03671739,-0.16841344
43,1781860316.366203,-0.01694969,-0.09637667,0.04042464,-0.41049913
43,1781860316.431576,0.08957243,-0.01194377,0.02741761,-0.26744936
43,1781860316.492405,0.05967495,0.00840015,-0.09795292,0.10456348
43,1781860316.566902,0.01797470,0.01189710,-0.11793803,0.23494778
43,1781860316.632965,0.09415586,0.12339822,0.08060488,0.13675634
43,1781860316.698302,0.16423437,0.25884367,0.27087304,0.15677406
43,1781860316.761487,0.03692113,0.20642450,0.21249876,0.31026235
43,1781860316.830130,-0.21262305,-0.02888404,-0.00520668,0.30386941
43,1781860316.895925,-0.35292183,-0.24498672,-0.14943875,0.02351641
43,1781860316.957033,-0.34695702,-0.34711994,-0.16247604,-0.35084694
43,1781860317.040670,-0.33600734,-0.38549573,-0.12925969,-0.58040323
43,1781860317.098437,-0.33629194,-0.36958571,-0.10220531,-0.57081556
43,1781860317.164827,-0.21244106,-0.26293389,-0.07955796,-0.44398871
43,1781860317.231394,0.04476639,-0.10668770,-0.05590904,-0.38392924
43,1781860317.294656,0.25146054,0.01338548,-0.02890842,-0.37168119
43,1781860317.356063,0.29388039,0.08606930,0.00531095,-0.24120357
43,1781860317.439310,0.24584152,0.14189724,0.01990182,0.03426923
43,1781860317.506466,0.15536265,0.13183774,-0.06414044,0.32739431
43,1781860317.565478,-0.04761044,-0.02667929,-0.27190209,0.50528060
43,1781860317.628783,-0.32211300,-0.26916412,-0.45900589,0.46092647
43,1781860317.695446,-0.45070671,-0.39728149,-0.46600294,0.23188964
43,1781860317.757748,-0.35376984,-0.32694723,-0.34461710,0.08446686
43,1781860317.839831,-0.22998523,-0.18025399,-0.23387752,0.19621408
43,1781860317.902414,-0.22937978,-0.07168364,-0.12684162,0.40409339
43,1781860317.970515,-0.21666749,0.04341246,0.04878089,0.48355768
43,1781860318.030563,-0.01462994,0.23571506,0.29361860,0.36534093
43,1781860318.094452,0.32133598,0.45923136,0.59979685,-0.00506907
43,1781860318.158452,0.60065172,0.61417966,0.91642493,-0.54811609
43,1781860318.239353,0.68846010,0.63829790,1.03089103,-0.84054989
43,1781860318.299601,0.52359055,0.49540441,0.78636002,-0.60587541
43,1781860318.367984,0.13807622,0.19541654,0.36600157,-0.21498967
43,1781860318.434367,-0.27877662,-0.14199508,0.02050268,-0.04882101
43,1781860318.507061,-0.49941515,-0.36201213,-0.32885911,0.19791364
43,1781860318.557008,-0.48376281,-0.44399763,-0.78409930,0.72115909
43,1781860318.638800,-0.37901803,-0.50629810,-1.01504082,0.72418865
43,1781860318.703312,-0.32017045,-0.63493060,-0.69670453,-0.48028227
43,1781860318.766416,-0.34514517,-0.79084929,-0.19147455,-1.98403236
43,1781860318.829552,-0.44845580,-0.88676517,-0.14357486,-2.24302080
43,1781860318.897453,-0.57622560,-0.86901052,-0.55659587,-1.14894251
43,1781860318.957297,-0.59996245,-0.70507612,-0.89461988,0.16028653
43,1781860319.035774,-0.40973962,-0.37582218,-0.88654441,1.03397243
43,1781860319.103025,-0.04858405,0.05749246,-0.62504115,1.49713870
43,1781860319.167978,0.28502092,0.44106855,-0.14545135,1.40972903
43,1781860319.232295,0.42193637,0.67422058,0.50479071,0.80060406
43,1781860319.298515,0.39538262,0.79894673,1.01216257,0.36136710
43,1781860319.357498,0.31640708,0.83967252,1.06079062,0.57361231
43,1781860319.441475,0.18882078,0.71670663,0.74148194,0.95513134
43,1781860319.518117,0.07767613,0.48114567,0.47803942,0.77186476
43,1781860319.569908,0.17242377,0.33745949,0.49802768,0.00848138
43,1781860319.626441,0.36513384,0.23192825,0.47457293,-0.71353381
43,1781860319.694993,0.30707431,-0.06669863,0.06475042,-0.95913985
43,1781860319.759506,0.17827750,-0.29350483,-0.26019824,-0.95888723
43,1781860319.839709,0.44222615,-0.02065655,0.12034921,-1.14645342
43,1781860319.900237,0.60574564,0.15257584,0.44673381,-1.41876615
43,1781860319.973415,-0.18604394,-0.66092540,-0.47734353,-1.25006121
43,1781860320.028470,-1.06387255,-1.41507334,-1.50759307,-0.49109364
43,1781860320.093148,-0.28635616,-0.14362915,-0.19695159,0.37219052
43,1781860320.159642,1.41742792,2.21573212,2.57009355,0.84280415
43,1781860320.239385,1.31292749,2.29463690,2.74045903,1.01735643
43,1781860320.300540,-1.00641770,-0.54131088,-0.77421830,1.32514672
43,1781860320.387926,-2.93050350,-3.11306983,-4.16532909,1.65107055
43,1781860320.454855,-2.87835224,-3.27837466,-4.29924171,1.17864392
43,1781860320.540208,-1.95430701,-2.26375316,-2.34527199,-0.43270914
43,1781860320.574457,-1.35838547,-1.61972907,-0.73095720,-2.18343937
43,1781860320.649510,-0.87634278,-1.12111659,0.07919346,-2.74342277
43,1781860320.714106,-0.14007868,-0.21240998,0.76440667,-1.99175737
43,1781860320.776061,0.71639342,0.94206440,1.63026148,-0.87808374
43,1781860320.838663,1.74393911,2.16446628,2.57135962,0.02588317
43,1781860320.899959,2.90439742,3.23719254,3.02710864,1.03062990
43,1781860320.972326,3.27073466,3.28856897,2.14624796,2.20249954
43,1781860321.023237,2.03049248,1.79007650,0.15755198,2.64285165
43,1781860321.103420,0.03520995,-0.17606609,-1.27985195,1.69438731
43,1781860321.167417,-1.08210153,-1.07058047,-1.16347096,0.19822035
43,1781860321.229138,-0.95262639,-0.79335629,-0.37023845,-0.50090236
43,1781860321.293640,-0.43385342,-0.30123934,-0.00057936,-0.31902712
43,1781860321.352726,-0.14116047,-0.11437744,-0.01988176,-0.12854924
43,1781860321.420122,-0.03831101,-0.01574672,0.01360470,-0.01964681
43,1781860321.504340,0.03291708,0.18409289,0.39876720,-0.18381001
43,1781860321.566916,0.06489127,0.49175862,0.88285987,0.10353264
43,1781860321.632696,0.08097199,0.67155819,0.97841355,0.82131980
43,1781860321.698979,0.27364286,0.77746284,0.98761983,0.85007050
43,1781860321.760357,0.58487551,0.88551741,0.93769151,0.71924334
43,1781860321.825680,0.81501308,0.93771756,0.60973897,1.30459881
43,1781860321.905675,0.83487606,0.70192212,0.03703865,1.53978409
43,1781860321.973151,0.45772174,0.01416923,-0.58936116,0.46309029
43,1781860322.026721,-0.39979564,-0.90560839,-1.16123289,-0.72422358
43,1781860322.096854,-1.35367588,-1.59584795,-1.50834980,-0.95430114
43,1781860322.155405,-1.90079998,-1.87326969,-1.49505697,-1.01512554
43,1781860322.226116,-1.99134935,-1.89163579,-1.31704838,-1.37462421
43,1781860322.300012,-1.74477503,-1.62399493,-1.15347271,-1.01240358
43,1781860322.368510,-1.00651246,-0.77642504,-0.66900930,0.35509950
43,1781860322.430363,0.23779502,0.59681678,0.50510640,1.30474089
43,1781860322.507338,1.44414009,1.85396497,1.96157465,0.87482670
43,1781860322.556763,2.01049514,2.36502341,2.77971989,-0.17416976
43,1781860322.623006,1.85536641,2.04695018,2.49919300,-0.75453348
43,1781860322.705141,1.24708543,1.22950607,1.45333025,-0.69879431
43,1781860322.769677,0.45385854,0.29864069,0.28854384,-0.42008388
43,1781860322.836912,-0.24429464,-0.44000400,-0.55536258,-0.23259258
43,1781860322.898349,-0.55700341,-0.79132884,-1.00607754,-0.05666903
43,1781860322.963166,-0.42619099,-0.74029127,-1.20988220,0.45010102
43,1781860323.025476,-0.08730762,-0.44935456,-1.22175319,1.18785094
43,1781860323.100051,0.19807351,-0.13809493,-0.91173620,1.26635893
43,1781860323.165881,0.27470113,-0.00530056,-0.31726613,0.09252631
43,1781860323.225878,-0.00823155,-0.19594757,0.12224941,-1.46447367
43,1781860323.294111,-0.64073513,-0.62155862,0.03810234,-1.85401959
43,1781860323.359103,-1.16779456,-0.84507920,-0.30615775,-0.62585488
43,1781860323.424816,-1.08898747,-0.52239994,-0.35187312,1.14648266
43,1781860323.511457,-0.64001288,-0.00362467,-0.06160613,2.01000196
43,1781860323.566557,-0.54161089,0.01813139,0.09101386,1.40932013
43,1781860323.632700,-0.84725866,-0.44218145,-0.04273141,0.01628907
43,1781860323.697699,-0.81171926,-0.61064412,-0.03958567,-1.07099607
43,1781860323.761115,-0.09868949,-0.11171381,0.33972748,-1.34449535
43,1781860323.823428,0.69326560,0.53855929,0.73265788,-1.00969061
43,1781860323.906747,0.97519663,0.79290738,0.77486139,-0.47543735
43,1781860323.973203,0.89931436,0.73143349,0.58627897,-0.06578629
43,1781860324.028342,0.83659841,0.63492134,0.39675835,0.10561630
43,1781860324.095795,0.75994340,0.51065885,0.16792725,0.27050253
43,1781860324.158793,0.53348782,0.30928317,-0.14756891,0.67344786
43,1781860324.224293,0.30884034,0.14846504,-0.35844628,1.00312284
43,1781860324.302752,0.19400327,0.06038987,-0.32062448,0.71615509
43,1781860324.371017,-0.05790737,-0.13790851,-0.21095882,-0.02012070
43,1781860324.427790,-0.57523651,-0.49790108,-0.26131871,-0.46097444
43,1781860324.512800,-0.97183275,-0.74961084,-0.39347660,-0.38763797
43,1781860324.556940,-0.87617961,-0.66087083,-0.35704841,-0.25622172
43,1781860324.624710,-0.48836739,-0.35377145,-0.11236732,-0.30917923
43,1781860324.704582,-0.22256468,-0.10276373,0.13643837,-0.34563226
43,1781860324.765617,-0.15429125,-0.01011746,0.21918278,-0.24641679
43,1781860324.832646,-0.12903922,-0.00221570,0.14988719,-0.07317655
43,1781860324.896199,-0.09196224,-0.00079103,0.03801531,0.15158138
43,1781860324.958893,-0.06097695,0.01058789,-0.03043170,0.32589976
43,1781860325.023790,-0.00514127,0.02697293,-0.02540172,0.24457108
43,1781860325.101463,0.08107050,0.04889360,0.02480896,-0.02342475
43,1781860325.171326,0.13032178,0.06459591,0.04794624,-0.14206159
43,1781860325.230292,0.10390926,0.04383281,0.01018170,-0.07649384
43,1781860325.295648,0.01523166,-0.03058414,-0.03003646,-0.13420907
43,1781860325.360281,-0.14090971,-0.13445618,-0.03110649,-0.28048670
43,1781860325.422425,-0.32862638,-0.21116751,-0.06832890,-0.07346711
43,1781860325.507348,-0.40127233,-0.21394740,-0.18664033,0.46320600
43,1781860325.562057,-0.26536039,-0.14000308,-0.23276658,0.63139747
43,1781860325.631309,-0.02046446,-0.00623464,-0.03092269,0.11265614
43,1781860325.695096,0.19870172,0.18498962,0.32788963,-0.45334734
43,1781860325.763144,0.38511577,0.41188683,0.57887614,-0.40589180
43,1781860325.822356,0.58435354,0.60416178,0.61796142,0.01739316
43,1781860325.903063,0.76417671,0.67524896,0.52069840,0.18995929
43,1781860325.965934,0.75860330,0.52789843,0.28272623,0.04187881
43,1781860326.028550,0.37039511,0.10111623,-0.14899440,-0.05548664
43,1781860326.093812,-0.30559742,-0.44484651,-0.57634798,-0.02242713
43,1781860326.158570,-0.81080027,-0.74786703,-0.65921707,-0.07444257
43,1781860326.222627,-0.87091101,-0.67558114,-0.40979806,-0.20394196
43,1781860326.304373,-0.75547140,-0.52126154,-0.19644634,-0.26227657
43,1781860326.369097,-0.74625318,-0.51663199,-0.19568441,-0.26436383
43,1781860326.428304,-0.66656824,-0.47476854,-0.24746597,-0.10277069
43,1781860326.496578,-0.34986751,-0.22084442,-0.22962727,0.39890885
43,1781860326.566279,-0.05044227,0.05307513,-0.11386440,0.78289557
43,1781860326.625822,0.04887027,0.19971300,0.20655482,0.41684150
43,1781860326.707257,0.12747620,0.30600970,0.56685698,-0.23827489
43,1781860326.770720,0.14827248,0.16773041,0.31239145,-0.36242729
43,1781860326.835906,-0.18053216,-0.49939263,-0.67970937,-0.40104456
43,1781860326.900122,-0.47830655,-0.97015208,-1.13796044,-0.93799513
43,1781860326.970140,0.13370128,-0.04617527,0.07161913,-0.86167243
43,1781860327.030027,1.42693008,1.77691549,1.85485824,0.78748585
43,1781860327.105625,1.98065566,2.44546721,2.11671587,2.29713798
43,1781860327.166680,1.20451304,1.25319817,0.80179930,1.44760040
43,1781860327.225428,0.02472897,-0.28495769,-0.28382299,-0.89973907
43,1781860327.288675,-0.65612643,-0.80310801,-0.25422474,-2.01433009
43,1781860327.355668,-0.71207880,-0.43181194,0.22613707,-1.09328200
43,1781860327.426124,-0.25151993,0.14176610,0.41587809,0.34497481
43,1781860327.519594,0.22553864,0.23627242,-0.08420396,0.95875883
43,1781860327.567516,-0.17199444,-0.66954716,-1.41661349,0.72227066
43,1781860327.635477,-1.28151260,-1.94988883,-2.68030399,0.17958503
43,1781860327.700476,-1.69059372,-2.08609149,-2.38834925,-0.26990317
43,1781860327.760015,-1.17741184,-1.10246358,-0.80652007,-0.63971812
43,1781860327.824195,-1.35760215,-0.92747346,-0.06162084,-1.26129637
43,1781860327.902554,-2.33801450,-1.82419567,-0.64279740,-1.93245187
43,1781860327.979180,-1.51863512,-1.08115138,-0.16756504,-1.37818109
43,1781860328.031188,1.74718568,2.27601160,2.40072748,1.16978320
43,1781860328.098751,3.60461764,4.54115032,4.15796159,3.82021671
43,1781860328.768790,1.38054505,2.60774241,2.65679313,3.41039814
43,1781860328.832868,-1.63346371,-0.88350681,-0.08663000,-0.13581976
43,1781860328.897238,-1.16160606,-1.61980594,-1.05415054,-2.96376873
43,1781860328.958454,1.71098111,0.13055799,-0.67021872,-2.25685375
43,1781860329.024455,3.12353187,1.14138256,-0.86655765,0.07465728
43,1781860329.105473,2.19837296,0.44616401,-1.54785756,0.69997850
43,1781860329.165887,0.82282136,-0.37085457,-1.48634631,-0.22632090
43,1781860329.232413,0.18280137,-0.21841895,-0.51777901,-0.29485637
47,1781860321.420122,-0.04272876,-0.08485461,-0.12062973,-0.03041706
47,1781860321.566916,-1.26832529,-0.96388724,-0.44569470,-1.02378777
47,1781860321.698979,-0.42211981,-0.16230579,0.28086527,-0.87819768
47,1781860321.760357,-0.39336857,-0.35009204,0.17085264,-2.28781533
47,1781860322.368510,-0.87557263,-0.64546453,-1.09815341,3.27029006
47,1781860322.507338,0.81295737,0.65785511,0.31908623,0.87968045
47,1781860322.836912,0.16698256,-0.06856317,-0.32437824,0.09708106
47,1781860322.898349,-0.16309644,-0.39356850,-0.66700865,0.20579782
47,1781860323.165881,0.25616078,0.04919326,0.23128579,-1.86342245
47,1781860323.761115,0.78948273,0.65564176,0.70767342,-0.89024619
47,1781860323.973203,-0.28708203,-0.09542256,-0.03844233,0.64505292
47,1781860324.095795,-0.56129468,-0.41597734,-0.33116914,0.28981154
47,1781860324.224293,-0.17300610,-0.22466739,-0.19492541,-0.38988502
47,1781860324.371017,-0.29522267,-0.27773755,-0.28820607,0.13388536
47,1781860324.512800,0.04038135,0.03104996,-0.07876146,0.48125404
47,1781860324.624710,0.01735050,-0.11441648,-0.15238567,-0.44924915
47,1781860324.704582,-0.03109325,-0.07079511,-0.13959435,0.13936330
47,1781860324.832646,-0.19980898,-0.27061995,-0.44051311,0.47455912
47,1781860324.896199,-0.15149428,-0.23250496,-0.16739925,-0.69983175
47,1781860325.023790,0.07657642,-0.09908119,-0.26959192,-0.02465126
47,1781860325.230292,-0.54401954,-0.40850302,-0.26748844,-0.02633326
47,1781860325.295648,0.02198305,0.04841843,0.01883970,0.26828237
47,1781860325.360281,0.53228310,0.51520157,0.53497209,-0.17650472
47,1781860325.507348,0.66389420,0.62396245,0.57890230,0.02456270
47,1781860325.631309,0.62736882,0.71231860,0.72038815,0.36822172
47,1781860325.763144,0.27296989,0.25136711,0.14238583,0.41850360
47,1781860325.903063,-0.32628791,-0.46546233,-0.42491203,-0.86080048
47,1781860326.304373,-2.75238441,-2.72464463,-2.45822292,-1.14317893
47,1781860327.426124,-2.18906790,-2.37977658,-2.71467865,0.69062140
47,1781860327.979180,1.18051621,1.12674596,1.11206248,-0.18720799
47,1781860328.098751,1.98560807,1.26271094,0.78874324,-1.19225990
47,1781860328.495114,-0.54233330,-0.27575361,-0.17775867,0.80744504
47,1781860328.564827,-0.52913084,-0.19777431,-0.00611636,0.66909324
47,1781860328.624992,1.17697733,1.42014771,1.68271843,-0.09291890
47,1781860328.702492,3.16848881,3.64786075,3.62381008,2.41116761
47,1781860329.105473,-0.04254379,-0.08060071,-0.10655513,-0.05796551
48,1781860334.499969,-0.04332736,-0.03277836,-0.02114098,-0.00583541
48,1781860334.559309,0.45828826,0.26311925,0.14762763,-0.42719697
48,1781860334.622489,1.15719234,0.75099119,0.49382932,-0.79908647
48,1781860334.703036,1.32583263,1.07535609,0.90209334,-0.41398810
48,1781860334.765287,1.25825103,1.27639332,1.26993150,0.13191701
48,1781860334.826912,1.15010283,1.25187668,1.28325786,0.37741615
48,1781860334.895483,0.89828450,0.90524365,0.81731516,0.50874799
48,1781860334.958000,0.48498173,0.40739862,0.21497976,0.61570138
48,1781860335.022116,0.10083665,0.02582389,-0.10800518,0.31534854
48,1781860335.105255,-0.14465332,-0.18696099,-0.16065120,-0.36789821
48,1781860335.170497,-0.33199005,-0.35190340,-0.27497857,-0.51920588
48,1781860335.232968,-0.50950600,-0.50815843,-0.58882450,0.43972295
48,1781860335.297765,-0.58559710,-0.56159248,-0.81553434,1.49023306
48,1781860335.360398,-0.52399048,-0.48665800,-0.65132622,1.08304347
48,1781860335.424649,-0.44854349,-0.40422826,-0.25543688,-0.56015754
48,1781860335.506593,-0.39204880,-0.31742234,0.03491526,-1.48897128
48,1781860335.566887,-0.13961289,0.01301784,0.31282608,-0.78910432
48,1781860335.631586,0.35374338,0.56416311,0.76126310,0.07141482
48,1781860335.696253,0.51635451,0.63539591,0.83273938,-0.41982309
48,1781860335.762452,-0.32091624,-0.39279583,-0.18282554,-1.51116147
48,1781860335.820654,-1.80826527,-1.89908801,-1.68014561,-1.66083145
48,1781860335.901653,-2.57258279,-2.42731772,-2.09470110,-1.00450084
48,1781860335.963786,-1.75287372,-1.45488641,-1.07674565,-0.42974937
48,1781860336.033796,-0.05652867,0.02482763,0.02324618,0.44467761
48,1781860336.125483,1.24679295,0.97978372,0.35040410,1.94287888
48,1781860336.191042,1.87031705,1.53409914,0.72337215,2.54411970
48,1781860336.276353,2.25900582,2.10965295,1.71015257,1.34118655
48,1781860336.335492,2.31643792,2.26363809,2.12567258,0.45662286
48,1781860336.399424,1.62534408,1.47413647,1.00755287,1.69091446
48,1781860336.430336,0.64291413,0.43359877,-0.31742873,2.90443446
48,1781860336.490174,0.20734457,0.13646902,-0.18438953,1.34030458
48,1781860336.558629,0.03948327,0.16063688,0.60462917,-1.73092628
48,1781860336.623186,-0.78460117,-0.60851988,0.17398265,-3.25137764
48,1781860336.703343,-2.13709685,-2.01912904,-1.34800022,-2.96581860
48,1781860336.765366,-2.96230547,-2.86807052,-2.30535583,-2.51179288
48,1781860336.830757,-2.72681059,-2.57514087,-2.03305868,-2.09322874
48,1781860336.896235,-1.71476553,-1.50661067,-1.11958843,-0.95901231
48,1781860336.959451,-0.37048022,-0.18191014,-0.08946016,0.51535588
48,1781860337.026461,0.87875718,0.99481339,0.84691713,1.41520299
48,1781860337.101858,1.61469674,1.67710927,1.44006144,1.60558153
48,1781860337.171091,1.79416110,1.82501570,1.62370831,1.24475568
48,1781860337.230532,1.75553400,1.69991095,1.56528523,0.42357935
48,1781860337.296889,1.55426569,1.33556047,1.14826265,-0.16839342
48,1781860337.357154,0.76368152,0.41468527,0.02113523,0.23887884
48,1781860337.419768,-0.66928060,-0.99478196,-1.54470004,1.20322883
48,1781860337.500660,-1.83292369,-1.98981510,-2.45392758,1.64719123
48,1781860337.571742,-1.74402219,-1.70339737,-1.91009630,1.32604678
48,1781860337.633231,-0.61531717,-0.45393509,-0.40439427,0.59964610
48,1781860337.697249,0.42263482,0.60945354,0.87140844,-0.40284889
48,1781860337.761603,0.77768248,0.96276708,1.41465312,-1.43047804
48,1781860337.819301,0.86462125,1.09851447,1.68707503,-1.90157832
48,1781860337.907145,1.04249785,1.35235627,1.97334746,-1.66816405
48,1781860337.983545,0.86773456,1.14895786,1.63470171,-1.09655387
48,1781860338.191753,-0.14408205,-0.08487075,0.03465551,-0.32338362
48,1781860338.223176,-1.53541762,-1.80688673,-2.18740729,0.58468842
48,1781860338.251372,-2.26849502,-2.78643889,-3.49206093,1.00625207
48,1781860338.337700,-1.86059694,-2.39894188,-3.02272307,0.45807359
48,1781860338.399212,-0.73920271,-1.05640227,-1.30959586,-0.34317326
48,1781860338.464376,0.37262612,0.40308386,0.49317979,-0.31975514
48,1781860338.528824,1.05406409,1.35535480,1.61309851,0.23348083
48,1781860338.602074,1.25033847,1.60826514,1.94578194,0.10942924
48,1781860338.650456,1.08429431,1.35512896,1.73654744,-0.59290435
48,1781860338.733503,0.72958429,0.93888844,1.21011890,-0.33202307
48,1781860338.799455,0.35256907,0.55330838,0.51547355,1.27913496
48,1781860338.862645,0.05249347,0.17414857,-0.14073177,2.34052091
48,1781860338.929024,-0.16970206,-0.24352727,-0.54270340,1.20823764
48,1781860338.989926,-0.36190224,-0.61431305,-0.67686900,-1.01792256
48,1781860339.057466,-0.53621244,-0.81274237,-0.72779527,-1.93808901
48,1781860339.132670,-0.64395731,-0.82199587,-0.80650894,-1.03760298
48,1781860339.197925,-0.62371608,-0.70039189,-0.79441284,0.09299743
48,1781860339.261647,-0.45650959,-0.45355074,-0.51493562,0.34498425
48,1781860339.324062,-0.18849521,-0.06801889,-0.00303158,0.29750895
48,1781860339.393044,0.08492293,0.33731413,0.46629536,0.66167281
48,1781860339.454294,0.28430132,0.54784736,0.64907528,0.87028198
48,1781860339.532651,0.40575857,0.49587579,0.58008312,0.03168638
48,1781860339.606230,0.47588717,0.34250873,0.46313339,-1.36185859
48,1781860339.659779,0.45885586,0.25142797,0.37109818,-1.75376353
48,1781860339.727946,0.29046017,0.19535256,0.21094576,-0.59353154
48,1781860339.791025,0.01264636,0.06690440,-0.03812652,0.85404094
48,1781860339.851556,-0.22262561,-0.12874759,-0.25051268,1.15618834
48,1781860339.934834,-0.32646756,-0.30439428,-0.35887827,0.41046811
48,1781860340.000305,-0.37427576,-0.43835373,-0.45423697,-0.25840008
48,1781860340.065297,-0.47388097,-0.56378858,-0.60320392,-0.27071848
48,1781860340.122640,-0.58653686,-0.63705684,-0.70469183,0.09176357
48,1781860340.191122,-0.56593139,-0.54740601,-0.61702843,0.47261172
48,1781860340.257925,-0.37349919,-0.29853451,-0.34491914,0.65062435
48,1781860340.335436,-0.16421226,-0.07418679,-0.04458297,0.32395572
48,1781860340.397593,-0.09436226,-0.02435195,0.12109566,-0.40446335
48,1781860340.461247,-0.10405980,-0.05324752,0.13809971,-0.75348978
48,1781860340.525843,0.00127443,0.04964892,0.16698659,-0.36975178
48,1781860340.597858,0.27642843,0.31077471,0.35161179,-0.03480094
48,1781860340.649600,0.57807998,0.56778497,0.61382179,-0.30202771
48,1781860340.730147,0.79093417,0.73863117,0.76649588,-0.42982575
48,1781860340.797621,0.94314173,0.87903665,0.78273754,0.17261091
48,1781860340.864283,1.01252808,0.94009796,0.73459511,0.71348046
48,1781860340.929981,0.79791153,0.71427162,0.53750744,0.49929351
48,1781860340.990195,0.19210160,0.14968859,0.07782671,0.15789261
48,1781860341.057541,-0.51730359,-0.46238297,-0.45078630,0.23228491
48,1781860341.133174,-0.90195313,-0.78093643,-0.70677422,0.25121424
48,1781860341.196998,-0.94142735,-0.81288959,-0.68772932,0.01810866
48,1781860341.261379,-1.00594112,-0.86176958,-0.70039543,-0.09223320
48,1781860341.326370,-1.22837937,-1.07922346,-0.84823789,-0.43873651
48,1781860341.391425,-1.25161851,-1.21583983,-0.90530027,-1.47315316
48,1781860341.449198,-0.77958576,-0.93450172,-0.72442942,-1.95691474
48,1781860341.533736,-0.05171736,-0.29155433,-0.44828207,-0.44559698
48,1781860341.607633,0.47891337,0.28923616,-0.24365764,1.84018413
48,1781860341.660936,0.68258010,0.54247375,-0.03890992,2.36594491
48,1781860341.724864,0.73150155,0.64122830,0.36899308,0.97560420
48,1781860341.790446,0.74887304,0.83202389,0.96591944,-0.27207185
48,1781860341.854507,0.69958481,1.00519085,1.36554863,-0.29355591
48,1781860341.934788,0.52974804,0.86802424,1.17935564,0.14446675
48,1781860341.997809,0.27438990,0.41410664,0.52349419,0.16261252
48,1781860342.070910,0.02427825,-0.05748410,-0.08860022,-0.27154396
48,1781860342.128083,-0.18308184,-0.33486264,-0.33481053,-0.81406471
48,1781860342.194337,-0.37458492,-0.45104929,-0.31440217,-1.14261491
48,1781860342.254112,-0.50667766,-0.47187394,-0.25145170,-0.99520902
48,1781860342.331624,-0.44598005,-0.36571034,-0.21812288,-0.36092977
48,1781860342.398987,-0.18322720,-0.13759408,-0.16007252,0.36518576
48,1781860342.458992,0.07158704,0.06892361,-0.06347133,0.69556623
48,1781860342.525371,0.12856040,0.10905631,-0.02027166,0.58882986
48,1781860342.591021,0.03281283,0.01406541,-0.09407953,0.47931216
48,1781860342.654894,-0.07070111,-0.08035433,-0.20423093,0.61241815
48,1781860342.736703,-0.16820949,-0.16655722,-0.28205260,0.62809686
48,1781860342.799892,-0.31177060,-0.35183146,-0.42677653,0.18703454
48,1781860342.863929,-0.38404134,-0.54812522,-0.64613412,-0.35426646
48,1781860342.927567,-0.17304244,-0.43442324,-0.60154757,-0.50536387
48,1781860342.988917,0.23152195,0.04534280,-0.06245439,-0.42025137
48,1781860343.055090,0.37903851,0.41079025,0.52098901,-0.42060020
48,1781860343.135498,0.01324037,0.22443248,0.50326458,-0.36265741
48,1781860343.198788,-0.52892402,-0.27133703,0.00975003,-0.12599751
48,1781860343.260084,-0.72819162,-0.48522491,-0.24271251,0.00243580
48,1781860343.326988,-0.51149674,-0.26798067,-0.00425627,-0.10834858
48,1781860343.392316,-0.19946864,0.03116297,0.29721199,-0.18989338
48,1781860343.455055,0.02566280,0.17275042,0.32886806,-0.04841529
48,1781860343.535906,0.24676390,0.23809680,0.18255459,0.25132472
48,1781860343.609804,0.46694644,0.27320647,-0.01739436,0.51932748
48,1781860343.660723,0.62246418,0.28367105,-0.14917435,0.50426903
48,1781860343.726624,0.95273937,0.59943418,0.20325164,0.22989048
48,1781860343.791758,1.61073500,1.40314489,1.16541866,0.16157736
48,1781860343.857236,1.79245738,1.77641210,1.68036875,0.42891626
48,1781860343.935442,0.40915507,0.47732687,0.47743928,0.36490609
48,1781860343.994804,-1.97042862,-1.92643626,-1.81533164,-0.35982797
48,1781860344.062624,-3.22287244,-3.17972245,-2.97238230,-0.88031915
48,1781860344.124051,-2.34053127,-2.20076905,-1.98545104,-0.40509864
48,1781860344.187034,-0.63004227,-0.35698483,-0.16520370,0.43576967
48,1781860344.258122,0.32976551,0.65576811,0.88377278,0.52542399
48,1781860344.334494,0.50550867,0.72755956,0.97663062,-0.14487089
48,1781860344.399747,0.60399400,0.59632095,0.72423023,-0.72693591
48,1781860344.463012,0.76372963,0.53834090,0.45497423,-0.76146298
48,1781860344.526630,0.75263339,0.44965544,0.21916615,-0.38865396
48,1781860344.597129,0.61937199,0.37717368,0.10482364,0.16166100
48,1781860344.654072,0.54251799,0.40144118,0.14068092,0.64169270
48,1781860344.734801,0.44500285,0.38050608,0.17948739,0.73197358
48,1781860344.799984,0.14832379,0.14369171,0.07775427,0.32869377
48,1781860344.860178,0.09446993,0.10072359,0.08658926,0.02479779
48,1781860344.931401,-1.11498295,-1.17314339,-0.94706769,-0.34571485
48,1781860344.992029,-2.84442993,-2.97839104,-2.52190653,-0.71815579
48,1781860345.065433,-3.32454150,-3.32673626,-3.06524597,-0.32071868
48,1781860345.133374,-3.21459746,-2.89931782,-2.92855060,0.41902859
48,1781860345.201996,-2.97457179,-2.54899631,-2.64791921,0.63794451
48,1781860345.266349,-2.40283700,-2.30885594,-2.29742111,0.10040055
48,1781860345.330475,-1.40868738,-1.75583200,-1.63308902,-0.57152171
48,1781860345.394723,-0.19073497,-0.73712128,-0.51524958,-0.93442804
48,1781860345.458716,1.11305427,0.55521688,0.91955478,-1.12163677
48,1781860345.535363,2.19745721,1.81182165,2.16914453,-0.90365630
48,1781860345.605538,2.47248671,2.63516619,2.49158507,0.37250312
48,1781860345.667031,1.81474113,2.63759490,1.63829123,2.21628015
48,1781860345.729357,0.94029383,1.79965683,0.43441905,2.70576980
48,1781860345.792556,0.50595532,0.65842705,-0.01516457,1.00473636
48,1781860345.854344,0.35073911,-0.05537534,0.29579413,-0.92108030
48,1781860345.935944,0.09058352,-0.09347057,0.44817843,-0.88266872
48,1781860345.995537,-0.15692709,0.04401040,0.13697137,0.13133125
48,1781860346.070682,-0.21664430,-0.25221904,0.03512285,-0.39276173
48,1781860346.124627,-0.31853021,-0.77806689,0.48028441,-2.08945777
48,1781860346.190371,-0.44131900,-0.65774583,0.89607100,-2.15313770
48,1781860346.256364,-0.02760291,0.35561779,0.80170005,-0.07645817
48,1781860346.336277,0.93478920,1.29805016,0.42743048,1.50076231
48,1781860346.399405,1.52590518,1.28018515,0.11318899,1.12054313
48,1781860346.463799,1.21619339,0.69236706,-0.13212206,0.36569451
48,1781860346.528148,0.49329744,0.29246165,-0.40898916,0.60889532
48,1781860346.609343,-0.21961541,-0.08989120,-0.74679893,0.95677615
48,1781860346.652941,-1.04477196,-0.85511713,-1.04038408,0.45601531
48,1781860346.738459,-1.81165299,-1.51862030,-1.04177031,-0.22357599
48,1781860346.801753,-1.96448656,-1.47360455,-0.72052641,-0.31890772
48,1781860346.868062,-1.48767816,-1.08166711,-0.48863874,-0.22746814
48,1781860346.929207,-0.90172323,-0.94684337,-0.58351035,-0.49679935
48,1781860346.991284,-0.31513019,-0.80374013,-0.54443570,-0.90968417
48,1781860347.063298,0.57235659,-0.07713718,0.05561430,-0.95144063
48,1781860347.134959,1.51911200,0.96343732,0.77702292,-0.44912927
48,1781860347.199546,1.70577540,1.44403485,0.93078046,0.30591492
48,1781860347.264048,0.85025862,1.06193547,0.51879945,0.91807477
48,1781860347.328163,-0.22940519,0.43964497,-0.01840443,1.37088504
48,1781860347.392401,-0.39012172,0.34971656,-0.23360033,1.60934641
48,1781860347.457826,0.66358403,0.91351339,0.42818864,0.89428556
48,1781860347.531702,1.99295450,1.58368159,1.97805904,-0.97747553
48,1781860347.609701,2.30987954,1.75999662,3.09007907,-2.28659162
48,1781860347.660902,1.36266442,1.33409425,2.45136033,-1.39367438
48,1781860347.726281,0.08837767,0.60257959,0.69568479,0.51217766
48,1781860347.793257,-0.73819000,-0.21547246,-0.59061031,1.09205661
48,1781860347.854465,-1.28152586,-1.09319576,-1.18662332,0.34270030
48,1781860347.934081,-1.78510418,-1.84689808,-1.84700792,-0.07502597
48,1781860347.996200,-1.86286724,-2.08035496,-2.42218408,0.15123576
48,1781860348.064162,-1.20256761,-1.65314843,-2.16039548,0.06892282
48,1781860348.122610,-0.26857059,-0.91366185,-1.22179289,-0.40984286
48,1781860348.193675,0.21644532,-0.31866472,-0.43283167,-0.51199079
48,1781860348.256390,0.10941503,-0.01611553,-0.05515976,-0.10519286
48,1781860348.339829,-0.10020947,0.16023112,0.22178793,0.24190125
48,1781860348.401396,0.08552539,0.43032769,0.55491417,0.26784729
48,1781860348.465642,0.58727164,0.80709512,0.86185291,0.20076851
48,1781860348.526730,0.87354209,1.09375483,1.07263179,0.29353538
48,1781860348.609212,0.73320316,1.16904838,1.11221448,0.59924291
48,1781860348.656072,0.60590969,1.12518791,0.94867386,0.84628834
48,1781860348.737030,0.87505851,1.06109291,0.76625153,0.58488659
48,1781860348.798939,1.20968207,0.92635439,0.74362007,-0.12235115
48,1781860348.862635,1.02784466,0.60629116,0.71232240,-0.64169844
48,1781860348.927066,0.32094882,0.06552379,0.43428090,-0.75918933
48,1781860348.991168,-0.40143688,-0.52345179,0.03946189,-0.83307491
48,1781860349.056575,-0.75768627,-0.81691705,-0.21840800,-0.80000538
48,1781860349.132146,-0.72575778,-0.62883515,-0.32436827,-0.25243494
48,1781860349.198755,-0.43385735,-0.15256277,-0.30177820,0.52362699
48,1781860349.262753,-0.04796798,0.22687408,-0.16266033,0.80807748
48,1781860349.326970,0.21246250,0.18907014,-0.23862889,0.49175600
48,1781860349.390348,0.15095260,-0.35416201,-0.81803854,-0.05015764
48,1781860349.454224,-0.24171481,-1.04275326,-1.38872520,-0.55349491
48,1781860349.531203,-0.66359697,-1.20173016,-1.14438369,-0.72427865
48,1781860350.129214,-0.65731138,-0.56102003,-0.20598482,-0.31470875
48,1781860350.189437,-0.13774378,0.34847100,0.56270943,0.33080336
48,1781860350.254632,0.34036850,0.82393205,0.74457320,0.68467944
48,1781860350.330168,0.25720988,0.78102607,0.57470871,0.88805745
48,1781860350.396950,-0.04722128,0.64361313,0.36179757,1.18302887
48,1781860350.461914,0.15903322,0.67360067,0.35529465,1.01301944
48,1781860350.526930,0.79627440,0.71439699,0.69390934,-0.07466803
48,1781860350.600260,1.02550621,0.51274694,1.04273181,-1.26828401
48,1781860350.653107,0.53120333,0.07778110,0.81912318,-1.45318530
48,1781860350.729379,-0.03343995,-0.27766189,0.07363762,-0.72432950
48,1781860350.798637,-0.05933592,-0.24438411,-0.42433188,-0.00620361
48,1781860350.858109,0.19999110,0.06602119,-0.26019337,0.23382612
48,1781860350.923420,0.17546225,0.21240974,0.06533755,0.22382213
48,1781860350.991078,-0.10472620,0.06958476,-0.00866709,0.30719078
48,1781860351.057760,-0.18817543,-0.01461817,-0.31182195,0.57258409
48,1781860351.133895,0.00189470,0.15056681,-0.40571419,0.85743062
48,1781860351.198262,0.14955321,0.32038082,-0.26359255,0.91806032
48,1781860351.263752,0.12714118,0.26198647,-0.11262692,0.61965182
48,1781860351.325027,0.07815961,0.02761637,-0.02357718,0.00079097
48,1781860351.390057,0.09784002,-0.21946035,0.07734514,-0.74693362
48,1781860351.456158,0.14244208,-0.34519906,0.23343126,-1.29690016
48,1781860351.535250,0.11910071,-0.28750633,0.43657361,-1.37524839
48,1781860351.607971,-0.01469195,-0.13376515,0.63887719,-1.08458874
48,1781860351.661904,-0.16954092,-0.06751817,0.69087669,-0.79834181
48,1781860351.724550,-0.21776881,-0.13900936,0.42287539,-0.58762268
48,1781860351.790761,-0.16689600,-0.18542133,-0.07545171,-0.15628770
48,1781860351.854362,-0.11058752,-0.08483230,-0.46606702,0.49501965
48,1781860351.936011,-0.05574304,0.06726401,-0.58075381,0.93779335
48,1781860351.998392,0.05290858,0.20731564,-0.52859776,1.08289192
48,1781860352.065871,0.15156355,0.46573780,-0.36980166,1.39839053
48,1781860352.123300,0.08722232,0.82992297,-0.09950066,2.03379564
48,1781860352.190523,-0.06872269,0.98928929,0.12937618,2.33276183
48,1781860352.254934,0.03205366,0.78757131,0.19576818,1.63873892
48,1781860352.334009,0.49660928,0.45794285,0.25836305,0.19571805
48,1781860352.400007,0.84205938,0.17732727,0.46947505,-1.16384779
48,1781860352.461703,0.56224535,-0.19217754,0.63696376,-1.92608050
48,1781860352.525583,-0.05830144,-0.65382878,0.47657360,-2.09923891
48,1781860352.595266,-0.18497319,-0.81406167,0.13920199,-1.92460629
48,1781860352.654812,0.39891793,-0.43632627,0.15849397,-1.73937957
48,1781860352.738975,0.88016651,0.11225945,0.62377654,-1.55615663
48,1781860352.799547,0.50668427,0.32188647,0.76475033,-0.76342145
48,1781860352.860665,-0.37542672,0.15227419,0.01083257,0.81387441
48,1781860352.930030,-0.84349377,-0.05069676,-0.87050888,1.96140770
48,1781860352.989812,-0.61686227,-0.01911953,-0.72650321,1.58741815
48,1781860353.052112,-0.24523277,0.17043825,0.11218597,0.57643033
48,1781860353.133452,-0.20237239,0.22036061,0.24117108,0.48885617
48,1781860353.199666,-0.28331702,0.03409470,-0.56567663,1.11556474
48,1781860353.264545,-0.06739773,-0.09741888,-0.98751089,1.04609950
48,1781860353.326799,0.40222843,0.07857213,-0.25050122,0.00658873
48,1781860353.393160,0.72616059,0.36306412,0.80048911,-0.97366989
48,1781860353.456263,0.68172751,0.38627161,1.08968392,-1.21491796
48,1781860353.535375,0.38643192,0.13230858,0.65020680,-0.93900561
48,1781860353.614255,0.11857548,-0.06251863,0.18632416,-0.52292992
48,1781860353.662987,0.07140143,0.04354014,0.07640961,-0.07386650
51,1781860337.171091,-0.51310675,-0.85647348,-0.84994985,-1.16185776
51,1781860337.230532,-0.15045850,-0.75943762,-0.83226956,-1.78034846
51,1781860337.296889,0.98949934,0.49116699,0.28544572,-0.97165427
51,1781860337.357154,0.74760244,0.41895971,0.26748661,-0.58831545
51,1781860337.419768,-0.52187509,-0.55945143,-0.53040796,-0.22121998
51,1781860337.500660,-1.43690589,-1.17838061,-1.13378050,0.71036711
51,1781860337.571742,-1.43392397,-1.03980339,-1.12841396,1.60297337
51,1781860337.633231,-1.13331007,-0.74703431,-0.76569987,1.34466179
51,1781860337.697249,-0.98097531,-0.59549195,-0.25084238,0.13559405
51,1781860337.761603,-0.49108431,-0.07648358,0.47393787,-0.45101087
51,1781860337.819301,0.72394962,1.04758781,1.24047501,0.43417618
51,1781860337.907145,1.89647616,1.96137651,1.53617719,1.62744154
51,1781860337.983545,1.90068258,1.76538137,1.18588664,1.47500400
51,1781860338.191753,0.85787668,0.82799607,0.76582365,0.10722929
51,1781860338.223176,0.07595021,0.35753054,0.87323493,-0.77744028
51,1781860338.251372,0.25090857,0.65907225,1.16132267,-0.31242760
51,1781860338.337700,0.53412258,0.65730940,0.66375827,0.38764399
51,1781860338.399212,-0.10701034,-0.47512245,-0.81496339,-0.09387823
51,1781860338.464376,-1.20841796,-1.89870184,-2.14722112,-1.46693843
54,1781860355.855015,0.02824188,-0.01134518,-0.05115175,0.00055869
54,1781860355.933342,0.28045495,0.25385912,0.40313144,-0.44759521
54,1781860356.000381,0.39938103,0.48032486,0.87159718,-0.78980502
54,1781860356.061169,-0.00390300,0.26903696,0.65673613,-0.29206925
54,1781860356.127907,-0.39114788,-0.06467829,0.14730980,0.29136245
54,1781860356.191223,-0.35556859,-0.22639820,-0.23717581,0.35617622
54,1781860356.254694,-0.12755733,-0.33412567,-0.42756276,-0.28792598
54,1781860356.337448,-0.08629295,-0.55003237,-0.41665683,-1.51969411
54,1781860356.399413,-0.25857011,-0.69170159,-0.22502609,-2.29006381
54,1781860356.461038,-0.42268778,-0.53516958,-0.14590925,-1.27696443
54,1781860356.521882,-0.37236289,-0.16607522,-0.37411088,1.05447821
54,1781860356.589512,-0.07681738,0.22307300,-0.53355238,2.68889728
54,1781860356.652619,0.28275561,0.55863282,-0.21383623,2.66810540
54,1781860356.729859,0.50912279,0.71622028,0.26369431,1.67878208
54,1781860356.792919,0.52473051,0.44616320,0.22574516,0.36101878
54,1781860356.857069,0.26703746,-0.24711457,-0.38148384,-0.96657040
54,1781860356.926204,-0.21238966,-0.84894826,-0.88047423,-1.53984507
54,1781860356.987425,-0.55350286,-0.83666776,-0.70180429,-1.06390777
54,1781860357.050665,-0.43923399,-0.34797113,-0.04311410,-0.54361022
54,1781860357.132607,-0.04412570,0.07347741,0.45377006,-0.66856095
54,1781860357.198283,0.26038062,0.25868571,0.54218239,-0.72583001
54,1781860357.258466,0.42216286,0.44211190,0.54789787,-0.21846025
54,1781860357.322575,0.61069717,0.72220528,0.70573395,0.32571549
54,1781860357.385445,0.84760200,0.97817797,0.81793651,0.74014818
54,1781860357.457714,0.96190352,1.08045385,0.72190789,1.21423927
54,1781860357.534356,0.76748036,0.86884203,0.55755451,1.05021743
54,1781860357.599613,0.21959454,0.23322910,0.34032820,-0.23787295
54,1781860357.656846,-0.44999254,-0.57108176,-0.16543330,-1.34057964
54,1781860357.726877,-0.77618075,-0.98036443,-0.84296827,-0.86934161
54,1781860357.791137,-0.58194772,-0.79318936,-1.17035822,0.42229490
54,1781860357.856227,-0.52898216,-0.69969188,-1.23264240,0.92192505
54,1781860357.937962,-1.46971469,-1.56799703,-1.84814071,0.46284823
54,1781860357.999423,-2.83465890,-2.85958999,-2.86148615,-0.05862530
54,1781860358.057430,-2.67528866,-2.67335189,-2.55012193,-0.30869856
54,1781860359.601055,-0.26139603,-0.30398515,-0.12295089,-0.56913521
54,1781860359.661916,2.43180125,2.29386240,2.45590189,-0.76346323
54,1781860359.730459,3.05808622,2.86623721,2.84552555,-0.43555505
54,1781860359.794398,1.73579909,1.61947122,1.37967962,0.31422274
54,1781860359.854458,0.40410903,0.39325195,0.12306168,0.66001886
54,1781860359.934865,0.22439007,0.14845338,-0.01356337,0.21907902
54,1781860359.999033,0.60897059,0.39821283,0.29166988,-0.26523308
54,1781860360.061188,0.40377594,0.39252659,0.38407687,-0.00712524
54,1781860360.125609,-0.55440559,0.01700465,0.32330375,0.67472405
54,1781860360.191270,-1.19284502,-0.28376306,0.26319597,0.92162502
54,1781860360.255937,-0.57890534,-0.14027137,0.11758305,0.46009502
55,1781860367.326996,-0.00871686,-0.00737581,-0.01455972,0.03059082
55,1781860367.385503,-0.12263898,-0.12341416,-0.09054738,-0.12072011
55,1781860367.449091,-0.21529590,-0.23476199,-0.18682160,-0.24187998
55,1781860367.529851,-0.12863635,-0.17765801,-0.20001913,-0.09566814
55,1781860367.593884,-0.03651693,-0.08340602,-0.14080456,0.03771191
55,1781860367.657882,-0.00855043,-0.03121107,-0.05127501,-0.00931794
55,1781860367.725358,0.04068012,0.02211332,0.01643650,-0.04625413
55,1781860367.784899,0.11611359,0.08181011,0.03015119,0.06227784
55,1781860367.852512,0.13535686,0.08156607,0.01861994,0.03285281
55,1781860367.932449,0.10136527,0.00918476,0.03752105,-0.43245988
55,1781860367.998663,0.07487805,-0.06193466,0.07592370,-0.98562381
55,1781860368.058393,0.04358655,-0.06404815,0.07253537,-0.87634743
55,1781860368.127785,-0.03492414,-0.00309259,0.03317477,-0.01591737
55,1781860368.185523,-0.12023795,0.06000526,0.02836931,0.76030268
55,1781860368.258185,-0.12842670,0.08465001,0.07366517,0.80401770
55,1781860368.334716,-0.05699105,0.08834469,0.11768619,0.41623126
55,1781860368.396313,0.01654647,0.09638403,0.12802146,0.17296032
55,1781860368.461449,0.05567400,0.09961670,0.10146411,0.15105384
55,1781860368.526078,0.09097220,0.08795638,0.04012755,0.16080604
55,1781860368.593180,0.12046659,0.07533601,-0.02144010,0.18532367
55,1781860368.656235,0.09696471,0.06638300,-0.03658189,0.25973822
55,1781860368.736854,0.02706907,0.03762718,-0.02040962,0.24614448
55,1781860368.798454,-0.03075422,-0.02821676,-0.03225621,0.02360045
55,1781860368.863026,-0.07247668,-0.11252127,-0.10102302,-0.18495519
55,1781860368.926396,-0.14410129,-0.17879038,-0.21606663,0.00928370
55,1781860368.991060,-0.22816114,-0.20875168,-0.32792767,0.49729708
55,1781860369.052557,-0.24213214,-0.21479174,-0.34994573,0.58309144
55,1781860369.135223,-0.16716255,-0.22104718,-0.26031867,-0.05243745
55,1781860369.200635,-0.08068814,-0.22952484,-0.16359523,-0.77066281
55,1781860369.263627,-0.04076218,-0.21205527,-0.14247827,-0.86433304
55,1781860369.328467,-0.02855892,-0.15177775,-0.13654030,-0.49683354
55,1781860369.387149,-0.01430234,-0.07383270,-0.06641965,-0.24021828
55,1781860369.449721,0.00568996,-0.00770252,0.03441490,-0.19919054
55,1781860369.540735,0.03981320,0.05705943,0.10038087,-0.09356768
55,1781860369.599227,0.10814492,0.15318480,0.16110633,0.13319470
55,1781860369.662637,0.21802478,0.29872052,0.31458520,0.23263837
55,1781860369.726392,0.34916455,0.48292843,0.58349728,0.11911633
55,1781860369.792004,0.45466730,0.65532934,0.83100796,0.08965001
55,1781860369.858086,0.48830750,0.74039475,0.87719433,0.41369579
55,1781860369.937139,0.44178712,0.70636071,0.71509352,0.91805362
55,1781860369.997593,0.33354030,0.58759821,0.51195193,1.18310343
55,1781860370.060690,0.16021946,0.38831949,0.34837561,0.96184302
55,1781860370.126213,-0.08394022,0.06067572,0.11670336,0.31788838
55,1781860370.191067,-0.32607580,-0.33122676,-0.22739942,-0.39105545
55,1781860370.255091,-0.49464529,-0.64999691,-0.59381400,-0.75906596
55,1781860370.337357,-0.74714889,-1.05306806,-1.12632619,-0.83487590
55,1781860370.399241,-1.28926038,-1.83478857,-2.10307936,-0.99483275
55,1781860370.462801,-1.73256817,-2.52439079,-3.00380232,-1.12104928
55,1781860370.525355,-1.20784565,-1.95160522,-2.50021071,-0.70028674
55,1781860370.749376,0.33002959,0.03236272,-0.29340581,0.10083940
55,1781860370.781292,1.59142766,1.82465380,1.91537892,0.51134760
55,1781860370.829121,1.50701752,2.01436106,2.40914787,0.40389618
55,1781860370.889317,0.59307649,1.11523335,1.52544542,0.40170033
55,1781860370.958701,0.00512018,0.45943031,0.70442018,0.75112033
55,1781860371.023745,-0.00443479,0.36958525,0.45959143,1.01914928
55,1781860371.087941,0.07467230,0.32573699,0.34234261,0.84132791
55,1781860371.170010,0.03342086,0.11706435,0.11671552,0.30139627
55,1781860371.227338,0.07552777,-0.00705382,-0.00995903,-0.28590906
55,1781860371.293069,0.28246124,0.08561483,0.04669204,-0.56668970
55,1781860371.362472,0.45257319,0.22722413,0.11192100,-0.39488643
55,1781860371.424410,0.41834468,0.24095348,0.09890644,-0.12682825
55,1781860371.485257,0.28640056,0.17034585,0.12089392,-0.23899601
55,1781860371.561549,0.22035080,0.14344796,0.19688840,-0.46772103
55,1781860371.629940,0.07952928,0.08731690,0.10852235,-0.04814820
55,1781860371.702445,-0.38149338,-0.19997966,-0.24170973,0.80108322
55,1781860371.756970,-0.96881768,-0.66769927,-0.56245091,0.70285587
55,1781860371.822570,-1.19885017,-0.98366892,-0.58283731,-0.66618376
55,1781860371.884677,-0.98544091,-0.92794038,-0.46574964,-1.45218171
55,1781860371.966442,-0.62115685,-0.55256755,-0.43564765,-0.17342849
55,1781860372.029487,-0.17274078,-0.00312883,-0.33462164,1.79815361
55,1781860372.093776,0.45748988,0.51598646,0.01331999,2.01366548
55,1781860372.164834,0.97372309,0.68446694,0.31928146,0.27246322
55,1781860372.216488,0.85836580,0.30776027,0.15374367,-1.42311125
55,1781860372.285605,0.12177074,-0.37942123,-0.42229879,-1.64460565
55,1781860372.367102,-0.59863104,-0.85691155,-0.87067566,-0.87741742
55,1781860372.430519,-0.75177436,-0.79478100,-0.77871201,-0.21198574
55,1781860372.495088,-0.41567978,-0.33594690,-0.27824908,0.07907013
55,1781860372.558863,-0.07861641,0.07575474,0.16422981,0.23646012
55,1781860372.623560,-0.00595182,0.17979897,0.30250190,0.22623962
55,1781860372.689870,0.06449736,0.20926757,0.35754952,-0.01260143
55,1781860372.764611,0.47494207,0.54129503,0.63601439,-0.10178944
55,1781860372.839968,1.01275524,1.05818660,1.01930365,0.30255172
55,1781860372.890298,1.18705886,1.29267438,1.14235836,0.91837927
55,1781860372.958821,1.14562125,1.29207320,1.07490157,1.30481907
55,1781860373.023953,1.48341535,1.59305861,1.26432458,1.57306370
55,1781860373.085412,1.88790196,1.99504355,1.57483964,1.89231533
55,1781860373.173419,1.14502794,1.36803582,1.13763127,1.62701547
55,1781860373.230772,-0.91184924,-0.60860062,-0.32633328,0.07528880
55,1781860373.294953,-2.76499369,-2.58700891,-1.84335981,-2.02981777
55,1781860373.358003,-3.27610986,-3.31323861,-2.50897899,-3.01922001
55,1781860373.422074,-2.99342504,-3.13017816,-2.59790624,-2.40071518
55,1781860373.486676,-2.63290555,-2.79943149,-2.60661273,-1.28946481
55,1781860373.562951,-1.77109263,-2.03977228,-2.13325464,-0.62867417
55,1781860373.633299,0.00545647,-0.35144091,-0.65928417,-0.17602477
55,1781860373.695718,1.89677048,1.63877688,1.23777097,0.51318233
55,1781860373.758993,2.77767924,2.72650716,2.36238996,1.12296559
55,1781860373.823861,2.50287668,2.51512908,2.23647821,1.04387102
55,1781860373.888782,1.68282312,1.55717795,1.34207121,0.32102204
55,1781860373.966982,0.76674759,0.51684511,0.34603944,-0.28382928
55,1781860374.032978,-0.09252974,-0.26929782,-0.38217065,-0.22928035
55,1781860374.095330,-0.66141956,-0.65996911,-0.69582098,0.13385484
55,1781860374.162804,-0.67191280,-0.60267409,-0.61675121,0.29896870
55,1781860374.223237,-0.17594096,-0.16982296,-0.34319605,0.64408196
55,1781860374.287950,0.44542488,0.44021548,-0.04114088,1.70859559
55,1781860374.366643,0.79289125,0.92717425,0.31902751,2.66411905
55,1781860374.434712,0.68753203,1.00877542,0.77279207,1.99954050
55,1781860374.496123,0.30409046,0.73441941,1.20906015,-0.15900752
55,1781860374.558327,0.09800171,0.55844519,1.55772273,-1.93354059
55,1781860374.623867,0.26114364,0.73149376,1.79602683,-2.13215341
55,1781860374.697095,0.26099769,0.73118146,1.59477432,-1.41170079
55,1781860374.766752,-0.60020984,-0.18314545,0.45669422,-0.79940206
55,1781860374.832886,-2.12857563,-1.84942029,-1.46013354,-0.39519322
55,1781860374.897067,-3.21642074,-3.13950469,-3.07157319,0.03223992
55,1781860374.959743,-2.97712912,-3.12150832,-3.33083783,0.23306633
55,1781860375.026115,-1.58193224,-1.97303095,-2.34687733,-0.06190790
55,1781860375.085637,0.10855464,-0.61897418,-1.22343161,-0.44162671
55,1781860375.168872,1.47025178,0.35398256,-0.69930441,-0.22600418
55,1781860375.226319,2.39308863,1.08272175,-0.38934932,0.58025588
55,1781860375.295828,2.75820278,1.66777897,0.25475854,1.15759882
55,1781860375.359137,2.26218181,1.69846060,0.91769869,0.77882426
55,1781860375.424187,1.06498343,1.04747835,1.10717936,-0.27704468
55,1781860375.486932,0.01343944,0.44137499,1.13393801,-0.94958350
55,1781860375.566468,-0.26936242,0.51094893,1.48849102,-0.70773859
55,1781860375.630774,-0.08134517,0.86473124,1.87005601,-0.21260550
55,1781860375.699186,-0.05757034,0.79143233,1.66637262,-0.09307402
55,1781860375.758601,-0.32574021,0.32819681,0.92726772,0.19688041
55,1781860375.821868,-0.58685042,-0.02538858,0.22798063,1.10555300
55,1781860375.887716,-0.67680228,-0.17617635,-0.14067237,1.66903364
55,1781860375.966168,-0.69296996,-0.35856743,-0.36346745,1.21754601
55,1781860376.030495,-0.73262848,-0.53552958,-0.58080556,0.86973282
55,1781860376.094863,-0.77848084,-0.53495382,-0.64982245,1.28605925
55,1781860376.158758,-0.76541860,-0.53987192,-0.58430360,0.96878452
55,1781860376.224935,-0.54769993,-0.76384178,-0.72276784,-0.92298764
55,1781860376.285361,0.07218756,-0.83122714,-1.08483292,-2.33176048
55,1781860376.366842,0.97993486,-0.25762195,-1.09480825,-1.43668097
55,1781860376.430781,1.54000431,0.54986976,-0.43560430,-0.01672364
55,1781860376.493445,1.14389194,0.61210349,0.30073213,-0.79093995
55,1781860376.555035,-0.03044430,-0.24661532,0.31419930,-2.78811863
55,1781860376.622591,-1.07487876,-1.07460878,-0.34252846,-2.62601258
55,1781860376.701071,-1.19630992,-0.97843573,-0.79053450,0.10755429
55,1781860376.765051,-0.42533649,-0.09415514,-0.37677820,2.20256261
55,1781860376.826796,0.47647619,0.75764132,0.52184153,1.85506586
55,1781860376.895840,0.79294824,1.01074501,0.97770329,0.90010347
55,1781860376.959730,0.51744690,0.77030754,0.71274815,1.11390460
55,1781860377.026967,0.16706257,0.46950905,0.32471697,1.60486134
55,1781860377.087632,0.05661739,0.32860110,0.27016501,1.18567131
55,1781860377.169340,0.03462831,0.22578178,0.31133066,0.37894928
55,1781860377.225660,-0.10734813,0.00065743,0.15277309,-0.15828368
55,1781860377.292490,-0.30641688,-0.27667451,-0.07177986,-0.62851268
55,1781860377.357286,-0.37135422,-0.38263600,-0.15532461,-0.85616264
55,1781860377.420779,-0.21480570,-0.22035409,-0.09666559,-0.46375090
55,1781860377.487226,0.09669364,0.04197858,0.06636146,-0.28383340
55,1781860377.566837,0.37628471,0.15649870,0.27563639,-1.21618656
55,1781860377.630762,0.41805213,0.08249085,0.33367114,-2.10545093
55,1781860377.698448,0.16639622,-0.03394743,0.08564964,-1.14806845
55,1781860377.754841,0.00829856,0.00316425,-0.00242124,0.00298514
55,1781860377.822670,0.02922437,0.00484035,-0.07048900,0.33706317
55,1781860377.886672,0.05255107,0.00452891,-0.19656175,1.01272791
55,1781860377.962681,0.06026189,-0.02198425,-0.30018926,1.29649803
55,1781860378.029615,0.09906159,-0.03039433,-0.23413019,0.49144904
55,1781860378.094993,0.18851377,0.05283022,0.04499659,-0.84587736
55,1781860378.159297,0.32027488,0.25919112,0.41514160,-1.43593640
55,1781860378.218581,0.45689817,0.50344429,0.69425186,-0.95445892
55,1781860378.287148,0.46663125,0.59119668,0.70830007,0.04937008
55,1781860378.367659,0.19575428,0.37205660,0.37411927,1.15279997
55,1781860378.430277,-0.29409793,-0.08510769,-0.16380012,1.90335878
55,1781860378.495608,-0.71352843,-0.53674825,-0.60087858,1.59390590
55,1781860378.554181,-0.86980727,-0.79844468,-0.76464302,0.24850965
55,1781860378.623194,-0.83854326,-0.85419891,-0.72039201,-0.98887022
55,1781860378.703012,-0.75197078,-0.77021026,-0.59624134,-1.27168420
55,1781860378.768658,-0.62849572,-0.63305664,-0.48316172,-1.02190684
55,1781860378.829319,-0.45239319,-0.50891466,-0.42856983,-0.90553125
55,1781860378.893559,-0.20248509,-0.32071578,-0.31903509,-0.79335462
55,1781860378.957979,0.17713823,0.08323204,0.04631702,-0.37706358
55,1781860379.023310,0.63563061,0.59260500,0.55076013,-0.00781205
55,1781860379.086422,1.03024340,0.91999926,0.82792120,-0.12018996
55,1781860379.167993,1.49125131,1.22889196,1.01334096,-0.30969212
55,1781860379.233555,2.26617852,1.97310825,1.66870794,0.07496152
55,1781860379.294556,2.80935597,2.66814379,2.42167330,0.69640737
55,1781860379.356291,1.88741190,1.89873385,1.79653586,0.75106775
55,1781860379.424134,-0.61851847,-0.58176309,-0.62663535,0.54006268
55,1781860379.487418,-2.92196417,-2.88907196,-3.01171085,1.02902083
55,1781860379.566851,-3.30481861,-3.18446566,-3.34847080,1.88136277
55,1781860379.629325,-2.06707662,-1.79399168,-1.76713054,1.62905951
55,1781860379.707997,-0.68984297,-0.28882121,0.11148261,0.00475000
55,1781860379.760671,0.05779449,0.49819678,1.16944863,-1.52734092
55,1781860379.823965,0.36470357,0.71720405,1.36467452,-1.95157293
55,1781860379.885425,0.50205948,0.65216168,1.08672947,-1.88207396
55,1781860379.965814,0.53476239,0.45404912,0.67092091,-1.96887460
55,1781860380.028560,0.53097814,0.28571190,0.28905280,-1.64482819
55,1781860380.094728,0.50956697,0.20379113,-0.03857704,-0.41951623
55,1781860380.159258,0.37221437,0.10097426,-0.30905969,0.91828418
55,1781860380.220571,0.13441900,-0.04893121,-0.45571928,1.47830390
55,1781860380.287370,-0.02839970,-0.15776517,-0.51280659,1.49311140
55,1781860380.365502,-0.10894503,-0.28344516,-0.67251277,1.41961581
55,1781860380.430703,-0.33690269,-0.56285907,-0.94292662,1.01962643
55,1781860380.495023,-0.76392667,-0.85726349,-0.97925351,0.18957453
55,1781860380.563294,-1.03214387,-0.83253355,-0.55169277,-0.53743486
55,1781860380.622801,-0.72077525,-0.38228669,0.09456441,-0.91543060
55,1781860380.699363,0.19167071,0.34008705,0.65177570,-1.08023800
55,1781860380.767489,1.27490690,1.16674340,1.15466652,-0.63572584
55,1781860380.831018,1.98120729,1.86123448,1.63635535,0.69407848
55,1781860380.895564,2.02709841,2.04695365,1.80394163,1.73917558
55,1781860380.958769,1.51628623,1.56341850,1.43381415,1.16932027
55,1781860381.022734,0.73127025,0.71260696,0.72572049,-0.21024096
55,1781860381.082615,-0.12341140,-0.10522706,0.00118405,-0.58372366
55,1781860381.168488,-0.91020254,-0.76271373,-0.58920295,-0.17216587
55,1781860381.226547,-1.44397151,-1.24886759,-0.94670979,-0.70828718
55,1781860381.295209,-1.62609450,-1.49417823,-1.03916736,-2.13765025
55,1781860381.359658,-1.63853446,-1.56548707,-1.11454832,-2.50019518
55,1781860381.423626,-1.72646972,-1.68564279,-1.48337983,-1.06808892
55,1781860381.487101,-1.74524687,-1.79175580,-1.95097677,0.74572246
55,1781860381.566471,-1.21754949,-1.39677142,-1.80991561,1.54767054
55,1781860381.631485,-0.02079285,-0.25576120,-0.68134051,1.26111528
55,1781860381.697814,1.24393500,1.07657432,0.83139629,0.51485311
55,1781860381.757340,1.86090460,1.78867158,1.72673090,-0.06809589
55,1781860381.823920,1.77290186,1.74334530,1.74240023,-0.18929857
55,1781860381.885113,1.43507394,1.43502648,1.43345955,0.01005312
55,1781860381.968262,1.12700181,1.19562336,1.22107787,0.28560061
55,1781860382.025830,0.78743995,0.92480861,0.96730656,0.62768125
55,1781860382.097366,0.36625186,0.51015908,0.49491360,1.05298202
55,1781860382.167356,-0.03166792,0.06656233,-0.03490331,1.32122278
55,1781860382.226085,-0.30966828,-0.26192583,-0.37665341,1.07492997
55,1781860382.285700,-0.45483757,-0.45085405,-0.47449139,0.18274438
55,1781860382.368098,-0.47196963,-0.51319080,-0.39454886,-1.05768224
55,1781860382.429627,-0.38638271,-0.45378333,-0.21839658,-2.00329403
55,1781860382.494851,-0.30758205,-0.35404072,-0.08810028,-2.06688689
55,1781860382.557275,-0.37318858,-0.37301103,-0.18479995,-1.24406264
55,1781860382.622498,-0.57553793,-0.56633517,-0.52365603,-0.22148559
55,1781860382.687450,-0.71922265,-0.76310763,-0.85040139,0.28720001
55,1781860382.767800,-0.63375362,-0.73709283,-0.87762084,0.24604755
55,1781860382.832408,-0.37924708,-0.48214076,-0.59553234,0.06945594
55,1781860382.894181,-0.15425463,-0.20051701,-0.24408455,-0.01782957
55,1781860382.959286,-0.04527461,-0.02572171,-0.00450432,-0.01101252
55,1781860383.016330,0.02727009,0.09833947,0.15695639,0.08238765
55,1781860383.085300,0.13563239,0.23521147,0.31817667,0.10992029
55,1781860383.173263,0.24140533,0.32328177,0.41938583,-0.09413249
55,1781860383.235592,0.30220379,0.32615934,0.37876149,-0.18953097
55,1781860383.295808,0.37320260,0.36465046,0.29829811,0.38241624
55,1781860383.358780,0.50972347,0.53060925,0.35628418,1.29154910
55,1781860383.422865,0.65375068,0.70179290,0.53286645,1.43550252
55,1781860383.491671,0.77751549,0.79955134,0.71738135,0.68944398
55,1781860383.565212,1.04880959,1.06834179,1.04686920,0.27129480
55,1781860383.632399,1.50678160,1.60256867,1.61647510,0.54173657
55,1781860383.714556,1.58363175,1.70320962,1.78985980,0.21785531
55,1781860383.754637,0.54687933,0.51901638,0.65602207,-1.09079972
55,1781860383.823732,-1.33904714,-1.54155632,-1.46557280,-1.84255623
55,1781860383.886182,-2.74389410,-2.94426991,-2.95286086,-1.26888204
55,1781860383.965910,-2.75276275,-2.83589870,-2.83350603,-0.56587227
55,1781860384.031872,-1.81518842,-1.85777739,-1.82677965,-0.48686251
55,1781860384.096134,-0.87515272,-0.94970565,-0.97241056,-0.34303560
55,1781860384.160349,-0.22991764,-0.26545958,-0.32010206,0.12637245
55,1781860384.226402,0.32528313,0.40713291,0.45228066,0.24282698
55,1781860384.286599,0.81482195,0.96145823,1.12155290,-0.08904306
55,1781860384.368259,1.06222629,1.16898449,1.30332892,-0.18251524
55,1781860384.431217,1.05866335,1.10295498,1.12337963,0.15790811
55,1781860384.494549,0.97803114,1.00999960,0.97467879,0.44519753
55,1781860384.554303,0.91948794,0.96876115,0.95112628,0.44267558
55,1781860384.619765,0.82858252,0.86918237,0.84353853,0.43827982
55,1781860384.682635,0.63209489,0.62046186,0.51632852,0.61199816
55,1781860384.765658,0.32030786,0.25248136,0.08580750,0.65399142
55,1781860384.833744,-0.09085136,-0.15305723,-0.26325641,0.31753210
55,1781860384.894840,-0.53732928,-0.52312190,-0.50995994,0.00691660
55,1781860384.961110,-0.83288129,-0.76550511,-0.71328236,0.10025773
55,1781860385.027419,-0.80011877,-0.79225628,-0.79887579,0.09581535
55,1781860385.086498,-0.52619627,-0.63053463,-0.66575031,-0.45732775
55,1781860385.168777,-0.29966242,-0.42041189,-0.41987710,-0.80243786
55,1781860385.227021,-0.24642601,-0.26293735,-0.25035913,-0.19246158
55,1781860385.298346,-0.22040091,-0.15281070,-0.15013054,0.42945622
55,1781860385.358891,-0.09187545,-0.06198686,0.02184249,-0.35688145
55,1781860385.423000,0.05705926,0.00730276,0.25540767,-1.97070300
55,1781860385.486877,0.10261396,0.05906756,0.36528144,-2.31407507
55,1781860385.566252,0.08374240,0.11816647,0.26864030,-0.76780536
55,1781860385.633193,0.11283115,0.19014273,0.11704866,0.99510996
55,1781860385.703770,0.18443761,0.24725615,0.07973390,1.52397481
55,1781860385.758770,0.22929332,0.28365269,0.15324610,1.22244377
55,1781860385.822742,0.29487098,0.36082013,0.27476196,1.00570688
55,1781860385.892030,0.46356806,0.52253136,0.42985382,1.00328224
55,1781860385.967429,0.59798361,0.63698018,0.52108162,1.02481325
55,1781860386.033141,0.42991329,0.45353314,0.34945777,0.84485385
55,1781860386.097482,-0.00841703,-0.04520860,-0.08645059,0.02944475
55,1781860386.159834,-0.31860405,-0.47954904,-0.45208407,-1.24655309
55,1781860386.227268,-0.27820465,-0.50598795,-0.44951140,-1.88071276
55,1781860386.288037,-0.17823641,-0.31217182,-0.22870514,-1.43837013
55,1781860386.367663,-0.36560493,-0.34898230,-0.20594521,-0.83638016
55,1781860386.431366,-0.68205427,-0.62277585,-0.46149968,-0.67483493
55,1781860386.494565,-0.67664405,-0.66213059,-0.58161225,-0.43669978
55,1781860386.554283,-0.26334834,-0.25942735,-0.29467337,0.25913579
55,1781860386.623030,0.15330686,0.18397401,0.06019869,1.02181832
55,1781860386.688859,0.28751682,0.32309546,0.15022943,1.37910633
55,1781860386.766239,0.42966692,0.48698842,0.35812273,1.23184695
55,1781860386.832135,0.92351671,1.06526886,1.09248244,0.75780712
55,1781860386.895425,1.33052054,1.52646734,1.69326064,0.19288454
55,1781860386.956394,0.80644548,0.92341579,1.08880819,-0.32036898
55,1781860387.023507,-0.56876556,-0.59351796,-0.52904945,-0.59030103
55,1781860387.091243,-1.63584101,-1.72910116,-1.76094514,-0.40634004
55,1781860387.174362,-1.60712104,-1.69602530,-1.76924191,-0.10379225
55,1781860387.227575,-0.87961468,-0.97243565,-0.99353304,-0.47453572
55,1781860387.297148,-0.08947180,-0.18603844,-0.05832374,-1.48388442
55,1781860387.360326,0.75538743,0.71373946,0.95089592,-1.84461879
55,1781860387.427198,1.63682101,1.66844415,1.80615297,-0.70188135
55,1781860387.485421,1.85506742,1.88323738,1.75907454,1.00786038
55,1781860387.569772,0.91385522,0.87651895,0.57887080,1.72226882
55,1781860387.631473,-0.44561419,-0.50251424,-0.72129812,1.07105165
55,1781860387.705513,-1.06964424,-1.06550539,-1.05543102,-0.03927036
55,1781860387.756202,-0.86936196,-0.80029064,-0.65609564,-0.49703137
55,1781860387.825321,-0.58868728,-0.52350505,-0.46426648,0.03932423
55,1781860387.889195,-0.54850752,-0.54532484,-0.67174472,0.85747320
55,1781860387.966574,-0.47801758,-0.52291171,-0.72584200,1.04559484
55,1781860388.029666,-0.19888877,-0.22283043,-0.31857265,0.47504511
55,1781860388.111578,-0.05213458,-0.05601237,-0.05787830,-0.00646653
55,1781860388.163611,0.73876817,0.85436375,0.63975044,1.06135680
55,1781860388.223616,3.03891982,3.28400267,2.88843824,2.05916734
55,1781860388.288057,5.82726966,6.00474222,5.85242685,1.06000380
55,1781860388.366328,6.39071835,6.45995982,6.71675623,-0.60283877
55,1781860388.435143,3.13062627,3.25463559,3.74635037,-1.18187827
55,1781860388.517245,-1.57286843,-1.28459400,-0.87387428,-0.39356346
55,1781860388.580037,-3.94779157,-3.62405568,-3.48560883,0.59555571
55,1781860388.638994,-3.33329029,-3.15549174,-3.19545628,0.69993370
55,1781860388.726814,-1.97769774,-1.96160988,-1.97693604,0.10097094
55,1781860388.778301,-1.27746490,-1.39487727,-1.39044494,-0.39163305
55,1781860388.838018,-0.70694013,-1.03273099,-1.17282393,-0.59686997
55,1781860388.917758,0.05280535,-0.44771960,-0.75719057,-0.61408538
55,1781860388.980862,0.38239207,0.02871741,-0.32365680,-0.00417991
55,1781860389.042686,0.16079678,0.21343782,-0.08200826,1.11882097
55,1781860389.103021,0.08982831,0.33640379,0.20064610,1.22889457
55,1781860389.191919,0.40030188,0.43517694,0.58178465,-0.35913087
55,1781860389.240577,0.56119150,0.36911328,0.72141790,-1.74975439
55,1781860389.302604,0.36435798,0.27432986,0.54013758,-1.14372690
55,1781860389.379773,0.18999556,0.35953406,0.36380650,0.53119790
55,1781860389.441112,0.15397682,0.45922143,0.25979924,1.62209911
55,1781860389.502666,-0.02487363,0.30011947,-0.02221806,2.08064895
55,1781860389.563797,-0.26953279,0.00771468,-0.34864698,2.03654535
55,1781860389.639033,-0.12167324,-0.06907699,-0.21599513,0.64127880
55,1781860389.748926,0.42401185,0.12085331,0.39899967,-1.86842921
55,1781860389.779975,0.74319498,0.29226026,0.86253024,-3.28235431
55,1781860389.839731,0.42178605,0.19683881,0.69419158,-2.32161539
55,1781860389.900801,-0.21110450,-0.15763198,0.07203670,-0.56632934
55,1781860389.962902,-0.63386775,-0.59656205,-0.55305290,-0.01993913
55,1781860390.039833,-0.82366349,-0.95433427,-0.95626423,-0.41379856
55,1781860390.119705,-1.01068278,-1.12571377,-1.13184361,-0.35002986
55,1781860390.190530,-1.06402525,-1.02354621,-1.05125569,0.21917143
55,1781860390.239531,-0.67548541,-0.62404227,-0.62709053,0.17514618
55,1781860390.302344,0.03313488,-0.03598160,0.08244060,-0.60278646
55,1781860390.363877,0.62685959,0.58542445,0.72110459,-0.56928359
55,1781860390.457243,0.89780707,1.08252574,0.84852859,1.34583569
55,1781860390.502496,0.82880938,1.17453831,0.40094598,3.59772041
55,1781860390.581521,0.35745096,0.64115380,-0.18671277,3.57280442
55,1781860390.692886,-0.29615703,-0.16057875,-0.41103817,1.24080170
55,1781860390.745660,-0.46354460,-0.42941673,-0.13945143,-0.82231225
55,1781860390.776659,0.17666476,0.07406350,0.35693285,-1.23897893
55,1781860390.851082,0.90598652,0.58435149,0.59645202,-1.07269226
55,1781860390.916164,0.71412408,0.30297631,0.21358355,-1.03418435
55,1781860390.979766,-0.29905534,-0.50099126,-0.56312623,-0.44934793
55,1781860391.091830,-0.90949965,-0.83567972,-0.91593466,0.49522715
55,1781860391.111830,-0.45732452,-0.37831462,-0.42259934,0.39629335
55,1781860391.174919,0.12319623,0.02754735,0.19684450,-0.85158907
55,1781860391.415000,-0.29774943,-0.39465045,0.03079123,-1.67891299
55,1781860391.493338,-1.28305381,-1.17735942,-0.62869026,-1.42380868
55,1781860391.518399,-1.54434434,-1.31960053,-0.75337488,-1.09759031
55,1781860391.564706,-0.82971078,-0.67701945,-0.13845562,-1.24027071
55,1781860391.656490,0.03733461,0.09993037,0.46830780,-0.98284292
55,1781860391.718298,0.50299387,0.56144622,0.55308970,0.21473698
55,1781860391.790519,0.67346181,0.71088459,0.31166526,1.40345429
55,1781860391.885899,0.70407239,0.63346994,0.09004542,1.51974388
55,1781860391.918858,0.57428069,0.43106560,-0.01416552,0.97073942
55,1781860391.964864,0.37274853,0.31430334,-0.02491532,0.90246157
55,1781860392.045106,0.29682694,0.37784525,0.01961415,1.41183465
55,1781860392.107652,0.32909512,0.41183272,0.02227437,1.51805278
55,1781860392.166500,0.25578880,0.20639157,-0.06102573,0.70075970
55,1781860392.289228,0.03437155,-0.10707378,-0.10284879,-0.46821331
55,1781860392.367590,-0.17423023,-0.28584531,-0.04326901,-1.13844131
55,1781860392.398783,-0.30325321,-0.34389704,-0.08693520,-0.95656364
55,1781860392.447077,-0.40383993,-0.41362519,-0.34842006,-0.24103404
55,1781860392.510333,-0.47679112,-0.48364298,-0.54811626,0.18520671
55,1781860392.571870,-0.49760741,-0.49014133,-0.41127534,-0.22949346
55,1781860392.693084,-0.45666063,-0.41912640,-0.10103268,-0.90177379
55,1781860392.708084,-0.31976074,-0.25269505,0.05335435,-0.76814103
55,1781860392.783787,-0.12260345,-0.05104636,0.01754962,0.00951759
55,1781860392.863316,-0.00920429,0.01617007,0.00041815,0.13218807
55,1781860392.910639,-0.02086776,-0.06838645,0.10354537,-0.70535743
55,1781860392.972218,-0.02215509,-0.09038113,0.21062197,-1.18677564
55,1781860393.090550,0.05737627,0.04507641,0.17610029,-0.46067087
55,1781860393.113658,0.10262503,0.14035383,-0.00573348,0.59082137
55,1781860393.166581,0.01552731,0.03374223,-0.21960458,0.87285323
55,1781860393.218812,-0.10969638,-0.13104071,-0.31960324,0.53747243
55,1781860393.374511,-0.10429186,-0.12816345,-0.23048145,0.25214233
55,1781860393.408510,0.03703434,0.01387362,-0.06006027,0.16319501
55,1781860393.490397,0.14277799,0.09247990,-0.01351337,0.17901533
55,1781860393.514450,0.11546568,0.07299838,-0.09326283,0.39789815
55,1781860393.563389,0.06128933,0.11546434,-0.07746704,0.79424889
55,1781860393.629869,0.08778876,0.25001367,0.09258136,1.02744168
55,1781860393.706469,0.11811428,0.26662426,0.17836807,0.76101342
55,1781860393.796295,0.01077340,0.00946338,0.03123855,-0.07420037
55,1781860393.887728,-0.23816765,-0.38130571,-0.16741548,-1.14755969
55,1781860393.950327,-0.47064773,-0.60354854,-0.19486120,-1.74077166
55,1781860393.983493,-0.49203802,-0.50521184,-0.09396773,-1.36416337
55,1781860394.032785,-0.24169707,-0.21929803,-0.06125366,-0.43599094
55,1781860394.109213,0.11154796,0.00606900,-0.15512239,0.17907074
55,1781860394.172868,0.29075527,0.06710581,-0.22611508,0.22361631
55,1781860394.293302,0.18648305,0.04488520,-0.12363988,0.08654946
55,1781860394.373401,-0.02759786,0.03979027,0.09285415,0.04604097
55,1781860394.404494,-0.12175517,0.06070854,0.21435654,0.09261940
55,1781860394.437764,-0.09125057,0.06156349,0.13855999,0.24369269
55,1781860394.514758,-0.07545540,0.02474704,-0.02730701,0.48938256
55,1781860394.578447,-0.07726310,-0.00384569,-0.12939216,0.63950934
55,1781860394.694502,-0.01193454,0.00895491,-0.14383858,0.55825135
55,1781860394.758080,0.00978901,-0.03113928,-0.17079540,0.31733082
55,1781860394.786810,-0.22829844,-0.26720640,-0.29756151,-0.02749055
55,1781860394.867809,-0.63005840,-0.61911696,-0.45598506,-0.48917031
55,1781860394.914916,-0.74318851,-0.71628152,-0.41386228,-0.88555097
55,1781860394.980073,-0.26654798,-0.27743654,-0.00826505,-0.90016853
55,1781860395.087503,0.52160728,0.45688837,0.56052750,-0.54113613
55,1781860395.154916,0.95665886,0.84389134,0.79376453,-0.20133964
55,1781860395.175905,0.61696224,0.48040609,0.37416970,-0.09745372
55,1781860395.226380,-0.24810414,-0.33970324,-0.45855843,0.08760649
55,1781860395.362652,-0.91461744,-0.88396672,-1.08382605,0.74090498
55,1781860395.393998,-0.84960617,-0.71553573,-1.06374999,1.55015867
55,1781860395.491774,-0.20446316,-0.10666837,-0.50162555,1.58380253
55,1781860395.555153,0.41324448,0.37009814,0.17958832,0.47365539
55,1781860395.583446,0.58692881,0.48324947,0.64244475,-0.84493114
55,1781860395.634705,0.34889349,0.32864837,0.68544816,-1.21189705
55,1781860395.708416,-0.02687096,0.01007491,0.28059584,-0.75075656
55,1781860395.784286,-0.21677722,-0.25331889,-0.14434414,-0.46771863
55,1781860395.889165,-0.05253725,-0.13119961,-0.01374515,-0.63035830
55,1781860395.956443,0.22452965,0.26475200,0.48470672,-0.57769547
55,1781860395.988531,0.18569732,0.34470859,0.51782641,-0.04534126
55,1781860396.017587,-0.18690869,-0.08137851,-0.09251841,0.37500077
55,1781860396.098555,-0.47942935,-0.48745331,-0.57139098,0.24400174
55,1781860396.172386,-0.45580312,-0.47069771,-0.45709810,-0.09158603
55,1781860396.291095,-0.28572269,-0.26897205,-0.21666433,-0.11428751
55,1781860396.358669,-0.16757097,-0.20698248,-0.30501832,0.18843017
55,1781860396.390871,-0.11123263,-0.22853268,-0.49599333,0.48264593
55,1781860396.418874,-0.09543791,-0.19081866,-0.45396519,0.53923249
55,1781860396.498735,-0.12851847,-0.13416611,-0.25369002,0.36602091
55,1781860396.574737,-0.14792500,-0.09680609,-0.09332535,0.15311852
55,1781860396.689593,-0.06826878,-0.01569917,-0.01041789,0.15199408
55,1781860396.755218,0.08069206,0.10015910,0.01067920,0.35017704
55,1781860396.824553,0.18055831,0.13911283,-0.00005404,0.31409592
55,1781860396.962781,0.15514809,0.06047162,0.04162636,-0.24373657
55,1781860397.027413,0.03096286,-0.04490250,0.14553761,-0.85595856
55,1781860397.096695,-0.08040512,-0.06922266,0.21055211,-0.86330895
55,1781860397.179667,-0.07221472,-0.00255619,0.20361822,-0.43878907
55,1781860397.237955,0.02859152,0.06197904,0.18046766,-0.27353180
55,1781860397.281047,0.07890706,0.03542916,0.12994042,-0.44352455
55,1781860397.364695,0.00844089,-0.06193846,0.01356448,-0.46889462
55,1781860397.435689,-0.09880833,-0.13127056,-0.09585654,-0.21816773
55,1781860397.495788,-0.13911957,-0.10979955,-0.11414059,0.10819335
55,1781860397.576139,-0.11134702,-0.03196946,-0.10500671,0.48989138
55,1781860397.639243,-0.09278038,-0.00241372,-0.18689503,0.88341588
55,1781860397.678241,-0.15337038,-0.08814175,-0.35818802,1.07764002
55,1781860397.764389,-0.27343837,-0.21128114,-0.49849199,1.12293826
55,1781860397.829417,-0.31998982,-0.22804818,-0.46857539,1.06862080
55,1781860397.910568,-0.17003376,-0.13324709,-0.20347511,0.34396644
55,1781860397.991739,0.10863054,-0.05255860,0.18564850,-1.28373867
55,1781860398.019793,0.27838438,-0.03168323,0.42568578,-2.46669342
55,1781860398.083020,0.19076467,-0.01273644,0.32867679,-1.75146267
55,1781860398.164518,-0.03712784,-0.00058790,0.01394026,0.07075020
55,1781860398.225333,-0.17616990,-0.04624905,-0.22276932,0.98496249
55,1781860398.299471,-0.16458262,-0.09926959,-0.24216742,0.66923095
55,1781860398.363755,-0.12534146,-0.08110329,-0.16122464,0.39971617
55,1781860398.488771,-0.13188931,-0.05128003,-0.13151032,0.51697027
55,1781860398.568123,-0.12334768,-0.10620807,-0.14931237,0.19363588
55,1781860398.687823,-0.07450335,-0.17795182,-0.13428832,-0.47284704
55,1781860398.754627,-0.05423732,-0.12776320,-0.06962222,-0.42320335
55,1781860398.815543,-0.02143328,-0.01535840,-0.01433337,0.02530291
55,1781860398.840952,-0.02231518,-0.00971761,-0.01027352,0.06590711
55,1781860398.891242,-0.01458921,0.02626890,0.02335285,0.21933574
55,1781860398.980854,0.01599466,0.09078131,0.09390772,0.35906239
55,1781860399.087723,0.06502725,0.13564248,0.16269095,0.21829657
55,1781860399.154545,0.08907178,0.13340281,0.18260149,-0.02438997
55,1781860399.219538,0.07495490,0.12421275,0.15192767,0.10794354
55,1781860399.241821,0.07019464,0.14328806,0.10100222,0.57812188
55,1781860399.288126,0.09114663,0.15272730,0.05562407,0.79510499
55,1781860399.367422,0.08785261,0.11054647,0.03763814,0.47902646
55,1781860399.490872,0.04394394,0.04765649,0.04695836,0.02210020
55,1781860399.561881,0.00486139,-0.00060977,0.03053138,-0.18345040
55,1781860399.617826,-0.03106924,-0.07143646,-0.05576153,-0.28080607
55,1781860399.639826,-0.13951989,-0.20365535,-0.17518426,-0.46401641
55,1781860399.685060,-0.34108897,-0.35799281,-0.28390696,-0.45591492
55,1781860399.763410,-0.51174791,-0.45995160,-0.38606595,-0.11068134
55,1781860399.888539,-0.46836438,-0.44630115,-0.41529045,-0.04483234
55,1781860399.954584,-0.17033945,-0.28006251,-0.24522816,-0.72432251
55,1781860400.033114,0.16300796,-0.03588181,0.04147124,-1.38414835
55,1781860400.143590,0.24677457,0.09995681,0.15055752,-0.98918929
55,1781860400.229707,0.09106360,0.06903756,0.01412172,0.16479840
55,1781860400.296709,-0.00868271,0.05669478,-0.06827392,0.95375282
55,1781860400.379155,0.09676927,0.20065092,0.09688550,1.04044094
55,1781860400.439155,0.23232586,0.36062117,0.30698242,0.91160285
55,1781860400.501439,0.22491922,0.35725835,0.32383008,0.83059771
55,1781860400.543832,0.13724147,0.24616010,0.21408628,0.70645986
55,1781860400.624011,0.08842698,0.17592301,0.15426067,0.54695135
55,1781860400.706382,0.07273201,0.14694626,0.14610798,0.37605979
55,1781860400.768434,0.03680038,0.07232463,0.09034284,0.08771611
55,1781860400.828736,-0.01830485,-0.04730345,-0.01607195,-0.30179026
55,1781860400.891124,-0.05932908,-0.13220959,-0.08941428,-0.57960787
55,1781860400.945482,-0.06252810,-0.13724292,-0.09121124,-0.60501513
55,1781860401.029576,-0.03315829,-0.09528200,-0.06283707,-0.47384768
55,1781860401.112431,-0.01843868,-0.07532457,-0.05424586,-0.39065114
55,1781860401.179322,-0.06332865,-0.10832121,-0.07571599,-0.38881315
55,1781860401.226525,-0.13962509,-0.15624902,-0.11446195,-0.29267548
55,1781860401.288953,-0.17477128,-0.17118134,-0.15429522,-0.06662219
55,1781860401.344688,-0.16467605,-0.16738307,-0.18309843,0.06517990
55,1781860401.423517,-0.19416072,-0.20451514,-0.21664451,0.00889361
55,1781860401.503468,-0.30341592,-0.29779467,-0.28579589,-0.03195533
55,1781860401.565208,-0.39696654,-0.37120080,-0.36121386,0.07906163
55,1781860401.690286,-0.36742176,-0.34033285,-0.35331187,0.20076527
55,1781860401.754048,-0.24373516,-0.21996085,-0.23323249,0.18562332
55,1781860401.889230,-0.10588465,-0.07557243,-0.06918070,0.11985650
55,1781860401.952985,0.04856304,0.08204116,0.08602698,0.14777480
55,1781860402.019046,0.21580859,0.24458097,0.22812241,0.22663506
55,1781860402.083050,0.32561465,0.36137769,0.33851350,0.29375893
55,1781860402.096269,0.43887858,0.49617689,0.45270579,0.50491748
55,1781860402.165609,0.74332468,0.80561468,0.69243137,0.87923039
55,1781860402.292484,1.10775849,1.13142976,0.97363173,0.90927403
55,1781860402.357867,1.00824732,0.96352244,0.88189312,0.18491421
55,1781860402.417588,0.26109137,0.16558351,0.22708469,-0.78671298
55,1781860402.482592,-0.57449741,-0.66616775,-0.52530889,-1.16511591
55,1781860402.511835,-0.92245389,-0.96495848,-0.81832894,-0.94767962
55,1781860402.561001,-0.87343135,-0.86049988,-0.69862642,-0.74629200
55,1781860402.690947,-0.77919339,-0.72677718,-0.53352447,-0.70567847
55,1781860402.775540,-0.66481537,-0.58435092,-0.41222085,-0.45930178
55,1781860402.812914,-0.40280748,-0.30610924,-0.23328454,0.11962129
55,1781860402.882448,-0.05454696,0.02870432,-0.04410088,0.78194000
55,1781860402.914486,0.22282661,0.25706251,0.03884927,1.26492715
55,1781860402.964006,0.33719259,0.31535000,0.01838208,1.37854905
55,1781860403.089499,0.26515919,0.21669203,-0.03717724,1.02919232
55,1781860403.154766,0.08783044,0.04621819,-0.08116028,0.42974207
55,1781860403.221151,-0.06507360,-0.09322919,-0.11609119,-0.02652414
55,1781860403.294941,-0.19939966,-0.23356898,-0.21550930,-0.26169975
55,1781860403.341537,-0.34272650,-0.40942563,-0.37135647,-0.52495433
55,1781860403.365542,-0.26320359,-0.37547565,-0.31523000,-0.86442099
55,1781860403.493001,0.25809860,0.11545199,0.18073489,-1.04185611
55,1781860403.556108,0.89385951,0.76422049,0.82171523,-0.93765655
55,1781860403.618509,1.03981519,0.97655898,1.03417946,-0.60566734
55,1781860403.680773,0.62263847,0.65580284,0.71220084,-0.11641494
55,1781860403.767785,0.13687579,0.24983103,0.29541353,0.33757933
55,1781860403.799139,-0.10810834,0.05236451,0.10732064,0.52870439
55,1781860403.890471,-0.28075611,-0.06763803,0.04901680,0.48334090
55,1781860403.954335,-0.54328678,-0.26370783,-0.04085197,0.28421790
55,1781860404.018332,-0.77062937,-0.48185778,-0.16585086,-0.13646600
55,1781860404.082058,-0.87717760,-0.67501747,-0.36512263,-0.53981793
55,1781860404.145434,-0.95203363,-0.84501599,-0.67379871,-0.32168010
55,1781860404.174480,-0.88875067,-0.80449870,-0.82829282,0.54137808
55,1781860404.291376,-0.40193158,-0.34712524,-0.52957739,1.18881263
55,1781860404.354757,0.36595419,0.27893323,-0.01742966,1.04893331
55,1781860404.419622,0.86066805,0.61648698,0.24416230,0.64207919
55,1781860404.482973,0.94236817,0.69763145,0.31688166,0.68151003
55,1781860404.547287,0.96778354,0.78799102,0.42245200,0.93070547
55,1781860404.558672,0.92975774,0.62295978,0.19020252,0.63113445
55,1781860404.693194,0.44428706,-0.13446982,-0.67240676,-0.20453320
55,1781860404.759760,-0.29287386,-0.92638373,-1.40524211,-0.77490017
55,1781860404.815861,-0.56588700,-0.89789987,-1.06959291,-0.80330204
55,1781860404.882244,-0.27964397,-0.21998276,0.00815591,-0.84417691
55,1781860404.944382,-0.07339481,0.21965354,0.73463942,-1.11204508
55,1781860404.978411,-0.22802983,0.15771796,0.80245875,-1.29771603
55,1781860405.074862,-0.34816570,0.06272375,0.79063055,-1.58845408
55,1781860405.153929,-0.21070653,0.16677209,0.98039747,-2.18536648
55,1781860405.229710,-0.19208612,0.16184015,0.92184306,-2.03469656
55,1781860405.300191,-0.64899479,-0.20909573,0.25771395,-0.13483896
55,1781860405.342405,-1.22582954,-0.63750206,-0.50692084,2.29359342
55,1781860405.363407,-1.01897536,-0.41026277,-0.42875330,3.14267768
55,1781860405.474097,0.35662726,0.69753046,0.57153880,2.33943366
55,1781860405.553430,1.93141735,1.74442307,1.27532590,1.41351098
55,1781860405.618972,2.29102255,1.59521867,0.69528098,1.02283739
55,1781860405.680221,1.38069604,0.54630460,-0.44508524,0.78665964
55,1781860405.756269,0.35912921,-0.19590880,-0.86929330,0.59298954
55,1781860405.789636,-0.31176032,-0.50680967,-0.79114312,0.44736886
55,1781860405.877981,-1.17739399,-1.25092424,-1.31288369,-0.05797688
55,1781860405.954756,-2.23389023,-2.39147258,-2.35450096,-0.97483633
55,1781860406.020770,-2.62693146,-2.83947912,-2.73655658,-1.58070193
55,1781860406.081455,-1.95659652,-2.07075844,-1.90131488,-1.42103983
55,1781860406.145311,-0.71381745,-0.63214612,-0.35999202,-0.95443719
55,1781860406.211814,0.52896897,0.78688584,1.19877881,-0.77151610
55,1781860406.310862,1.63151780,1.96560804,2.46423603,-0.82443650
55,1781860406.350036,2.66597553,2.95783613,3.37795761,-0.64266680
55,1781860406.420533,3.46895207,3.63599815,3.79209054,0.05488481
55,1781860406.483542,3.43164987,3.45870104,3.29503533,0.95561019
55,1781860406.548115,1.99141157,1.92561326,1.60820688,1.26071297
55,1781860406.606564,-0.51755855,-0.60414758,-0.79881340,0.54153199
55,1781860406.675222,-2.89314131,-2.93970391,-2.88867597,-0.48898935
55,1781860406.769624,-4.09193402,-4.07258931,-3.90789675,-0.72828318
55,1781860406.811961,-3.87880814,-3.82480499,-3.72400694,-0.23447155
55,1781860406.882263,-2.58753836,-2.55745616,-2.52690113,-0.00236913
55,1781860406.947865,-0.81217337,-0.79074885,-0.74069085,-0.14347160
55,1781860407.016682,0.73571945,0.85070303,0.91793728,0.23925384
55,1781860407.076055,1.57764420,1.81612857,1.81668883,1.19214776
55,1781860407.154078,1.71887026,1.95430087,1.85362598,1.68409764
55,1781860407.230050,1.44190996,1.54904644,1.37779753,1.39488397
55,1781860407.317614,1.04830230,1.03195105,0.83156920,0.92210776
55,1781860407.342048,0.76536761,0.66338179,0.48262764,0.39467836
55,1781860407.413190,0.58380672,0.39530246,0.26885297,-0.31093300
55,1781860407.475830,0.28406834,0.05646952,-0.04244670,-0.64477982
55,1781860407.556048,-0.12107096,-0.30457361,-0.40482736,-0.41712873
55,1781860407.616146,-0.28521819,-0.44885246,-0.47894393,-0.66913247
55,1781860407.681649,-0.15000527,-0.38029647,-0.22841873,-1.91490405
55,1781860407.758722,-0.16265725,-0.40660620,-0.08857585,-2.81586585
55,1781860407.805386,-0.50323398,-0.60084535,-0.29848552,-2.00410439
55,1781860407.874021,-0.68975440,-0.61381623,-0.53602972,-0.00926138
55,1781860407.956245,-0.38443403,-0.26421286,-0.47373322,1.65221016
55,1781860408.018793,0.01374332,0.10607904,-0.24307248,2.21212566
55,1781860408.081635,0.01742767,0.13080894,-0.11101767,1.77981242
55,1781860408.144343,-0.25428138,-0.09190708,-0.07741353,0.74097457
55,1781860408.218909,-0.39502723,-0.22306314,0.01578206,-0.33511597
55,1781860408.301005,-0.28021261,-0.11466894,0.22770439,-0.88602652
55,1781860408.331647,-0.05335880,0.12687475,0.48312456,-0.88195096
55,1781860408.413203,0.14173466,0.33757455,0.66223412,-0.64546678
55,1781860408.484042,0.24495136,0.44395958,0.66937752,-0.13232910
55,1781860408.548720,0.25774409,0.44779497,0.46654197,0.85833897
55,1781860408.609508,0.21594049,0.35486248,0.11924331,1.87668416
55,1781860408.676935,0.12247079,0.17321653,-0.20276855,2.13818686
55,1781860408.761954,-0.10025314,-0.11188629,-0.43129990,1.54217155
55,1781860408.819082,-0.47561779,-0.55686071,-0.74595785,0.54041675
55,1781860408.887447,-0.71803549,-1.01445845,-1.16655790,-0.72315057
55,1781860408.945865,-0.35329233,-0.96145634,-1.14002096,-2.15256010
55,1781860409.014581,0.62869717,-0.06368228,-0.17301915,-2.92140597
55,1781860409.074495,1.49447349,1.11218988,1.18125361,-2.26153088
55,1781860409.132657,1.48769864,1.49316171,1.67669374,-0.89223622
55,1781860409.224661,0.57685265,0.64667869,0.75900613,-0.21295850
55,1781860409.320568,0.02462182,0.01387369,0.01861575,-0.05655969
55,1781860409.347493,-0.24715578,-0.28633095,-0.27061667,-0.20041922
55,1781860409.409584,-0.69613766,-0.73733207,-0.69206074,-0.31571447
55,1781860409.475179,-0.91700617,-0.87087971,-0.76775259,-0.20812794
55,1781860409.537057,-0.87187745,-0.72081247,-0.52379311,-0.16779432
55,1781860409.617266,-0.58297227,-0.36275378,-0.04029887,-0.37329835
55,1781860409.682648,-0.04516949,0.27665400,0.73095269,-0.48370993
55,1781860409.750575,0.67121295,1.16510677,1.70026456,-0.15066810
55,1781860409.809559,1.21520088,1.76931641,2.24950901,0.26991664
55,1781860409.871292,1.14062630,1.43114690,1.64732527,0.27144760
55,1781860409.938669,0.43404799,0.26423400,0.02000215,0.27172374
55,1781860410.019341,-0.38662513,-0.84153216,-1.56036834,0.96369097
55,1781860410.084338,-0.80338741,-1.24594333,-2.12770309,1.60367574
55,1781860410.147712,-0.71497674,-1.08124497,-1.62132810,0.63465462
55,1781860410.210252,-0.33009827,-0.69977001,-0.63866871,-1.57289216
55,1781860410.305642,0.09600662,-0.20404866,0.21535526,-2.62697896
55,1781860410.333841,0.38559732,0.31471269,0.65447304,-1.49939800
55,1781860410.420619,0.44121140,0.56239615,0.64746984,0.13185322
55,1781860410.484298,0.21157609,0.33120441,0.27258481,0.65084101
55,1781860410.546228,-0.23098747,-0.18310791,-0.24847649,0.41350570
55,1781860410.612439,-0.59858739,-0.53519255,-0.54235419,0.25762462
55,1781860410.674740,-0.61311507,-0.48979579,-0.40945593,0.15693178
55,1781860410.768759,-0.32626944,-0.20137994,-0.07102037,-0.01997296
55,1781860410.814689,0.01192464,0.09245577,0.16365002,0.03409200
55,1781860410.882149,0.29308497,0.34146910,0.29654713,0.34069084
55,1781860410.947397,0.52232341,0.54701394,0.46154791,0.40221738
55,1781860411.016792,0.64975439,0.63536490,0.61552128,0.01991478
55,1781860411.080599,0.66897377,0.62107312,0.67518696,-0.37248799
55,1781860411.132662,0.68207232,0.63638591,0.69322826,-0.37436578
55,1781860411.210981,0.69732238,0.67728598,0.67432318,-0.06234129
55,1781860411.289636,0.56142411,0.55748506,0.47288518,0.29451889
55,1781860411.345896,0.21315242,0.20388048,0.05332253,0.51588110
55,1781860411.406456,-0.15579687,-0.18348586,-0.35423240,0.52234950
55,1781860411.469648,-0.30538025,-0.35072046,-0.49919511,0.37657731
55,1781860411.539905,-0.25131142,-0.29595990,-0.40040534,0.21833809
55,1781860411.600052,-0.26908822,-0.29031920,-0.30499400,-0.02393875
55,1781860411.689771,-0.56377249,-0.56771764,-0.40419519,-0.61147854
55,1781860411.769192,-1.01318066,-1.03301266,-0.66020293,-1.43366230
55,1781860411.807948,-1.32188068,-1.36309539,-0.90800357,-1.81217621
55,1781860411.876102,-1.34839803,-1.36586575,-1.02725446,-1.30016004
55,1781860411.939251,-1.14376205,-1.09805834,-0.95639028,-0.35039693
55,1781860412.002531,-0.74185709,-0.65252266,-0.64422316,0.29588482
55,1781860412.085393,-0.13774864,-0.06189587,-0.13093800,0.52905826
55,1781860412.143174,0.51117402,0.53415053,0.36756657,0.69214679
55,1781860412.221923,0.92413115,0.89762976,0.64440267,0.82784906
55,1781860412.299432,1.05212385,1.00526319,0.77646806,0.66430180
55,1781860412.334753,1.20099061,1.15535790,1.03267513,0.28133481
55,1781860412.398975,1.71699224,1.67119532,1.55747750,0.24800122
55,1781860412.485968,2.62684382,2.56375911,2.29148149,0.76383115
55,1781860412.546624,3.42408827,3.32070287,2.92418181,1.07033341
55,1781860412.610020,3.15293149,2.99415559,2.73105755,0.38091398
55,1781860412.674903,1.22595019,1.02877537,1.05772445,-0.82565172
55,1781860412.763961,-1.59485110,-1.77019518,-1.59361301,-1.28499690
55,1781860412.797396,-3.64720714,-3.71551710,-3.59525595,-0.68853431
55,1781860412.884030,-4.06097095,-3.94969779,-3.82400094,-0.05266558
55,1781860412.948305,-3.38362103,-3.08268916,-2.72866944,-0.19384096
55,1781860413.012737,-2.44456068,-2.04620468,-1.45618943,-0.69981009
55,1781860413.075314,-1.43630459,-1.10620223,-0.56069306,-0.78652013
55,1781860413.131995,-0.33539611,-0.20464051,0.05001988,-0.45241662
55,1781860413.213304,0.55274296,0.47079091,0.45198888,-0.23058124
55,1781860413.292364,0.91414965,0.69822134,0.54777491,-0.23909556
55,1781860413.345222,0.92468906,0.68053958,0.45417730,-0.06494682
55,1781860413.409945,1.05578191,0.88738935,0.58045359,0.50586616
55,1781860413.468360,1.44197529,1.40468461,1.07062379,1.08360413
55,1781860413.540230,1.70058810,1.73657960,1.45508807,1.15923355
55,1781860413.605419,1.48323033,1.47148988,1.25914977,0.73245443
55,1781860413.684634,0.97462629,0.87617177,0.72636980,0.18748620
55,1781860413.760401,0.61447058,0.50502012,0.45416552,-0.21395253
55,1781860413.813445,0.51702855,0.47438531,0.53712920,-0.38480260
55,1781860413.872190,0.42314053,0.45030364,0.56227197,-0.30965139
55,1781860413.937828,0.07774266,0.12542741,0.23522317,-0.22678747
55,1781860414.004522,-0.53508417,-0.52137042,-0.38870081,-0.43434647
55,1781860414.083534,-1.21269179,-1.24716516,-1.07561358,-0.75226393
55,1781860414.142792,-1.67386164,-1.71746819,-1.53555185,-0.82345725
55,1781860414.217453,-1.69751034,-1.72146592,-1.53613905,-0.76415815
55,1781860414.294656,-1.14561525,-1.17544347,-1.02068971,-0.67396871
55,1781860414.334511,-0.05079220,-0.09229423,-0.10348004,-0.11069435
55,1781860414.402912,1.10789451,1.13052021,0.89796026,0.93176565
55,1781860414.470469,1.54383073,1.69817532,1.44987347,1.47019278
55,1781860414.545917,0.99611181,1.22766964,1.19566396,0.96235590
55,1781860414.609434,0.10668992,0.27947004,0.42633338,0.09463061
55,1781860414.675543,-0.41789609,-0.38204998,-0.18995134,-0.57052873
55,1781860414.756839,-0.57153673,-0.62988716,-0.36812205,-1.16884568
55,1781860414.798227,-0.61504306,-0.68015971,-0.38165773,-1.32768959
55,1781860414.866920,-0.48158652,-0.53977611,-0.52048524,-0.28290629
55,1781860414.953681,-0.09019787,-0.21043494,-0.71634597,1.40822081
55,1781860415.012190,0.24392694,0.02276241,-0.76437427,2.06654799
55,1781860415.082647,0.18283418,-0.08465350,-0.66333310,1.13626272
55,1781860415.139831,-0.11677265,-0.35594525,-0.53912547,-0.20444636
55,1781860415.207966,-0.17201027,-0.35058847,-0.29870107,-0.84150467
55,1781860415.289330,0.23326030,0.16241721,0.32852547,-0.86518629
55,1781860415.349008,0.78737849,0.92238974,1.25111721,-0.70732079
55,1781860415.414019,1.01540278,1.38743611,1.86876021,-0.39905607
55,1781860415.471450,0.81589076,1.26981931,1.77010349,-0.16925942
55,1781860415.537674,0.47874253,0.77854592,1.23045587,-0.55539040
55,1781860415.601684,0.21695295,0.27598010,0.67267568,-1.23293701
55,1781860415.667720,-0.05167762,-0.13853405,0.04861205,-1.00047214
55,1781860415.742002,-0.41689246,-0.56198734,-0.78528525,0.28554467
55,1781860415.806517,-0.73499564,-0.94289847,-1.46193653,1.13605570
55,1781860415.876056,-0.79317596,-1.03973568,-1.46128985,0.63896156
55,1781860415.936596,-0.57249265,-0.75572910,-0.88076050,-0.21252556
55,1781860416.004077,-0.26212639,-0.33357976,-0.32498968,-0.29226458
55,1781860416.066654,-0.06646902,-0.08618701,-0.12917538,0.08496768
55,1781860416.141557,-0.02084176,-0.03003969,-0.11829939,0.28868016
55,1781860416.220286,0.01351382,0.05274353,-0.04243906,0.49078293
55,1781860416.293496,0.14935951,0.24361597,0.12499128,0.77729818
55,1781860416.334027,0.29999372,0.38863124,0.27432061,0.74102958
55,1781860416.403332,0.30027318,0.37211543,0.30673461,0.50104596
55,1781860416.472729,0.17170268,0.26693555,0.25076328,0.40677625
55,1781860416.549362,0.10751615,0.17291790,0.27261000,-0.12520520
55,1781860416.612865,0.18119906,0.10767447,0.41351651,-1.38519068
55,1781860416.675400,0.24654484,0.08291815,0.43037801,-1.86614279
55,1781860416.775593,0.16867597,0.10046494,0.16166008,-0.47250389
55,1781860416.801655,0.01013681,0.08748187,-0.13274339,1.08652575
55,1781860416.865019,-0.04323742,0.01243439,-0.08927348,0.57464428
55,1781860416.943775,0.10774917,-0.01656738,0.25639633,-1.45059911
55,1781860417.016037,0.29977697,0.05456715,0.47855125,-2.44344414
55,1781860417.077689,0.22517257,0.08178053,0.22928852,-1.06217040
55,1781860417.134212,-0.13123016,-0.04965471,-0.31243839,1.25736688
55,1781860417.213538,-0.39119004,-0.22599923,-0.57765984,1.88719227
55,1781860417.282691,-0.33710630,-0.28132476,-0.37200465,0.53477822
55,1781860417.345224,-0.22098356,-0.21159454,-0.17720663,-0.09127910
55,1781860417.408271,-0.25833129,-0.11889165,-0.33409045,1.29489997
55,1781860417.476760,-0.26118757,-0.06996490,-0.44338026,2.06167665
55,1781860417.541572,-0.07278230,-0.05583544,-0.10963495,0.25831799
55,1781860417.601897,0.10712980,-0.01790126,0.30268278,-1.62708533
55,1781860417.668429,0.12700713,0.08751327,0.28628347,-0.86997940
55,1781860417.762275,0.16898769,0.22351961,0.04496379,0.85107899
55,1781860417.808560,0.37969753,0.31023414,0.12443234,0.42478930
55,1781860417.876959,0.60479854,0.33780243,0.57101427,-1.82642151
55,1781860417.940678,0.66652473,0.37025450,0.91981460,-3.08840103
55,1781860418.003112,0.56877997,0.40725724,0.79422716,-2.00272459
55,1781860418.068658,0.33082761,0.32858426,0.27795737,0.17666402
55,1781860418.129093,-0.05627792,0.05857805,-0.21396376,1.41451501
55,1781860418.223728,-0.42047126,-0.26655308,-0.38376489,0.98998355
55,1781860418.297993,-0.48152816,-0.41728365,-0.31944197,-0.12267418
55,1781860418.334101,-0.27982718,-0.36008226,-0.25807130,-0.66551243
55,1781860418.403246,-0.21634251,-0.28930477,-0.30824806,-0.19724081
55,1781860418.469687,-0.46717314,-0.32996527,-0.51954704,1.19321504
55,1781860418.525290,-0.70335937,-0.37687485,-0.85143320,2.92486742
55,1781860418.608218,-0.60254387,-0.29864105,-0.95429075,3.50363762
55,1781860418.676508,-0.23751274,-0.11450605,-0.46490988,1.72857547
56,1781860387.889195,-0.06949649,-0.01963578,-0.02821822,0.04827612
56,1781860387.966574,0.09007832,-0.76825764,-0.23115711,-1.15268041
56,1781860388.029666,1.31246612,-0.53769457,-0.05468678,-1.92728054
56,1781860388.111578,3.27255271,1.75866673,0.92845068,-0.56473580
56,1781860388.163611,3.80459543,2.85839907,1.76914490,0.11817086
56,1781860388.223616,2.42381424,1.62331284,1.91391166,-0.90128777
56,1781860388.288057,1.25845208,0.75595959,2.05359604,-1.48697083
56,1781860388.366328,1.53669947,1.50737748,2.40150433,-0.76280173
56,1781860388.435143,1.82995304,1.20840404,1.42210678,-0.68994779
56,1781860388.517245,0.83135434,-1.72843113,-1.78615083,-2.06679573
56,1781860388.580037,-0.44470491,-4.40769978,-4.98518736,-2.79654999
56,1781860388.638994,-0.68360244,-3.94476925,-5.23757907,-1.62593321
56,1781860388.726814,-0.69378064,-1.95684103,-2.99684180,-0.18425521
56,1781860388.778301,-1.91748201,-1.32582103,-1.13017950,0.32712622
56,1781860388.917758,-3.59364013,-1.32419265,-0.55678595,1.24073936
56,1781860388.980862,-3.65031778,0.34175385,0.46010129,3.19983459
56,1781860389.042686,-2.13715289,2.61713423,2.71830680,3.84363889
56,1781860389.191919,-1.27891385,2.44213198,4.31206793,1.52908290
56,1781860389.240577,-1.68462925,0.31328276,3.51079469,-0.99091240
56,1781860389.302604,-1.20540672,0.06130604,1.45391815,-0.10399736
56,1781860389.379773,1.32822336,2.62340882,0.26880783,3.01485403
56,1781860389.441112,3.83959115,4.40044164,0.01983010,4.08182422
56,1781860389.502666,3.98102411,2.90676055,-0.52412319,1.94665248
56,1781860389.563797,2.26649574,0.02859366,-1.32475850,-0.73066984
56,1781860389.639033,0.76937347,-1.59962862,-1.30460788,-2.20057804
56,1781860389.748926,0.24889689,-1.94733494,-0.43852154,-3.06049975
56,1781860389.779975,-0.02801017,-2.03357438,0.12125533,-3.43663404
56,1781860389.839731,-0.50794203,-1.83869087,-0.18254992,-2.46727771
56,1781860389.900801,-0.76401339,-1.09494842,-0.67290465,-0.62198739
56,1781860389.962902,-0.52771357,-0.33179276,-0.62386142,0.40309674
56,1781860390.039833,-0.24411124,-0.12901692,-0.20977663,0.16178243
56,1781860390.119705,-0.32499447,-0.34282806,-0.05432825,-0.25304233
56,1781860390.190530,-0.52658773,-0.51459327,-0.29586428,-0.17077010
56,1781860390.239531,-0.44954818,-0.41937736,-0.38611319,-0.00255522
56,1781860390.302344,-0.22532918,-0.11152346,0.14443860,-0.11742621
56,1781860390.363877,-0.27580112,0.18697622,0.84731656,-0.16319409
56,1781860390.457243,-0.61963472,0.27688451,0.74828103,0.35116655
56,1781860390.502496,-0.82584353,0.22759500,-0.20876427,1.23062622
56,1781860390.581521,-0.59438857,0.29916021,-0.83617517,1.67593082
56,1781860390.692886,-0.10236628,0.55250723,-0.36352141,1.29762131
56,1781860390.745660,0.24707724,0.74308990,0.45320403,0.64918027
56,1781860390.776659,0.26191292,0.65737319,0.61646804,0.36045342
56,1781860390.851082,0.05574767,0.34150560,0.26916810,0.29579962
56,1781860390.916164,-0.19783810,-0.00095554,-0.03513764,0.19086766
56,1781860390.979766,-0.37509940,-0.13010852,-0.34948420,0.38358338
56,1781860391.091830,-0.28365388,0.08796054,-0.71653440,0.97150836
56,1781860391.111830,0.20233278,0.43718349,-0.58329710,1.03694851
56,1781860391.174919,0.79081436,0.46280891,0.22280331,-0.07269102
56,1781860391.415000,0.96312443,0.02823956,0.85573661,-1.45579043
56,1781860391.493338,0.67385980,-0.48547951,0.67225245,-1.91398366
56,1781860391.518399,0.44239076,-0.64965067,0.22446486,-1.62411590
56,1781860391.564706,0.58525132,-0.39101987,0.22873646,-1.31837577
56,1781860391.656490,0.76595705,0.06303067,0.40465634,-0.86283732
56,1781860391.718298,0.46090587,0.32606547,0.13606894,0.04556094
56,1781860391.790519,-0.41375484,0.04582562,-0.44275740,0.78321692
56,1781860391.885899,-1.37727528,-0.65969590,-0.75335132,0.67010893
56,1781860391.918858,-1.75591052,-1.10140070,-0.63527616,0.15561298
56,1781860391.964864,-1.32204933,-0.77639637,-0.32728479,0.07974662
56,1781860392.045106,-0.56781042,-0.03701622,0.00607454,0.40286048
56,1781860392.107652,-0.09488116,0.44753528,0.25894299,0.60383934
56,1781860392.166500,0.07690823,0.58863967,0.23227069,0.71708196
56,1781860392.289228,0.22417579,0.67840256,-0.06608493,0.99018081
56,1781860392.367590,0.30491375,0.67000845,-0.26878362,1.07705707
56,1781860392.398783,0.15818209,0.32895826,-0.19628698,0.57493855
56,1781860392.447077,-0.01431716,-0.16655832,-0.15980363,-0.13133626
56,1781860392.510333,0.08272297,-0.35990212,-0.29559196,-0.41874663
56,1781860392.571870,0.33002114,-0.12431010,-0.18226094,-0.32742439
56,1781860392.693084,0.41975842,0.22189263,0.34571526,-0.26572613
56,1781860392.708084,0.36396730,0.34343617,0.70769184,-0.31784765
56,1781860392.783787,0.33653170,0.20684903,0.49137744,-0.34215315
56,1781860392.863316,0.23712901,-0.02730910,0.11188944,-0.33341829
56,1781860392.910639,-0.09879932,-0.24199388,0.01311024,-0.32900895
56,1781860392.972218,-0.44824176,-0.40053436,-0.02139596,-0.27377385
56,1781860393.090550,-0.45938233,-0.46705925,-0.26050411,-0.17696333
56,1781860393.113658,-0.21383800,-0.39500117,-0.43395214,-0.11747237
56,1781860393.166581,-0.09918367,-0.17915907,-0.23853853,-0.01701298
56,1781860393.218812,-0.23965173,0.07988947,0.08225828,0.26199573
56,1781860393.374511,-0.37927381,0.20617716,0.11767917,0.55670592
56,1781860393.408510,-0.27491584,0.14538380,-0.06963477,0.52479555
56,1781860393.490397,0.00182419,0.06568082,-0.09215729,0.18312778
56,1781860393.514450,0.20437368,0.14095871,0.13377879,-0.04645216
56,1781860393.563389,0.24601374,0.33230170,0.30217694,0.09616106
56,1781860393.629869,0.22149694,0.46594215,0.23668963,0.39129126
56,1781860393.706469,0.13837948,0.39644699,0.09861641,0.45919169
56,1781860393.796295,-0.07930796,0.08814890,-0.01011147,0.21949193
56,1781860393.887728,-0.30569610,-0.30165016,-0.21898233,-0.06494448
56,1781860393.950327,-0.28275938,-0.48938356,-0.48530861,-0.17404500
56,1781860393.983493,-0.02969699,-0.37925669,-0.49375038,-0.19417293
56,1781860394.032785,0.14546570,-0.17617841,-0.20126827,-0.24496440
56,1781860394.109213,0.07787068,-0.07261769,0.00402398,-0.18761753
56,1781860394.172868,-0.10151425,-0.04914421,-0.07396690,0.06376395
56,1781860394.293302,-0.23228225,-0.05539935,-0.14555957,0.22058715
56,1781860394.373401,-0.27293220,-0.09207620,0.03999243,0.04030012
56,1781860394.404494,-0.21184365,-0.06733296,0.33858718,-0.21593355
56,1781860394.437764,-0.06353842,0.11942787,0.51583961,-0.17631358
56,1781860394.514758,0.06804632,0.32548749,0.50874689,0.06127679
56,1781860394.578447,0.09318656,0.28219999,0.31436651,0.12956116
56,1781860394.694502,0.07694989,0.00709555,-0.04823827,-0.01199448
56,1781860394.758080,0.14861542,-0.13446565,-0.39900354,-0.01531733
56,1781860394.786810,0.28812770,0.10095984,-0.45201960,0.30217343
56,1781860394.867809,0.30779199,0.44412675,-0.12543012,0.58309171
56,1781860394.914916,0.06984969,0.40852672,0.27022306,0.39400308
56,1781860394.980073,-0.32344480,-0.04780351,0.28773905,-0.04948058
56,1781860395.087503,-0.57747658,-0.43584359,-0.12877695,-0.13665410
56,1781860395.154916,-0.46492039,-0.39136808,-0.50246789,0.15252925
56,1781860395.175905,-0.09178103,-0.13041541,-0.39589008,0.18737819
56,1781860395.226380,0.14010977,-0.08666208,0.01959878,-0.27509692
56,1781860395.362652,-0.01834009,-0.31131833,0.24001795,-0.69743397
56,1781860395.393998,-0.30465724,-0.44040780,0.11673613,-0.57235561
56,1781860395.491774,-0.27869491,-0.18986843,-0.08190092,-0.01581117
56,1781860395.555153,0.04889314,0.28123703,-0.15294576,0.55057486
56,1781860395.583446,0.27173789,0.57114582,-0.12805134,0.82488349
56,1781860395.634705,0.21458637,0.51134899,-0.06284801,0.71944378
56,1781860395.708416,0.08667753,0.27430593,0.03916269,0.34922448
56,1781860395.784286,0.03931164,0.04596931,0.15897247,-0.08784517
56,1781860395.889165,-0.00223283,-0.14143368,0.26074812,-0.44720142
56,1781860395.956443,-0.06418207,-0.23396382,0.27806529,-0.56320013
56,1781860395.988531,-0.05605836,-0.13601813,0.13980089,-0.29388599
56,1781860396.017587,0.01814061,0.05949792,-0.06363584,0.13587550
56,1781860396.098555,0.05664015,0.11130227,-0.12052887,0.23665366
56,1781860396.172386,0.01757027,-0.02512578,-0.04584187,-0.01815624
56,1781860396.291095,-0.09979600,-0.14451726,-0.08680546,-0.08461337
56,1781860396.358669,-0.28785398,-0.13596021,-0.25665918,0.22517134
56,1781860396.390871,-0.42282445,-0.11047139,-0.26920627,0.38913547
56,1781860396.418874,-0.33012811,-0.10499535,-0.05586595,0.14538507
56,1781860396.498735,-0.05238009,0.01969165,0.10131491,-0.00788989
56,1781860396.574737,0.13643609,0.22178841,0.05864778,0.20526406
56,1781860396.689593,0.04898115,0.18006355,-0.01615613,0.27036321
56,1781860396.755218,-0.19444388,-0.18316649,-0.03032328,-0.11693842
56,1781860396.824553,-0.29005611,-0.42468963,-0.06725854,-0.40646294
56,1781860396.962781,-0.07612862,-0.16039647,-0.07555097,-0.13969366
56,1781860397.027413,0.27117528,0.33126351,0.06853797,0.26665571
56,1781860397.096695,0.41616416,0.42884947,0.21497349,0.18714773
56,1781860397.179667,0.22684114,-0.01266861,0.12308467,-0.30998068
56,1781860397.237955,-0.08463385,-0.42404860,-0.09026663,-0.55608454
56,1781860397.281047,-0.13126923,-0.15911605,-0.08473197,-0.08444638
56,1781860397.364695,0.25516064,0.68740032,0.22370078,0.74007781
56,1781860397.435689,0.63947969,1.20789214,0.54441836,1.01758204
56,1781860397.495788,0.31374363,0.63219357,0.47641474,0.39172991
56,1781860397.576139,-0.65937553,-0.66659050,-0.09476588,-0.47830740
56,1781860397.639243,-1.31058769,-1.51384293,-0.79631864,-0.76059679
56,1781860397.678241,-1.12260714,-1.34298787,-1.16492641,-0.32912749
56,1781860397.764389,-0.66969301,-0.66662579,-1.13668573,0.39081994
56,1781860397.829417,-0.36202089,-0.03354011,-0.77033166,0.87995301
56,1781860397.910568,0.28499210,0.61550519,0.09542044,0.70262421
56,1781860397.991739,1.36955562,1.25656871,1.25175258,-0.08935293
56,1781860398.019793,1.84113406,1.38095920,1.76408800,-0.69659896
56,1781860398.083020,0.99186929,0.75687216,1.06271422,-0.44675249
56,1781860398.164518,-0.33187804,-0.10111462,-0.12083370,0.20690749
56,1781860398.225333,-0.95317599,-0.61049777,-0.68267101,0.34268214
56,1781860398.299471,-0.93039654,-0.77081053,-0.51723711,-0.07763696
56,1781860398.363755,-0.97509794,-0.84168485,-0.27420930,-0.35855110
56,1781860398.488771,-1.02554505,-0.76614409,-0.22472644,-0.23295586
56,1781860398.568123,-0.49190777,-0.31966531,-0.12052086,-0.02222202
56,1781860398.687823,-0.00550423,0.01842034,-0.01692773,0.04135956
56,1781860398.754627,-0.09342092,-0.07866826,-0.13004569,0.04614457
56,1781860398.815543,-0.15461646,-0.23955339,-0.11352725,-0.14720682
56,1781860398.840952,-0.00637506,-0.29254147,0.15659361,-0.51308220
56,1781860398.891242,0.20542586,-0.19397069,0.14764529,-0.51706727
56,1781860398.980854,0.36574523,0.13507608,-0.25045530,0.10806050
56,1781860399.087723,0.48370606,0.55256054,-0.48617052,0.77285634
56,1781860399.154545,0.49141929,0.62437581,-0.22476677,0.68529382
56,1781860399.219538,0.23516000,0.23922163,0.23231288,0.00765497
56,1781860399.241821,-0.18369590,-0.03369478,0.51109997,-0.27548099
56,1781860399.288126,-0.30918474,0.24385092,0.53963738,0.17950457
56,1781860399.367422,0.11900809,0.62343752,0.35844066,0.53689396
56,1781860399.490872,0.61816280,0.43455379,0.05381170,0.13755647
56,1781860399.561881,0.41129245,-0.23332587,-0.21363535,-0.46354460
56,1781860399.617826,-0.50218097,-0.77289946,-0.41628663,-0.43774226
56,1781860399.639826,-1.24041118,-0.88828337,-0.64076018,0.07299152
56,1781860399.685060,-1.15881274,-0.73723745,-0.72601366,0.28633704
56,1781860399.763410,-0.54108562,-0.54304212,-0.38240466,-0.11345559
56,1781860399.888539,-0.04073046,-0.38734240,0.20531581,-0.65540843
56,1781860399.954584,0.07194235,-0.24442438,0.45346673,-0.70773370
56,1781860400.033114,0.00036192,-0.06725311,0.20380960,-0.23632417
56,1781860400.143590,0.08660941,0.15279185,-0.06662096,0.19928402
56,1781860400.229707,0.46810341,0.44721018,0.03451680,0.27339219
56,1781860400.296709,0.94968778,0.87351924,0.32736501,0.32794887
56,1781860400.379155,1.15034829,1.26892044,0.35142339,0.72295332
56,1781860400.439155,0.82538560,1.26344795,-0.02960895,1.20794868
56,1781860400.501439,0.16128289,0.78530920,-0.33256973,1.21547499
56,1781860400.543832,-0.36067099,0.16013603,-0.03027154,0.49627473
56,1781860400.624011,-0.55291944,-0.42403993,0.51399146,-0.56461388
56,1781860400.706382,-0.68567829,-1.00051923,0.38012811,-1.18308594
56,1781860400.768434,-0.88510484,-1.38066262,-0.44008124,-1.00211607
56,1781860400.828736,-0.84262497,-1.23267756,-0.84318966,-0.54395151
56,1781860400.891124,-0.34256836,-0.55279391,-0.26281933,-0.34903204
56,1781860400.945482,0.36044868,0.28795403,0.44297572,-0.15875744
56,1781860401.029576,0.78747978,0.77861306,0.31371602,0.31821102
56,1781860401.112431,0.61667060,0.58377884,-0.33672996,0.61936567
56,1781860401.179322,0.02523863,-0.01334807,-0.54088444,0.34118165
56,1781860401.226525,-0.31642607,-0.30316493,-0.07886591,-0.14725902
56,1781860401.288953,-0.06413405,-0.09682711,0.37520531,-0.35218977
56,1781860401.344688,0.22277184,0.12861721,0.21624572,-0.12684551
56,1781860401.423517,-0.01873479,0.15882752,-0.35975499,0.48575927
56,1781860401.503468,-0.39304983,0.25297400,-0.57954438,1.03170427
56,1781860401.565208,-0.27286255,0.42880311,-0.06900981,0.83697791
56,1781860401.690286,0.15209639,0.41634786,0.58273678,0.06828699
56,1781860401.754048,0.32580625,0.20785903,0.62492705,-0.37332551
56,1781860401.889230,0.19143873,-0.02298541,0.20466298,-0.30847149
56,1781860401.952985,0.01737096,-0.25674427,-0.00993957,-0.36349000
56,1781860402.019046,-0.05324934,-0.41587001,0.06533240,-0.58880691
56,1781860402.083050,0.03744970,-0.24536920,-0.02999526,-0.34763139
56,1781860402.096269,0.23543303,0.23684321,-0.33910910,0.40287477
56,1781860402.165609,0.27665713,0.55342681,-0.32853172,0.80854293
56,1781860402.292484,0.02581214,0.31686081,0.19890632,0.28539618
56,1781860402.357867,-0.28955132,-0.26363798,0.62405198,-0.60133462
56,1781860402.417588,-0.48596859,-0.68151070,0.29815765,-0.82004399
56,1781860402.482592,-0.68395070,-0.79580969,-0.52954017,-0.26385232
56,1781860402.511835,-0.86910955,-0.79946582,-1.00749875,0.19375854
56,1781860402.561001,-0.68996187,-0.66796862,-0.78156642,0.09461336
56,1781860402.690947,-0.06996500,-0.26611235,-0.33392572,-0.08954950
56,1781860402.775540,0.52595027,0.20573187,-0.13197850,0.01220563
56,1781860402.812914,0.81866124,0.58087522,0.03198461,0.21708405
56,1781860402.882448,1.04822565,1.08131859,0.45070797,0.46312225
56,1781860402.914486,1.24528969,1.62748716,0.77672830,0.86033818
56,1781860402.964006,0.95488352,1.55643464,0.57750129,1.10283802
56,1781860403.089499,0.04721579,0.66446313,0.17848789,0.76981194
56,1781860403.154766,-0.86164716,-0.30737388,0.11631362,0.09112077
56,1781860403.221151,-1.10997493,-0.69627775,0.16570739,-0.31280852
56,1781860403.294941,-0.72290918,-0.65944029,-0.14920237,-0.31174863
56,1781860403.341537,-0.25750808,-0.63119311,-0.51650418,-0.34077992
56,1781860403.365542,-0.05887539,-0.66134032,-0.33125770,-0.65071749
56,1781860403.493001,0.11292693,-0.49927534,0.21030733,-0.92232142
56,1781860403.556108,0.48427845,-0.11160646,0.44821275,-0.80643276
56,1781860403.618509,0.57276037,0.01557590,0.21722806,-0.52950467
56,1781860403.680773,-0.18367692,-0.56104768,-0.21352038,-0.50582285
56,1781860403.767785,-1.26234968,-1.30583192,-0.59414673,-0.52694435
56,1781860403.799139,-1.53451151,-1.13727124,-0.70712281,-0.02296281
56,1781860403.890471,-0.81724143,-0.00026974,-0.47819347,0.90355832
56,1781860403.954335,0.10870122,1.04316605,-0.11536152,1.46045827
56,1781860404.018332,0.77306847,1.36807386,0.23616831,1.20501219
56,1781860404.082058,1.22090607,1.25447557,0.62397044,0.46338118
56,1781860404.145434,1.34266476,0.97405425,0.85837632,-0.17649251
56,1781860404.174480,1.00588530,0.58207754,0.57348889,-0.28973358
56,1781860404.291376,0.47226805,0.30826464,-0.14224899,0.19992247
56,1781860404.354757,0.05040146,0.25392732,-0.77363828,0.85903689
56,1781860404.419622,-0.16347621,0.16218889,-0.97139080,1.01823881
56,1781860404.482973,0.03600812,0.02601976,-0.64501946,0.46127124
56,1781860404.547287,0.65576415,0.15076570,0.09727049,-0.31505209
56,1781860404.558672,0.75353482,0.20088336,0.62618057,-0.68239771
56,1781860404.693194,-0.64121583,-0.67277387,0.16932623,-0.60962535
56,1781860404.759760,-2.58005407,-2.16175078,-0.89897700,-0.58925867
56,1781860404.815861,-2.91377676,-2.59330910,-1.05465056,-0.85003507
56,1781860404.882244,-1.42141768,-1.23509855,0.29888525,-0.94037991
56,1781860404.944382,-0.15767331,0.48500813,1.67182166,-0.37968709
56,1781860404.978411,-0.03841728,0.99438839,1.56433902,0.32297320
56,1781860405.074862,0.46834213,0.63395438,0.81596008,-0.01143910
56,1781860405.153929,2.15122465,0.67101160,1.05710116,-1.30227757
56,1781860405.229710,3.14304506,1.18278695,1.52572297,-1.60713384
56,1781860405.300191,1.86401645,1.14772678,0.09851584,0.23230740
56,1781860405.342405,-0.34980070,0.24911679,-2.68625225,2.46617138
56,1781860405.363407,-1.33665217,-0.61535951,-3.73844162,2.68254625
56,1781860405.474097,-0.99866705,-0.68687522,-1.93498384,1.08847481
56,1781860405.553430,-0.55318591,-0.22522125,0.37948612,-0.19310686
56,1781860405.618972,-0.42718866,0.16952427,0.98756893,-0.15444192
56,1781860405.680221,-0.24943093,0.32298176,0.33376245,0.39189826
56,1781860405.756269,0.09559670,0.36535132,-0.14614262,0.54514336
56,1781860405.789636,0.40498774,0.39518854,-0.05609871,0.30806365
56,1781860405.877981,0.55465167,0.38334526,0.31261165,-0.07017817
56,1781860405.954756,0.45535849,0.19791723,0.79684633,-0.59756220
56,1781860406.020770,0.07964967,-0.16791437,1.12009247,-1.07149802
56,1781860406.081455,-0.33544357,-0.47620432,0.77188682,-0.96911973
56,1781860406.145311,-0.56642488,-0.65600632,-0.25399341,-0.34302706
56,1781860406.211814,-0.70290984,-0.91406567,-1.06488974,-0.04209859
56,1781860406.310862,-0.74872647,-1.01191578,-0.80040923,-0.33123555
56,1781860406.350036,-0.42806011,-0.31606908,0.18528345,-0.27169053
56,1781860406.420533,0.19408773,0.85297345,0.69329044,0.57118482
56,1781860406.483542,0.57971487,1.20240349,0.30909162,1.05784209
56,1781860406.548115,0.54613712,0.47099006,-0.04066492,0.30458860
56,1781860406.606564,0.47483567,-0.06860269,0.46130700,-0.74896594
56,1781860406.675222,0.47664573,0.23975692,1.15694754,-0.80529907
56,1781860406.769624,0.17274906,0.42836187,0.77443845,-0.06312424
56,1781860406.811961,-0.46740122,-0.28512746,-0.62968268,0.36761325
56,1781860406.882263,-0.83967212,-1.19387246,-1.60479215,0.03957790
56,1781860406.947865,-0.54036885,-1.29110298,-1.27769410,-0.53320737
56,1781860407.016682,0.08057966,-0.63184887,-0.33041560,-0.70745734
56,1781860407.076055,0.44224885,0.07164992,0.23483579,-0.37246691
56,1781860407.154078,0.39067438,0.46831539,0.23907555,0.21413679
56,1781860407.230050,0.15655970,0.71244931,-0.02405777,0.90181476
56,1781860407.317614,-0.01310064,0.94536384,-0.33982789,1.56558918
56,1781860407.342048,-0.05823872,0.99025521,-0.59328445,1.83659300
56,1781860407.413190,-0.12513985,0.68289231,-0.80623756,1.60292473
56,1781860407.475830,-0.27354474,0.40971712,-0.98307747,1.44864062
56,1781860407.556048,-0.10654659,0.77123170,-0.67037672,1.61843277
56,1781860407.616146,0.75527787,1.45173607,0.68040562,1.02420060
56,1781860407.681649,1.66971462,1.23025157,2.59326876,-1.25774329
56,1781860407.758722,1.30199866,-0.36053909,3.51086562,-3.86150089
56,1781860407.805386,-0.64223739,-2.27319429,2.30111587,-4.32994097
56,1781860407.874021,-2.74387658,-3.33523158,-0.41994230,-2.44688304
56,1781860407.956245,-3.30638976,-3.36613397,-2.66643304,-0.52992927
56,1781860408.018793,-2.00147740,-2.53581955,-2.90609725,-0.11448169
56,1781860408.081635,0.06542008,-0.88346803,-1.52210323,-0.21648976
56,1781860408.144343,1.57475881,1.08763038,-0.14761237,0.52202279
56,1781860408.218909,2.12436255,2.52581165,0.30211427,1.83178728
56,1781860408.301005,2.20799187,3.17416839,0.31698755,2.66788061
56,1781860408.331647,2.21816297,3.19141664,0.77310554,2.36658231
56,1781860408.413203,1.85273084,2.39510704,1.77431915,0.81163821
56,1781860408.484042,0.70439278,0.80844765,2.17668078,-0.88212437
56,1781860408.548720,-0.95460833,-0.73994882,0.56764747,-0.76263466
56,1781860408.609508,-2.32968984,-1.57112981,-2.36186497,1.08107462
56,1781860408.676935,-2.82563950,-1.85722586,-3.67535781,1.94440914
56,1781860408.761954,-2.33930066,-1.81108789,-1.98576091,0.49046301
56,1781860408.819082,-1.06740864,-1.25783840,0.56393621,-1.40408561
56,1781860408.887447,0.54242589,-0.35431263,1.73644809,-2.08463154
56,1781860408.945865,1.72709350,0.27266807,1.88295383,-2.13850885
56,1781860409.014581,1.80132095,0.33382561,1.74319911,-2.00743532
56,1781860409.074495,0.74393899,0.10647456,0.83440344,-0.95275069
56,1781860409.132657,-0.04631927,-0.10557439,-0.05563221,-0.05796919
56,1781860409.224661,-0.35505341,-0.07838101,0.14314927,0.02927310
56,1781860409.320568,-0.42090450,0.04085744,0.35077885,0.08060705
56,1781860409.347493,0.38494202,0.07173278,0.27535261,-0.27436723
56,1781860409.409584,1.38163395,-0.12351728,0.18942484,-0.96516481
56,1781860409.475179,1.66236894,-0.19447432,0.16897164,-1.17867711
56,1781860409.537057,1.06278372,0.26661909,0.06236369,-0.31422477
56,1781860409.617266,0.25829255,0.95292643,0.00103474,0.87408522
56,1781860409.682648,-0.01730405,1.26055755,0.29957970,1.18852480
56,1781860409.750575,0.15979919,1.16441434,0.74925628,0.75371000
56,1781860409.809559,0.11731427,0.97789343,0.72950838,0.58871192
56,1781860409.871292,-0.30825159,0.72427575,0.16182489,0.84672045
56,1781860409.938669,-0.67272427,0.33702553,-0.45462549,0.95630330
56,1781860410.019341,-0.88775457,-0.09704837,-0.89843566,0.84518906
56,1781860410.084338,-1.09497856,-0.69405178,-1.12615385,0.44222709
56,1781860410.147712,-0.90717815,-1.68905961,-0.74064679,-0.91855522
56,1781860410.210252,-0.18668331,-2.71152146,0.22178392,-2.89754541
56,1781860410.305642,0.17258831,-2.89351412,0.73117409,-3.55191643
56,1781860410.333841,-0.35984691,-2.00022016,0.21161597,-2.04500881
56,1781860410.420619,-0.90896387,-0.76372136,-0.53965789,-0.04184340
56,1781860410.484298,-0.66118940,0.13517116,-0.78449348,0.91098024
56,1781860410.546228,0.03013774,0.73474838,-0.73866808,1.15624156
56,1781860410.612439,0.71279179,1.29591928,-0.52856118,1.27811834
56,1781860410.674740,1.44648380,1.76735170,0.10619364,1.05219113
56,1781860410.768759,1.90610715,1.86027966,0.86086307,0.50622849
56,1781860410.814689,1.37394884,1.33869146,1.03915800,0.14029531
56,1781860410.882149,-0.02597551,0.34085574,0.57172463,0.07217785
56,1781860410.947397,-1.18096228,-0.51575008,-0.08999284,0.12711861
56,1781860411.016792,-1.22242999,-0.67520780,-0.57546368,0.23755110
56,1781860411.080599,-0.31750305,-0.30545906,-0.54842069,0.13537394
56,1781860411.132662,0.62842089,-0.03735322,0.07026813,-0.41056972
56,1781860411.210981,0.82888429,-0.07676192,0.60177772,-0.84099115
56,1781860411.289636,0.35994214,-0.10568338,0.35304346,-0.49070767
56,1781860411.345896,-0.08306200,-0.07452688,-0.25211192,0.09880495
56,1781860411.406456,-0.20168155,-0.33866208,-0.36762481,-0.05734303
56,1781860411.469648,-0.30726927,-0.82311774,-0.10253044,-0.65638230
56,1781860411.539905,-0.52248276,-0.88715762,-0.06664989,-0.62917370
56,1781860411.600052,-0.56870668,-0.36048200,-0.20125639,0.02601197
56,1781860411.689771,-0.42595124,0.04341506,-0.18936170,0.37274421
56,1781860411.769192,-0.45574967,-0.21250542,-0.26911478,0.15918223
56,1781860411.807948,-0.74763366,-0.64190175,-0.61649030,0.04263944
56,1781860411.876102,-0.87713541,-0.51459194,-0.68702217,0.28399961
56,1781860411.939251,-0.42730192,0.01452295,-0.05514882,0.27153642
56,1781860412.002531,0.45778332,0.27744313,0.70713348,-0.32384476
56,1781860412.085393,1.08584444,0.19117868,0.71858763,-0.75493179
56,1781860412.143174,0.93647181,0.17070147,0.03316730,-0.33350952
56,1781860412.221923,0.39948023,0.30577274,-0.38580313,0.31738828
56,1781860412.299432,0.27914233,0.38844141,0.01052938,0.25864404
56,1781860412.334753,0.51369412,0.38636395,0.54160260,-0.15000631
56,1781860412.398975,0.30755278,0.29437120,0.30872375,-0.01461695
56,1781860412.485968,-0.35760132,-0.03221562,-0.39297651,0.36425222
56,1781860412.546624,-0.58365873,-0.44371016,-0.59641847,0.15536172
56,1781860412.610020,-0.14374415,-0.45778167,-0.21958830,-0.29316086
56,1781860412.674903,0.13357851,-0.07577197,0.02044947,-0.16221789
56,1781860412.763961,-0.12422774,0.05016532,-0.14943539,0.19854075
56,1781860412.797396,-0.25645196,-0.30372393,-0.41753009,0.03532077
56,1781860412.884030,0.07488459,-0.55885732,-0.52356585,-0.35516739
56,1781860412.948305,0.21774739,-0.43852924,-0.33397863,-0.40389767
56,1781860413.012737,-0.20532302,-0.36903058,0.16064044,-0.36809144
56,1781860413.075314,-0.57707444,-0.47070807,0.57214924,-0.49715164
56,1781860413.131995,-0.43797584,-0.30827114,0.51027461,-0.36568262
56,1781860413.213304,-0.14085144,0.18726434,0.27446676,0.12789283
56,1781860413.292364,0.05390040,0.56862960,0.33422085,0.39769223
56,1781860413.345222,0.26425582,0.61501682,0.40012113,0.30028817
56,1781860413.409945,0.32759656,0.46762061,-0.01736037,0.33179422
56,1781860413.468360,0.08523070,0.21766747,-0.59453995,0.50147993
56,1781860413.540230,-0.06000356,-0.11531152,-0.71666491,0.28987721
56,1781860413.605419,0.13269485,-0.39505062,-0.47482877,-0.23781083
56,1781860413.684634,0.25024046,-0.46588838,-0.31967711,-0.45778745
56,1781860413.760401,0.11173340,-0.33476598,-0.21911592,-0.29842629
56,1781860413.813445,0.07443871,-0.17930332,0.15175653,-0.31045171
56,1781860413.872190,0.14400739,-0.21246963,0.62487725,-0.63376109
56,1781860413.937828,-0.06294555,-0.44338553,0.54002575,-0.72402291
56,1781860414.004522,-0.44563876,-0.56739191,-0.27276394,-0.22104278
56,1781860414.083534,-0.53490300,-0.31139236,-0.97217237,0.46944026
56,1781860414.142792,-0.31109628,0.11426169,-0.72237189,0.66994900
56,1781860414.217453,-0.17044201,0.22050793,0.10700912,0.26779493
56,1781860414.294656,-0.27673274,-0.07919488,0.48158947,-0.19283538
56,1781860414.334511,-0.35756677,-0.34140384,0.16622142,-0.26090088
56,1781860414.402912,-0.10133833,-0.19331356,-0.18286646,-0.05437259
56,1781860414.470469,0.38927685,0.24675210,-0.20674182,0.16508311
56,1781860414.545917,0.71793608,0.56874869,-0.17022848,0.31309962
56,1781860414.609434,0.73713332,0.48981523,-0.11806704,0.19141144
56,1781860414.675543,0.60548058,0.11217544,0.24984007,-0.33496070
56,1781860414.756839,0.35584043,-0.18743310,0.71585496,-0.76793105
56,1781860414.798227,-0.09033104,-0.22088824,0.59904093,-0.50458134
56,1781860414.866920,-0.53112210,-0.21894526,-0.09077271,0.09768171
56,1781860414.953681,-0.62672343,-0.40751347,-0.50848320,0.16997267
56,1781860415.012190,-0.42994390,-0.57735818,-0.24858998,-0.25278931
56,1781860415.082647,-0.30466595,-0.38187230,0.10947718,-0.30182723
56,1781860415.139831,-0.26352521,0.12118236,0.02353309,0.25606707
56,1781860415.207966,0.03659639,0.50840681,-0.26436023,0.66070444
56,1781860415.289330,0.44414113,0.44744104,-0.35417932,0.42730519
56,1781860415.349008,0.28103770,-0.00213116,-0.33735244,0.02763289
56,1781860415.414019,-0.44839777,-0.44606084,-0.40774314,-0.01910099
56,1781860415.471450,-0.80819832,-0.57509783,-0.37531220,0.01768574
56,1781860415.537674,-0.33953286,-0.52169277,-0.03897101,-0.35296339
56,1781860415.601684,0.29319165,-0.54782113,0.29323016,-0.89295142
56,1781860415.667720,0.42524309,-0.54039642,0.18322616,-0.89677261
56,1781860415.742002,0.23863223,-0.25459513,-0.20146552,-0.29004259
56,1781860415.806517,0.19320822,0.14999081,-0.31501817,0.22391501
56,1781860415.876056,0.32598499,0.29179636,-0.11063567,0.19548808
56,1781860415.936596,0.41488378,0.13288200,-0.01631268,-0.07050284
56,1781860416.004077,0.39882024,0.01859124,-0.08058681,-0.14920053
56,1781860416.066654,0.32326508,0.22455761,0.10872456,0.00909140
56,1781860416.141557,0.11896698,0.60938280,0.65255934,0.23742434
56,1781860416.220286,-0.19853770,0.72492066,1.15182738,0.26360262
56,1781860416.293496,-0.35694769,0.32334368,1.16410094,-0.08518597
56,1781860416.334027,-0.39304386,-0.29052323,0.37394879,-0.29832115
56,1781860416.403332,-0.85235076,-0.57739367,-1.08278173,0.41425908
56,1781860416.472729,-1.47345422,-0.39250094,-2.00816844,1.43154556
56,1781860416.549362,-0.81270088,-0.12327774,-1.11301462,0.89140977
56,1781860416.612865,1.15894567,-0.17901967,0.76248176,-1.21009249
56,1781860416.675400,1.88508748,-0.46531700,1.13617221,-2.09792787
56,1781860416.775593,-0.02027780,-0.55964347,-0.63416116,-0.24677220
56,1781860416.801655,-2.08800466,-0.39897431,-2.27477333,1.89244840
56,1781860416.865019,-1.51846730,-0.35440556,-1.70466036,1.33476636
56,1781860416.943775,0.93776521,-0.48068899,0.50233282,-1.27486310
56,1781860417.016037,2.42835462,-0.37499777,2.11034342,-2.80759011
56,1781860417.077689,1.38784437,-0.06052561,1.54359358,-1.62046417
56,1781860417.134212,-1.04778510,-0.10367223,-0.48509911,0.70368461
56,1781860417.213538,-2.02587188,-0.49685545,-1.45436055,1.32001092
56,1781860417.282691,-0.42666248,-0.50894062,-0.28450927,-0.16282179
56,1781860417.345224,1.11623291,0.02348904,0.84332294,-1.01532341
56,1781860417.408271,0.27297771,0.43639194,0.05889721,0.28715043
56,1781860417.476760,-0.88068065,0.47132522,-0.86453730,1.42689921
56,1781860417.541572,0.23750547,0.58197490,0.14653252,0.41402903
56,1781860417.601897,1.75040080,0.90828503,1.49146919,-0.75664395
56,1781860417.668429,0.88774143,1.02359443,0.88207958,0.14724530
56,1781860417.762275,-0.81397033,0.80292692,-0.45354877,1.52537735
56,1781860417.808560,-0.35146822,0.66640107,-0.02955630,0.90981312
56,1781860417.876959,1.69329214,0.81146262,1.75579391,-0.96944755
56,1781860417.940678,2.53268290,0.86442537,2.48933999,-1.74823468
56,1781860418.003112,1.24084251,0.46920215,1.14042842,-0.76596952
56,1781860418.068658,-1.01399833,-0.26990584,-1.09614115,0.83363438
56,1781860418.129093,-3.00950122,-1.09130863,-2.45915887,1.74444996
56,1781860418.223728,-4.03295437,-1.92772925,-2.45861797,1.39942446
56,1781860418.297993,-3.56812440,-2.73686043,-2.20574072,0.15933653
56,1781860418.334101,-1.77065299,-3.20761100,-2.70757916,-1.02828297
56,1781860418.403246,0.17714428,-2.96540306,-3.29144339,-1.49518915
56,1781860418.469687,1.02670994,-2.12775181,-2.56896639,-1.44037196
56,1781860418.525290,0.66572155,-1.30014597,-0.40520012,-1.51870991
56,1781860418.608218,0.11254678,-0.77558484,1.94093602,-1.91358915
56,1781860418.676508,0.49261259,-0.12052251,3.21498187,-2.09620031
56,1781860418.744146,1.88331665,1.12183709,3.20496333,-1.51010585
56,1781860418.798254,3.04820826,2.65040491,2.58158040,-0.17464383
56,1781860418.866437,2.75888619,3.57708341,1.82229167,1.36591357
56,1781860418.929255,1.27626942,3.27260911,0.64910284,2.45252134
56,1781860419.009150,-0.15515996,2.17641552,-0.81255165,2.82449772
56,1781860419.074528,-0.89725312,1.66070297,-1.09199272,2.81924699
56,1781860419.131427,-1.14520067,2.36193520,0.64826850,2.77154905
56,1781860419.198105,-1.04669548,2.84336389,2.33513746,2.33490248
56,1781860419.259072,-0.52666785,1.31259967,1.28329777,0.99196086
56,1781860419.321210,0.28490191,0.28286741,0.23608408,0.07137164
56,1781860419.408237,0.19486559,0.09781429,0.32301448,-0.51397140
56,1781860419.472701,-0.13462089,-0.24652614,0.27509685,-1.01043878
56,1781860419.535324,-0.47552005,-0.31234316,0.02257850,-0.27392240
56,1781860419.603195,-0.58689500,-0.09043391,-0.18344581,0.94017333
56,1781860419.659747,-0.47606013,0.16497172,-0.16481015,1.54838847
56,1781860419.722876,-0.51660063,0.08825537,-0.07629626,1.22715808
56,1781860419.807666,-0.91529221,-0.35853969,-0.16263701,0.57553340
56,1781860419.871134,-1.25628245,-0.68409592,-0.31838723,0.32931953
56,1781860419.934947,-0.92661276,-0.42747554,-0.13738583,0.33341799
56,1781860419.999306,0.03735323,0.15107405,0.43258365,-0.26761285
56,1781860420.065116,0.96065301,0.44644428,0.86441323,-1.48676636
56,1781860420.124900,1.40768866,0.45969634,0.81775860,-2.08307711
56,1781860420.208272,1.43710572,0.54909336,0.52928306,-1.38472915
56,1781860420.269759,1.02660984,0.44209887,0.09225163,-0.37427427
56,1781860420.333838,0.28452447,-0.15770960,-0.56111970,-0.06192186
56,1781860420.400187,0.16273783,-0.23717123,-0.65775940,0.03298193
56,1781860420.458546,1.37440312,1.24623550,0.62698158,0.78325259
56,1781860420.526268,2.64531242,2.94733011,2.08347946,1.85948864
56,1781860420.673399,2.05213428,2.53061649,1.60780683,2.23497478
56,1781860420.728817,0.00348835,0.33432425,-0.36600721,1.64464884
56,1781860420.793597,-1.29088845,-1.07014245,-1.31074785,0.73582726
56,1781860420.862092,-1.01749517,-0.68867531,-0.42399066,0.10229172
56,1781860420.927445,-0.28642854,0.14704280,0.73006252,-0.23852051
56,1781860420.990875,0.06290316,0.41120962,1.09626690,-0.53709696
56,1781860421.072036,0.21226955,0.37640084,1.09847918,-0.88989142
56,1781860421.130310,0.23472579,0.21840680,0.92285429,-1.14957843
56,1781860421.199677,-0.21535267,-0.45730213,-0.00823876,-1.10212315
56,1781860421.269356,-1.05037702,-1.55898424,-1.60967752,-0.73034469
56,1781860421.325296,-1.56845948,-2.21560467,-2.68345993,-0.28595646
56,1781860421.389915,-1.28533003,-1.81130267,-2.31743582,-0.03164280
56,1781860421.475898,-0.37946146,-0.57757544,-0.77759572,0.00304041
60,1781860421.269356,0.01189199,0.01347428,0.01094112,0.01408819
60,1781860421.325296,-0.20078208,-0.10891742,0.08275463,-0.34166491
60,1781860421.389915,-0.63589706,-0.45921013,-0.00781133,-0.94040532
60,1781860421.475898,-0.89646380,-0.80040707,-0.35650403,-1.19076224
60,1781860421.538191,-0.77056045,-0.80916790,-0.56320979,-0.97413685
60,1781860421.602349,-0.44600282,-0.57826551,-0.54571020,-0.56421197
60,1781860421.665782,-0.30043137,-0.48257613,-0.57025617,-0.32337560
60,1781860421.730456,-0.34428418,-0.52580597,-0.65153168,-0.19100349
60,1781860421.795574,-0.34604338,-0.46194510,-0.61112405,0.11391602
60,1781860421.868402,-0.31074258,-0.34522043,-0.52835140,0.50887566
60,1781860421.935971,-0.36120447,-0.35064333,-0.52680880,0.63921046
60,1781860422.005099,-0.38057271,-0.33208663,-0.41759355,0.45869053
60,1781860422.066250,-0.21274747,-0.10726972,-0.08165341,0.27338503
60,1781860422.127437,0.00577599,0.12883018,0.18734283,0.22094139
60,1781860422.191605,0.06528339,0.12870661,0.17022069,0.07500034
60,1781860422.270184,0.03178962,0.02137318,0.10550067,-0.32364680
60,1781860422.328991,0.13592180,0.08804225,0.23911917,-0.68107623
60,1781860422.393635,0.48670692,0.41555741,0.49513696,-0.51598208
60,1781860422.457623,1.03788809,0.99402907,0.88698547,0.21629613
60,1781860422.525120,1.68037140,1.81673937,1.67607672,0.94834299
60,1781860422.594752,2.21776063,2.61457524,2.69881085,1.07003365
60,1781860422.673439,2.27274957,2.72369428,3.00673395,0.57477964
60,1781860422.735160,1.38426839,1.55820999,1.74744604,-0.05235661
60,1781860422.794497,-0.48410265,-0.65641803,-0.69095077,-0.47166337
60,1781860422.857981,-2.40267630,-2.68456539,-2.77023498,-0.67170690
60,1781860422.922286,-2.96470570,-3.17051448,-3.19180299,-0.63165765
60,1781860422.989317,-1.93453295,-2.14013814,-2.25763772,-0.30160683
60,1781860423.068819,-0.90391715,-1.23272181,-1.58624198,0.08460720
60,1781860423.131167,-1.23876161,-1.59315498,-1.99329991,0.15661873
60,1781860423.169521,-1.93456631,-2.07670341,-2.19883617,-0.06847967
60,1781860423.230619,-1.13528347,-0.97989740,-0.77436731,-0.17165514
60,1781860423.290889,0.83734717,1.13698876,1.41125880,0.08685298
60,1781860423.357404,2.06496612,2.31104851,2.43032198,0.43409768
60,1781860423.423466,2.00799602,2.12370729,2.10614320,0.45623384
60,1781860423.503232,1.68407860,1.69166039,1.65042683,0.16710677
60,1781860423.569331,1.51526839,1.46258694,1.42089793,-0.03762983
60,1781860423.627485,1.04711251,0.97093690,0.90071751,-0.02038958
60,1781860423.690784,0.30536152,0.21681048,0.14360819,-0.05254249
60,1781860423.754146,-0.17673782,-0.25501651,-0.29549498,-0.12939935
60,1781860423.825291,-0.35879415,-0.35801292,-0.40049486,0.14810029
60,1781860423.904598,-0.64679095,-0.53392712,-0.60503440,0.62977774
60,1781860423.970641,-1.06319489,-0.91886730,-0.91934311,0.49569712
60,1781860424.031279,-1.18961763,-1.09167103,-0.88403661,-0.37548801
60,1781860424.094208,-0.87355821,-0.75052340,-0.35645292,-0.92782081
60,1781860424.160767,-0.46658097,-0.20177571,0.20649930,-0.49113175
60,1781860424.223139,-0.28139680,0.07259704,0.38371529,0.14677356
60,1781860424.302463,-0.23945388,0.01307308,0.26063935,0.01698164
60,1781860424.361928,-0.18037336,-0.13114368,0.08800276,-0.58166623
60,1781860424.431023,-0.08330285,-0.19310083,-0.07138622,-0.79252374
60,1781860424.494908,0.12185986,-0.11281617,-0.18670955,-0.55039795
60,1781860424.558003,0.49682406,0.10078133,-0.20518080,-0.30836770
60,1781860424.624708,0.84182077,0.30365372,-0.22302016,-0.03934389
60,1781860424.873766,0.99430132,0.45664828,-0.27463654,0.66284856
60,1781860424.907922,1.22015157,0.82642771,-0.07757896,1.74682174
60,1781860424.936064,1.67858053,1.44153775,0.46817229,2.52061100
60,1781860424.985543,1.74674271,1.60733940,0.76578494,2.40363357
60,1781860425.072411,0.72050135,0.70642139,0.23603793,1.56203753
60,1781860425.132936,-0.96185629,-0.74435116,-0.66217807,0.46327434
60,1781860425.199557,-2.09560778,-1.64697442,-0.95979906,-0.81658707
60,1781860425.269849,-2.21762373,-1.69666681,-0.54024809,-2.17533979
60,1781860425.324156,-1.88381481,-1.42107140,-0.11282401,-2.89436508
60,1781860425.387089,-1.59126612,-1.17279895,-0.05195655,-2.40440067
60,1781860425.469839,-1.28544990,-0.87912608,-0.10945360,-1.24383054
60,1781860425.532495,-0.80252488,-0.47377701,0.00551782,-0.51535873
60,1781860425.596681,-0.04203937,0.13497489,0.50470133,-0.65970052
60,1781860425.663193,1.10824527,1.15763698,1.51532309,-1.05536651
60,1781860425.727224,2.36361733,2.33124966,2.49686891,-0.67775727
60,1781860425.800748,2.88508009,2.71523819,2.33472706,0.72117186
60,1781860425.864967,2.20595322,1.81344488,0.79145042,2.15488359
60,1781860425.929034,0.96364227,0.42422432,-0.86910800,2.58083166
60,1781860425.993648,0.13127185,-0.33701247,-1.45231566,2.21490242
60,1781860426.059166,-0.04952792,-0.36665291,-1.25567653,1.95774770
60,1781860426.129139,-0.01112082,-0.36042936,-1.28762555,1.97824951
60,1781860426.185879,-0.31479983,-0.82613679,-1.82334655,1.66326039
60,1781860426.272730,-1.25585635,-1.68491135,-2.26963920,0.53290592
60,1781860426.330536,-2.37156416,-2.35687570,-1.96487323,-1.29163736
60,1781860426.392912,-2.60268513,-2.16568290,-0.85949374,-2.97543754
60,1781860426.457431,-1.59686010,-1.08513774,0.39383542,-3.31113395
60,1781860426.520005,-0.28436098,0.12038319,1.12537928,-2.05480787
60,1781860426.591450,0.42048363,0.82800831,1.40962227,-0.59594982
60,1781860426.670155,0.67136016,1.15912397,1.72157759,-0.25568132
60,1781860426.734385,0.91274895,1.35491640,1.97237939,-0.60007912
60,1781860426.803595,1.00862312,1.24774635,1.62888353,-0.48614819
60,1781860426.862654,0.76917029,0.78709817,0.73779068,0.23016295
60,1781860426.928277,0.53621356,0.40388368,-0.01805949,0.99141651
60,1781860426.991370,0.64171651,0.39403504,-0.29114262,1.49765553
60,1781860427.071936,0.86087533,0.52079793,-0.31173981,1.68581116
60,1781860427.134103,0.82664537,0.50770501,-0.25294976,1.51209550
60,1781860427.193611,0.52641829,0.35343776,-0.11545235,1.01297021
60,1781860427.259631,0.12556398,0.04899188,-0.10368451,0.26052347
60,1781860427.322647,-0.30140092,-0.45105405,-0.43553308,-0.56543097
60,1781860427.392281,-0.68156096,-0.94358088,-0.89504653,-1.06310256
60,1781860427.471905,-0.87864777,-1.11083531,-1.05785866,-0.97618613
60,1781860427.529565,-0.83579844,-0.90828673,-0.82486109,-0.53373124
60,1781860427.598120,-0.63189521,-0.53931495,-0.42481329,-0.07504225
60,1781860427.662859,-0.37993717,-0.16879035,-0.06339479,0.36201218
60,1781860427.728765,-0.15686780,0.13215606,0.19690011,0.76776416
60,1781860427.804765,0.00331467,0.30559110,0.35611252,0.86181844
60,1781860427.869107,0.11251022,0.34992848,0.45329843,0.45887987
60,1781860427.935600,0.19437451,0.34500979,0.53181201,-0.12380819
60,1781860427.999727,0.22328547,0.32536012,0.54600404,-0.40589138
60,1781860428.062763,0.14884076,0.22812063,0.41415905,-0.36546039
60,1781860428.127199,0.00807093,0.05095146,0.20926279,-0.39514760
60,1781860428.190657,-0.06477641,-0.06547795,0.13648779,-0.69377923
60,1781860428.273695,-0.01619565,-0.04660864,0.22268656,-1.02597376
60,1781860428.336120,0.02591729,-0.05727437,0.18749414,-1.12268721
60,1781860428.398722,-0.03498633,-0.25226267,-0.18601765,-0.97056235
60,1781860428.465587,-0.05310439,-0.43814928,-0.66038139,-0.55734765
60,1781860428.527208,0.13268840,-0.30044262,-0.80651497,0.24969586
60,1781860428.591576,0.34046187,0.04593975,-0.61747907,1.26282284
60,1781860428.667055,0.21770809,0.13090091,-0.49215037,1.83569359
60,1781860428.732090,-0.21773415,-0.15929207,-0.56206572,1.57885327
60,1781860428.811111,-0.49899378,-0.34738178,-0.45202740,0.87723194
60,1781860428.860286,-0.27138026,-0.02425065,0.12314515,0.34141299
60,1781860428.928257,0.27401259,0.58619087,0.87658055,0.07458765
60,1781860428.993750,0.66568790,0.95724941,1.29167344,-0.14672877
60,1781860429.074296,0.70384473,0.91740317,1.21054656,-0.27243853
60,1781860429.135993,0.56299377,0.70730147,0.87969219,-0.09613493
60,1781860429.201169,0.43360985,0.52922467,0.57339799,0.17609673
60,1781860429.268335,0.29959895,0.34085756,0.34768959,0.11785050
60,1781860429.325065,0.08904097,0.06053208,0.09460166,-0.21422127
60,1781860429.389421,-0.16177085,-0.27861781,-0.27106683,-0.42584429
60,1781860429.455072,-0.38744674,-0.60440014,-0.68820121,-0.45581272
60,1781860429.529624,-0.60084505,-0.86244018,-0.99647152,-0.43668180
60,1781860429.599386,-0.80928150,-0.98354957,-1.07766791,-0.27437197
60,1781860429.663645,-0.92069310,-0.92561211,-0.92564305,-0.01673308
60,1781860429.725712,-0.85919985,-0.75630122,-0.62689958,-0.09072617
60,1781860429.806209,-0.68728880,-0.59252440,-0.31936679,-0.61068323
60,1781860429.853568,-0.47841335,-0.45128141,-0.11099700,-1.07199680
60,1781860429.933910,-0.17948856,-0.24460305,0.01004919,-1.09463907
60,1781860430.001139,0.23622791,0.07195705,0.13053732,-0.76287342
60,1781860430.061254,0.60969063,0.43132466,0.27988973,-0.09219148
60,1781860430.126926,0.78821628,0.75476279,0.44405217,0.94911835
60,1781860430.191026,0.85499929,1.02785396,0.66785865,1.82407467
60,1781860430.254703,0.95465802,1.21974757,0.95691093,1.80721933
60,1781860430.333354,1.00581349,1.20753313,1.10696134,1.03481685
60,1781860430.397948,0.81957348,0.89084464,0.86899126,0.31878790
60,1781860430.461396,0.41617672,0.35855217,0.29879855,0.00728831
60,1781860430.526999,-0.00146427,-0.15800636,-0.26468294,-0.17070173
60,1781860430.587101,-0.31896131,-0.48786220,-0.57790409,-0.26995349
60,1781860430.650483,-0.54965461,-0.60350720,-0.66825094,0.03728305
60,1781860430.728471,-0.67148826,-0.55395714,-0.62809012,0.65611270
60,1781860430.794576,-0.63086969,-0.42072035,-0.44537720,0.80379848
60,1781860430.861016,-0.48917790,-0.31704051,-0.15539589,0.03591928
60,1781860430.926326,-0.40592169,-0.34028691,0.00995907,-0.97429311
60,1781860430.991527,-0.45497940,-0.48619332,-0.14252901,-1.28329905
60,1781860431.056693,-0.53413009,-0.61143406,-0.43701896,-0.86169540
60,1781860431.137096,-0.46943452,-0.52876099,-0.46868703,-0.40873661
60,1781860431.197105,-0.18827081,-0.20276022,-0.10888928,-0.37094373
60,1781860431.263376,0.21126675,0.19062586,0.31711577,-0.50366438
60,1781860431.323825,0.57870565,0.48211463,0.46812873,-0.28277736
60,1781860431.390879,0.86991078,0.70230253,0.43942291,0.32613699
60,1781860431.457457,1.07225702,0.90392820,0.51557565,0.75319454
60,1781860431.536926,1.01295711,0.90171487,0.59757406,0.66033855
60,1781860431.598854,0.51573416,0.47862312,0.34542308,0.32893596
60,1781860431.660480,-0.00519897,-0.00669180,-0.01684246,0.01930025
60,1781860431.726523,0.12805789,-0.02642863,0.35992221,-1.20564903
60,1781860431.800858,0.05869732,-0.16582038,0.69830607,-2.42683444
60,1781860431.853414,-0.50173432,-0.40266232,0.36809181,-1.49733164
60,1781860431.934922,-0.81176960,-0.37524540,0.05116511,0.02254570
60,1781860431.997373,-0.29044415,0.07034663,0.34505838,0.19188968
60,1781860432.062739,0.58879868,0.52918552,0.94840315,-1.06742233
60,1781860432.128125,0.84455660,0.48144202,1.06533008,-2.11108345
60,1781860432.188125,0.21555764,-0.05804912,0.36552226,-1.55416803
60,1781860432.255543,-0.60310528,-0.58816128,-0.65109452,0.17360603
60,1781860432.334148,-0.92553887,-0.75550504,-1.23061982,1.43818243
60,1781860432.398559,-0.81012930,-0.66975212,-1.17778589,1.44545491
60,1781860432.461001,-0.64013640,-0.55358030,-0.89284360,0.94924791
60,1781860432.524102,-0.43959467,-0.39106520,-0.67348003,0.73774984
60,1781860432.590392,-0.05144232,-0.10782872,-0.41547726,0.56012021
60,1781860432.654384,0.36514785,0.18998601,-0.04354897,0.13012697
60,1781860432.737869,0.56059068,0.41556836,0.31690924,-0.10335408
60,1781860432.803653,0.64915931,0.68007320,0.68749760,0.05236339
60,1781860432.859819,0.85912580,1.03518630,1.18095847,0.06751955
60,1781860432.926687,1.09515022,1.29873282,1.56353793,-0.13647886
60,1781860432.992259,1.10967405,1.30603624,1.43283429,0.15507425
60,1781860433.055549,0.83220759,1.05339566,0.79300783,1.07354178
60,1781860433.137370,0.29641016,0.48733099,-0.03070360,1.58042223
60,1781860433.198844,-0.48946341,-0.51365097,-0.90051493,0.80848785
60,1781860433.264931,-1.38221582,-1.74529119,-1.77122362,-0.75156801
60,1781860433.326073,-1.91742547,-2.49713051,-2.20622610,-1.94078572
60,1781860433.392372,-1.55207551,-2.11243807,-1.63443892,-2.31474349
60,1781860433.454681,-0.33456952,-0.77481322,-0.25135202,-2.14831657
60,1781860433.534925,0.84921883,0.55071464,0.91615652,-1.48008620
60,1781860433.597808,1.12324384,1.08683271,1.15226724,-0.22703705
60,1781860433.663435,0.58552057,0.89445104,0.76575091,0.97557778
60,1781860433.738427,-0.01028600,0.48441141,0.38514295,1.32408450
60,1781860433.800911,-0.28781894,0.17455376,0.12827986,1.13388854
60,1781860433.855229,-0.37896529,0.04225800,-0.11875531,1.29793729
60,1781860433.932813,-0.27723031,0.14418669,-0.17040208,1.64072363
60,1781860433.999616,0.16673777,0.42011747,0.12816733,1.21566377
60,1781860434.062621,0.66356806,0.56772947,0.42824307,0.09730088
60,1781860434.126190,0.65234828,0.34696495,0.30210439,-0.58076428
60,1781860434.191023,0.12171432,-0.07875108,-0.11297538,-0.37058907
60,1781860434.257989,-0.32137990,-0.32865280,-0.34128906,0.01195614
60,1781860434.335838,-0.24278869,-0.23012628,-0.22367257,0.01384060
60,1781860434.398607,0.16954606,0.06255642,0.00409102,-0.10817152
60,1781860434.465023,0.40493796,0.22715014,0.11638068,-0.14939910
60,1781860434.529238,0.15096197,0.03011863,0.09281948,-0.40916158
60,1781860434.593290,-0.40288407,-0.41458799,-0.02045590,-0.90470044
60,1781860434.654143,-0.76649052,-0.73286397,-0.21765500,-1.07355632
60,1781860434.734391,-0.70271533,-0.72932199,-0.43866984,-0.70724178
60,1781860434.802217,-0.36334868,-0.49719443,-0.49643319,-0.30006948
60,1781860434.861620,0.08763909,-0.11350775,-0.25698924,-0.12854913
60,1781860434.927259,0.53509620,0.34585524,0.11874412,0.08442116
60,1781860434.991045,0.67973281,0.56881104,0.28174023,0.39267615
60,1781860435.054593,0.30384517,0.30741977,0.09167773,0.48890649
60,1781860435.133468,-0.30306528,-0.17893121,-0.24349657,0.42065379
60,1781860435.199597,-0.62660583,-0.41112521,-0.44487237,0.55558517
60,1781860435.263150,-0.47911331,-0.23042288,-0.38606447,0.90134769
60,1781860435.324408,0.00123034,0.23576091,-0.03747978,1.13193720
60,1781860435.390772,0.59637947,0.80162731,0.54699984,1.02516624
60,1781860435.456088,1.02694638,1.17720602,1.09898244,0.50934085
60,1781860435.535142,1.03974437,1.07136912,1.21593018,-0.25176063
60,1781860435.598740,0.67962172,0.55433375,0.76034795,-0.73854761
60,1781860435.661315,0.27042218,0.05061923,0.09574409,-0.59058413
60,1781860435.728106,0.01086016,-0.16384953,-0.28687394,-0.11521821
60,1781860435.800579,-0.22064309,-0.25198623,-0.34785462,0.14384143
60,1781860435.852313,-0.50116536,-0.43364481,-0.37347747,0.01639198
60,1781860435.933652,-0.56553939,-0.54285281,-0.34018078,-0.40122833
60,1781860435.999598,-0.31832169,-0.44308209,-0.11528831,-1.00884578
60,1781860436.064018,-0.39609044,-0.69550119,-0.27999028,-1.59372236
60,1781860436.126535,-1.38250017,-1.84476076,-1.50032259,-1.79831431
60,1781860436.187019,-2.52325246,-2.99290879,-2.84782829,-1.37038770
60,1781860436.254627,-2.30793921,-2.42959484,-2.41571478,-0.30213975
60,1781860436.330479,-0.51809028,-0.03846462,-0.08345580,1.16948980
60,1781860436.397771,1.39049005,2.32063375,2.13550105,2.48620382
60,1781860436.465555,2.21302173,3.22041231,2.90989284,2.93792012
60,1781860436.527654,2.21734113,3.02725279,2.83021865,2.24471035
60,1781860436.590564,2.10346925,2.51606529,2.54560569,0.85391784
60,1781860436.653379,1.81483024,1.63194819,1.64050009,-0.42674966
60,1781860436.732715,0.96837228,0.20023657,-0.12780824,-0.98106235
60,1781860436.803563,-0.23829727,-1.26185576,-1.92043420,-0.81362319
60,1781860436.860134,-1.12988408,-2.03872683,-2.70178354,-0.54791280
60,1781860436.930078,-1.27904774,-1.94176779,-2.32873303,-0.61471996
60,1781860436.990981,-0.83258602,-1.28368548,-1.44194177,-0.65281380
60,1781860437.055586,-0.26499967,-0.51567268,-0.63207363,-0.29932284
60,1781860437.133775,0.04202252,0.01060101,-0.02646553,0.01258405
60,1781860437.199359,0.03525950,0.19323192,0.42911723,-0.17368547
60,1781860437.262245,-0.09022441,0.19741937,0.71441409,-0.51127523
60,1781860437.321896,-0.13402313,0.25016134,0.87781427,-0.54274639
60,1781860437.392282,-0.07568860,0.38585509,1.03817660,-0.42528700
60,1781860437.455278,-0.10026636,0.41203115,1.08668082,-0.36191976
60,1781860437.535533,-0.38139705,0.17440544,0.76611049,-0.08003493
60,1781860437.600219,-0.77855019,-0.17059991,0.15803903,0.62264826
60,1781860437.663474,-0.92162098,-0.30332984,-0.30073032,1.37251610
60,1781860437.726598,-0.66058839,-0.15602392,-0.37651807,1.61631996
60,1781860437.793976,-0.19002082,0.04737754,-0.27950048,1.25789992
60,1781860437.854017,0.30173404,0.15866495,-0.30370121,0.71178553
60,1781860437.935246,0.78936949,0.23262036,-0.47928609,0.34588080
60,1781860437.997838,1.15020461,0.27312461,-0.61455738,0.02363423
60,1781860438.063895,1.06507211,0.12689188,-0.56850876,-0.54121071
60,1781860438.125205,0.37867442,-0.28515903,-0.44573493,-1.12187511
60,1781860438.188712,-0.55095695,-0.76296369,-0.43416103,-1.20558670
60,1781860438.256917,-1.03106580,-0.91633070,-0.43126934,-0.82554115
60,1781860438.334371,-0.62774309,-0.47913790,-0.08440048,-0.54868452
60,1781860438.397522,0.41993838,0.39753470,0.67663337,-0.67211705
60,1781860438.464540,1.38349295,1.17600690,1.40958052,-0.98322192
60,1781860438.527942,1.63184829,1.35621482,1.57697023,-1.10656329
60,1781860438.590980,1.06971529,0.90298453,1.00234415,-0.59317577
60,1781860438.653875,0.09891998,0.20306364,-0.04728124,0.79023525
60,1781860438.733547,-0.77849617,-0.38316576,-1.02141764,2.30408910
60,1781860438.821904,-1.28879273,-0.78286926,-1.44352400,2.60056716
60,1781860438.857446,-1.31555983,-0.95949810,-1.27206891,1.49053343
60,1781860438.927281,-0.73724625,-0.66698280,-0.78062795,0.40997394
60,1781860438.991150,0.28525163,0.17960744,-0.13975098,0.47641742
60,1781860439.054826,1.01515325,1.01889330,0.57590257,0.99586412
60,1781860439.133545,0.74065793,1.05957924,1.10190605,0.61659183
60,1781860439.199060,-0.31739711,0.24846342,1.14007403,-0.72617071
60,1781860439.262401,-1.22120470,-0.65438368,0.75298786,-1.87377756
60,1781860439.322062,-1.38245884,-1.02668962,0.28951589,-2.14103013
60,1781860439.390198,-0.97202176,-0.94006548,-0.04197246,-1.93081505
60,1781860439.454775,-0.43780792,-0.74021171,-0.34118497,-1.56364760
60,1781860439.536529,-0.01875369,-0.54445840,-0.75310595,-0.70679225
60,1781860439.597956,0.36448333,-0.25273803,-1.11268706,0.54109499
60,1781860439.662514,0.89728289,0.21971448,-1.01940432,1.25182307
60,1781860439.725736,1.48731762,0.78102517,-0.38164584,1.01737121
60,1781860439.826457,1.75308078,1.18543863,0.37853884,0.53335951
60,1781860439.858457,1.54612226,1.28833282,0.86289800,0.37371956
60,1781860439.933757,1.16227201,1.20563354,1.07557387,0.38659515
60,1781860439.998947,0.82377522,1.06244736,1.08852911,0.47391214
60,1781860440.061220,0.33047832,0.72346575,0.80422300,0.69603181
60,1781860440.125689,-0.54234802,-0.01730734,0.20363890,0.67789542
60,1781860440.187794,-1.66300944,-1.10849013,-0.60633323,0.11672767
60,1781860440.255143,-2.71137782,-2.22530176,-1.55537893,-0.40983610
60,1781860440.332729,-3.29622782,-2.86486990,-2.35178219,-0.18219423
60,1781860440.397645,-2.86141001,-2.46318299,-2.28886830,0.49915132
60,1781860440.462606,-1.14335671,-0.89881124,-0.97412584,0.71304056
60,1781860440.529747,1.11260033,1.02379670,0.85934624,0.16863393
60,1781860440.590060,2.57994206,2.13446478,1.93596327,-0.55056495
60,1781860440.655556,2.69426400,2.06956400,1.82999546,-0.85854530
60,1781860440.728275,2.00083766,1.42237069,1.20531436,-0.80566621
60,1781860440.797137,1.17439204,0.78281669,0.71960753,-0.73200262
60,1781860440.863410,0.40236138,0.23844961,0.37629393,-0.67268270
60,1781860440.927584,-0.23171538,-0.19826275,0.03891509,-0.45414969
60,1781860440.989779,-0.50782820,-0.35377116,-0.15523935,-0.09914435
60,1781860441.053479,-0.42882155,-0.24066272,-0.16592027,0.25283081
60,1781860441.137790,-0.31077079,-0.14849396,-0.23290819,0.54993024
60,1781860441.201194,-0.35132172,-0.24332578,-0.43448305,0.66688028
60,1781860441.268481,-0.43956188,-0.39266507,-0.54620723,0.44682387
60,1781860441.324769,-0.42242373,-0.42431840,-0.46339032,0.08287652
60,1781860441.389575,-0.28225613,-0.31311052,-0.32769694,-0.03626497
60,1781860441.459802,-0.06989088,-0.11521874,-0.20799566,0.10577471
60,1781860441.533610,0.13396510,0.10092241,-0.03614196,0.23188786
60,1781860441.597914,0.22865216,0.25430884,0.15468515,0.27927834
60,1781860441.662781,0.18725147,0.28742695,0.22083205,0.37176896
60,1781860441.725780,0.08586601,0.21158415,0.12424736,0.47494769
60,1781860441.795944,-0.01293716,0.07691920,-0.02408862,0.42547953
60,1781860441.854141,-0.11919842,-0.08194046,-0.12351339,0.17573194
60,1781860441.934548,-0.01551435,-0.01589554,-0.00483561,-0.04635085
60,1781860441.998273,0.07557861,0.04556693,-0.02842598,0.17817900
60,1781860442.062274,0.20736188,0.13063599,-0.03619942,0.36505626
60,1781860442.125839,0.26382230,0.16860783,0.05624410,0.06947591
60,1781860442.191595,0.33263403,0.24354387,0.25053674,-0.38925645
60,1781860442.255422,0.44731108,0.36359775,0.41099169,-0.53114841
60,1781860442.330699,0.58371182,0.47564341,0.45241029,-0.34368900
60,1781860442.397450,0.77686529,0.62877183,0.51032520,-0.12010680
60,1781860442.462762,1.06137495,0.93542297,0.75828257,0.20737712
60,1781860442.526859,1.29112088,1.31646782,1.12912655,0.86165329
60,1781860442.591525,1.13917286,1.38337013,1.27690369,1.42062655
60,1781860442.656873,0.33970094,0.68104915,0.74117747,1.13929220
60,1781860442.734379,-1.00648455,-0.82252783,-0.67061202,0.12980580
60,1781860442.814717,-2.29983662,-2.42531349,-2.36802314,-0.74043582
60,1781860442.858724,-2.73936405,-3.06510666,-3.10648635,-1.15202545
60,1781860442.926950,-2.00155169,-2.26551114,-2.17151922,-1.45015069
60,1781860442.989712,-0.62838758,-0.65027670,-0.29278263,-1.53697629
60,1781860443.055106,0.47450039,0.68669389,1.12712388,-0.92464320
60,1781860443.134578,0.90623655,1.21145605,1.48181474,0.14122986
60,1781860443.195817,0.92892577,1.15377604,1.17677578,0.81774702
60,1781860443.262171,0.88281860,0.92430831,0.74991339,0.87460269
60,1781860443.322549,0.80320297,0.70192970,0.41148184,0.76639360
60,1781860443.390854,0.61245862,0.49590297,0.22919129,0.60831975
60,1781860443.450480,0.35773573,0.28502349,0.20538010,0.02807986
60,1781860443.535696,0.13985946,0.06065663,0.19092155,-0.84860630
60,1781860443.599380,-0.02655679,-0.14779852,0.00882600,-1.12570578
60,1781860443.663705,-0.17706903,-0.28803614,-0.31186065,-0.35303648
60,1781860443.729584,-0.29464620,-0.33677388,-0.53697339,0.64038856
60,1781860443.796788,-0.33128273,-0.31335384,-0.50614271,0.85367049
60,1781860443.854258,-0.30438658,-0.26625121,-0.33944966,0.45104120
60,1781860443.929268,-0.27967688,-0.24655668,-0.24792124,0.13970639
60,1781860444.000295,-0.25446432,-0.23976968,-0.20680802,-0.07400432
60,1781860444.063705,-0.15412555,-0.14758007,-0.02646591,-0.46414645
60,1781860444.126144,0.02679464,0.07724538,0.29223149,-0.66657402
60,1781860444.189917,0.17271108,0.30490355,0.51973587,-0.33479472
60,1781860444.251368,0.18366804,0.34254083,0.49989599,0.00614833
60,1781860444.332862,0.09331743,0.16783789,0.27691451,-0.13999567
60,1781860444.396902,0.01356009,-0.04175066,-0.02086302,-0.30869875
60,1781860444.461835,0.01898744,-0.10987698,-0.22634350,-0.05022699
60,1781860444.527442,0.10185251,-0.01851942,-0.18615338,0.19147033
60,1781860444.591797,0.19062697,0.12367229,0.03501162,0.08793635
60,1781860444.655093,0.20866900,0.19861265,0.16684849,0.08794378
60,1781860444.734759,0.13943496,0.15761535,0.09304894,0.33522797
60,1781860444.812964,0.02280732,0.02910274,-0.02384663,0.24001551
60,1781860444.862355,-0.10483393,-0.12778820,-0.06346645,-0.35357705
60,1781860444.923705,-0.23483316,-0.27547301,-0.13791593,-0.72192039
60,1781860444.988358,-0.36491593,-0.40267023,-0.35647469,-0.34010184
60,1781860445.053727,-0.47730692,-0.48630320,-0.57310249,0.31519946
60,1781860445.134878,-0.53220218,-0.48491227,-0.53512186,0.39499493
60,1781860445.195180,-0.49901584,-0.40060923,-0.27119180,-0.12563262
60,1781860445.262990,-0.40560979,-0.31064676,-0.10594497,-0.44457923
60,1781860445.325120,-0.30816975,-0.26850070,-0.17149551,-0.23228304
60,1781860445.390788,-0.19629796,-0.19476188,-0.18751762,-0.02312528
60,1781860445.454520,-0.00117809,0.03390658,0.09071367,-0.08800297
60,1781860445.533987,0.29420819,0.40057637,0.53102686,-0.09756345
60,1781860445.599031,0.66660710,0.79905094,0.92321389,0.03354798
60,1781860445.661416,1.15218981,1.22568508,1.24656376,0.21316297
60,1781860445.729059,1.71288677,1.64854299,1.41616872,0.68073365
60,1781860445.795480,2.00236351,1.73317145,1.17222713,1.18196148
60,1781860445.854528,1.57404552,1.10735960,0.49668406,0.58333803
60,1781860445.931182,0.39317185,-0.08745849,-0.26207658,-1.23973230
60,1781860445.994868,-1.05439765,-1.25120475,-0.86075891,-2.37910880
60,1781860446.062867,-2.11731563,-1.87353814,-1.29338201,-1.36275413
60,1781860446.123209,-2.37573717,-1.84864221,-1.47976985,0.64099934
60,1781860446.190365,-1.91513565,-1.44610125,-1.35984963,1.55074889
60,1781860446.257802,-1.23111253,-1.03174917,-1.07405125,0.97904724
60,1781860446.334255,-0.68419740,-0.67430304,-0.65108977,-0.05395817
60,1781860446.397431,-0.23159122,-0.21095048,-0.00746704,-0.74074152
60,1781860446.464003,0.19216849,0.26426555,0.56304229,-0.91833617
60,1781860446.527178,0.45060316,0.43608028,0.60604539,-0.74740706
60,1781860446.590536,0.52241265,0.32923315,0.25072369,-0.46455708
60,1781860446.653908,0.62120694,0.32529735,0.05817496,-0.11662418
60,1781860446.736405,0.85049529,0.59220662,0.23360286,0.40640157
60,1781860446.812761,1.05560270,0.91384587,0.53464053,0.96196347
60,1781860446.860760,1.09122775,1.06334095,0.74578281,1.17353118
60,1781860446.926013,0.98163819,1.01059923,0.81256529,0.91961356
60,1781860446.989287,0.78247130,0.80002191,0.71071019,0.43292605
60,1781860447.055287,0.52362164,0.51360733,0.49635129,0.02933808
60,1781860447.135135,0.30727660,0.31604203,0.35124243,-0.10709470
60,1781860447.195706,0.17615802,0.23772309,0.35942546,-0.24363128
60,1781860447.262440,-0.09764756,0.00675883,0.34224319,-0.93615475
60,1781860447.325491,-0.68070747,-0.51003494,0.12120844,-1.86588793
60,1781860447.390803,-1.26521844,-0.96910223,-0.24606851,-1.72954976
60,1781860447.456161,-1.60140836,-1.24985266,-0.80816734,-0.36513765
60,1781860447.535428,-2.04637145,-1.87250173,-1.82480990,0.51117827
60,1781860447.597564,-2.62189698,-2.74458303,-2.88296662,0.06359467
60,1781860447.664686,-2.24494505,-2.49124389,-2.68475592,-0.21385253
60,1781860447.726310,-0.30860772,-0.47073375,-0.79088865,0.64021452
60,1781860447.801033,1.80451154,1.69435317,1.29168575,1.18502743
60,1781860447.853149,2.37870794,2.19766616,1.95188010,0.26229528
60,1781860447.934546,1.67740129,1.45668378,1.46333915,-0.92114456
60,1781860447.997786,1.14255739,0.98323045,1.06832297,-0.99020445
60,1781860448.062159,1.20053373,1.10853331,1.11370490,-0.39366819
60,1781860448.126738,1.20705069,1.16622866,1.10588894,0.07907103
60,1781860448.190299,0.83585916,0.88621489,0.77352037,0.66055741
60,1781860448.262679,0.36529979,0.49042062,0.25199580,1.47281445
60,1781860448.333792,-0.01585939,0.08768628,-0.26125935,1.83315565
60,1781860448.399046,-0.36721493,-0.29201209,-0.56685256,1.41811316
60,1781860448.461970,-0.65323185,-0.51022843,-0.55108897,0.74487893
60,1781860448.526715,-0.76587514,-0.55988265,-0.39146298,0.15221690
60,1781860448.589701,-0.77357920,-0.63621511,-0.34766696,-0.61248447
60,1781860448.656939,-0.82793254,-0.80491152,-0.38270601,-1.61719634
60,1781860448.735323,-0.95468699,-0.95156979,-0.37714989,-2.31449035
60,1781860448.800023,-1.11899669,-1.09387776,-0.53268031,-2.17178844
60,1781860448.863341,-1.29402696,-1.33967978,-1.03028110,-1.43840257
60,1781860448.927457,-1.34060709,-1.52176224,-1.51576013,-0.75822093
60,1781860448.986947,-1.02983893,-1.26140079,-1.47123834,-0.08801059
60,1781860449.051004,-0.25028754,-0.40333024,-0.77604163,0.88993288
60,1781860449.136772,0.91015575,0.86392017,0.47679872,1.38101402
60,1781860449.197913,2.15632379,2.17558585,2.08865300,0.43022218
60,1781860449.264375,2.97044196,3.04936537,3.35149481,-0.90426354
60,1781860449.323209,2.87112689,3.02264040,3.34783880,-0.70364100
60,1781860449.389689,1.84083235,2.02036071,2.00215497,0.80107041
60,1781860449.455164,0.34635507,0.47492492,0.20043403,1.63290001
60,1781860449.538419,-1.04442844,-1.00908481,-1.21734463,0.98689857
60,1781860449.598798,-1.91260906,-1.97146573,-2.01543106,-0.06032850
60,1781860449.667318,-2.05459441,-2.19110694,-2.24320199,-0.34199637
60,1781860449.728582,-1.61203438,-1.78971938,-1.98069538,0.05384513
60,1781860449.795079,-1.00779240,-1.17382407,-1.40075117,0.24670264
60,1781860449.855320,-0.49986562,-0.60144940,-0.69260027,-0.04226630
60,1781860449.936173,0.02060140,0.02628215,0.07806046,-0.18675279
60,1781860449.998369,0.60029318,0.71748746,0.82965621,0.02035972
60,1781860450.061408,0.92759623,1.09185103,1.26738445,-0.04569248
60,1781860450.125819,0.74075060,0.86359831,1.07695759,-0.36668506
60,1781860450.186782,0.23478869,0.28996576,0.36772357,-0.09148025
60,1781860450.255896,-0.18945174,-0.16713962,-0.29640944,0.61409640
60,1781860450.333666,-0.34913485,-0.34929960,-0.46716162,0.47682115
60,1781860450.402788,-0.29169509,-0.35532167,-0.24215018,-0.71625326
60,1781860450.461305,-0.11046724,-0.24713859,0.02180428,-1.64324480
60,1781860450.526873,0.09932990,-0.02731241,0.18502724,-1.37330084
60,1781860450.587719,0.25261106,0.22789069,0.33064841,-0.51644567
60,1781860450.658200,0.34910404,0.40778801,0.52852446,-0.25139013
60,1781860450.728871,0.43702825,0.50317458,0.75332124,-0.74543144
60,1781860450.817250,0.47116523,0.55975132,0.86981604,-0.89726540
60,1781860450.860648,0.32767603,0.50998641,0.65849393,0.13694389
60,1781860450.927110,-0.01139308,0.21124025,0.03351561,1.62195047
60,1781860450.989946,-0.38362388,-0.29665064,-0.74329260,2.16180886
60,1781860451.055032,-0.58260822,-0.71341516,-1.21292607,1.49371213
60,1781860451.133522,-0.53361047,-0.77630264,-1.13895107,0.48597288
60,1781860451.193103,-0.34051200,-0.55608250,-0.71523335,-0.22857011
60,1781860451.264132,-0.17876642,-0.33465750,-0.33274945,-0.63928381
60,1781860451.323371,-0.14139015,-0.25078912,-0.20265707,-0.63819761
60,1781860451.393600,-0.17582560,-0.19905270,-0.21920779,-0.01244552
60,1781860451.458179,-0.14954819,-0.05032372,-0.11573537,0.66698220
60,1781860451.531814,0.01758992,0.15915662,0.24935961,0.20808727
60,1781860451.600687,0.26547733,0.30520189,0.71465129,-1.49784793
60,1781860451.666040,0.44238870,0.35673844,0.96316707,-2.80378497
60,1781860451.730321,0.43934422,0.36838074,0.85882100,-2.27438725
60,1781860451.791137,0.26930043,0.33420813,0.53483406,-0.54982857
60,1781860451.854764,0.03731596,0.19832997,0.13359237,0.91457634
60,1781860451.935793,-0.15225760,-0.00357240,-0.36181429,2.05368862
60,1781860451.999791,-0.25130389,-0.14768073,-0.87863859,3.38109677
60,1781860452.061783,-0.23164202,-0.15320107,-1.01257173,3.79930980
60,1781860452.125907,-0.07600344,-0.03609267,-0.42278474,1.72827503
60,1781860452.187253,0.00202613,-0.01189963,-0.02629112,0.00163596
60,1781860452.254846,-0.09229834,-0.13621456,-0.11264095,-0.23706860
60,1781860452.333555,-0.30876862,-0.35249956,-0.21637926,-0.63175568
60,1781860452.398114,-0.52658073,-0.52415526,-0.27349282,-0.87197135
60,1781860452.462595,-0.61549201,-0.57893665,-0.28548253,-0.90239721
60,1781860452.525409,-0.49737879,-0.44029137,-0.18974583,-0.67955203
60,1781860452.589571,-0.26134147,-0.14251800,0.02953597,-0.18698052
60,1781860452.654581,-0.05169280,0.14971506,0.25054781,0.35328589
60,1781860452.734255,0.08120089,0.28785624,0.35068802,0.50520287
60,1781860452.802836,0.13964751,0.25191760,0.31419891,0.17559341
60,1781860452.859002,0.11275639,0.12030790,0.17548934,-0.16730762
60,1781860452.929557,0.06777244,0.01184416,0.00743028,-0.18095238
60,1781860452.991310,0.15501443,0.03980238,-0.07211623,-0.01156871
60,1781860453.055714,0.37019630,0.21598328,-0.04202157,0.36458508
60,1781860453.136228,0.47202510,0.38819686,-0.03459710,1.19067034
60,1781860453.194583,0.31358737,0.38262487,-0.09627155,1.92470396
60,1781860453.264754,0.09064009,0.23864054,-0.04974702,1.53288145
60,1781860453.332286,0.04839999,0.14798236,0.19780352,0.17479408
60,1781860453.389714,0.10293587,0.12633513,0.39369607,-0.85695370
60,1781860453.455137,0.01316946,-0.00352266,0.27580914,-1.03983052
60,1781860453.535728,-0.20114050,-0.25611307,-0.00245102,-1.08412755
60,1781860453.599911,-0.31010614,-0.43785226,-0.13619404,-1.50835025
60,1781860453.662254,-0.27720627,-0.50194440,-0.19616130,-1.86353913
60,1781860453.727502,-0.30235459,-0.59695586,-0.47449616,-1.46499217
60,1781860453.797579,-0.42996894,-0.71542606,-0.90935021,-0.32152395
60,1781860453.850454,-0.40533526,-0.62037419,-1.07826687,0.85306191
60,1781860453.933922,-0.05890369,-0.19657313,-0.73322862,1.40150118
60,1781860454.002434,0.38563158,0.34536125,-0.05015132,1.24784417
60,1781860454.060236,0.55348764,0.66466821,0.57400821,0.70899671
60,1781860454.121184,0.32356890,0.57621411,0.77893412,0.17537008
60,1781860454.189631,-0.11304244,0.18322271,0.48204320,-0.00897603
60,1781860454.257481,-0.46331012,-0.18094905,0.03266646,0.24147953
60,1781860454.333749,-0.52708975,-0.21246147,-0.07192835,0.61153664
60,1781860454.400218,-0.27484782,0.11057855,0.29175435,0.71746221
60,1781860454.464185,0.19002122,0.58019258,0.81144934,0.55821244
60,1781860454.528543,0.68994507,0.97411941,1.14406744,0.40123786
60,1781860454.589481,0.98012263,1.10366249,1.16306657,0.22528701
60,1781860454.657364,0.84841523,0.80237609,0.86190998,-0.37084186
60,1781860454.735886,0.34757892,0.09114983,0.25364067,-1.47152205
60,1781860454.807505,-0.20407949,-0.70452621,-0.54131037,-2.33121900
60,1781860454.861496,-0.59265502,-1.19301892,-1.24331070,-1.93221472
60,1781860454.925746,-0.88774412,-1.27540202,-1.62371948,-0.13818952
60,1781860454.990735,-1.11218617,-1.14714196,-1.70380548,1.83258043
60,1781860455.057943,-1.03504678,-0.96678898,-1.59189962,2.43556558
60,1781860455.135642,-0.51201638,-0.67421485,-1.25179349,1.45908813
60,1781860455.198067,0.26417821,-0.14196283,-0.58904482,0.14381151
60,1781860455.265430,1.04545660,0.63981042,0.37740326,-0.50314952
60,1781860455.321179,1.71768775,1.49621128,1.45548717,-0.63492108
60,1781860455.391040,2.01873428,2.01438655,2.20352906,-0.67966484
60,1781860455.456255,1.50832803,1.70030453,2.10449537,-0.74543619
60,1781860455.534687,0.16977735,0.51484674,1.14623696,-1.00574686
60,1781860455.601350,-1.28992461,-0.84276922,0.00066463,-1.39199034
60,1781860455.663556,-2.09322788,-1.53777013,-0.66312386,-1.12119983
60,1781860455.725527,-2.11084233,-1.42954533,-0.79602544,0.16782464
60,1781860455.799701,-1.69306389,-1.01243932,-0.75533300,1.48767436
60,1781860455.855701,-1.08723565,-0.65823070,-0.78551658,1.95405893
60,1781860455.938288,-0.35595993,-0.31935618,-0.84653153,1.98036267
60,1781860455.999557,0.33206918,0.05202487,-0.77568343,1.92375581
60,1781860456.058866,0.77785655,0.31402094,-0.49378417,1.20824688
60,1781860456.126564,1.12694944,0.53909868,0.00846097,-0.20096983
60,1781860456.191357,1.71670187,1.07109870,0.79316852,-1.29150913
60,1781860456.258349,2.39163037,1.83551990,1.74990738,-1.65269798
60,1781860456.332651,2.42383693,2.09570500,2.27190208,-1.77153487
60,1781860456.399044,1.40303231,1.33129792,1.70729052,-1.57271139
60,1781860456.463012,-0.18609249,-0.06680920,0.23573958,-0.64374884
60,1781860456.522228,-1.54305096,-1.32896726,-1.22160143,0.37486332
60,1781860456.591282,-2.27562815,-2.05601442,-1.98451499,0.52027477
60,1781860456.657349,-2.33486979,-2.17170661,-2.03703666,0.10008694
60,1781860456.737414,-1.78412449,-1.69654218,-1.61908009,0.03554889
60,1781860456.807480,-0.91379100,-0.87172949,-0.93254451,0.36136996
60,1781860456.863666,-0.14833533,-0.09245049,-0.20508893,0.59196453
60,1781860456.927792,0.33994861,0.45265260,0.34406132,0.77733440
60,1781860456.992269,0.65876515,0.81826764,0.67506975,1.06328266
60,1781860457.054707,0.89235432,1.03104628,0.92758838,0.85058948
60,1781860457.137170,1.01037108,1.04863935,1.18613284,-0.34854420
60,1781860457.198981,0.97361196,0.91374445,1.30267368,-1.57646902
60,1781860457.264207,0.77346060,0.72443779,1.06479673,-1.36776459
60,1781860457.323030,0.44546058,0.48869791,0.50214604,0.10463923
60,1781860457.389111,0.08661028,0.15654606,-0.12017146,1.21767418
60,1781860457.455120,-0.20508561,-0.22944142,-0.56879724,1.10648704
60,1781860457.537567,-0.40246665,-0.53362517,-0.78621746,0.42655524
60,1781860457.597891,-0.52699192,-0.67988909,-0.84312137,0.03630373
60,1781860457.661520,-0.58331339,-0.71654692,-0.83123366,-0.06514851
60,1781860457.727364,-0.55045137,-0.70551223,-0.76834854,-0.32395325
60,1781860457.795740,-0.42870704,-0.62412515,-0.61427015,-0.72105405
60,1781860457.851931,-0.26599717,-0.43487126,-0.38322957,-0.77459634
60,1781860457.933999,-0.11053343,-0.17254864,-0.13350888,-0.35497148
60,1781860458.000466,0.07154952,0.13611110,0.18131711,0.06798950
60,1781860458.062557,0.36526941,0.52986924,0.66936742,0.08817351
60,1781860458.127120,0.71114899,0.94157825,1.21641078,-0.15597350
60,1781860458.190403,0.83845934,1.11177566,1.45676113,-0.25174920
60,1781860458.261715,0.56242712,0.86471898,1.16924051,-0.00783206
60,1781860458.334793,0.06718780,0.35120367,0.52751754,0.37832023
60,1781860458.398258,-0.27684211,-0.11699830,-0.11235194,0.54515545
60,1781860458.465721,-0.30183943,-0.35271928,-0.50332996,0.35032023
60,1781860458.528737,-0.12867277,-0.35446388,-0.58934452,0.03192843
60,1781860458.591194,0.04121930,-0.22354803,-0.46239232,-0.09105878
60,1781860458.656069,0.08748866,-0.10952979,-0.31151621,0.01745075
60,1781860458.736630,-0.04337347,-0.18251218,-0.38794094,0.23285422
60,1781860458.808894,-0.34577513,-0.50853936,-0.80762271,0.47884235
60,1781860458.864190,-0.65653993,-0.87072016,-1.23005731,0.50988647
60,1781860458.927693,-0.72123143,-0.91104835,-1.10927105,0.02952664
60,1781860458.992671,-0.51450092,-0.59547166,-0.51498878,-0.56713124
60,1781860459.055985,-0.28565029,-0.25270345,-0.10051369,-0.41885951
60,1781860459.130867,-0.13536802,-0.02056042,-0.00773272,0.35822046
60,1781860459.193756,0.12767775,0.29734854,0.30660450,0.56348231
60,1781860459.265926,0.53360248,0.69234783,0.91807434,-0.23528187
60,1781860459.324001,0.77810800,0.85089576,1.20535652,-0.98942067
60,1781860459.389796,0.71208410,0.73145509,0.99239070,-0.84853368
60,1781860459.458975,0.56571992,0.64420374,0.80251584,-0.28040936
60,1781860459.533356,0.51823937,0.69822910,0.85764443,0.07227084
60,1781860459.598846,0.46523571,0.69526461,0.81801986,0.37681557
60,1781860459.664366,0.28168303,0.47340044,0.46061802,0.71833776
60,1781860459.727592,-0.02096783,0.00493433,-0.11242326,0.50322236
60,1781860459.803412,-0.32182626,-0.52943683,-0.65133619,-0.30107411
60,1781860459.853380,-0.41155043,-0.68393596,-0.79419908,-0.56948047
60,1781860459.936364,-0.26704151,-0.34583557,-0.49725863,0.25512077
60,1781860459.999824,-0.27991372,-0.20587546,-0.41362621,0.98982821
60,1781860460.062202,-0.71460251,-0.79857273,-1.00524219,0.43100040
60,1781860460.129393,-1.06605967,-1.38627045,-1.51993328,-0.65527897
60,1781860460.189210,-0.64608489,-0.86054046,-0.91882774,-0.54856564
60,1781860460.258857,0.24985992,0.42055248,0.37589372,0.75645532
60,1781860460.335052,0.56467607,0.89169905,0.85254742,1.28624588
60,1781860460.397567,-0.00798752,0.03356878,0.09131175,-0.05685828
60,1781860460.462767,-0.58088536,-0.85819588,-0.64658644,-1.71740815
60,1781860460.526720,-0.43330178,-0.63493424,-0.36384231,-1.66051871
60,1781860460.591742,0.08091011,0.21117473,0.39257899,-0.17963605
60,1781860460.657643,0.37251576,0.68155166,0.74817738,0.85150385
60,1781860460.738389,0.44796453,0.66539835,0.69807399,0.64899211
60,1781860460.800780,0.52871354,0.52408449,0.50925508,0.03583037
60,1781860460.861306,0.69704685,0.45436424,0.24928525,-0.13208861
60,1781860460.929542,1.11149261,0.74565338,0.31024697,0.24436565
60,1781860460.989643,1.75638150,1.54568323,1.05440302,0.98558814
60,1781860461.056801,2.00717316,2.15172922,1.80922243,1.71088482
60,1781860461.132442,1.21562357,1.57567775,1.48899061,1.56924910
60,1781860461.198823,-0.47742381,-0.23720960,0.00294689,0.00020273
60,1781860461.264840,-2.41001765,-2.47211498,-1.91153767,-2.18724253
60,1781860461.321173,-3.84744373,-4.11099232,-3.43132490,-3.31319445
60,1781860461.386032,-3.89271570,-4.08332100,-3.56892274,-2.47643578
60,1781860461.449568,-2.10776794,-2.00028338,-1.80622150,-0.30411646
60,1781860461.529763,0.45716348,0.82382549,0.69401829,1.74392611
60,1781860461.598116,2.06710607,2.42263248,2.08211524,2.44496268
60,1781860461.663537,2.25523690,2.37654104,2.06894470,1.50658030
60,1781860461.722790,1.84464047,1.71915163,1.64208950,-0.17010642
60,1781860461.791331,1.29449944,1.04117513,1.07471720,-1.00766326
60,1781860461.854598,0.37517624,0.13317535,-0.02856372,-0.28193223
60,1781860461.935762,-0.69559599,-0.84020242,-1.23148390,0.86648486
60,1781860461.998336,-1.12595855,-1.19678786,-1.50463368,0.83255772
60,1781860462.062732,-0.65994662,-0.72939820,-0.73448029,-0.22610792
60,1781860462.127531,0.09901944,0.04130368,0.21581961,-0.81575031
60,1781860462.189585,0.54074754,0.57291041,0.73488401,-0.45598055
60,1781860462.255828,0.59709449,0.72813602,0.86733551,-0.02865608
60,1781860462.335270,0.45365342,0.59061879,0.73448420,-0.02423753
60,1781860462.399474,0.21840402,0.26030256,0.31349258,-0.03966312
60,1781860462.456852,0.01360531,0.01346658,0.01478209,-0.00575073
60,1781860462.526125,-0.29555813,-0.30765533,-0.35287484,0.13097948
60,1781860462.592833,-0.81714661,-0.83393612,-0.90599059,0.21854086
60,1781860462.655512,-1.09065795,-1.08741762,-1.10258875,0.07280660
60,1781860462.735874,-1.13033560,-1.11003103,-1.07501472,-0.05817636
60,1781860462.807342,-1.03285517,-1.01729548,-0.97684307,-0.09843629
60,1781860462.857454,-0.80255749,-0.80771407,-0.76395319,-0.19344021
60,1781860462.930489,-0.37471482,-0.40711668,-0.35842123,-0.32069283
60,1781860462.990946,0.15501440,0.09105020,0.10521760,-0.30896519
60,1781860463.055032,0.51570104,0.42285063,0.37384267,-0.17337151
60,1781860463.136824,0.57494303,0.47455790,0.39637760,-0.08780717
60,1781860463.198774,0.51466450,0.43992560,0.40015995,-0.13829893
60,1781860463.262143,0.59019266,0.57566993,0.61899015,-0.22873535
60,1781860463.326614,0.81431619,0.91635885,1.04445727,-0.10303546
60,1781860463.391025,0.94381281,1.22685094,1.41867397,0.36070287
60,1781860463.455374,0.72324683,1.14662565,1.37714590,0.76264377
60,1781860463.536187,0.16463332,0.52346864,0.74368759,0.54814732
60,1781860463.598477,-0.37564423,-0.29162161,-0.17330618,-0.13560819
60,1781860463.662500,-0.53241573,-0.74019378,-0.81566642,-0.52319126
60,1781860463.725608,-0.38874578,-0.73951172,-1.02864810,-0.24370912
60,1781860463.798655,-0.36307015,-0.70997898,-1.12155654,0.25572735
60,1781860463.854439,-0.60495684,-0.87275756,-1.23355695,0.36775581
60,1781860463.935582,-0.82716653,-0.98656347,-1.16120341,0.06027725
60,1781860463.997509,-0.76268931,-0.82422799,-0.82974359,-0.22153879
60,1781860464.066069,-0.42857650,-0.42932847,-0.37292798,-0.22600481
60,1781860464.128254,0.04928183,0.10185732,0.18077158,-0.10415453
60,1781860464.196564,0.51159286,0.64258761,0.77055642,0.01196579
60,1781860464.251302,0.71822658,0.90254255,1.05535723,0.12456935
60,1781860464.336369,0.56189950,0.70027986,0.81134189,0.10802818
60,1781860464.400063,0.28449033,0.30473660,0.35169445,-0.10562886
60,1781860464.461761,0.21958469,0.15071528,0.14330640,-0.24304083
60,1781860464.527287,0.35873864,0.27634844,0.22321472,-0.11569244
60,1781860464.589937,0.38800845,0.34317420,0.29844534,-0.00041680
60,1781860464.656119,0.14717683,0.17297754,0.23278778,-0.13448800
60,1781860464.737553,-0.15641148,-0.02846921,0.17207333,-0.28709194
60,1781860464.797507,-0.25901960,-0.02730925,0.25554459,-0.20224288
60,1781860464.863065,-0.19418351,0.08741972,0.36255661,0.02557060
60,1781860464.925171,-0.21684990,0.01381239,0.19532483,0.19435916
60,1781860464.990569,-0.44495714,-0.37183376,-0.33777268,0.15446880
60,1781860465.054641,-0.65568818,-0.76507077,-0.83631785,-0.15080384
60,1781860465.136595,-0.49668268,-0.67606504,-0.74541773,-0.43510359
60,1781860465.198737,0.05142053,-0.06368661,-0.11076596,-0.26901053
60,1781860465.265181,0.55149246,0.47357122,0.32785071,0.26810679
60,1781860465.323454,0.58693404,0.39187579,0.02516841,0.67877279
60,1781860465.389688,0.22564783,-0.15494155,-0.71593110,0.71337808
60,1781860465.453955,-0.09532984,-0.57346435,-1.16013077,0.42918075
60,1781860465.533381,0.01158040,-0.41973885,-0.85141812,0.00142367
60,1781860465.600985,0.58363576,0.35933409,0.16536932,-0.11996482
60,1781860465.663407,1.17330189,1.30868489,1.34862104,0.37743697
60,1781860465.728528,1.03095722,1.50014917,1.76494980,0.80824915
60,1781860465.803643,-0.21607361,0.29187328,0.77610129,0.09379440
60,1781860465.853738,-1.90921691,-1.64218476,-0.99879326,-1.48828305
60,1781860465.936059,-2.67069062,-2.55254936,-1.85001744,-2.31092625
60,1781860466.000345,-1.70352029,-1.39500258,-0.70936947,-1.49127281
60,1781860466.062476,0.29094560,0.87859480,1.45514187,0.04390249
60,1781860466.126404,1.79387548,2.32162811,2.61547047,0.92497955
60,1781860466.190836,2.00030172,2.09891267,1.97079930,0.89656323
60,1781860466.259335,1.33801671,1.01589095,0.53635062,0.62248335
60,1781860466.335830,0.60769377,0.15055731,-0.47196241,0.65399488
60,1781860466.402452,0.13853998,-0.25626628,-0.89298553,0.95662560
60,1781860466.465541,-0.17123916,-0.51560382,-1.10041728,0.95083560
60,1781860466.523324,-0.46340173,-0.82020721,-1.18727057,0.04056394
60,1781860466.594539,-0.75634795,-1.11566137,-1.12081186,-1.40050905
60,1781860466.656078,-0.93660602,-1.25131754,-1.03423553,-2.10293507
60,1781860466.735510,-0.83753277,-1.07558866,-0.93520426,-1.49651191
60,1781860466.812039,-0.45786767,-0.56992611,-0.60687258,-0.29702435
60,1781860466.862390,-0.04779445,0.05173077,-0.05057187,0.79811216
60,1781860466.927129,0.14819522,0.48447503,0.41101878,1.62026863
60,1781860466.989815,0.12863050,0.57397115,0.58473270,1.71850835
60,1781860467.056268,0.02549705,0.39300972,0.57424515,0.73661850
60,1781860467.134794,-0.07422711,0.15504079,0.50901445,-0.49313900
60,1781860467.198107,-0.09415262,0.07891346,0.45272426,-0.79382897
60,1781860467.263192,0.07734595,0.26192496,0.51835196,-0.28411711
60,1781860467.328490,0.46720804,0.63753638,0.78324036,0.09737503
60,1781860467.392534,0.91992767,1.04671838,1.13810325,0.14000957
60,1781860467.453617,1.18194248,1.30459942,1.38267995,0.17627384
60,1781860467.535963,1.06867719,1.20608387,1.35289916,-0.03720558
60,1781860467.597429,0.58595261,0.63793907,0.87928613,-0.74881136
60,1781860467.662192,-0.05016559,-0.20443069,-0.10250234,-1.01309653
60,1781860467.727419,-0.55520035,-0.90972699,-1.26803230,0.01494241
60,1781860467.804801,-0.80073796,-1.29335298,-2.04555573,1.02651896
60,1781860467.849807,-0.84480864,-1.47090849,-2.16096390,0.25290720
60,1781860467.935032,-0.73490023,-1.41310797,-1.75989907,-1.31056069
60,1781860467.997175,-0.45742215,-0.91512438,-1.05115165,-1.27203795
60,1781860468.068212,-0.12540725,-0.14443488,-0.22122584,0.22842043
60,1781860468.129295,0.03331301,0.35720839,0.42939567,0.99535958
60,1781860468.189440,-0.02914380,0.39341613,0.70487759,0.43933004
60,1781860468.256502,-0.12382407,0.31375003,0.77016631,-0.07450992
60,1781860468.335090,-0.11902671,0.39132756,0.86592399,0.14140150
60,1781860468.398785,-0.07320139,0.47937623,0.90454402,0.50383201
60,1781860468.463110,-0.05558996,0.36952656,0.63257453,0.64088714
60,1781860468.526495,-0.04983491,0.09883888,0.08690443,0.63511246
60,1781860468.592213,-0.06799376,-0.19157689,-0.39654362,0.32182498
60,1781860468.655812,-0.15673043,-0.41270129,-0.58043455,-0.34892853
60,1781860468.736579,-0.21157056,-0.44449904,-0.45540652,-0.87796434
60,1781860468.798872,-0.00857079,-0.16849445,-0.08191292,-0.97478512
60,1781860468.861583,0.42457595,0.25502826,0.33403377,-0.98288382
60,1781860468.926583,0.75722956,0.46217608,0.43687439,-1.06671189
60,1781860468.990118,0.93093131,0.52932226,0.32108944,-0.76469084
60,1781860469.057178,1.38163535,1.10845203,0.75869508,0.30280434
60,1781860469.131737,2.19153236,2.30906696,1.98692051,1.73868360
60,1781860469.198481,2.38556727,2.82739017,2.62667693,2.54085791
60,1781860469.276478,0.87704902,1.20918695,1.04129347,1.97733436
60,1781860469.337585,-1.85791802,-1.96449356,-2.17052243,0.39328024
60,1781860469.390838,-3.81100130,-4.18959692,-4.28703732,-1.11180589
60,1781860469.454036,-3.51666065,-3.75832641,-3.53411838,-1.84226078
60,1781860469.535512,-1.61490497,-1.56752791,-1.05690372,-1.83187381
60,1781860469.599138,0.04987861,0.24843799,0.76159131,-1.24403663
60,1781860469.663185,0.46183794,0.71183562,1.02745807,-0.25950792
60,1781860469.727427,0.07654238,0.41205916,0.58742996,0.63328450
60,1781860469.799562,-0.21338506,0.18560448,0.35438601,0.91033922
60,1781860469.854842,-0.08781680,0.23353298,0.42557234,0.51134773
60,1781860469.934197,0.24896007,0.38358106,0.55196868,-0.13352748
60,1781860470.000250,0.62754801,0.57453624,0.64934506,-0.50545637
60,1781860470.060487,1.09900622,0.87755165,0.76497493,-0.43054882
60,1781860470.128733,1.64724368,1.24724642,0.85231645,-0.02003815
60,1781860470.190415,2.00905752,1.44832259,0.71046034,0.70043586
60,1781860470.258781,1.94176834,1.28986570,0.25357429,1.52003474
60,1781860470.336722,1.47561282,0.84313137,-0.20002388,1.62397675
60,1781860470.401895,0.68128414,0.27871638,-0.24123118,0.46416907
60,1781860470.463546,-0.51465398,-0.39621896,0.02108495,-1.18185316
60,1781860470.530057,-1.88486131,-1.14744284,0.10430118,-2.03385934
60,1781860470.591911,-2.66906288,-1.62699371,-0.14585827,-1.73625250
60,1781860470.654363,-2.41801428,-1.55629565,-0.51239465,-0.72042569
60,1781860470.735394,-1.69737984,-1.24541759,-0.91211231,0.46921957
60,1781860470.809552,-1.26255154,-1.16134142,-1.34738469,1.13592062
60,1781860470.859776,-0.96658356,-1.13574682,-1.51290715,0.82250788
60,1781860470.927207,-0.21868437,-0.60381237,-1.02537082,0.14406127
60,1781860470.990436,0.92387149,0.49025004,0.01706453,0.15645291
60,1781860471.057798,1.84103822,1.53919164,1.05165087,0.73431287
60,1781860471.137012,2.14148278,1.92401819,1.53604840,0.67424917
60,1781860471.197514,1.80897795,1.49470559,1.28348403,-0.40750614
60,1781860471.265178,0.98577779,0.59970817,0.56787158,-1.40078630
60,1781860471.322897,0.10243382,-0.11345566,0.02735491,-1.41054187
60,1781860471.389395,-0.22030456,-0.17277911,0.14062153,-1.05138225
60,1781860471.454179,0.11059851,0.23604313,0.63490061,-1.08118935
60,1781860471.537963,0.40403551,0.47961612,0.73926437,-0.72788074
60,1781860471.598408,0.05854064,0.24495600,0.15516195,1.09224810
60,1781860471.662409,-0.63616372,-0.17743530,-0.58193235,3.41355629
60,1781860471.727491,-0.95321437,-0.39953250,-0.82555780,3.87417393
60,1781860471.797069,-0.70411041,-0.39347115,-0.54144813,1.81356135
60,1781860471.854948,-0.33467784,-0.35206800,-0.15021604,-0.86697547
60,1781860471.936328,-0.20916591,-0.36871002,0.03252817,-2.21756884
60,1781860471.998795,-0.28560988,-0.44643505,-0.06194306,-2.15641320
60,1781860472.063779,-0.46490168,-0.63827639,-0.40949005,-1.59031374
60,1781860472.126292,-0.69129184,-0.86762343,-0.76964956,-1.08471904
60,1781860472.190959,-0.65571741,-0.74873961,-0.63269731,-0.82672893
60,1781860472.257893,-0.06618087,-0.06395623,0.11945254,-0.71647820
60,1781860472.331789,0.70172838,0.69786819,0.74226848,-0.19084222
60,1781860472.398264,0.95972577,0.89566892,0.56767706,1.04370995
60,1781860472.460865,0.73594395,0.67593456,0.08811949,2.08716547
60,1781860472.528924,0.62795089,0.63079082,0.17365437,1.81893990
60,1781860472.591131,0.69710838,0.73204986,0.59560394,0.67773783
60,1781860472.649589,0.46719212,0.47471062,0.47539990,0.02700560
60,1781860472.733175,-0.02951009,-0.05884419,-0.03255334,-0.17873449
60,1781860472.800978,0.22790406,0.25927957,0.26288272,0.08923835
60,1781860472.863301,0.60528919,0.72739150,0.75011656,0.31931971
60,1781860472.926535,0.75930283,0.93494367,1.05418139,0.18123493
60,1781860472.992089,0.73432819,0.94227581,1.13260522,0.05661097
60,1781860473.057338,0.57251587,0.78075138,0.98987069,-0.00283985
60,1781860473.135560,0.30225560,0.45479043,0.71480223,-0.34534586
60,1781860473.199560,0.02889121,0.12389939,0.42714614,-0.66911379
60,1781860473.263093,-0.12071432,0.00702004,0.17712052,-0.13613110
60,1781860473.324064,-0.10996002,0.08978348,0.00341594,0.91933418
60,1781860473.392126,0.00466732,0.14047614,-0.03756949,1.00847949
60,1781860473.456362,0.11901282,0.03164130,-0.02644090,-0.09411267
60,1781860473.518542,0.15236013,-0.13405232,-0.16811269,-0.81085960
60,1781860473.600147,0.11580716,-0.26864264,-0.54017089,-0.36284033
60,1781860473.662351,0.03058744,-0.46716855,-0.98533760,0.06559138
60,1781860473.726445,-0.15336146,-0.73809741,-1.17836253,-0.46421480
60,1781860473.795191,-0.41023755,-0.82467125,-0.86729486,-1.19470297
60,1781860473.854174,-0.62597392,-0.71257945,-0.39609917,-1.29519838
60,1781860473.919342,-0.89147895,-0.91401644,-0.55794541,-1.21654775
60,1781860473.998574,-1.32076289,-1.45969503,-1.15574632,-1.42306806
60,1781860474.063439,-1.33999917,-1.16376579,-0.63132742,-1.14456056
60,1781860474.126732,-0.04986757,0.75542782,1.45612860,0.33608419
60,1781860474.187594,2.07357694,2.78249658,2.90070986,1.89806210
60,1781860474.263139,2.92409754,2.64002877,1.85060813,1.62380042
60,1781860474.315918,1.30580304,0.50171339,-0.19837002,-0.33419365
60,1781860474.392986,-1.22403852,-1.27149313,-0.84756079,-1.51466412
60,1781860474.463592,-2.24732814,-1.43904453,-0.51475408,-0.37275406
60,1781860474.528750,-1.37720786,-0.90064679,-0.95653260,1.71086233
60,1781860474.590656,-0.17555275,-0.56357143,-1.69279097,2.38163224
60,1781860474.657156,0.11959384,-0.25563033,-0.93261893,0.96963175
63,1781860475.490332,0.01000691,0.00446879,0.00803826,-0.05184372
63,1781860475.566335,0.72227692,0.74873989,0.80775069,-0.18527419
63,1781860475.631546,1.83975470,1.92399152,2.02339614,-0.08634076
63,1781860475.698572,1.86508312,1.99867518,2.02550047,0.60775589
63,1781860475.760825,0.42988152,0.62506864,0.59017180,1.30972288
63,1781860475.789932,-1.22709299,-0.97780969,-0.95393290,1.28309713
63,1781860475.856248,-1.45442907,-1.21660962,-1.05999579,0.46225245
63,1781860475.918341,-0.50477784,-0.35499913,-0.09298708,-0.63887362
63,1781860475.999216,-0.04429034,0.00160712,0.31060090,-1.49764139
63,1781860476.064039,-0.62272266,-0.64877824,-0.38538675,-1.64763963
63,1781860476.127240,-1.23762527,-1.31030799,-1.24783124,-0.76937772
63,1781860476.194277,-1.12336365,-1.21823707,-1.41677814,0.59011455
63,1781860477.198074,-0.55453648,-0.62315972,-0.89026535,1.12983513
63,1781860477.258134,-0.00315945,-0.00815352,-0.08573311,0.41318358
63,1781860477.329304,0.46160250,0.50322529,0.62323078,-0.44618329
63,1781860477.392236,0.85498712,0.88100666,0.97178560,-0.36863442
63,1781860477.452327,0.98365223,0.90520799,0.76797446,0.33465033
63,1781860477.512146,0.77185907,0.50503237,0.10868148,0.73729955
63,1781860477.593604,0.65466613,0.22926896,-0.29966231,0.58935432
63,1781860477.657683,1.14238955,0.76957768,0.34282190,0.30706863
63,1781860477.726243,1.84697525,1.74994909,1.62342541,0.16791085
63,1781860477.790949,1.60083735,1.76930819,1.94509317,-0.04163476
63,1781860477.855794,0.04071120,0.27363198,0.61061264,-0.59234732
63,1781860477.920110,-1.60598968,-1.43238079,-1.03932156,-1.24919238
63,1781860477.997445,-1.99918541,-1.84471073,-1.43234018,-1.46803859
63,1781860478.061305,-1.30314745,-1.12115372,-0.74302405,-1.11647819
63,1781860478.123696,-0.61001935,-0.44043900,-0.17799880,-0.52859253
63,1781860478.191985,-0.38960300,-0.28024697,-0.18929144,0.10474243
63,1781860478.251931,-0.29400086,-0.23532396,-0.31504326,0.78780225
63,1781860478.316368,-0.04271772,-0.01151016,-0.19257853,1.20835297
63,1781860478.398256,0.23538529,0.22319549,0.05562648,0.88447591
63,1781860478.462543,0.36615187,0.27899782,0.19640550,-0.02596709
63,1781860478.524420,0.33979174,0.19041609,0.15119307,-0.62702945
63,1781860478.589913,0.18668898,0.04072035,-0.05181412,-0.30416697
63,1781860478.658711,-0.07919357,-0.16095846,-0.32985824,0.49600399
63,1781860478.716714,-0.36916244,-0.37639548,-0.53781700,0.87769773
63,1781860478.798296,-0.51435032,-0.46977851,-0.53706866,0.63675957
63,1781860478.862773,-0.39846364,-0.33131102,-0.30356084,0.22429329
63,1781860478.927162,-0.05375665,-0.00991049,0.07269248,-0.22061804
63,1781860478.986368,0.37477700,0.34070566,0.45868653,-0.86553734
63,1781860479.055315,0.72054561,0.60215138,0.70968243,-1.28605017
63,1781860479.118944,0.86459272,0.72213518,0.72743875,-0.84111082
63,1781860479.197250,0.77285432,0.66789129,0.55880584,0.02346629
63,1781860479.264688,0.49987567,0.44873381,0.34638762,0.29147392
63,1781860479.328426,0.16244082,0.16694524,0.15275063,0.10644172
63,1781860479.391113,-0.11322035,-0.05156703,-0.05371257,0.36316667
63,1781860479.448472,-0.26011163,-0.17798168,-0.24429434,0.84499020
63,1781860479.519452,-0.28855198,-0.24676586,-0.30771418,0.58480238
63,1781860479.596995,-0.23852521,-0.24468178,-0.21178492,-0.22230649
63,1781860479.661099,-0.17368313,-0.17311687,-0.08436010,-0.50201299
63,1781860479.721282,-0.19424165,-0.15525388,-0.07373786,-0.24208645
63,1781860479.953612,-0.32508527,-0.28403629,-0.16489246,-0.44454473
63,1781860479.983711,-0.42984070,-0.42777393,-0.20967246,-1.22974933
63,1781860480.030968,-0.38120334,-0.38906905,-0.13501461,-1.49094613
63,1781860480.095030,-0.23457563,-0.18142433,-0.01398085,-0.65059324
63,1781860480.158269,-0.10645236,0.02049862,0.07286547,0.42456041
63,1781860480.220276,-0.01170416,0.11762584,0.12319444,0.70449553
63,1781860480.290353,0.07932368,0.15474286,0.16671921,0.36114004
63,1781860480.370000,0.15340615,0.21397321,0.21455236,0.34147326
63,1781860480.425717,0.18242978,0.28725752,0.21883887,0.98618239
63,1781860480.496324,0.16824780,0.27171900,0.11378635,1.48800722
63,1781860480.557606,0.16133751,0.14948870,-0.01361060,0.86097365
63,1781860480.618123,0.20821805,0.04423946,-0.01645813,-0.58791360
63,1781860480.687332,0.21801238,-0.07009373,-0.14010898,-1.24145368
63,1781860480.764255,0.04590979,-0.40770840,-0.84181206,-0.11108388
63,1781860480.828096,-0.15730493,-0.79865127,-1.71112673,1.54336711
63,1781860480.904052,-0.01359757,-0.60731432,-1.44304610,1.37763883
63,1781860482.493050,0.44066274,0.27223699,0.28052993,-1.00594807
63,1781860482.560233,0.65290245,1.00931547,1.90812348,-3.08751263
63,1781860482.622950,0.36522792,0.98103013,2.02287706,-2.42520389
63,1781860482.686846,-0.02446533,0.55687257,1.11764085,0.11708979
63,1781860482.768553,-0.15451299,0.27641446,0.42306609,1.61820294
63,1781860482.830555,-0.17329706,0.08262859,0.15709136,1.03295369
63,1781860482.896972,-0.32096941,-0.23379079,-0.14324135,-0.01918794
63,1781860482.959635,-0.54815693,-0.56190933,-0.54780075,-0.15859495
63,1781860483.023439,-0.71412343,-0.75340872,-0.81057274,0.10177236
63,1781860483.089494,-0.79706809,-0.86764925,-0.90074315,-0.21339129
63,1781860483.167780,-0.78379234,-0.92706117,-0.88877483,-1.03347906
63,1781860483.227948,-0.59256567,-0.77226912,-0.69453648,-1.46542130
63,1781860483.293494,-0.24806717,-0.37438790,-0.35178675,-0.84771834
63,1781860483.360561,0.01653865,-0.04824144,-0.17990203,0.38070848
63,1781860483.437258,0.10599615,0.03019683,-0.22030918,0.99449504
63,1781860483.485538,0.47532035,0.38252468,0.18274346,0.60900126
63,1781860483.568163,1.64530377,1.59225745,1.48922355,0.28454775
63,1781860483.630406,3.06328358,3.00515671,2.80321727,0.81863430
63,1781860483.698625,3.22490156,3.05667139,2.62573839,1.49540149
63,1781860483.759982,1.52524455,1.30525376,0.84745913,1.35366726
63,1781860483.829330,-0.77836328,-0.86834853,-1.06780747,0.62316472
63,1781860483.903254,-2.11414859,-2.02420680,-1.94344382,0.05224918
63,1781860483.966459,-2.33178892,-2.14460689,-1.89212130,-0.37173203
63,1781860484.030603,-2.26317543,-2.01600613,-1.56929534,-1.13586385
63,1781860484.366744,-2.27419593,-1.99661015,-1.37201652,-1.97529681
63,1781860485.426586,-1.93890521,-1.74643647,-1.22019554,-1.89995462
63,1781860485.490501,-0.88233413,-0.84196543,-0.67616986,-0.71397603
63,1781860485.567768,0.50164912,0.46565632,0.36020418,0.39538812
63,1781860485.630010,1.35362649,1.30541755,1.18880800,0.38936151
63,1781860485.698020,1.32496140,1.22178723,1.18211467,-0.36147458
63,1781860485.760399,0.91625001,0.72852694,0.70187785,-0.91689259
63,1781860485.842620,0.70609856,0.49569080,0.44484581,-0.90829021
63,1781860485.899015,0.68322016,0.52907267,0.44912053,-0.42234735
63,1781860485.966170,0.58147448,0.51290417,0.39042729,0.30685604
63,1781860486.033146,0.41429196,0.42320478,0.27598435,0.88876808
63,1781860486.089473,0.36077967,0.42820240,0.29788161,1.12562914
63,1781860486.158746,0.45203671,0.55832224,0.45303324,1.20436030
63,1781860486.239029,0.60189051,0.73532431,0.65158531,1.23622775
63,1781860486.285674,0.69898030,0.86312351,0.82633030,1.14380427
63,1781860486.375183,0.56187609,0.75920486,0.77432819,1.03718063
63,1781860486.427758,0.05875058,0.24774542,0.26428683,0.98166859
63,1781860486.492818,-0.66474412,-0.57891635,-0.58955706,0.54913422
63,1781860486.558828,-1.28678237,-1.38122818,-1.35837819,-0.66769106
63,1781860486.642605,-1.63017764,-1.88873370,-1.75250945,-2.24723530
63,1781860486.687782,-1.70453792,-2.03523200,-1.81608001,-3.12992691
63,1781860486.769346,-1.51611797,-1.81978718,-1.66866170,-2.58885933
63,1781860486.830697,-1.04792844,-1.24728084,-1.27372381,-0.98426433
63,1781860486.895741,-0.38336486,-0.42713886,-0.55194900,0.46128756
63,1781860486.958929,0.29830649,0.40878323,0.36620541,0.87124309
63,1781860487.035550,0.81937667,1.01549984,1.12148051,0.51312434
63,1781860487.085549,1.06991864,1.26464287,1.44096112,0.10477365
63,1781860487.167820,1.11473421,1.27643147,1.45555122,-0.09917526
63,1781860487.225678,1.21460378,1.36509543,1.53327940,-0.10071125
63,1781860487.294234,1.45480348,1.57750568,1.67096549,0.16645841
63,1781860487.363317,1.38066208,1.38195712,1.29676846,0.49229721
63,1781860487.433669,0.47990730,0.30521970,0.03079283,0.56775275
63,1781860487.484353,-0.92543157,-1.17626589,-1.55471110,0.72640833
63,1781860487.568039,-1.82525174,-1.98574004,-2.39358157,1.40802593
63,1781860487.626240,-1.63024690,-1.65364190,-2.00671171,1.87663083
63,1781860487.693598,-0.61405393,-0.59159863,-0.74105591,0.97858982
64,1781860492.493072,-0.20172965,-0.15559521,-0.05093433,-0.15948703
64,1781860492.558317,0.95403188,0.96285764,0.75380605,0.59372493
64,1781860492.636809,2.46566509,2.46293588,1.97252540,1.32895192
64,1781860492.683952,2.42496443,2.49792807,2.25941308,0.84879231
64,1781860492.751094,1.67931871,1.74800265,1.71599075,0.27440038
64,1781860492.830046,1.19005502,1.17384609,1.04772279,0.29952129
64,1781860492.895699,0.91944679,0.86067721,0.63498186,0.45487971
64,1781860492.957780,0.40717041,0.31809837,0.14854058,0.21932705
64,1781860493.028050,-0.28104524,-0.46025587,-0.54967511,-0.24468532
64,1781860493.085116,-0.67928014,-0.89437479,-0.94924795,-0.43661030
64,1781860493.149421,-0.63825019,-0.74238462,-0.78236026,-0.17483538
64,1781860493.225391,-0.43650803,-0.44870639,-0.48385539,0.06254143
64,1781860493.295199,-0.30022895,-0.38820353,-0.35063755,-0.34210332
64,1781860493.353168,-0.22649203,-0.39294287,-0.15153267,-1.11143841
64,1781860493.429832,-0.26403784,-0.29565060,0.09479152,-1.15011726
64,1781860493.483266,-0.56552380,-0.33513558,-0.08832667,-0.04474704
64,1781860493.547793,-1.05253341,-0.66027475,-0.70838574,1.20002578
64,1781860493.631093,-1.34924833,-0.93850894,-1.04868339,1.41951205
64,1781860493.695025,-1.22760107,-0.86458594,-0.72887480,0.61941294
64,1781860493.759753,-0.88924977,-0.65878831,-0.25139870,-0.48213663
64,1781860493.829037,-0.60984204,-0.61846841,-0.06116040,-1.54219492
64,1781860493.882929,-0.32602389,-0.50493911,0.19451509,-2.39359354
64,1781860493.949350,0.13885543,0.07633360,0.87768164,-2.35408164
64,1781860494.031980,0.62073121,0.86922356,1.50137018,-1.04547402
64,1781860494.093553,0.74308469,1.12939919,1.36183998,0.41931230
64,1781860494.156541,0.41549144,0.59119331,0.51020704,0.69948596
64,1781860494.233108,-0.05740143,-0.18453934,-0.45809955,0.39900693
64,1781860494.287196,-0.25075249,-0.45467857,-1.02606340,1.00134050
64,1781860494.352475,0.11662217,0.00895405,-0.82362338,1.97540830
64,1781860494.430259,0.85812172,0.74766824,0.11818358,1.41438171
64,1781860494.494144,1.15032833,0.90532625,0.84944444,-0.51536070
64,1781860494.558539,0.29729756,0.00533323,0.25668931,-1.48057092
64,1781860494.628434,-1.14793095,-1.32969293,-1.28612561,-0.61403182
64,1781860494.682675,-1.84774136,-1.92881003,-2.16792458,0.43068166
64,1781860494.748047,-1.41429775,-1.47540654,-1.69641709,0.43573903
64,1781860494.835268,-0.61546653,-0.62583499,-0.63437672,-0.00497791
65,1781860497.949789,-1.47922580,-1.46702800,-1.39372264,-1.02450430
65,1781860498.029026,-2.41009871,-2.38229503,-2.28678237,-1.13518079
65,1781860498.095277,-1.22266530,-1.23149609,-1.27268291,0.54246792
65,1781860498.159995,-0.03739062,-0.10910200,-0.25836232,1.30015345
65,1781860498.235787,0.54702824,0.48136432,0.36115677,0.91445624
65,1781860498.285293,0.57500769,0.58221699,0.55395350,0.59472228
65,1781860498.350849,0.49619669,0.55676810,0.56789363,0.82898928
65,1781860498.431475,0.58146679,0.64147341,0.64380047,0.96703183
65,1781860498.491194,0.72720943,0.77589899,0.78903488,0.59607831
65,1781860498.554085,0.76253605,0.81264265,0.85942291,0.05576792
65,1781860498.642569,0.71397016,0.75319295,0.81364469,-0.35591574
65,1781860498.684277,0.69181590,0.70313765,0.75538505,-0.68614282
65,1781860498.750484,0.68550472,0.67860159,0.72449882,-0.88522923
65,1781860498.828497,0.61568352,0.59457649,0.62769857,-0.90918289
65,1781860498.893773,0.51412576,0.45352814,0.45814810,-1.09341091
65,1781860498.957043,0.50413052,0.40645997,0.40020627,-1.53265711
65,1781860499.025597,0.58351079,0.51770899,0.53404209,-1.37704003
65,1781860499.081561,0.51022206,0.53167863,0.54850878,0.07756440
65,1781860499.147793,-0.02811968,0.03536584,-0.00528173,1.74585262
65,1781860499.225532,-1.08337672,-1.06287521,-1.14088770,1.65164507
65,1781860499.294732,-2.24753149,-2.27181839,-2.27967488,-0.27546549
66,1781860504.687859,0.01068379,0.00508832,0.00902813,-0.03363749
66,1781860504.745126,0.14901525,0.23224436,0.12846338,0.65971382
66,1781860504.825755,0.20870225,0.39103900,0.15189223,1.48686368
66,1781860504.896832,-0.03823931,0.14016650,-0.11331092,1.52355059
66,1781860504.961340,-0.20402938,-0.04237225,-0.27749330,1.39971084
66,1781860505.035431,-0.03109382,0.08315373,-0.06259588,0.91718967
66,1781860505.086434,0.22719768,0.20015626,0.26855894,-0.33669729
66,1781860505.153902,0.21840203,0.07338537,0.32523449,-1.40001989
66,1781860505.229591,0.01223635,-0.06207289,0.17405236,-1.09511696
66,1781860505.295554,-0.06643930,0.03707574,0.11868686,0.07727026
66,1781860505.359719,0.03935509,0.20124348,0.12863983,0.82721549
66,1781860505.454788,0.09140053,0.14861863,-0.01473767,0.77811834
66,1781860505.482342,-0.02410230,-0.08891380,-0.23551158,0.28851674
66,1781860505.546499,-0.16092991,-0.28110581,-0.33959152,-0.21762389
66,1781860505.630125,-0.17420089,-0.32653677,-0.39987129,-0.27869238
66,1781860505.694407,-0.08917674,-0.27432609,-0.50396846,0.15695759
66,1781860505.761068,-0.00248254,-0.17824664,-0.43383696,0.28160225
66,1781860505.856403,0.05510915,-0.06099448,-0.00458139,-0.60858566
66,1781860505.881657,0.10414644,0.06062524,0.53822272,-1.83834573
66,1781860505.950447,0.12099673,0.16898790,0.76980647,-1.95020428
66,1781860506.029248,0.07599354,0.24390110,0.57912155,-0.59022822
66,1781860506.096441,0.03678361,0.26579914,0.22504090,0.95167852
66,1781860506.158006,0.06231632,0.20875657,-0.00746667,1.27936472
66,1781860506.253631,0.06056418,0.05557406,-0.06129792,0.39468466
66,1781860506.284073,-0.04128890,-0.12406924,-0.03495356,-0.60639608
66,1781860506.351451,-0.11019195,-0.17071010,-0.01103749,-0.77676498
66,1781860506.431047,-0.01588670,-0.01449458,-0.03256838,0.06866974
66,1781860506.495559,0.12146570,0.18102473,-0.12378374,1.28537597
66,1781860506.558857,0.10281833,0.17396475,-0.24042898,1.71283563
66,1781860506.653773,-0.05008926,-0.03472447,-0.29724729,0.98030163
66,1781860506.690217,-0.13526456,-0.17121141,-0.27589362,0.24247711
66,1781860506.751810,-0.05426408,-0.08240322,-0.19833544,0.30970690
66,1781860506.830335,0.06686896,0.02742697,-0.05438359,0.14946325
66,1781860506.894942,0.05606758,-0.05762745,0.08940559,-0.91976812
66,1781860506.958361,-0.08556187,-0.22184973,0.04516100,-1.42271283
66,1781860507.056527,-0.19176294,-0.24536192,-0.19459661,-0.36816499
66,1781860507.085781,-0.10888782,-0.11792452,-0.27175614,0.51079176
66,1781860507.152355,0.13532594,0.03991171,0.07804613,-0.47111841
66,1781860507.231523,0.29074591,0.12230320,0.51325485,-1.97337048
66,1781860507.294999,0.12875945,0.06373271,0.48475076,-1.71461582
66,1781860507.357264,-0.19125049,-0.06564387,0.07162773,-0.04115042
66,1781860507.453615,-0.25663078,-0.07755966,-0.13028809,0.81771723
66,1781860507.482202,-0.00845198,0.07066033,0.06149971,0.31139959
66,1781860507.549702,0.19372027,0.23318467,0.24434410,0.09985119
66,1781860507.627051,0.21580451,0.36190472,0.22906712,0.98400638
66,1781860507.689367,0.29239910,0.51454157,0.26650166,1.65865819
66,1781860507.753428,0.42710600,0.56393698,0.36855988,1.17192748
66,1781860507.855688,0.31582153,0.30201136,0.19740608,0.32029704
66,1781860508.063957,-0.04627468,-0.16606277,-0.22715858,-0.20704823
66,1781860508.097957,-0.32929034,-0.51746784,-0.48033766,-0.79481586
66,1781860508.126982,-0.42294019,-0.63195465,-0.46414647,-1.32931385
66,1781860508.223874,-0.44393284,-0.58164607,-0.46620641,-0.89304516
66,1781860508.266875,-0.35388565,-0.39197181,-0.54084130,0.39080935
66,1781860508.321886,-0.09682762,-0.12332097,-0.47252099,1.13840938
66,1781860508.398081,0.12535779,0.05952604,-0.20446052,0.69902895
66,1781860508.467374,0.13616454,0.12049511,0.14859465,-0.15440337
66,1781860508.522100,0.06949392,0.17314979,0.46456493,-0.66235668
66,1781860508.623548,0.09303002,0.20020955,0.58209607,-0.96908141
66,1781860508.672041,0.13878505,0.09083975,0.42145240,-1.33543550
66,1781860508.719086,0.08893599,-0.07335667,0.14329357,-1.33679350
66,1781860508.800537,-0.01993053,-0.11132217,-0.06607523,-0.48201867
66,1781860508.858000,-0.08296253,-0.03311988,-0.18505963,0.71182601
66,1781860508.927226,-0.05901359,0.03493481,-0.21255412,1.20448540
66,1781860509.021257,0.01438096,0.07542358,-0.14684974,0.99945111
66,1781860509.058674,0.06784246,0.12658905,-0.10431795,1.02180834
66,1781860509.116567,0.08194307,0.15527650,-0.14123165,1.30468681
66,1781860509.201073,0.12541838,0.13899916,-0.08250699,0.82931410
66,1781860509.259271,0.25584815,0.15578201,0.20455242,-0.52504936
66,1781860509.325977,0.40287719,0.27199059,0.54825983,-1.43632002
66,1781860509.423915,0.43196620,0.42451169,0.68578802,-0.94799941
66,1781860509.462338,0.32690480,0.50336036,0.59318598,0.30560370
66,1781860509.526570,0.21526108,0.47319044,0.47917689,0.88877675
66,1781860509.599952,0.17208499,0.34897205,0.49318263,0.11527248
66,1781860509.662392,0.11379376,0.15383774,0.50135912,-1.08468530
66,1781860509.726566,-0.03846314,-0.04835619,0.26287926,-1.13284213
66,1781860509.823384,-0.25222867,-0.22304651,-0.19892413,0.01784934
66,1781860509.864386,-0.54323227,-0.52217932,-0.68802993,0.65933801
66,1781860509.913909,-0.99728682,-1.14412337,-1.23969101,-0.18086091
66,1781860509.993690,-1.44896710,-1.87268494,-1.89938588,-1.40055301
66,1781860510.062994,-1.44086721,-2.04335092,-2.18950008,-1.60980734
66,1781860510.126183,-0.82750265,-1.34420549,-1.62010569,-0.84947736
66,1781860510.225485,-0.12606286,-0.37105595,-0.64357214,0.09709303
66,1781860510.270268,0.16062419,0.16031956,-0.08728346,0.87239232
66,1781860510.318721,0.25517516,0.41651152,0.17289760,1.42853947
66,1781860510.401690,0.64786471,0.97461861,0.84290693,1.61732497
66,1781860510.466372,1.27151400,1.74418081,1.81596524,1.41418919
66,1781860510.528283,1.61659973,2.07948132,2.22765823,1.11018092
66,1781860510.623442,1.39079698,1.66236258,1.68537152,0.87683108
66,1781860510.667788,0.82857488,0.87011421,0.81533098,0.33979626
66,1781860510.719779,0.59945843,0.53516105,0.70460814,-0.82457831
66,1781860510.800277,1.20368511,1.19638016,1.71170454,-1.84367482
66,1781860510.857647,2.03514850,2.13011046,2.63302309,-1.43912391
66,1781860510.925735,1.64757841,1.72549267,1.77096303,0.11445205
66,1781860511.022943,-0.34052500,-0.42419391,-0.75731597,0.87999370
66,1781860511.061945,-2.40455228,-2.63323352,-2.84831737,-0.04796736
66,1781860511.122951,-3.02068516,-3.22481326,-3.07015499,-1.26568749
66,1781860511.200937,-2.51323546,-2.56332599,-2.23322951,-1.34118233
66,1781860511.260115,-2.13420139,-2.05259153,-1.77951756,-0.67542628
66,1781860511.330379,-2.18780461,-2.07787814,-1.93231415,-0.12571816
66,1781860511.423988,-1.95828811,-1.92300387,-2.01495360,0.44884212
66,1781860511.479395,-0.96139599,-1.07080833,-1.50334621,1.13988705
66,1781860511.532419,0.43034156,0.22102509,-0.28805845,1.05748566
66,1781860511.598815,1.50819104,1.35802809,1.29014303,-0.29025099
66,1781860511.666265,2.05345983,1.98613281,2.39860968,-1.69259991
66,1781860511.724380,2.45863426,2.23072634,2.42416691,-1.48638729
66,1781860511.823970,2.96216408,2.43564215,1.82494212,0.29695436
66,1781860511.855809,3.08487213,2.57735291,1.51613618,1.95327370
66,1781860511.918019,2.24530331,2.17913191,1.49925702,2.16495631
66,1781860511.995915,0.69652237,1.05388767,1.06999981,1.20383570
66,1781860512.062918,-0.70469344,-0.24849004,0.19543334,0.04332012
66,1781860512.126472,-1.51985152,-1.11389442,-0.47963906,-0.80536577
66,1781860512.223093,-1.97521850,-1.58207689,-0.82727846,-1.27581355
66,1781860512.261101,-2.30727007,-1.98825905,-1.29233902,-1.32961851
66,1781860512.320398,-2.40948986,-2.27885947,-1.88010446,-0.94586079
66,1781860512.398177,-2.10259046,-2.08398759,-2.02058392,-0.15804337
66,1781860512.466707,-1.31606711,-1.20438623,-1.33516593,0.85532604
66,1781860512.523285,-0.05095801,0.19030551,0.04060437,1.37920254
66,1781860512.623342,1.40298402,1.56658825,1.57498131,0.54753708
66,1781860512.675118,2.28155165,2.16863231,2.35818075,-1.06701285
66,1781860512.718090,1.94486459,1.58824935,1.62380745,-1.38346638
66,1781860512.800828,0.76100560,0.33282373,-0.16945327,0.26138471
66,1781860512.862282,-0.14425667,-0.56268764,-1.42583474,1.56882112
66,1781860512.928074,-0.18613910,-0.61417860,-1.21727381,0.61754247
66,1781860513.021322,0.13727882,-0.23877869,-0.34386572,-0.95590014
66,1781860513.061518,0.17195135,0.00771246,0.03056282,-0.65999308
66,1781860513.119822,-0.01416915,0.07950998,-0.01551363,0.66568494
66,1781860513.178609,-0.03028472,0.16508047,0.22772132,0.46821046
66,1781860513.259892,0.08646282,0.23325111,0.66846070,-1.01746123
66,1781860513.327674,0.02163101,0.16289775,0.66778149,-1.28272842
66,1781860513.420003,-0.25804195,-0.01399261,0.19399641,0.12720968
66,1781860513.467344,-0.54607875,-0.24817426,-0.25371949,1.07047689
66,1781860513.529348,-0.72545009,-0.53155000,-0.45548672,0.41569187
66,1781860513.584151,-0.72936165,-0.67998776,-0.47050777,-0.56480487
66,1781860513.660627,-0.47362985,-0.45269195,-0.28570243,-0.51522496
68,1781860514.222096,0.55486202,1.01873323,1.21452818,0.65852830
68,1781860514.258488,0.53531567,0.99431260,1.16432036,0.70990081
68,1781860514.319944,-0.57559631,-0.80444313,-0.99843146,-0.08562977
68,1781860514.384677,-1.14725459,-1.34144212,-1.63355815,0.24056097
68,1781860514.465971,-0.81783649,-0.42872009,-0.50741053,1.14916572
68,1781860514.530914,-0.48531185,0.12626771,0.27579449,1.13503088
68,1781860514.626494,-0.82842219,-0.62149347,-0.47201251,0.14112018
68,1781860514.661749,-1.12018393,-1.42405326,-1.38979200,-0.83061650
68,1781860514.720252,-0.36745758,-0.90800653,-0.84456841,-1.48369192
68,1781860514.787253,1.06700003,0.51509595,0.72478669,-1.87085476
68,1781860514.863332,1.87166246,1.48958225,1.67148242,-1.38541564
68,1781860514.937345,1.43626166,1.39741556,1.30101557,0.14138089
68,1781860515.023434,0.39706560,0.64576210,0.31924308,1.41301471
68,1781860515.058950,-0.25679220,0.03186334,-0.24636572,1.39254986
68,1781860515.115403,-0.16676830,0.09983177,-0.00600991,0.91490175
68,1781860515.183866,0.15297363,0.54742570,0.52705491,1.01901076
68,1781860515.262376,-0.12541472,0.36937928,0.44424617,1.03154936
68,1781860515.331696,-1.11804233,-0.78303132,-0.46075331,0.03127855
68,1781860515.427025,-1.83947505,-1.81383482,-1.31332567,-1.16651370
68,1781860515.460813,-1.30730832,-1.59028695,-1.32495172,-1.34693090
68,1781860515.520973,0.11853045,-0.52633841,-0.79535408,-0.92328193
68,1781860515.583416,1.19661648,0.31245344,-0.24602990,-0.80003098
68,1781860515.666399,1.44387455,0.92657282,0.62812771,-0.53762045
68,1781860515.731154,1.38170129,1.76695436,1.96796380,0.45259381
69,1781860514.258488,0.00403106,-0.00758638,-0.02563244,0.02481864
69,1781860514.319944,-0.60100844,-0.45632736,-0.23438651,-0.29827269
69,1781860514.384677,-1.64615609,-1.19125968,-0.61046028,-0.48606701
69,1781860514.465971,-2.18135797,-1.47452796,-0.73112718,-0.14118684
69,1781860514.530914,-1.94093806,-1.16079701,-0.41079161,0.11634315
69,1781860514.626494,-1.14703681,-0.49838688,0.07551902,0.28856026
69,1781860514.661749,-0.18888094,0.21723449,0.48818024,0.52184241
69,1781860514.720252,0.81724869,0.96522367,1.07812371,0.13541198
69,1781860514.787253,1.72734343,1.64661730,1.83955264,-1.05651023
69,1781860514.863332,2.10159665,1.85585378,2.03039794,-1.62257976
69,1781860514.937345,1.71604755,1.40496524,1.22951317,-0.52362049
69,1781860515.023434,0.96557265,0.68704014,0.14462100,1.01877303
69,1781860515.058950,0.41588303,0.20576624,-0.33885914,1.29141952
69,1781860515.115403,0.23074504,0.06752331,-0.23502348,0.53788481
69,1781860515.183866,0.19902173,0.08507553,-0.08074790,0.20027964
69,1781860515.262376,0.06993871,0.03420566,-0.15472699,0.59144954
69,1781860515.331696,-0.21521695,-0.22506593,-0.41153438,0.68186535
69,1781860515.427025,-0.49240427,-0.59213080,-0.67569590,-0.06239357
69,1781860515.460813,-0.73228973,-0.94001256,-0.92517946,-0.85920981
69,1781860515.520973,-1.40703548,-1.66859461,-1.69074447,-0.92427464
69,1781860515.583416,-2.76222304,-3.12010903,-3.33320793,-0.55897181
69,1781860515.666399,-3.63203124,-4.09015246,-4.46087868,-0.33740120
69,1781860515.731154,-2.37717625,-2.62623339,-2.84565749,-0.11440266
69,1781860515.825835,0.55795930,0.89256254,1.11626327,0.42815546
69,1781860515.859913,2.73075098,3.54576405,4.12330213,0.91680698
69,1781860515.922245,2.84219682,3.63033913,4.23325298,0.71510166
69,1781860515.981715,1.96180547,2.41445852,2.88337968,-0.06280541
69,1781860516.065967,1.33251234,1.52812007,1.86322366,-0.53854425
69,1781860516.129766,0.90596781,0.96404644,1.05435268,-0.12441944
69,1781860516.226856,0.34735954,0.23632299,-0.06783118,0.74555891
69,1781860516.261144,-0.15722842,-0.47890388,-1.09580075,1.13974560
69,1781860516.321401,-0.41339002,-0.89125968,-1.53569858,0.64306501
69,1781860516.385474,-0.49588074,-1.01707599,-1.44274645,-0.36878746
69,1781860516.464190,-0.38426281,-0.82023962,-0.95438417,-1.16526774
69,1781860516.529437,0.02725140,-0.21457454,-0.15582375,-1.16042056
69,1781860516.623408,0.52697745,0.52275960,0.61505073,-0.37258703
69,1781860516.668395,0.65140054,0.84483219,0.93989803,0.37975566
69,1781860516.720119,0.22186888,0.49643062,0.72099544,0.19302043
69,1781860516.780017,-0.47836672,-0.25577278,0.13984088,-0.66796803
69,1781860516.864165,-1.06303061,-0.91480961,-0.56457765,-0.77989298
69,1781860516.928368,-1.27012987,-1.09774212,-1.05790021,0.51171263
69,1781860517.025812,-0.98162790,-0.75655951,-1.00219944,1.81723857
69,1781860517.067078,-0.49963837,-0.35322668,-0.58180342,1.44769783
69,1781860517.121768,-0.47431178,-0.52602025,-0.51724473,-0.23350726
69,1781860517.183549,-0.89345566,-1.13143067,-0.98429061,-1.48679322
69,1781860517.265413,-0.72285178,-1.08891473,-1.08724755,-1.41967613
69,1781860517.329418,0.62048281,0.20268078,-0.12706003,-0.33997327
69,1781860517.427039,2.19455573,1.87712982,1.29606020,1.01783525
69,1781860517.481237,2.73777642,2.63822605,2.11301816,1.64331334
69,1781860517.678086,2.06823432,2.12388470,1.92756147,0.97278111
69,1781860517.710222,0.71127629,0.83412018,0.94559476,0.04389290
69,1781860517.759897,-0.77594852,-0.49396334,-0.29533535,0.32181269
69,1781860517.853044,-1.67275705,-1.17205141,-0.98587052,1.21426889
69,1781860517.884331,-1.43036194,-0.99072318,-0.73485875,0.70948779
69,1781860517.954652,-0.50023044,-0.49124037,-0.12076173,-1.39557967
69,1781860518.030896,0.08514357,-0.29028680,0.07986003,-2.87841018
69,1781860518.095295,0.01478534,-0.34923085,-0.17279348,-2.08650031
69,1781860518.158800,-0.22598113,-0.35622755,-0.45719687,-0.11302855
69,1781860518.257880,-0.33303543,-0.34361168,-0.54216447,0.72571100
69,1781860518.283240,-0.34600419,-0.38548805,-0.41314285,-0.04566789
69,1781860518.347386,-0.15239419,-0.21446032,-0.11925440,-0.60717183
69,1781860518.436104,0.29318216,0.27649641,0.16618347,0.36146146
69,1781860518.494212,0.58036131,0.64348411,0.23642992,1.81518727
69,1781860518.571598,0.43003637,0.54800661,0.13670217,2.04334261
69,1781860518.653040,0.26429060,0.32801852,0.14244778,0.96245407
69,1781860518.682569,0.51482719,0.40895658,0.33988868,-0.14208223
69,1781860518.751679,0.83935337,0.60375110,0.45455172,-0.33357104
69,1781860518.832843,0.68960106,0.50605437,0.28215960,0.15576966
69,1781860518.895715,0.17668396,0.16469018,0.02054479,0.51019072
69,1781860518.961888,-0.28779072,-0.16769939,-0.11319365,0.25320281
69,1781860519.053145,-0.70154747,-0.55196830,-0.27004404,-0.51093769
69,1781860519.306156,-1.10770922,-1.01047450,-0.57013401,-1.32461016
69,1781860519.359932,-1.07165500,-1.07643589,-0.67752872,-1.55849700
69,1781860519.458353,-0.37066856,-0.44468247,-0.30659412,-0.81885188
69,1781860519.483361,0.28247879,0.28035117,0.16000888,0.45638512
69,1781860519.553376,0.11755738,0.28156244,0.15621673,1.11708111
69,1781860519.633320,-0.47818573,-0.27547585,-0.18633416,0.43844664
69,1781860519.696954,-0.51777004,-0.49887032,-0.24889866,-0.89208714
69,1781860519.768020,0.10105673,-0.08170547,0.09152076,-1.37434556
69,1781860519.854383,0.56763809,0.37893713,0.30737026,-0.45221333
69,1781860519.884271,0.52806121,0.43992852,0.12906791,0.85987384
69,1781860519.952418,0.60788815,0.49804027,0.03473890,1.36455902
69,1781860520.029760,1.27427144,1.01295048,0.46787449,1.09547791
69,1781860520.091254,1.82853085,1.51325791,0.95599698,0.93423010
69,1781860520.161544,1.24304595,1.10796264,0.68009854,1.13032323
69,1781860520.256988,-0.23015038,-0.10273120,-0.20157271,0.87351260
69,1781860520.328760,-1.22659841,-0.99136196,-0.70197405,-0.20905966
69,1781860520.360616,-1.12825270,-0.95030804,-0.50241015,-1.04219409
69,1781860520.433613,-0.70501626,-0.57446763,-0.23821618,-0.79414590
69,1781860520.498038,-0.67647731,-0.51475656,-0.26826085,-0.32728612
69,1781860520.559828,-0.75612024,-0.57863048,-0.27912469,-0.47106081
69,1781860520.660963,-0.50532914,-0.38968442,-0.12204952,-0.58678040
69,1781860520.688191,-0.16813126,-0.15049696,-0.09946820,-0.12892418
69,1781860520.766382,-0.16208346,-0.22424407,-0.37473144,0.34099840
69,1781860520.840384,-0.33659679,-0.44418709,-0.63908943,0.33708093
69,1781860520.896095,-0.20140753,-0.33584047,-0.45611088,-0.05467655
69,1781860520.959419,0.34334095,0.17251487,0.16987193,-0.64929571
69,1781860521.057580,0.86210762,0.64755661,0.69114962,-0.99660290
69,1781860521.086578,0.95846188,0.73172678,0.65150683,-0.56564323
69,1781860521.156112,0.72559124,0.53185332,0.25491544,0.32120566
69,1781860521.236289,0.50580840,0.35588798,0.02632688,0.69352921
69,1781860521.322445,0.41768115,0.30730560,0.12954201,0.26016144
69,1781860521.356699,0.34853041,0.31483797,0.33257470,-0.19854985
69,1781860521.457679,0.25473197,0.37149856,0.42594406,0.24059976
69,1781860521.486051,0.15175959,0.45663812,0.35720165,1.56091738
69,1781860521.554122,-0.05243333,0.35778193,0.13864806,2.42969465
69,1781860521.630988,-0.34901668,-0.04712073,-0.10413218,1.38561466
69,1781860521.697952,-0.50020039,-0.46998212,-0.22233427,-0.83941879
69,1781860521.769938,-0.49995995,-0.61795042,-0.35921348,-1.45441138
69,1781860521.853508,-0.68400171,-0.66464674,-0.74629149,0.38992421
69,1781860521.883916,-1.01548133,-0.83911903,-1.10276728,1.69872531
69,1781860521.956026,-0.99621725,-0.96052652,-0.92214068,-0.01040489
69,1781860522.036038,-0.56636207,-0.82783188,-0.35914692,-2.81886955
69,1781860522.097034,-0.19501218,-0.54657155,-0.00825145,-3.43551021
69,1781860522.161651,0.03305846,-0.17046527,0.07834456,-1.74630011
69,1781860522.259216,0.51054851,0.42301665,0.32723214,0.03186053
69,1781860522.312915,1.30993159,1.16343790,0.81989187,0.76074945
69,1781860522.347939,1.96544451,1.71310859,1.20042972,1.00509216
69,1781860522.434557,1.94504682,1.73813436,1.15514655,1.45189403
69,1781860522.495867,1.09282730,1.11372802,0.61919129,1.98992187
69,1781860522.563298,-0.13920802,0.09908976,-0.16350366,1.93376400
69,1781860522.656438,-0.94146380,-0.71038640,-0.67833257,0.76835970
69,1781860522.688968,-0.95440509,-0.92712484,-0.65541936,-0.94363944
69,1781860522.765200,-0.64776251,-0.76626235,-0.46353208,-1.62622066
69,1781860522.831474,-0.62159141,-0.63886848,-0.51051279,-0.56223659
69,1781860522.895852,-0.83643514,-0.59440376,-0.55401791,0.77848212
69,1781860522.960853,-0.84280845,-0.45041546,-0.22501456,0.64469743
69,1781860523.058887,-0.48844124,-0.21164046,0.19099559,-0.48580546
69,1781860523.083035,-0.05161153,-0.04289485,0.20979184,-0.94188201
69,1781860523.147191,0.20603086,0.02476750,-0.03136669,-0.48307958
69,1781860523.232605,0.32651246,0.11341532,-0.06566497,-0.13132702
69,1781860523.335933,0.46484165,0.28046797,0.15061218,-0.21047433
69,1781860523.366430,0.61312118,0.43582834,0.30350869,-0.17362559
69,1781860523.458584,0.63589350,0.46653979,0.26180542,0.13659219
69,1781860523.488584,0.47919214,0.35599893,0.14847976,0.32555271
69,1781860523.555022,0.22684915,0.17280849,0.04208291,0.29605338
69,1781860523.635093,-0.00792202,-0.00337685,-0.09208430,0.36001544
69,1781860523.698408,-0.16719722,-0.12640064,-0.23800237,0.58835603
69,1781860523.773103,-0.24441603,-0.18804700,-0.31251514,0.69814840
69,1781860523.853488,-0.25220756,-0.20818159,-0.31991719,0.60134038
69,1781860523.884573,-0.20773015,-0.21145886,-0.35245569,0.52994369
69,1781860523.952914,-0.13167627,-0.18992294,-0.37646589,0.49530657
69,1781860524.034123,-0.03804535,-0.09918671,-0.19974220,0.15216400
69,1781860524.096770,0.07806974,0.07675461,0.21740050,-0.54806137
69,1781860524.160549,0.21359775,0.26868119,0.61901803,-1.13986908
69,1781860524.257362,0.31443251,0.36889732,0.78149576,-1.38262743
69,1781860524.328618,0.30908555,0.33197973,0.74134012,-1.49200947
69,1781860524.357615,0.19689183,0.20301936,0.56072839,-1.35733196
69,1781860524.433673,0.04375282,0.05089714,0.19466149,-0.52744166
69,1781860524.493940,-0.05722835,-0.04306084,-0.06958258,0.08541193
69,1781860524.562425,0.10339296,-0.06104338,-0.00886921,-0.45469312
69,1781860524.658210,0.44324255,0.00978544,0.23087890,-1.37398522
69,1781860524.684223,0.56696005,0.07948678,0.40545732,-1.70752246
69,1781860524.764320,0.41333965,0.07203549,0.34268906,-1.28457742
69,1781860524.836632,0.18386890,0.02988826,0.16879497,-0.61480794
69,1781860524.896878,0.14625396,0.09313940,0.18019105,-0.29422677
69,1781860524.962322,0.29610337,0.28048510,0.40081678,-0.28537630
69,1781860525.058166,0.43213355,0.46309868,0.60552094,-0.23396273
69,1781860525.087715,0.50099798,0.59592660,0.69595641,-0.01070804
69,1781860525.147049,0.62351313,0.77687403,0.77303554,0.32998160
69,1781860525.234292,0.81178050,1.00761370,0.88524919,0.66793764
69,1781860525.327523,0.90059606,1.10727708,0.91105379,0.84574762
69,1781860525.357520,0.77177546,0.95304554,0.70295606,0.90547883
69,1781860525.457145,0.40668457,0.55548059,0.21529152,1.02644214
69,1781860525.485660,-0.30574628,-0.19101132,-0.54347711,0.98071404
69,1781860525.554026,-1.44227132,-1.40346497,-1.51207916,0.30945451
69,1781860525.630715,-2.56401050,-2.62692845,-2.38200507,-0.64619828
69,1781860525.698049,-2.82770290,-2.92208247,-2.60235212,-0.86926962
69,1781860525.774180,-1.94959389,-1.98165380,-1.91189063,-0.21373964
69,1781860525.853642,-0.66554105,-0.64211947,-0.77842736,0.33529255
69,1781860525.882699,0.14319653,0.14977634,0.02762867,0.27021541
69,1781860525.950019,0.36581821,0.32284477,0.21339761,0.13953680
69,1781860526.034422,0.39348798,0.30762537,0.07839857,0.30093974
69,1781860526.097970,0.47412051,0.37236911,0.09537878,0.36784888
69,1781860526.160028,0.69006394,0.64827761,0.57334788,0.06957222
69,1781860526.259000,1.10916310,1.18178760,1.41813936,-0.34368443
69,1781860526.325879,1.66029333,1.75461024,2.13885911,-0.60860423
69,1781860526.357061,2.09656011,2.04514564,2.30728411,-0.65818768
69,1781860526.435269,2.11989383,1.88126589,1.84910302,-0.43339655
69,1781860526.497128,1.50967748,1.18859831,0.87870816,-0.02348719
69,1781860526.562264,0.40236978,0.12322698,-0.26378969,0.22644106
69,1781860526.658810,-0.62026007,-0.73992403,-0.95671775,0.20388777
69,1781860526.683975,-1.13466594,-0.96197969,-0.92546414,0.28583967
69,1781860526.762281,-1.36958436,-0.86083668,-0.68098790,0.69040079
69,1781860526.843341,-1.65268049,-0.95958545,-0.75500846,1.02546177
69,1781860526.897066,-1.74079727,-1.11718867,-0.89562240,0.84393821
69,1781860526.963778,-1.25737946,-0.87269775,-0.58497705,0.20353353
69,1781860527.057480,-0.46295812,-0.33575822,0.00691645,-0.45230906
69,1781860527.090913,-0.01376379,-0.07170155,0.16585691,-0.62028434
69,1781860527.154681,-0.08896833,-0.26111355,-0.35364533,-0.16711878
69,1781860527.232971,-0.22121541,-0.49448082,-0.94709081,0.37646719
69,1781860527.330838,-0.03305445,-0.40834621,-0.99157741,0.43649145
69,1781860527.360839,0.24633102,-0.16218322,-0.65299881,0.17276105
69,1781860527.456968,0.23358388,-0.10796255,-0.44043085,-0.01905617
69,1781860527.501466,0.04417214,-0.21017232,-0.34725153,-0.24615472
69,1781860527.555155,0.08758057,-0.12716813,-0.05778164,-0.59643603
69,1781860527.633649,0.40489790,0.21533245,0.32953555,-0.63764899
69,1781860527.695886,0.64841547,0.53481581,0.49158222,-0.14770738
69,1781860527.771564,0.62273037,0.67638883,0.53302204,0.41358118
69,1781860527.855115,0.47904711,0.77912458,0.78675634,0.61388089
69,1781860527.903314,0.43034623,0.93329573,1.18615943,0.52496205
69,1781860527.947494,0.56388896,1.07640315,1.44295375,0.30639622
69,1781860528.033126,0.86268376,1.22205200,1.60405978,-0.04752330
69,1781860528.097351,1.09316491,1.31627662,1.72856888,-0.39711415
69,1781860528.160980,0.75501143,0.92772257,1.23173256,-0.27561305
69,1781860528.255271,-0.38727155,-0.26788138,-0.45145594,0.63596166
69,1781860528.348595,-1.74444994,-1.73319021,-2.53764800,1.71229523
69,1781860528.379769,-2.41635866,-2.51949278,-3.40743026,1.64740249
69,1781860528.432796,-2.15921225,-2.33501129,-2.59285167,0.17221524
69,1781860528.495857,-1.26290953,-1.46135871,-1.07043780,-1.23716310
69,1781860528.560919,0.08879929,-0.09900403,0.30052421,-1.23288397
69,1781860528.656539,1.50300203,1.30703413,1.26538275,-0.32393010
69,1781860528.703968,2.03998449,1.77868426,1.46956855,0.10037080
69,1781860528.765049,1.21163210,0.89730466,0.73447299,-0.31800897
69,1781860528.842499,-0.16776701,-0.39467363,-0.27382742,-0.72997761
69,1781860528.896345,-0.91901526,-0.91619194,-0.70798416,-0.43112820
69,1781860528.960568,-0.81685255,-0.61094760,-0.50539818,0.21065907
69,1781860529.057013,-0.44208557,-0.19830680,-0.13597314,0.38087646
69,1781860529.109227,-0.21558156,-0.03932005,0.11728244,0.04126677
69,1781860529.151963,-0.08763059,0.06320851,0.25714423,-0.09046532
69,1781860529.235236,0.08094769,0.27664827,0.33106410,0.29657473
69,1781860529.340602,0.27792532,0.50352858,0.39621557,0.69883377
69,1781860529.368956,0.46366139,0.66382113,0.55586567,0.64677316
69,1781860529.456359,0.58381130,0.74104532,0.73110519,0.35091992
69,1781860529.494668,0.42736623,0.53567229,0.51099931,0.27913999
69,1781860529.554758,-0.05240956,-0.03750040,-0.24633843,0.46967394
69,1781860529.638109,-0.26658684,-0.37800437,-0.78528597,0.62105646
69,1781860529.697816,0.35277035,0.17325904,-0.33987895,0.70032501
69,1781860529.770437,1.19400575,1.05182082,0.47436220,0.91369507
69,1781860529.851249,1.09594755,1.01019699,0.43541400,1.02654153
69,1781860529.894749,0.12585944,0.01102062,-0.32472402,0.46370953
69,1781860529.954829,-0.63561417,-0.80953132,-0.67728361,-0.64267914
69,1781860530.032410,-0.92048051,-1.02209522,-0.46018120,-1.39283152
69,1781860530.097055,-1.34072060,-1.24053619,-0.41232024,-1.52823119
69,1781860530.160806,-1.84830068,-1.64374939,-0.56689243,-1.83108100
69,1781860530.261615,-1.66231083,-1.57978924,-0.31905316,-2.47322268
69,1781860530.359296,-0.65668515,-0.73985722,0.23333334,-2.21744010
69,1781860530.391224,0.38004991,0.29545522,0.37367972,-0.34177828
69,1781860530.430012,0.86551805,0.86265320,0.00230039,1.79997676
69,1781860530.496166,0.93407250,0.92314440,-0.30901120,2.56351250
69,1781860530.559665,0.81135265,0.76217785,-0.40431836,2.34540034
69,1781860530.658178,0.47013428,0.51086571,-0.61129799,2.44106539
69,1781860530.707494,0.11896490,0.33376344,-0.67230907,2.56276426
69,1781860530.765792,0.26647266,0.57940439,0.13252766,1.59493500
69,1781860530.843215,0.85387140,1.15918218,1.47014713,-0.01186885
69,1781860530.898479,0.99959510,1.22876813,1.90918152,-0.94721111
69,1781860530.963340,0.15642913,0.19853843,0.90127757,-1.38674641
69,1781860531.059328,-1.00492074,-1.24182264,-0.41969010,-2.22304854
69,1781860531.105007,-1.37639234,-1.77841682,-0.85335677,-2.78571994
69,1781860531.151929,-0.75046852,-1.05395029,-0.47272835,-1.85710606
69,1781860531.497070,0.02801562,-0.06123792,-0.03949775,-0.23298998
69,1781860531.773207,0.17411601,0.17605913,0.05207193,0.26434385
70,1781860515.731154,-0.02297233,-0.01898400,-0.02280442,0.02735117
70,1781860515.825835,0.29169651,0.25629918,0.22824661,-0.02572594
70,1781860515.859913,0.70415459,0.69814953,0.69084134,0.00456439
70,1781860515.922245,0.82397075,0.94786536,1.08620735,-0.05060377
70,1781860515.981715,0.89865266,1.00450556,1.32160667,-0.73992383
70,1781860516.065967,0.80768425,0.70695836,1.02421065,-1.46402196
70,1781860516.129766,0.25066836,0.01052454,0.02669576,-0.89777618
70,1781860516.226856,-0.56662164,-0.75635915,-1.16036181,0.75049105
70,1781860516.261144,-1.06362154,-1.16409351,-1.74126759,1.66971004
70,1781860516.321401,-0.86472101,-0.92932736,-1.25505693,0.91461744
70,1781860516.385474,-0.02028686,-0.02906172,0.15291107,-0.66811802
70,1781860516.464190,0.90946392,0.98203058,1.56365545,-1.78304139
70,1781860516.529437,1.09481508,1.19568127,1.76968568,-1.65722700
70,1781860516.623408,0.37530483,0.48409866,0.68885644,-0.33612601
70,1781860516.668395,-0.37034614,-0.19169499,-0.31244193,1.04868006
70,1781860516.720119,-0.38887257,-0.16231532,-0.26163369,1.14142098
70,1781860516.780017,-0.03385396,0.07219530,0.14827175,0.10498363
70,1781860516.864165,-0.02909634,-0.13033758,-0.12623147,-0.36899259
70,1781860516.928368,-0.38272130,-0.54282371,-0.88163017,0.62593374
70,1781860517.025812,-0.61416232,-0.65659135,-1.21432833,1.80493190
70,1781860517.067078,-0.61585761,-0.57110322,-0.96936207,1.55171047
70,1781860517.121768,-0.67869458,-0.68271731,-0.76033227,0.25776615
70,1781860517.183549,-0.76848315,-0.84506752,-0.75081884,-0.59836458
70,1781860517.265413,-0.40610557,-0.48041062,-0.35301993,-0.70646509
70,1781860517.329418,0.47063815,0.43926760,0.57467287,-0.58415362
70,1781860517.427039,1.12053796,1.13486391,1.21426039,-0.22791788
70,1781860517.481237,0.98379992,1.04314563,1.06349833,0.13657798
70,1781860517.678086,0.48649126,0.52675925,0.69239744,-0.43912516
70,1781860517.710222,0.25813599,0.19447640,0.59975102,-1.64250194
70,1781860517.759897,0.17877568,0.11332916,0.45741330,-1.43443346
70,1781860517.853044,-0.10342091,0.06806939,0.04467967,0.68259221
70,1781860517.884331,-0.35711690,0.01949568,-0.22898052,2.18945330
70,1781860517.954652,-0.22597995,-0.02627486,-0.15684399,1.15682766
70,1781860518.030896,0.04492423,-0.14800852,-0.10026669,-0.84299344
70,1781860518.095295,0.02937349,-0.31070483,-0.29800783,-1.23564057
70,1781860518.158800,-0.17559944,-0.37157256,-0.52319495,-0.15534404
70,1781860518.257880,-0.22708179,-0.33697001,-0.50313637,0.19712139
70,1781860518.283240,-0.13816807,-0.32841398,-0.28645170,-0.81333887
70,1781860518.347386,-0.14404587,-0.32169800,-0.15394148,-1.20983790
70,1781860518.436104,-0.26301684,-0.19631630,-0.25047450,0.42332314
70,1781860518.494212,-0.33267138,0.00800965,-0.36549340,2.50152099
70,1781860518.571598,-0.27200098,0.13712740,-0.20599896,2.63486833
70,1781860518.653040,-0.10833737,0.15893027,0.17754163,0.87095043
70,1781860518.682569,0.08371243,0.15097839,0.44041402,-0.77817766
70,1781860518.751679,0.19095246,0.13956293,0.38771062,-1.04916741
70,1781860518.832843,0.16724255,0.10822951,0.18429960,-0.47314595
70,1781860518.895715,0.12144558,0.07894362,0.09121934,-0.19186579
70,1781860518.961888,0.15880823,0.07770691,0.13568810,-0.48715419
70,1781860519.053145,0.21974351,0.08737578,0.15133848,-0.68767246
70,1781860519.306156,0.21047026,0.07570594,0.05904328,-0.41366610
70,1781860519.359932,0.14164652,0.01265466,-0.06147167,-0.19217355
70,1781860519.458353,0.00790258,-0.11190256,-0.15372150,-0.27315666
70,1781860519.483361,-0.23317824,-0.22570537,-0.24270632,0.08572270
70,1781860519.553376,-0.42844617,-0.21658318,-0.28723643,0.98954918
70,1781860519.633320,-0.30696826,-0.09523470,-0.17127001,1.00794721
70,1781860519.696954,0.06928304,0.01894368,0.08978080,-0.42443610
70,1781860519.768020,0.30824702,0.08830136,0.29110509,-1.48073374
70,1781860519.854383,0.22749301,0.14007973,0.25358196,-0.70373220
70,1781860519.884271,0.01144432,0.11874898,0.02344976,0.70964599
70,1781860519.952418,-0.14810845,0.01184353,-0.13669171,1.08051587
70,1781860520.029760,-0.20202525,-0.01809276,-0.02042047,0.65240012
70,1781860520.091254,-0.13757317,0.07901545,0.14571360,0.52501050
70,1781860520.161544,-0.01197952,0.06594090,-0.07948295,0.78229185
70,1781860520.256988,0.05108249,-0.15593823,-0.53427268,0.60004819
70,1781860520.328760,0.03301210,-0.29957040,-0.53275087,-0.34816830
70,1781860520.360616,-0.00435393,-0.19545170,-0.04022742,-1.21303722
70,1781860520.433613,-0.09239387,-0.10658960,0.21524406,-1.17698585
70,1781860520.498038,-0.26299446,-0.22795250,0.00845003,-0.70529109
70,1781860520.559828,-0.39738409,-0.35038311,-0.14540001,-0.55335256
70,1781860520.660963,-0.41199579,-0.30912409,-0.06264764,-0.50299395
70,1781860520.688191,-0.43352361,-0.28593619,-0.11371185,-0.08629396
70,1781860520.766382,-0.54427071,-0.38479409,-0.40903462,0.64349280
70,1781860520.840384,-0.50348498,-0.31941549,-0.54682117,1.44124433
70,1781860520.896095,0.01262775,0.19725159,-0.14613435,1.84942171
70,1781860520.959419,0.96233155,1.04158158,0.73436336,1.35365441
70,1781860521.057580,1.93278409,1.85388481,1.66646333,0.38011288
70,1781860521.086578,2.47714792,2.31608828,2.16538048,-0.03625861
70,1781860521.156112,2.26581876,2.07309353,1.88608177,-0.02001218
70,1781860521.236289,1.12612422,0.82652578,0.73615015,-0.73282961
70,1781860521.322445,-0.70326153,-1.11101533,-0.88833207,-2.20818633
70,1781860521.356699,-2.44814385,-2.72286393,-2.17157922,-2.89318726
70,1781860521.457679,-3.27385312,-3.15984705,-2.56322103,-1.69043803
70,1781860521.486051,-2.94236716,-2.48721117,-2.21579599,0.64357565
70,1781860521.554122,-1.88926613,-1.41105557,-1.56313223,2.20766145
70,1781860521.630988,-0.74542108,-0.56231023,-0.84736818,1.63982101
70,1781860521.697952,0.07651104,-0.10879521,-0.21050152,-0.29281950
70,1781860521.769938,0.45814315,0.16544599,0.17764442,-1.06793574
70,1781860521.853508,0.53095303,0.47522787,0.32024207,0.34767305
70,1781860521.883916,0.63188851,0.83128126,0.51457097,1.80771680
70,1781860521.956026,1.07598917,1.24848962,1.05646273,1.27680359
70,1781860522.036038,1.79152223,1.77997094,1.82711414,-0.20558494
70,1781860522.097034,2.33984169,2.25207804,2.36602491,-0.70651685
70,1781860522.161651,2.44434601,2.40673855,2.42631793,-0.20030422
70,1781860522.259216,2.20796707,2.22613936,2.14873805,0.33475879
70,1781860522.312915,1.60170521,1.64459398,1.54510592,0.49869301
70,1781860522.347939,0.25867079,0.33009703,0.32315916,0.27448029
70,1781860522.434557,-1.74068787,-1.61374831,-1.44736783,-0.13814687
70,1781860522.495867,-3.39861018,-3.23122064,-3.00839223,-0.19418173
70,1781860522.563298,-3.77347878,-3.69034924,-3.62429619,0.05981262
70,1781860522.656438,-3.02912531,-3.19484363,-3.24094666,-0.41896787
70,1781860522.688968,-1.94753330,-2.37311769,-2.28410866,-1.80242915
70,1781860522.765200,-0.90014570,-1.37300471,-1.18438571,-2.31691119
70,1781860522.831474,0.09906689,-0.13902429,-0.14981475,-0.79614976
70,1781860522.895852,0.88481214,1.01953841,0.82791720,1.14307377
70,1781860522.960853,1.34075491,1.73379909,1.70917202,1.46294685
70,1781860523.058887,1.64317414,2.01466224,2.20904646,0.62032896
70,1781860523.083035,1.83439614,2.00225353,2.09710391,0.25571637
70,1781860523.147191,1.64700611,1.68192534,1.54116802,0.61532953
70,1781860523.232605,1.05223253,1.10248208,0.90972186,0.85117272
70,1781860523.335933,0.45039855,0.51734482,0.40802733,0.61738633
70,1781860523.366430,0.11729022,0.11689244,0.04718897,0.24275201
70,1781860523.458584,-0.07246672,-0.14900384,-0.22293098,-0.00914179
70,1781860523.488584,-0.28840526,-0.39990230,-0.45339541,-0.20316622
70,1781860523.555022,-0.50245454,-0.64294481,-0.65787703,-0.43978312
70,1781860523.635093,-0.63945704,-0.79864449,-0.78416863,-0.60827793
70,1781860523.698408,-0.69848147,-0.81162498,-0.77158562,-0.53654256
70,1781860523.773103,-0.69439414,-0.70898028,-0.64971609,-0.25867020
70,1781860523.853488,-0.60822704,-0.56182403,-0.53238199,0.05940795
70,1781860523.884573,-0.42545147,-0.40287549,-0.47523097,0.33250955
70,1781860523.952914,-0.20255788,-0.22408072,-0.37772662,0.46277791
70,1781860524.034123,-0.05637827,-0.04683863,-0.11933650,0.28734686
70,1781860524.096770,-0.04059322,0.07672557,0.21855632,-0.08585632
70,1781860524.160549,-0.06828105,0.13405467,0.42825183,-0.32175638
70,1781860524.257362,-0.01620644,0.15628020,0.47143666,-0.49971925
70,1781860524.328618,0.11448253,0.15737473,0.45208690,-0.88203161
70,1781860524.357615,0.18154993,0.13447773,0.32309160,-0.82552054
70,1781860524.433673,0.07712415,0.11039184,-0.01636740,0.56051478
70,1781860524.493940,-0.06544108,0.11447642,-0.34813859,2.25055220
70,1781860524.562425,0.03872551,0.15026568,-0.29144028,1.93781523
70,1781860524.658210,0.41431715,0.21212771,0.11831631,-0.37960790
70,1781860524.684223,0.69484682,0.28363483,0.41073264,-1.88549883
70,1781860524.764320,0.59901589,0.31908688,0.33254014,-1.02760890
70,1781860524.836632,0.29326899,0.27457888,0.12958710,0.44238775
70,1781860524.896878,0.05530221,0.14035166,0.05334621,0.60264429
70,1781860524.962322,-0.11797511,-0.05923479,0.00778736,-0.02900817
70,1781860525.058166,-0.32655512,-0.25981942,-0.13221130,-0.21321344
70,1781860525.087715,-0.49914676,-0.38390789,-0.25621246,-0.04363071
70,1781860525.147049,-0.51839238,-0.39678624,-0.25153986,-0.08280297
70,1781860525.234292,-0.38457689,-0.30103936,-0.16811288,-0.17299111
70,1781860525.327523,-0.17816600,-0.13120851,-0.06782939,-0.05751885
70,1781860525.357520,-0.04200227,-0.00962742,-0.00831754,0.10880904
70,1781860525.457145,-0.12117554,-0.07429560,-0.13621067,0.38106836
70,1781860525.485660,-0.29825201,-0.24062890,-0.43062051,0.86730219
70,1781860525.554026,-0.16426983,-0.19656332,-0.46520896,0.82785357
70,1781860525.630715,0.40180455,0.16734662,0.04578233,-0.39542439
70,1781860525.698049,0.81166492,0.46602405,0.57353956,-1.58723812
70,1781860525.774180,0.43655831,0.27136076,0.37122124,-0.92839963
70,1781860525.853642,0.04549488,0.03347626,0.02203798,-0.00125677
70,1781860525.882699,-0.13852520,0.16706228,0.45238480,0.04388407
70,1781860525.950019,-0.57639807,0.51735861,1.34078352,0.58540758
70,1781860526.034422,-1.00350018,0.82294963,1.93015061,1.55754430
70,1781860526.097970,-1.03528967,0.73231283,1.68997526,1.75393759
70,1781860526.160028,-0.36036394,0.37457629,0.88627020,0.48344330
70,1781860526.259000,0.70529851,0.24047476,0.27713835,-1.08597847
70,1781860526.325879,1.40612194,0.43604165,0.06153371,-1.28972100
70,1781860526.357061,1.39105036,0.59455970,-0.08725945,-0.24832288
70,1781860526.435269,0.96446771,0.39395321,-0.34819146,0.37166774
70,1781860526.497128,0.50179022,-0.13973873,-0.61555827,-0.35884629
70,1781860526.562264,0.12051781,-0.64577358,-0.68835434,-1.56720638
70,1781860526.658810,-0.14628207,-0.68567140,-0.45757559,-1.66200076
70,1781860526.683975,-0.33163169,-0.24125037,-0.11915363,-0.06868021
70,1781860526.762281,-0.57400481,0.16813782,-0.02582224,2.02714462
70,1781860526.843341,-0.86601905,0.13313927,-0.20972530,2.90617105
70,1781860526.897066,-0.94006470,-0.13958652,-0.32862224,2.14280744
70,1781860526.963778,-0.59633264,-0.23959176,-0.12853623,0.53203536
70,1781860527.057480,-0.02321755,-0.13949283,0.23313806,-1.05873378
70,1781860527.090913,0.35635659,-0.05215586,0.36686143,-1.79202830
70,1781860527.154681,0.39228262,0.01845629,0.17155180,-1.14105730
70,1781860527.232971,0.38188629,0.21901249,0.03728650,0.04082472
70,1781860527.330838,0.52347059,0.45962157,0.23386737,0.35060815
70,1781860527.360839,0.50404024,0.42885585,0.38533941,-0.06857744
70,1781860527.456968,0.06589976,0.04475635,0.10558307,-0.17750757
70,1781860527.501466,-0.39590246,-0.36450010,-0.25561620,-0.16778748
70,1781860527.555155,-0.36101760,-0.45787887,-0.20216320,-0.76351075
70,1781860527.633649,0.04171186,-0.27028045,0.05638084,-1.38301413
70,1781860527.695886,0.27838005,-0.06542483,0.05496894,-1.00522924
70,1781860527.771564,0.11991533,0.01887713,-0.13326495,0.11066623
70,1781860527.855115,-0.22737913,0.01903212,-0.18655654,0.97881269
70,1781860527.903314,-0.43833369,0.00677382,-0.11128035,1.21953522
70,1781860527.947494,-0.30556426,0.08351574,0.00602493,1.01036620
70,1781860528.033126,0.16402838,0.36592921,0.32334590,0.52943412
70,1781860528.097351,0.70162014,0.74399433,0.77675425,0.02081983
70,1781860528.160980,0.84419468,0.78057528,0.71778309,-0.00179136
70,1781860528.255271,0.31929802,0.21511817,-0.26090306,0.80522820
70,1781860528.348595,-0.44942321,-0.48197236,-1.33042010,1.76684082
70,1781860528.379769,-0.60763984,-0.54944721,-1.18450151,1.50123680
70,1781860528.432796,0.03092163,0.03115138,0.12225194,-0.19678214
70,1781860528.495857,0.66796486,0.50756347,1.12993228,-1.69510081
70,1781860528.560919,0.64777684,0.42078725,0.95389075,-1.64599317
70,1781860528.656539,0.24264510,0.05877972,0.21552563,-0.73759896
70,1781860528.703968,-0.02504889,-0.21634093,-0.17826602,-0.49669762
70,1781860528.765049,-0.14418389,-0.41278697,-0.13004986,-1.19393557
70,1781860528.842499,-0.33873993,-0.56711386,-0.03588692,-1.64492727
70,1781860528.896345,-0.56061155,-0.54888794,-0.12626257,-0.88981403
70,1781860528.960568,-0.56991227,-0.33319778,-0.28634704,0.41115286
70,1781860529.057013,-0.27680085,-0.06514080,-0.25260536,0.86431042
70,1781860529.109227,0.14652168,0.17969093,0.02130436,0.41481706
70,1781860529.151963,0.43507045,0.41686438,0.24404432,0.33481894
70,1781860529.235236,0.48560596,0.58860789,0.17148127,1.12634627
70,1781860529.340602,0.41868928,0.61486088,-0.02514426,1.81075349
70,1781860529.368956,0.36798919,0.53960623,0.01676843,1.50385251
70,1781860529.456359,0.27588693,0.42307302,0.29727636,0.59114831
70,1781860529.494668,-0.01080564,0.17480877,0.35669279,0.00807823
70,1781860529.554758,-0.45110048,-0.28101769,-0.08276254,-0.06100769
70,1781860529.638109,-0.74770602,-0.73740191,-0.60021305,-0.27477085
70,1781860529.697816,-0.66025033,-0.84384369,-0.61773804,-0.88720942
70,1781860529.770437,-0.27229599,-0.51682045,-0.24866403,-1.11021828
70,1781860529.851249,0.16873645,-0.02399747,-0.00977116,-0.44817556
70,1781860529.894749,0.55125831,0.35213562,0.07558802,0.16766482
70,1781860529.954829,0.83533863,0.54492289,0.32687690,-0.15671780
70,1781860530.032410,0.81822922,0.55902596,0.59512693,-0.63948583
70,1781860530.097055,0.34446028,0.33717691,0.45341606,-0.26748988
70,1781860530.160806,-0.29275109,-0.09235621,0.01251622,0.20685531
70,1781860530.261615,-0.60942352,-0.50501608,-0.23017330,-0.36908033
70,1781860530.359296,-0.51447347,-0.60899232,-0.14278840,-1.21425371
70,1781860530.391224,-0.19005605,-0.23921028,0.07761704,-0.79253862
70,1781860530.430012,0.29898348,0.43139647,0.34467842,0.47453161
70,1781860530.496166,0.72506615,0.83824069,0.49389300,0.99077134
70,1781860530.559665,0.53502524,0.52144681,0.12002461,0.83988161
70,1781860530.658178,-0.34287963,-0.26337430,-0.75700157,1.24112737
70,1781860530.707494,-1.03318511,-0.77771986,-1.32432782,1.73690173
70,1781860530.765792,-0.73118601,-0.61024360,-0.91698337,0.92615231
70,1781860530.843215,0.24417207,0.03105361,0.08449051,-0.57722970
70,1781860530.898479,0.97396640,0.67367742,0.84962167,-1.03129033
70,1781860530.963340,1.10694569,0.99053489,1.13130820,-0.55693609
70,1781860531.059328,0.96418897,0.98349280,1.17447056,-0.37176250
70,1781860531.105007,0.78216436,0.83243172,1.06306496,-0.39058504
70,1781860531.151929,0.43223718,0.56375865,0.70718580,-0.02578193
70,1781860531.234920,-0.12949348,0.09632153,0.19655863,0.27194085
70,1781860531.304108,-0.58981782,-0.39885807,-0.22385062,0.03454494
70,1781860531.359162,-0.69314891,-0.64360659,-0.46404741,-0.28155349
70,1781860531.457159,-0.70917997,-0.79696292,-0.73759773,-0.31865153
70,1781860531.497070,-1.08298480,-1.26215556,-1.28109628,-0.34698058
70,1781860531.549956,-1.63021811,-1.84729077,-1.85724312,-0.44852218
70,1781860531.632941,-1.62106192,-1.81176201,-1.85543825,-0.31838236
70,1781860531.698205,-0.82609489,-0.94370647,-1.11511898,0.11650675
70,1781860531.773207,0.11649202,0.09781489,-0.19733555,0.59870718
70,1781860531.856986,0.62195968,0.72413381,0.43411458,0.84930069
70,1781860531.903130,0.86528055,1.05485906,0.92906303,0.68294836
70,1781860531.951316,1.26946654,1.41056273,1.46309832,0.19177932
70,1781860532.033547,1.78939364,1.74020231,1.79221241,-0.21915322
70,1781860532.097878,2.09279471,1.83687712,1.76003334,-0.38778709
70,1781860532.162661,2.10713454,1.73570423,1.64031521,-0.59777164
70,1781860532.254903,1.92049469,1.56074840,1.57550325,-0.81098793
70,1781860532.328512,1.36754959,1.18930788,1.20977883,-0.43031529
70,1781860532.361113,0.25967945,0.42491754,0.27954400,0.67263423
70,1781860532.432526,-1.10697919,-0.61009990,-0.90076077,1.70543023
70,1781860532.499898,-2.18021039,-1.58021078,-1.86827871,1.92312382
70,1781860532.563072,-2.72751697,-2.28649828,-2.43711721,1.28120030
70,1781860532.656936,-2.78706982,-2.61585280,-2.46527116,0.04468623
70,1781860532.711076,-2.35240555,-2.40042113,-1.80487258,-1.39364790
70,1781860532.762512,-1.49909587,-1.65897606,-0.74437046,-2.32681534
70,1781860532.831436,-0.53589087,-0.73077681,0.07639623,-2.16997399
70,1781860532.898911,0.26147143,0.07538738,0.41339506,-1.13492866
70,1781860532.964601,0.85368287,0.71263451,0.59252237,-0.04533770
70,1781860533.057379,1.28270703,1.16291997,0.84562807,0.42769973
70,1781860533.105986,1.54392867,1.32364797,0.98314581,0.26034139
70,1781860533.152339,1.62151493,1.25585794,0.83664088,0.11598513
70,1781860533.231241,1.49293601,1.19894172,0.59163446,0.67848398
70,1781860533.308015,1.19833617,1.21628113,0.52755058,1.53031658
70,1781860533.357067,0.95204468,1.13542492,0.65755147,1.43195494
70,1781860533.454847,0.90815563,0.88374145,0.71831502,0.30536419
70,1781860533.492034,0.80948551,0.55533114,0.47770700,-0.38227892
70,1781860533.554444,0.27489115,0.16379352,0.03876386,0.03017003
70,1781860533.627676,-0.55795878,-0.31879956,-0.27317618,0.41910481
70,1781860533.696084,-1.11929113,-0.71861970,-0.33783929,0.04307432
70,1781860533.768953,-1.14202353,-0.79268101,-0.32132602,-0.26421988
70,1781860533.856175,-0.88673404,-0.57203508,-0.32390040,0.14414596
70,1781860533.914195,-0.63908861,-0.31324491,-0.24766284,0.56360053
70,1781860533.948190,-0.41345491,-0.16634610,-0.04522634,0.27283119
70,1781860534.033728,-0.21267338,-0.11538000,0.14294096,-0.34870767
70,1781860534.100779,-0.18666846,-0.17818203,0.13351899,-0.65661582
70,1781860534.166713,-0.37498107,-0.40454690,-0.11159176,-0.69842407
70,1781860534.256459,-0.54141332,-0.66811025,-0.40846929,-0.83662056
70,1781860534.325752,-0.43889596,-0.73037658,-0.51976659,-1.08728484
70,1781860534.356758,-0.15148618,-0.61442531,-0.53520920,-1.17404544
70,1781860534.431315,-0.01029162,-0.62234042,-0.83136984,-0.87274461
70,1781860534.497696,-0.08797928,-0.76081728,-1.33353098,-0.21682069
70,1781860534.562255,0.02507338,-0.51993035,-1.27031801,0.44476203
70,1781860534.658847,0.62289189,0.34437300,-0.25159387,0.68743841
70,1781860534.695192,1.27406554,1.20439240,0.91546324,0.47480224
70,1781860534.762844,1.33307703,1.34588825,1.22597402,0.28741900
70,1781860534.813261,0.82349272,0.94521535,0.80310888,0.57132596
70,1781860534.896956,0.18367296,0.58766861,0.46966110,1.13040582
70,1781860534.961652,-0.40847004,0.40830447,0.54569994,1.47120566
70,1781860535.056834,-0.59693371,0.55058689,0.95350224,1.61245402
70,1781860535.096453,0.44235100,1.57022607,1.87084655,1.79143239
70,1781860535.150810,2.44524884,3.09742025,3.03430667,1.54896054
70,1781860535.228219,3.19747034,3.17291491,3.04190582,0.23052700
70,1781860535.497625,1.16559025,0.69911812,0.98346668,-1.62591365
70,1781860535.551284,-1.92345636,-2.44751154,-1.78637762,-2.56654508
70,1781860535.613998,-3.18726774,-3.64926589,-3.17059123,-2.03704129
70,1781860535.699192,-2.32932577,-2.87530554,-2.96681738,-0.98415724
70,1781860535.761000,-1.28942798,-1.98772151,-2.45966733,-0.49015945
70,1781860535.852917,-1.11699180,-1.81074601,-2.22402660,-0.60736989
70,1781860535.903545,-1.16646171,-1.67325178,-1.83032795,-0.75731076
70,1781860535.963489,-0.81142641,-1.10003649,-1.10428727,-0.61578439
70,1781860536.043706,-0.23783295,-0.37208905,-0.38410975,-0.26470263
70,1781860536.092752,0.23386319,0.23148241,0.29808341,-0.17065760
70,1781860536.162982,0.67949079,0.57845710,0.39740883,0.19795222
70,1781860536.252504,1.19630564,0.91883968,0.38977578,0.62244123
70,1781860536.304187,0.95000775,0.58752860,-0.03845102,0.65188751
70,1781860536.351703,0.03048199,-0.26739893,-0.87226785,0.75947357
70,1781860536.416566,-1.02044001,-1.15365995,-1.60393512,0.78437942
70,1781860536.502934,-1.65865410,-1.66985549,-1.81800105,0.33879333
70,1781860536.557300,-1.67614981,-1.71286564,-1.63943200,-0.27250452
70,1781860536.654787,-1.19857013,-1.37443169,-1.23261762,-0.78591425
70,1781860536.705101,-0.54034045,-0.81684307,-0.48698487,-1.50010758
70,1781860536.747897,0.00716647,-0.18989967,0.47092839,-2.12238914
70,1781860536.817659,0.37939597,0.44608508,1.20629945,-1.71574825
70,1781860536.897264,0.66536792,1.05026513,1.60590256,-0.42240309
70,1781860536.970344,0.87100407,1.47605431,1.83071664,0.61944767
70,1781860537.056616,1.00041236,1.62323828,1.79030360,1.12752985
70,1781860537.105494,1.26569437,1.65677306,1.45259108,1.47264632
70,1781860537.154764,1.75059221,1.73946125,1.19528208,1.31873571
70,1781860537.218256,1.97819649,1.63977076,1.12386261,0.43908301
70,1781860537.292296,1.47310444,1.07482772,0.82404218,-0.36488610
70,1781860537.360961,0.62016477,0.32448546,0.29322230,-0.65415287
70,1781860537.456268,0.17018272,-0.08259386,0.04775003,-0.94782165
70,1781860537.551700,0.11512739,-0.16695708,0.08052084,-1.31011196
70,1781860537.581947,-0.06490549,-0.33863183,-0.08002495,-1.31696682
70,1781860537.614185,-0.38608712,-0.60302807,-0.36332423,-1.12971732
70,1781860537.695145,-0.50897819,-0.61462576,-0.37844705,-0.84566183
70,1781860537.759804,-0.48233583,-0.35909713,-0.25588472,0.04954409
70,1781860537.854519,-0.54888425,-0.15892243,-0.30063079,1.31532655
70,1781860537.892649,-0.70953901,-0.21924159,-0.43974694,1.75849196
70,1781860537.951133,-0.99617254,-0.59734337,-0.66430738,1.15235001
70,1781860538.016432,-1.45213573,-1.16842783,-1.10456390,0.54388345
70,1781860538.098995,-1.54493688,-1.33709130,-1.27846251,0.36915518
70,1781860538.158466,-0.59842900,-0.51635414,-0.44960776,0.03792190
71,1781860530.261615,0.07826128,0.08111807,0.08117100,0.01244224
71,1781860530.359296,0.00657993,-0.04899425,0.13253180,-1.05214270
71,1781860530.391224,-0.23286275,-0.30118070,0.06898392,-1.94578573
71,1781860530.430012,-0.29605059,-0.25852318,-0.16491488,-0.24886137
71,1781860530.707494,0.27635763,0.33587321,-0.19458409,2.61803060
71,1781860530.765792,1.21701029,1.13780336,0.21887353,3.72630733
71,1781860530.843215,1.71592283,1.51415876,0.76162538,2.44406303
71,1781860530.898479,1.39026094,1.20821874,0.87498976,0.67089796
71,1781860530.963340,0.47693945,0.33368279,0.35227078,-0.71819274
71,1781860531.059328,-0.56144821,-0.77305525,-0.49373466,-2.17851291
71,1781860531.151929,-1.21929956,-1.48412890,-1.08577149,-2.94292041
71,1781860531.234920,-1.16213494,-1.27790826,-0.97098485,-1.87573535
71,1781860531.304108,-0.55897645,-0.38254651,-0.22286073,0.07430296
71,1781860531.359162,0.05361934,0.42392541,0.55556096,1.05911096
71,1781860531.457159,0.31035012,0.66794046,0.83914639,0.82708899
71,1781860531.497070,0.22589304,0.47530262,0.64503090,0.35358929
71,1781860531.549956,-0.00740955,0.16157454,0.29663971,0.15051671
71,1781860531.632941,-0.15604606,-0.04248349,0.05324785,0.07912688
71,1781860531.698205,-0.03429288,0.01115695,0.03904199,0.07794456
71,1781860531.773207,0.25147361,0.23778301,0.17523538,0.21680525
71,1781860531.856986,0.33560543,0.29473145,0.18385007,0.31066091
71,1781860531.903130,0.16539596,0.08813929,-0.00555659,0.07294969
71,1781860531.951316,0.18228604,0.02293256,-0.04098218,-0.42351360
71,1781860532.033547,0.49981306,0.27538119,0.22886460,-0.78950693
71,1781860532.097878,0.51900200,0.34049764,0.31667930,-0.68642602
71,1781860533.454847,0.01460084,-0.04561137,-0.09806878,-0.03441221
71,1781860533.554444,-0.29554551,-0.30933102,-0.50358311,0.80082838
71,1781860533.627676,-0.02686612,-0.09320570,-0.40933873,1.10846944
71,1781860533.696084,0.18612876,0.10511166,-0.11394599,0.61256101
71,1781860533.768953,-0.06142702,-0.03898673,0.00422963,-0.09219470
71,1781860533.856175,-0.31173599,-0.15959771,0.06985680,-0.34309417
71,1781860533.914195,-0.25535162,-0.06516503,0.17138931,-0.20575896
71,1781860533.948190,-0.14614282,-0.01344603,0.13395300,-0.06524188
71,1781860534.033728,-0.10921450,-0.05405610,-0.00051080,0.00715820
71,1781860534.100779,-0.00106679,0.01337694,0.00805148,0.08772671
71,1781860534.166713,0.14751337,0.16154614,0.14746768,0.12474486
71,1781860534.256459,0.18084272,0.21307598,0.22910530,0.07190566
71,1781860534.325752,0.13812214,0.18129042,0.24509279,-0.09156472
71,1781860534.356758,0.17911500,0.20154374,0.30982628,-0.38098003
71,1781860534.431315,0.32922323,0.31009585,0.42149714,-0.57922669
71,1781860534.497696,0.47546068,0.44358280,0.50277196,-0.40411402
71,1781860534.562255,0.53792164,0.53305815,0.53639324,-0.03638158
71,1781860534.658847,0.51942609,0.52946019,0.52830647,0.04964641
71,1781860534.695192,0.42520492,0.41279737,0.44360038,-0.19174873
71,1781860534.762844,0.27296022,0.22814010,0.23859565,-0.24528816
71,1781860534.813261,0.13814219,0.05612264,-0.08972424,0.28323657
71,1781860534.896956,0.02428337,-0.10235146,-0.46322106,1.03942703
71,1781860534.961652,-0.23934910,-0.36308574,-0.78178315,1.30890142
71,1781860535.056834,-0.79495178,-0.84066143,-1.10290227,0.96086667
71,1781860535.096453,-1.46849014,-1.44631924,-1.51256698,0.39236163
71,1781860535.150810,-1.75426020,-1.73229237,-1.65793940,-0.23246132
71,1781860535.228219,-1.21062076,-1.17190068,-0.94271678,-0.84519155
71,1781860535.497625,-0.02408818,0.11327643,0.48264971,-1.02954872
71,1781860535.551284,1.05021145,1.26555133,1.61278043,-0.58526428
71,1781860535.613998,1.52077566,1.67323609,1.83088290,-0.02301478
71,1781860535.699192,1.54936112,1.55573082,1.53096253,0.13817623
71,1781860535.761000,1.44710218,1.38300983,1.31005809,0.03931389
71,1781860535.852917,1.33718307,1.30944377,1.27893123,0.01230635
71,1781860535.903545,1.22249579,1.21148346,1.21281200,-0.05476314
71,1781860535.963489,0.92071847,0.85064553,0.87080684,-0.40041842
71,1781860536.043706,0.24307729,0.16566279,0.25144193,-0.72417898
71,1781860536.092752,-0.62018832,-0.57501489,-0.42909355,-0.44707325
71,1781860536.162982,-1.44114824,-1.29798383,-1.22435186,0.30855326
71,1781860536.252504,-2.33154500,-2.25699566,-2.33584485,0.68071277
71,1781860536.304187,-2.96717837,-3.00480226,-3.12813921,0.38035547
71,1781860536.351703,-2.33192322,-2.36702651,-2.46039289,0.25854503
71,1781860536.970344,-0.36961099,-0.37781429,-0.58512084,0.88352943
71,1781860537.154764,1.30757193,1.21658441,0.79127004,1.48359013
71,1781860537.218256,1.54253391,1.36253520,0.91265713,1.19760152
71,1781860537.292296,1.13675663,1.01610281,0.83372025,0.27392397
71,1781860537.360961,1.25919736,1.27214769,1.45123920,-0.73725884
71,1781860537.456268,1.68312044,1.74680763,2.17049093,-1.59749864
71,1781860537.551700,1.50354853,1.55800238,2.02837298,-1.84564885
71,1781860537.581947,0.72127661,0.82293368,1.19987850,-1.22160149
71,1781860537.614185,0.23060224,0.42255762,0.70082026,-0.38299231
71,1781860537.695145,0.40115132,0.60079533,0.76656818,0.15030474
71,1781860537.759804,0.52244862,0.58113956,0.47321291,0.73937286
71,1781860538.016432,0.03880606,-0.10990205,-0.56035467,1.33900454
71,1781860538.098995,-0.57754231,-0.82490065,-1.33972375,1.18688660
71,1781860538.158466,-0.81467502,-0.95086491,-1.18686383,0.44290696
71,1781860538.261124,-1.01911609,-0.94366989,-0.88976004,0.09556851
71,1781860538.295552,-1.66123340,-1.49666737,-1.32484999,-0.03217822
71,1781860538.350073,-2.40939865,-2.35021025,-2.09636869,-0.86378197
71,1781860538.416574,-2.36951066,-2.44238486,-2.13305150,-1.69606286
71,1781860538.509770,-1.07095302,-1.12399978,-0.97382999,-0.90178239
73,1781860538.649751,0.12185356,0.12104856,0.12054210,-0.00169876
73,1781860538.691436,-0.45887958,-0.38952486,-0.25516626,-0.36989760
73,1781860538.747295,-1.55072939,-1.28820765,-1.06229188,0.20830233
73,1781860538.815758,-2.02310980,-1.62167887,-1.68256598,2.63077112
73,1781860538.897377,-1.36032488,-1.15971483,-1.71100865,4.27862821
73,1781860538.958563,-0.30758581,-0.59014382,-1.40589348,3.03406983
73,1781860539.057604,-0.07939535,-0.69008499,-1.31433679,0.07717405
73,1781860539.090953,-0.59296273,-1.10679541,-1.29439051,-1.85641990
73,1781860539.150205,-0.76879805,-0.93136837,-0.78631233,-1.75051480
73,1781860539.214716,-0.15544280,-0.01214339,0.25993166,-0.73278395
73,1781860539.292975,0.80322167,1.11238968,1.42467090,-0.01771538
73,1781860539.359150,1.63928751,2.03106666,2.38345325,0.22415917
73,1781860539.452524,2.09438117,2.49333631,2.85865403,0.19141014
73,1781860539.493672,1.86535853,2.16048069,2.46182426,-0.03540229
73,1781860539.551571,0.90836426,1.03244152,1.19230325,-0.20362773
73,1781860539.615734,-0.17624792,-0.20046024,-0.21211636,-0.07144966
73,1781860539.694386,-0.66622771,-0.80181852,-0.95831618,0.11896827
73,1781860539.760162,-0.54269753,-0.78331742,-1.02308069,-0.00487454
73,1781860539.853780,-0.33700141,-0.64065021,-0.88213032,-0.35376435
73,1781860539.891777,-0.29972813,-0.56097050,-0.72196443,-0.57045298
73,1781860539.949010,-0.22387716,-0.36281522,-0.41262871,-0.50715378
73,1781860540.014530,0.00498908,-0.01951010,0.00664158,-0.28822336
73,1781860540.095153,0.19266547,0.24192126,0.31397466,-0.12972736
73,1781860540.156624,0.19191570,0.29556275,0.41877166,-0.11131474
73,1781860540.256069,0.09439789,0.22500402,0.35965954,-0.02304261
73,1781860540.295410,0.00027809,0.10564858,0.14851270,0.35568579
73,1781860540.346105,-0.13057751,-0.08194930,-0.16379301,0.74243650
73,1781860540.415732,-0.29877484,-0.30828381,-0.40792262,0.51287421
73,1781860540.496409,-0.34615048,-0.42379303,-0.43842559,-0.35855160
73,1781860540.559821,-0.15880407,-0.30097735,-0.27365834,-0.96447765
73,1781860540.655626,0.14848754,0.01096598,-0.01964563,-0.60835959
73,1781860540.708618,0.37102042,0.32169751,0.24510811,0.15515704
73,1781860540.750267,0.41984972,0.46448134,0.43124094,0.44312235
73,1781860540.811645,0.34223304,0.43427088,0.44169990,0.48145741
73,1781860540.894235,0.30108773,0.41966766,0.37521219,0.92773549
73,1781860540.958531,0.50709517,0.63606124,0.52701335,1.35439284
73,1781860541.055206,0.95159494,1.03334329,0.95263117,0.92446384
73,1781860541.110838,1.30314320,1.29830960,1.29171731,0.01000761
73,1781860541.147838,1.28632162,1.24141222,1.27371053,-0.43934221
73,1781860541.213692,0.93031888,0.92011566,1.00053302,-0.51566669
73,1781860541.293346,0.23909344,0.28235188,0.46993065,-0.82123936
73,1781860541.359095,-0.90604464,-0.82595308,-0.55750993,-1.07179451
73,1781860541.449779,-2.15631338,-2.04663728,-1.80556858,-0.74767556
73,1781860541.493621,-2.59279060,-2.48438529,-2.31696606,-0.33581236
73,1781860541.549289,-1.75616695,-1.72387207,-1.61212523,-0.45211288
73,1781860541.615476,-0.32188791,-0.41003753,-0.39479969,-0.58831518
73,1781860541.694898,0.72437646,0.55120812,0.39017897,-0.06907676
73,1781860541.758264,1.15517284,0.93728306,0.59342014,0.71683661
73,1781860541.854500,1.35064579,1.06966647,0.59563274,1.09855547
73,1781860541.896746,1.51717351,1.17921028,0.66500467,1.00288840
73,1781860541.968390,1.50866801,1.23801539,0.88792943,0.45200691
73,1781860542.177872,1.20374626,1.15244110,1.18434965,-0.47351869
73,1781860542.224306,0.70501385,0.88103664,1.23757296,-1.02719278
73,1781860542.285908,0.19339539,0.46552754,0.83793176,-0.57058747
73,1781860542.314025,-0.24293170,0.02134155,0.23557322,0.28475615
73,1781860542.383018,-0.61109077,-0.35891524,-0.20259493,0.54545388
73,1781860542.462391,-0.90892991,-0.66032003,-0.45980804,0.27369585
73,1781860542.528745,-1.05002630,-0.84652768,-0.66939274,0.15001967
73,1781860542.624429,-0.90337826,-0.79403207,-0.73605870,0.29233151
73,1781860542.685664,-0.43451393,-0.42930073,-0.48726389,0.35949835
73,1781860542.716200,0.18396216,0.11022015,-0.01214990,0.27671261
73,1781860542.780345,0.64585681,0.53218526,0.39081274,0.15762933
73,1781860542.862144,0.74112735,0.61484095,0.50374087,-0.08641616
73,1781860542.926447,0.51751384,0.37917030,0.32623659,-0.48601550
73,1781860543.022405,0.21146962,0.05726964,0.03764775,-0.76580222
73,1781860543.091883,0.05085358,-0.10204651,-0.11307311,-0.80731589
73,1781860543.145363,0.13440050,0.00638574,0.01692512,-0.78842750
73,1781860543.181360,0.38565186,0.30476422,0.31603237,-0.52440267
73,1781860543.261528,0.54030680,0.54514351,0.48347310,0.37845160
73,1781860543.325382,0.37128363,0.46635861,0.32628610,1.33808157
73,1781860543.425145,0.03420903,0.11008691,-0.01194263,1.12617092
73,1781860543.485631,-0.12068875,-0.18231306,-0.21627039,-0.15743602
73,1781860543.516803,-0.13179357,-0.24633095,-0.17908095,-1.03444152
73,1781860543.587505,-0.30934930,-0.25753100,-0.05822244,-0.83927747
73,1781860543.664143,-0.49961683,-0.24504121,0.04863231,-0.22248244
73,1781860543.726674,-0.13288125,0.11059565,0.29038366,0.36241478
73,1781860543.824205,0.86763974,0.91474113,0.80959078,0.86637225
73,1781860543.887357,1.81171866,1.68759071,1.40403665,0.90719712
73,1781860543.914476,1.99692842,1.83961885,1.60118393,0.46163510
73,1781860543.981944,1.31517472,1.24424190,1.10282600,0.40107645
73,1781860544.076999,0.12944000,0.19675678,0.09221825,0.97792413
73,1781860544.126260,-1.05309253,-0.90389968,-0.92022829,0.94188210
73,1781860544.222451,-1.83750743,-1.74758072,-1.55848588,-0.56430558
73,1781860544.285801,-2.16101109,-2.21706262,-1.85497426,-2.37938017
73,1781860544.316287,-2.14594288,-2.29340067,-1.94504788,-2.82135683
73,1781860544.382305,-1.68379314,-1.81338506,-1.61596472,-1.86082815
73,1781860544.459907,-0.57562119,-0.63449735,-0.58218053,-0.63273177
74,1781860546.622456,0.03820801,0.05359849,0.03604924,0.07416103
74,1781860546.683257,-0.59016318,-0.67328056,-0.15979127,-1.34320940
74,1781860546.735259,-1.12245628,-1.44238614,-0.21320552,-3.48769114
74,1781860546.781621,-0.65430702,-1.18072916,0.06567055,-3.99135835
74,1781860546.846846,-0.16021456,-0.68893053,0.10393057,-2.97541891
74,1781860546.929448,-0.26593329,-0.56364845,-0.34156130,-1.17029091
74,1781860547.022501,-0.45018827,-0.51238729,-0.78338687,0.47009679
74,1781860547.089605,-0.15396912,-0.17398781,-0.73963570,1.22843795
74,1781860547.122893,0.34713965,0.25922685,-0.34309876,1.15815691
74,1781860547.183600,0.55750708,0.47052683,0.01221796,0.83601495
74,1781860547.245136,0.49097028,0.48015067,0.20818587,0.58794629
74,1781860547.325729,0.41680049,0.45692571,0.33720756,0.35987385
74,1781860547.423316,0.40806098,0.45200638,0.45768219,0.08616074
74,1781860547.482997,0.42453830,0.47536441,0.62056733,-0.21248140
74,1781860547.537192,0.42814337,0.52817264,0.79196651,-0.36870212
74,1781860547.580905,0.24523153,0.46159074,0.67206325,0.01325342
74,1781860547.642019,-0.26388702,0.12317734,0.05665756,1.02120628
74,1781860547.721725,-0.81551170,-0.31437542,-0.63263348,1.84479700
74,1781860547.822907,-0.95197111,-0.52462737,-0.76818960,1.51048801
74,1781860547.888218,-0.67509004,-0.47562356,-0.39053151,0.25750439
74,1781860547.925669,-0.32857762,-0.32561947,-0.02380337,-0.67285335
74,1781860547.981090,0.02524807,-0.05639217,0.20319609,-0.76824710
74,1781860548.046788,0.52936217,0.35427753,0.53193521,-0.79416949
74,1781860548.127002,0.95895193,0.61750468,0.81829655,-1.22080550
74,1781860548.222264,0.84981598,0.43578535,0.56057577,-1.21310998
74,1781860548.284019,0.25587860,-0.00213092,-0.22111936,-0.08785263
74,1781860548.330056,-0.12935769,-0.17370935,-0.73740047,1.16924881
74,1781860548.383158,0.16073058,0.13363475,-0.38872715,1.11504962
74,1781860548.449547,0.72945490,0.56044814,0.41429766,-0.05145898
74,1781860548.525129,0.88740553,0.64796983,0.83134871,-0.95193125
74,1781860548.622555,0.58085026,0.39564602,0.69256292,-1.08545496
74,1781860548.687642,0.25563225,0.12781877,0.43221422,-0.97308181
74,1781860548.731194,0.00456229,-0.05889651,0.18481820,-0.69157515
74,1781860548.786492,-0.45360498,-0.32841744,-0.26610871,0.14156631
74,1781860548.846605,-0.98848003,-0.60849022,-0.74642283,1.16605851
74,1781860548.931343,-1.03258538,-0.54618334,-0.73219534,1.51388331
74,1781860549.026558,-0.47253073,-0.08338590,-0.18501450,1.10493483
74,1781860549.087218,0.11205516,0.36186937,0.32142545,0.65349161
74,1781860549.132304,0.26498317,0.45440633,0.37217741,0.61160164
74,1781860549.186663,0.16102261,0.31674794,0.12013973,0.79324914
74,1781860549.247860,0.14671117,0.20040222,-0.08886577,0.77214327
74,1781860549.327148,0.22827479,0.12333502,-0.11885554,0.30900853
74,1781860549.424789,0.22530804,0.01100652,-0.03262887,-0.38424037
74,1781860549.484398,0.08614432,-0.12474438,0.02955860,-0.82219814
74,1781860549.538383,-0.21413855,-0.36994046,-0.13769277,-0.87366080
74,1781860549.582552,-0.73008604,-0.86910861,-0.61638703,-0.88197877
74,1781860549.648391,-1.12212752,-1.26686244,-0.97692975,-0.97861733
74,1781860549.732550,-0.67785353,-0.77508048,-0.51051659,-0.81454145
74,1781860549.965859,0.63890512,0.63316660,0.72530715,-0.22036644
74,1781860549.995002,1.73528393,1.77833585,1.64400934,0.39935252
74,1781860550.027426,1.70066711,1.72003979,1.47992094,0.58422323
74,1781860550.096934,0.96606139,0.94402474,0.76759604,0.34760061
74,1781860550.162081,0.50019389,0.46394295,0.40614461,0.04851214
74,1781860550.255663,0.50346129,0.47408695,0.45556629,-0.02443618
74,1781860550.322875,0.52833654,0.50537294,0.44387944,0.08674680
74,1781860550.360925,0.34532781,0.31536062,0.23961056,0.10307627
74,1781860550.414994,0.06725166,0.03637527,0.01961018,-0.03177042
74,1781860550.492273,-0.28716298,-0.24877877,-0.23658371,0.05896265
74,1781860550.558971,-0.78552602,-0.59190370,-0.66856172,0.60851331
74,1781860550.655858,-1.20529194,-0.88960520,-1.11103743,1.20927790
74,1781860550.720689,-1.17258796,-0.88451095,-1.20402821,1.36794707
74,1781860550.747155,-0.74533299,-0.56987977,-0.89028330,1.11637952
74,1781860550.812959,-0.39109071,-0.29075439,-0.44835976,0.58073391
74,1781860550.892370,-0.29855512,-0.26588099,-0.08404274,-0.33583042
74,1781860550.960034,-0.18726705,-0.29081860,0.20031868,-1.33889158
74,1781860551.055192,0.13066546,-0.10538050,0.42336425,-1.72186157
74,1781860551.120456,0.48608334,0.22693030,0.58668259,-1.39341297
74,1781860551.148529,0.71177860,0.49440740,0.72443290,-1.00727579
74,1781860551.217575,0.82927207,0.63233902,0.80895945,-0.84102404
74,1781860551.299473,0.83537950,0.68108115,0.72576254,-0.44798603
74,1781860551.371565,0.65829693,0.65779419,0.44832155,0.47047806
74,1781860551.458045,0.35098462,0.57614171,0.11141782,1.55320863
74,1781860551.523045,0.10125137,0.45752877,-0.11535287,2.09192294
74,1781860551.548773,0.05606399,0.31354891,-0.12237547,1.56115233
74,1781860551.618032,0.19859834,0.20080406,0.07056273,0.29819334
74,1781860551.698595,0.33877386,0.20150044,0.24470494,-0.40633074
74,1781860551.762268,0.29876617,0.28371126,0.20417070,0.14518398
74,1781860551.857025,0.17240966,0.31339396,0.11669682,0.76026118
74,1781860551.923457,0.16898707,0.21254422,0.25102127,0.01143742
74,1781860551.952995,0.13953777,-0.05551483,0.35646236,-1.36667622
74,1781860552.015368,-0.29946129,-0.53819042,-0.08874336,-1.54937043
74,1781860552.096757,-1.00689095,-1.06484976,-0.88997170,-0.52421253
74,1781860552.162446,-1.26420997,-1.18606595,-1.15970947,0.11659525
74,1781860552.257408,-0.78443306,-0.72719466,-0.60392829,-0.14865638
74,1781860552.321749,-0.15171312,-0.14162217,0.02405160,-0.35028153
74,1781860552.371748,0.09665614,0.09674787,0.11035147,-0.03042084
74,1781860552.603147,0.14402105,0.10856837,-0.03185246,0.23632690
74,1781860552.630363,0.26568412,0.20722799,0.01794272,0.29455076
74,1781860552.689571,0.25981561,0.31402890,0.05194977,0.71210562
74,1781860552.753098,-0.01761723,0.23152078,-0.15016605,1.42024873
74,1781860552.786148,-0.18490738,0.11604799,-0.22432839,1.44390415
74,1781860552.848352,0.11446802,0.24639797,0.18795461,0.42860939
74,1781860552.928894,0.66382730,0.59311418,0.81055436,-0.64875277
74,1781860553.019130,1.04717163,0.92828702,1.16590035,-0.80262493
74,1781860553.087293,1.19964823,1.15556868,1.21926573,-0.24264990
74,1781860553.151529,1.30403675,1.31405796,1.24155351,0.18579955
74,1781860553.181550,1.39508341,1.38834436,1.31830487,0.14251560
74,1781860553.246554,1.29504175,1.26852970,1.24879959,-0.01526896
74,1781860553.329718,0.88950727,0.89064019,0.85521227,0.08231367
74,1781860553.427818,0.34288838,0.35699797,0.27838305,0.20876138
74,1781860553.501705,-0.13885124,-0.20809247,-0.20713834,-0.15803892
74,1781860553.572166,-0.78298599,-0.96774619,-0.75584271,-0.89305471
74,1781860553.603654,-2.02573253,-2.20575724,-1.87326225,-1.15389474
74,1781860553.646335,-3.48199628,-3.54059274,-3.33625192,-0.59198106
74,1781860553.727250,-3.76774402,-3.75514848,-3.77754695,0.07878603
74,1781860553.826573,-2.08791852,-2.10454866,-2.21456232,0.21024510
74,1781860553.886187,0.46255188,0.45693769,0.38596390,0.14715157
74,1781860553.948195,1.99130901,2.10488261,2.01432716,0.45957929
74,1781860554.033750,1.85771981,2.07257807,1.87248850,0.93421992
74,1781860554.064223,0.92445567,1.11405212,0.88328733,0.94640774
74,1781860554.127216,0.14816229,0.24681851,0.15437788,0.43023837
74,1781860554.231094,-0.25563988,-0.21399353,-0.14446871,-0.06276598
74,1781860554.289419,-0.37620950,-0.36787289,-0.29915769,-0.13593727
74,1781860554.352959,-0.13755110,-0.19197257,-0.27421148,0.06262861
74,1781860554.387208,0.49143753,0.38721429,0.16650393,0.26226088
74,1781860554.461924,1.23679470,1.20300261,0.95137381,0.49044091
74,1781860554.524765,1.73430780,1.89158093,1.67995299,0.83054953
74,1781860554.620265,1.88642427,2.18663206,2.05567926,0.97072158
74,1781860554.688755,1.90315294,2.13360842,2.18082259,0.41255228
74,1781860554.753667,1.97167829,1.96303828,2.28289620,-0.73958531
74,1781860554.785731,1.86919299,1.64534164,2.15640233,-1.65459226
74,1781860554.849343,1.09195706,0.77672199,1.25185552,-1.77944801
74,1781860554.929897,-0.40760602,-0.74101825,-0.44215889,-1.42350594
74,1781860555.030992,-1.87340757,-2.17800421,-2.05162162,-0.97031326
74,1781860555.088474,-2.49999974,-2.67636967,-2.72117272,-0.29621172
74,1781860555.152761,-2.27016013,-2.23682546,-2.46188682,0.58175678
74,1781860555.186923,-1.73463857,-1.52810334,-1.84823885,1.18575460
74,1781860555.250328,-1.34655255,-1.06279538,-1.37614891,1.34434423
74,1781860555.324028,-1.25728232,-0.95752693,-1.27107631,1.38080379
74,1781860555.419226,-1.32603028,-1.07509864,-1.39305047,1.28079299
74,1781860555.513459,-1.20257550,-1.09531102,-1.30300880,0.70911089
74,1781860555.585342,-0.73294731,-0.76855857,-0.80507134,0.00202969
74,1781860555.616558,-0.12741240,-0.15728787,-0.15551943,-0.07124357
75,1781860548.931343,-0.09677135,-0.07868869,-0.08000382,0.03184879
75,1781860549.026558,0.39609025,0.23229746,0.10234182,-0.05555646
75,1781860549.087218,0.98925827,0.51188750,0.11094170,-0.12548044
75,1781860549.132304,0.65942888,0.06813402,-0.55207847,0.04747921
75,1781860549.186663,-0.20967352,-0.65268842,-1.31801941,0.36501578
75,1781860549.247860,-0.93814384,-1.10155695,-1.54906632,0.46645126
75,1781860549.327148,-1.19420914,-1.13036185,-1.14345786,0.12633148
75,1781860549.424789,-1.07564551,-0.87740233,-0.46044869,-0.35909578
75,1781860549.484398,-0.79672108,-0.52011882,0.07211002,-0.51822020
75,1781860549.538383,-0.46713744,-0.18215442,0.31027665,-0.34060429
75,1781860549.582552,-0.13343685,0.08675301,0.38599799,-0.12979883
75,1781860549.648391,0.13333206,0.28386522,0.39391562,0.06646774
75,1781860549.732550,0.28448209,0.40413270,0.32302195,0.32962557
75,1781860549.965859,0.35871343,0.45186182,0.24397664,0.49426025
75,1781860549.995002,0.42719961,0.47309242,0.22699471,0.47941269
75,1781860550.027426,0.51586378,0.51305730,0.17475820,0.55083781
75,1781860550.096934,0.61183453,0.54571636,0.05657141,0.69455818
75,1781860550.162081,0.67734830,0.49471177,0.09199251,0.36134891
75,1781860550.255663,0.64073377,0.34833540,0.38859636,-0.54618587
75,1781860550.322875,0.45450741,0.19440691,0.67288413,-1.21265417
75,1781860550.360925,0.14793637,0.05232158,0.63072539,-1.10665600
75,1781860550.414994,-0.25668431,-0.23377274,0.22330221,-0.71284309
75,1781860550.492273,-0.77558343,-0.73229010,-0.41862693,-0.44391416
75,1781860550.558971,-1.29197207,-1.17642833,-1.06975390,0.01456230
75,1781860550.655858,-1.56412852,-1.30138280,-1.46992247,0.70811779
75,1781860550.720689,-1.55184991,-1.25840158,-1.61429774,1.06614414
75,1781860550.747155,-1.35015998,-1.19554969,-1.60988352,0.93413658
75,1781860550.812959,-0.69102794,-0.67020014,-1.08483529,0.71497684
75,1781860550.892370,0.72899728,0.69330573,0.36289047,0.48390024
75,1781860550.960034,2.23159016,2.11189276,1.95884573,0.05475602
75,1781860551.055192,2.53632188,2.28689972,2.29153050,-0.41712383
75,1781860551.120456,1.48006699,1.16693392,1.28243884,-0.70377108
75,1781860551.148529,0.27051923,0.01286859,0.25957829,-0.82809790
75,1781860551.217575,-0.20150330,-0.31650311,0.00333919,-0.71395748
75,1781860551.299473,-0.23951636,-0.14280797,0.06176935,-0.17710759
75,1781860551.371565,-0.41039596,-0.04730760,-0.07456867,0.64090598
75,1781860551.458045,-0.72582097,-0.12221546,-0.35640217,1.37555223
75,1781860551.523045,-0.93274627,-0.26435632,-0.62958648,1.69707761
75,1781860551.548773,-0.93145480,-0.49898273,-0.79444555,1.19517994
75,1781860551.618032,-0.75948137,-0.78201184,-0.71774171,-0.14251594
75,1781860551.698595,-0.53377837,-0.89638353,-0.52065147,-1.21225931
75,1781860551.762268,-0.38509735,-0.72762966,-0.50708044,-0.92451094
75,1781860551.857025,-0.24194765,-0.41064958,-0.50828055,-0.11668981
75,1781860551.923457,0.07067552,-0.17176018,-0.06327768,-0.57616471
75,1781860551.952995,0.32584457,-0.22926037,0.48217428,-2.07950292
75,1781860552.015368,0.00773289,-0.67679748,0.14939982,-2.48042983
75,1781860552.096757,-0.71678469,-1.13599327,-0.94120784,-1.00810298
75,1781860552.162446,-0.84632475,-0.85987795,-1.29412860,0.69073369
75,1781860552.257408,0.06650396,0.30769710,-0.20065277,1.23065783
75,1781860552.321749,1.12555426,1.46910020,1.12967433,1.12135608
75,1781860552.371748,1.36390093,1.76933452,1.43333018,1.21735027
75,1781860552.603147,1.02688307,1.48813163,1.07309596,1.43875138
75,1781860552.630363,0.79004943,1.31479650,0.85711688,1.61302432
75,1781860552.689571,0.46397623,1.06020422,0.46220605,1.96077311
75,1781860552.753098,-0.41902951,0.14689577,-0.57259826,2.11050111
75,1781860552.786148,-1.21239567,-0.91133903,-1.25813575,1.06369589
75,1781860552.848352,-0.74187213,-0.87015251,-0.35336242,-1.05912670
75,1781860552.928894,0.72210688,0.26806133,1.33909294,-2.50398994
75,1781860553.019130,1.48762947,1.00398872,1.78581950,-2.07774930
75,1781860553.087293,0.70870141,0.42842967,0.61276014,-0.76281993
75,1781860553.151529,-0.69258616,-0.75666850,-0.70171072,-0.19544929
75,1781860553.181550,-1.65028712,-1.65781333,-1.31697037,-0.57197952
75,1781860553.246554,-2.13928108,-2.26090879,-1.78368748,-0.98323675
75,1781860553.329718,-2.34177254,-2.62878499,-2.34130410,-0.94324774
75,1781860553.427818,-1.89397500,-2.28188494,-2.23424968,-0.71511188
75,1781860553.501705,-0.61367205,-1.01269462,-1.06558854,-0.56830084
75,1781860553.572166,0.81991779,0.50142518,0.36110684,-0.29254032
75,1781860553.603654,1.54751381,1.43912175,1.02756741,0.49775534
75,1781860553.646335,1.50653769,1.70075984,0.90954084,1.61797368
75,1781860553.727250,1.28590342,1.69591987,0.78110980,2.17520290
75,1781860553.826573,1.24243937,1.65080349,1.07173105,1.62124991
75,1781860553.886187,1.13556434,1.41950727,1.30405588,0.65575655
75,1781860553.948195,0.57747038,0.79434938,0.78798699,0.36653503
75,1781860554.033750,-0.38865512,-0.14378747,-0.29092645,0.64362690
75,1781860554.064223,-1.24045397,-0.95408005,-0.88960591,0.36433227
75,1781860554.127216,-1.48561969,-1.18732456,-0.42866533,-0.75586149
75,1781860554.231094,-1.10012913,-0.82287074,0.40340098,-1.55816367
75,1781860554.289419,-0.38226678,-0.21482502,0.64099898,-1.13023932
75,1781860554.352959,0.38911772,0.31949100,0.30714320,-0.09404497
75,1781860554.387208,0.94643231,0.63980923,0.07836772,0.41838065
75,1781860554.461924,0.98010836,0.64106263,0.15239725,0.24565714
75,1781860554.524765,0.43955947,0.28249224,0.11049154,0.02451893
75,1781860554.620265,-0.25079798,-0.25230743,-0.27971419,0.04252022
75,1781860554.688755,-0.57296795,-0.65759656,-0.67287925,-0.11385750
75,1781860554.753667,-0.49442309,-0.81810536,-0.72759622,-0.68005157
75,1781860554.785731,-0.42950273,-0.87468049,-0.69880299,-1.01969668
75,1781860554.849343,-0.59470352,-0.92878268,-0.96667597,-0.48630093
75,1781860554.929897,-0.73487643,-0.86311449,-1.25399669,0.43122950
75,1781860555.030992,-0.66816836,-0.61396229,-1.03747775,0.78436025
75,1781860555.088474,-0.65038644,-0.40551699,-0.50309141,0.56225090
75,1781860555.152761,-0.78530957,-0.37746102,-0.21329646,0.40009926
75,1781860555.186923,-0.58135729,-0.19334629,-0.07589720,0.44422952
75,1781860555.250328,0.25012332,0.45977859,0.34946009,0.52535774
75,1781860555.324028,1.06673119,1.19085630,0.84713597,0.76814494
75,1781860555.419226,1.23800094,1.43598262,1.04304101,0.97022369
75,1781860555.513459,1.27845819,1.43859465,1.46316589,0.22258147
75,1781860555.585342,1.85437463,1.72092064,2.55145355,-1.58274844
75,1781860555.616558,2.17021003,1.80143700,3.06723600,-2.68376711
75,1781860555.644642,0.95024019,0.76011653,1.43379072,-1.41825029
76,1781860556.755912,-0.12051044,-0.12811661,-0.13820819,0.01012385
76,1781860556.816051,2.85463027,3.03061395,2.76425232,1.80180531
76,1781860556.874932,6.53337349,7.04930781,6.75605717,3.29605334
76,1781860557.021940,5.25141048,6.07376777,6.61728236,1.13581004
76,1781860557.088428,0.80363277,1.81826292,3.35316369,-2.11921850
76,1781860557.150881,-2.43412099,-1.51358003,0.24108829,-3.39765123
76,1781860557.180164,-2.36051886,-1.87167783,-0.77376311,-2.48094003
76,1781860557.246545,-0.80840740,-0.86711661,-0.67295836,-1.03000512
76,1781860557.323870,-0.11955000,-0.54187436,-0.95948542,-0.01919870
76,1781860557.422977,-0.34303218,-0.84714036,-1.49950088,0.60387635
76,1781860557.484866,-0.42528802,-0.85852907,-1.50685000,0.87608496
76,1781860557.548394,-0.09336298,-0.46300482,-1.00739031,0.71178337
76,1781860557.580192,0.23081660,-0.10813740,-0.53640743,0.36381105
76,1781860557.647046,0.22530743,-0.04091503,-0.38171233,0.30376571
76,1781860557.721352,-0.09875601,-0.22409137,-0.53260448,0.74613798
76,1781860557.816326,-0.50051507,-0.49068243,-0.81048464,1.34270172
76,1781860557.884411,-0.68387267,-0.61797102,-0.89671047,1.40382666
76,1781860557.954789,-0.50621636,-0.44081953,-0.55126447,0.71625633
76,1781860557.982781,-0.11652240,-0.02912111,0.08189818,-0.09620325
76,1781860558.047213,0.11078308,0.26742271,0.52179793,-0.39810642
76,1781860558.127567,-0.05588373,0.15618503,0.44536257,-0.31408722
76,1781860558.220473,-0.36625430,-0.18146760,0.09245849,-0.36309152
76,1781860558.285381,-0.36223260,-0.28378916,-0.02493911,-0.73485031
76,1781860558.347630,0.01235998,-0.02083792,0.22323139,-1.12939262
76,1781860558.377211,0.39179983,0.31098175,0.50900951,-1.13582285
76,1781860558.448398,0.51905863,0.45130693,0.56272921,-0.72982936
76,1781860558.523137,0.44043348,0.39087363,0.41127842,-0.28498700
76,1781860558.623075,0.26044823,0.20529391,0.16102953,-0.04435796
76,1781860558.687006,0.06970067,-0.00265617,-0.09012155,0.06154161
76,1781860558.744685,0.04298751,-0.05457635,-0.17768474,0.10405053
76,1781860558.776365,0.25428744,0.12222115,-0.06182833,0.21174311
76,1781860558.841655,0.42587206,0.27618182,-0.02515896,0.61771821
76,1781860558.924239,0.19754449,0.06412818,-0.31726259,1.01007443
76,1781860559.021118,-0.35308113,-0.44904177,-0.71270704,0.68311134
76,1781860559.086135,-0.78229451,-0.80853149,-0.82270635,-0.04913268
76,1781860559.153375,-0.88274013,-0.79780210,-0.69193799,-0.08523821
76,1781860559.181846,-0.88331596,-0.71407802,-0.66071602,0.47199752
76,1781860559.247621,-0.98358186,-0.81131182,-0.77811164,0.56647328
76,1781860559.328172,-0.98663654,-0.83435787,-0.71877055,0.14945491
76,1781860559.423995,-0.59519186,-0.45592330,-0.24634528,-0.28639157
76,1781860559.486291,0.05154582,0.10885699,0.40054565,-0.95468993
76,1781860559.548855,0.42582221,0.34808219,0.67003684,-1.62807644
76,1781860559.578145,0.28712596,0.16788946,0.34564313,-1.20973017
76,1781860559.647375,0.03434998,-0.01725163,-0.11343164,0.18158120
76,1781860559.727025,0.16078299,0.13227589,-0.14047380,0.99487342
76,1781860559.822272,0.57351149,0.48985553,0.20431382,0.82234132
76,1781860559.888420,0.75075464,0.68471303,0.39513164,0.91054471
76,1781860559.945388,0.47758419,0.54268001,0.20100583,1.65689633
76,1781860560.164349,0.09685169,0.21483935,-0.07388387,1.65665552
76,1781860560.196409,-0.03491866,-0.07071150,-0.11915084,0.05151297
76,1781860560.252768,-0.02024624,-0.24993456,-0.04712573,-1.76169076
76,1781860560.318757,-0.12591517,-0.37416368,-0.10400742,-2.11161830
76,1781860560.354860,-0.29717695,-0.45415662,-0.23153950,-1.54621169
76,1781860560.414045,-0.32721308,-0.46550854,-0.24593251,-1.45771806
76,1781860560.479229,-0.30158046,-0.43346368,-0.24164889,-1.31851920
76,1781860560.575204,-0.42675104,-0.40612728,-0.39536729,0.04017807
76,1781860560.648865,-0.57297604,-0.37803780,-0.54178190,1.46102084
76,1781860560.716753,-0.48585261,-0.31135008,-0.43559913,1.21690485
76,1781860560.753011,-0.29728924,-0.20884375,-0.25450773,0.54626818
76,1781860560.810495,-0.30047087,-0.11584060,-0.30065334,1.50485233
76,1781860560.877919,-0.40021234,-0.06286769,-0.42080296,2.83208388
76,1781860560.954095,-0.28542793,-0.03471106,-0.26653307,1.96552575
76,1781860561.054626,0.05325604,0.00785244,0.10780589,-0.59208295
76,1781860561.125052,0.35962893,0.07770815,0.36071015,-2.30110011
76,1781860561.159286,0.46237313,0.13163960,0.34911914,-2.23303643
76,1781860561.214912,0.37021005,0.11353305,0.19785886,-1.38900686
76,1781860561.277289,0.18985686,0.03155615,0.06392576,-0.77665747
76,1781860561.355692,0.03834024,-0.04652184,-0.00951472,-0.49640988
76,1781860561.450257,-0.05759821,-0.08713107,-0.09249807,-0.09843479
76,1781860561.520131,-0.17097631,-0.13271189,-0.26071277,0.67724848
76,1781860561.585953,-0.33729333,-0.21863977,-0.45669842,1.45299595
76,1781860561.652944,-0.44452052,-0.29426481,-0.49595405,1.43357750
76,1781860561.683206,-0.34986980,-0.28607665,-0.28983516,0.27515820
76,1781860561.758925,-0.12351705,-0.20897665,-0.02942437,-1.07947299
76,1781860561.854443,-0.01320790,-0.14112494,0.01759846,-1.16757258
76,1781860561.919669,-0.09146344,-0.11033755,-0.12284559,-0.02593092
76,1781860561.984358,-0.16385918,-0.08602264,-0.20134022,0.78677472
76,1781860562.013465,-0.11017454,-0.06478004,-0.14593478,0.51547309
76,1781860562.084379,-0.04661790,-0.07589685,-0.10685853,0.00685423
76,1781860562.160013,-0.07150236,-0.10728913,-0.14898417,0.02406615
76,1781860562.255723,-0.10675299,-0.10622889,-0.16813284,0.25428824
76,1781860562.317316,-0.06804093,-0.05973392,-0.09349646,0.17136185
76,1781860562.384006,-0.00476418,-0.01647358,0.00461462,-0.13359448
76,1781860562.412044,-0.00491917,-0.02377001,0.02075542,-0.25815058
76,1781860562.478677,-0.06667960,-0.07686200,-0.04889169,-0.15540742
76,1781860562.561996,-0.11693414,-0.13137519,-0.11460467,-0.12713414
76,1781860562.651118,-0.11618392,-0.15215646,-0.12678963,-0.24985364
76,1781860562.720618,-0.10093006,-0.14693371,-0.13026770,-0.25527230
76,1781860562.782606,-0.11887280,-0.14762500,-0.16026707,-0.06562138
76,1781860562.814607,-0.15838302,-0.16641723,-0.18179880,0.02992803
76,1781860562.876013,-0.17197775,-0.18694765,-0.17469925,-0.11086828
76,1781860562.960007,-0.14820475,-0.18979709,-0.17494611,-0.22991063
76,1781860563.054942,-0.12122098,-0.17001356,-0.19116180,-0.11260368
76,1781860563.126369,-0.11699428,-0.13962950,-0.18028481,0.07340123
76,1781860563.187537,-0.12958466,-0.12209282,-0.13874172,0.09833250
76,1781860563.211616,-0.14322216,-0.12771825,-0.12406240,0.04826073
76,1781860563.280051,-0.13829538,-0.13010657,-0.15425520,0.13172010
76,1781860563.362443,-0.09667534,-0.09309200,-0.17081516,0.33118573
76,1781860563.455000,-0.03379598,-0.02583140,-0.13717670,0.48598495
76,1781860563.519827,0.01229203,0.02086660,-0.09631538,0.51224415
76,1781860563.588129,0.02180454,0.01334704,-0.09742476,0.41675688
76,1781860563.642136,-0.02393940,-0.03931483,-0.13660429,0.33366044
76,1781860563.673270,-0.12056581,-0.10075777,-0.17459797,0.38145745
76,1781860563.758932,-0.15072172,-0.12435379,-0.14568910,0.19430965
76,1781860563.854161,0.00257113,-0.09054841,-0.00929444,-0.71027568
76,1781860563.916798,0.20969620,-0.03713872,0.13991919,-1.72664277
76,1781860563.981877,0.21974964,-0.01362359,0.14467451,-1.59539495
76,1781860564.014893,0.03092314,-0.02711360,0.01455455,-0.40612794
76,1781860564.091158,-0.15205961,-0.06813889,-0.09355433,0.44535896
76,1781860564.157365,-0.25518229,-0.13772551,-0.11878477,0.40128538
76,1781860564.255043,-0.35029447,-0.22196325,-0.13114808,0.15281414
76,1781860564.320383,-0.45387622,-0.29943306,-0.17924800,0.13954354
76,1781860564.384757,-0.52978123,-0.37572619,-0.26251899,0.16638554
76,1781860564.411196,-0.56825808,-0.44892718,-0.36972842,0.16347024
76,1781860564.480204,-0.54689683,-0.46974542,-0.44804654,0.22587479
76,1781860564.566623,-0.43568288,-0.40559956,-0.43957094,0.26091404
76,1781860564.653455,-0.25951644,-0.29002237,-0.37837077,0.23560976
76,1781860564.718521,-0.04607863,-0.14257302,-0.32689534,0.35774954
76,1781860564.785521,0.22255907,0.06081468,-0.24604564,0.59110075
76,1781860564.810795,0.52742765,0.28840089,-0.06998225,0.48617435
76,1781860564.877911,0.81114865,0.48348742,0.16223342,-0.02609858
76,1781860564.957502,1.04089839,0.67526622,0.36709152,-0.23404153
76,1781860565.055318,1.06948042,0.80097154,0.46885807,0.25908061
76,1781860565.124660,0.63032392,0.56204013,0.33427264,0.64962503
76,1781860565.183518,-0.20626279,-0.13514073,-0.08395400,0.08120257
76,1781860565.209561,-0.95242931,-0.85300611,-0.51794475,-0.95982499
76,1781860565.279607,-1.43453563,-1.22114990,-0.66100180,-1.41246727
76,1781860565.358604,-1.90860995,-1.39662610,-0.61269822,-1.10770968
76,1781860565.454268,-2.01425772,-1.34843266,-0.54600004,-0.55644360
76,1781860565.520426,-0.74487628,-0.44669167,-0.13826618,-0.04171414
76,1781860565.580895,1.66793091,1.28591117,0.81799757,0.34987148
76,1781860565.660070,2.98516275,2.27124502,1.44546965,0.45562977
76,1781860565.677783,1.42636543,1.07607048,0.66797227,0.23545007
78,1781860574.321029,0.41643444,0.42887364,0.38508404,0.23023339
78,1781860574.380787,0.06294966,0.06678162,0.22669178,-0.63907484
78,1781860574.412966,-0.48617189,-0.52085954,-0.07370635,-1.97293622
78,1781860574.478728,-0.56894184,-0.63607795,-0.10701408,-2.44118896
78,1781860574.565118,-0.53994987,-0.57015583,-0.07129484,-2.16630738
78,1781860574.656554,-0.58684237,-0.51243903,-0.11415719,-1.32614668
78,1781860574.719278,-0.54998518,-0.39122647,-0.16726405,-0.26698187
78,1781860574.783980,-0.43160031,-0.25741612,-0.20521838,0.49948335
78,1781860574.815421,-0.48382267,-0.31656737,-0.37240142,0.91345733
78,1781860574.881800,-0.67717351,-0.51345364,-0.66780032,1.30234916
78,1781860574.959878,-0.55411893,-0.44801914,-0.73451518,1.60751536
78,1781860575.062692,0.14947780,0.11757103,-0.25958124,1.41363566
78,1781860575.120825,1.03285890,0.85818219,0.51861454,0.67515932
78,1781860575.187527,1.47935268,1.24004514,1.03762424,-0.15103536
78,1781860575.217901,1.41444886,1.19704088,1.12136163,-0.58031971
78,1781860575.279316,1.27505639,1.12951910,1.08680674,-0.42102497
78,1781860575.364500,1.28184441,1.22509214,1.11981901,0.19867257
78,1781860575.460885,1.14691036,1.18232356,0.99759045,0.90140690
78,1781860575.521886,0.62732222,0.75206528,0.57369791,1.24111013
78,1781860575.586490,0.01757580,0.19754323,0.13339275,0.99956049
78,1781860575.615541,-0.17031250,-0.01815382,0.05583723,0.32006373
78,1781860575.682788,0.17581327,0.21913441,0.37705343,-0.46923029
78,1781860575.764983,0.71108701,0.64966888,0.83061540,-0.99238166
78,1781860575.852486,1.08547330,1.02039137,1.16019017,-0.83890069
78,1781860575.920846,1.21928865,1.25999709,1.28281747,0.07324408
78,1781860575.983821,1.13201401,1.28774345,1.19038293,1.03629735
78,1781860576.020160,0.76676408,0.92624876,0.82962102,1.04867304
78,1781860576.079604,0.18813532,0.22441230,0.24305009,0.07222506
78,1781860576.163050,-0.29893519,-0.39499267,-0.31342703,-0.72729220
78,1781860576.256688,-0.60269906,-0.71824066,-0.73773248,-0.39328361
78,1781860576.316396,-1.11494928,-1.16102819,-1.34862875,0.57947185
78,1781860576.386024,-1.99479238,-2.01957771,-2.26338212,0.89679133
78,1781860576.411558,-2.56797614,-2.67571279,-2.82500791,0.17016455
78,1781860576.480283,-2.05644744,-2.23272349,-2.27181007,-0.56173337
78,1781860576.564203,-0.49808857,-0.59598966,-0.63730941,-0.23167685
80,1781860575.062692,0.07397174,0.06221650,0.07245883,-0.05864024
80,1781860575.120825,-0.43606193,-0.39362120,-0.43563861,0.22514512
80,1781860575.187527,-1.00559649,-0.94749265,-0.97058365,0.21644592
80,1781860575.217901,-0.82415624,-0.83279804,-0.65922296,-0.48574642
80,1781860575.279316,-0.45383919,-0.39091557,-0.09030449,-0.63361762
80,1781860575.364500,-0.28996513,-0.02739655,0.14092454,0.25124117
80,1781860575.460885,-0.23839451,0.11550169,0.00995705,1.22475886
80,1781860575.521886,-0.27485529,0.00009913,-0.25553929,1.41443296
80,1781860575.586490,-0.51955139,-0.34943659,-0.51953188,0.90691831
80,1781860575.615541,-0.78222380,-0.70617209,-0.65318337,0.06148040
80,1781860575.682788,-0.59551043,-0.69819012,-0.42325792,-1.00662253
80,1781860575.764983,0.19778558,-0.11993620,0.26440314,-1.87152618
80,1781860575.852486,1.13372133,0.77982051,1.04538755,-1.65135241
80,1781860575.920846,1.54531778,1.39610747,1.32899546,-0.21885436
80,1781860575.983821,1.24406604,1.30230166,0.94624436,1.10440533
80,1781860576.020160,0.61211672,0.63227454,0.29200631,0.96080919
80,1781860576.079604,0.04060041,-0.15641202,-0.20462404,-0.39666616
80,1781860576.163050,-0.42732648,-0.73278430,-0.46792399,-1.52033103
80,1781860576.256688,-0.89284161,-1.05509144,-0.71766109,-1.33202726
80,1781860576.316396,-1.36209047,-1.28116453,-1.22491910,0.06579230
80,1781860576.386024,-1.63071072,-1.44304975,-1.82657348,1.52264111
80,1781860576.411558,-1.18586429,-1.07878384,-1.64584586,1.79710180
80,1781860576.480283,0.31658567,0.33068486,-0.04118875,1.02891069
80,1781860576.564203,2.13791256,2.22666504,2.07560300,0.63928788
80,1781860576.655702,2.83938635,3.10113943,2.97641253,1.03026273
80,1781860576.719697,2.12764024,2.39952988,2.39619518,0.73368196
80,1781860576.781609,1.26263856,1.29008802,1.72386407,-1.08316903
80,1781860576.816984,0.98895900,0.74913439,1.59576107,-2.89621801
80,1781860576.884644,0.45506379,0.17630330,0.97572656,-2.87417872
80,1781860578.811749,-0.95162428,-1.07218809,-0.71164363,-1.28251900
80,1781860578.876989,-2.24382056,-2.21418137,-2.26918571,0.22563933
80,1781860578.958472,-2.35733654,-2.28947573,-2.49800020,0.73677670
80,1781860579.056173,-1.66598561,-1.61097623,-1.81305470,0.68533442
80,1781860579.119426,-1.05440784,-0.97363020,-1.19964480,0.81783438
80,1781860579.182055,-0.61165249,-0.48199052,-0.77384863,1.12367119
80,1781860579.216499,0.02529364,0.11250827,-0.16740870,0.97868461
80,1781860579.678766,0.80224418,0.71078122,0.52789285,0.24371817
80,1781860579.759248,1.26754540,1.00931327,0.88348011,-0.35294384
80,1781860579.856578,1.16504578,0.93003540,0.78346240,-0.23575280
80,1781860579.916776,0.72631634,0.66003355,0.50882663,0.22638729
80,1781860579.982264,0.36923896,0.41554592,0.33003282,0.35140062
80,1781860580.012242,0.23897104,0.27003043,0.28225842,0.05019996
80,1781860580.075567,0.19154382,0.19674126,0.29107462,-0.23761490
80,1781860580.159134,0.12562844,0.17858374,0.32435677,-0.24742978
80,1781860580.255139,0.09562269,0.18476505,0.39241418,-0.31591054
80,1781860580.316108,0.14208929,0.14776596,0.48667548,-0.88831867
80,1781860580.382099,0.21536362,0.09377075,0.54034189,-1.51458868
80,1781860580.411930,0.25892411,0.15272652,0.46190121,-1.10728268
80,1781860580.477665,0.24823844,0.29768444,0.25655038,0.24146467
80,1781860580.579030,0.16199890,0.27547363,0.05981611,0.87738744
80,1781860580.780253,-0.02674654,-0.04029404,-0.05362030,-0.00058975
80,1781860580.813442,-0.33206681,-0.45087610,-0.20854821,-0.96270494
80,1781860580.843205,-0.68753234,-0.71039823,-0.51004993,-0.59503540
80,1781860580.905655,-0.87699780,-0.74394329,-0.77222976,0.43009629
80,1781860581.024109,-0.67355545,-0.53395404,-0.69749043,0.80809252
80,1781860581.091810,-0.12845442,-0.09417179,-0.29584122,0.62899149
80,1781860581.151199,0.43332435,0.40572151,0.10990771,0.71498593
80,1781860581.231770,0.77081736,0.74349982,0.30741623,1.08967203
80,1781860581.260788,0.90994478,0.87240104,0.40670220,1.14135859
80,1781860581.308432,0.94576612,0.88742029,0.58197050,0.65871979
80,1781860581.422420,0.86571912,0.82811432,0.77679775,0.03655228
80,1781860581.486645,0.61175495,0.62775492,0.75243783,-0.28972259
80,1781860581.545583,0.16852051,0.20529895,0.34955205,-0.28650159
80,1781860581.586016,-0.41767424,-0.41984195,-0.32812865,-0.25026422
80,1781860581.651615,-0.98677549,-1.03932986,-0.93184853,-0.42661670
80,1781860581.708063,-1.27114776,-1.33636525,-1.11474261,-0.76464682
80,1781860581.824409,-1.12806935,-1.19891617,-0.86964703,-1.06661295
80,1781860581.886976,-0.76319360,-0.88699384,-0.52140209,-1.30460142
80,1781860581.953249,-0.49090268,-0.65740029,-0.22827614,-1.58778444
80,1781860582.010676,-0.22491935,-0.30349673,0.27117888,-1.74141543
80,1781860582.042719,0.44014315,0.53321926,1.09996460,-1.26268831
80,1781860582.108209,1.46548208,1.60951213,1.76614809,-0.03360433
80,1781860582.221619,2.12237763,2.15918172,1.73331608,1.23336628
80,1781860582.287454,1.83258158,1.80633765,1.13444735,1.72113802
80,1781860582.352160,0.87241847,0.92197169,0.43467397,1.43111556
80,1781860582.391673,-0.07222474,0.03863346,-0.21188006,0.96333012
80,1781860582.446854,-0.67819944,-0.62566036,-0.82565637,0.67319787
80,1781860582.513154,-1.01262570,-1.03796528,-1.24906016,0.49517897
80,1781860582.623750,-1.13076705,-1.15837270,-1.31944161,0.35578092
80,1781860582.693792,-0.99064651,-0.98808197,-1.09601137,0.29455031
80,1781860582.747887,-0.61977927,-0.61405441,-0.70425682,0.25571904
80,1781860582.787831,-0.13258670,-0.14088926,-0.19062063,0.11043923
83,1781860585.022920,-0.56090597,-0.58080703,-0.47219017,-0.09866361
83,1781860585.083122,-0.38356189,-0.54862790,0.71290514,-1.09520446
83,1781860585.149171,0.40358949,0.02152029,2.36313671,-2.09098181
83,1781860585.215437,-0.41646079,-0.70173205,1.11871094,-1.61656330
83,1781860585.241637,-1.76803315,-1.60420370,-0.90184593,-0.41342986
83,1781860585.307729,-1.55190296,-1.10939634,-1.15033407,0.37114172
83,1781860585.423233,-0.06359083,0.21648207,-0.12468788,0.47693005
83,1781860585.489613,0.85919102,0.89128522,0.47538508,0.34392663
83,1781860585.545405,0.88421517,0.93351119,0.50008164,0.37058991
83,1781860585.616976,0.93356507,1.12511637,0.38328228,0.71656282
83,1781860585.643984,0.97912381,1.16499446,-0.25059381,1.22944492
83,1781860585.710732,0.45591158,0.47504870,-1.21134627,1.30934222
83,1781860585.823504,-0.09480634,-0.31290265,-1.11337048,0.44708841
83,1781860585.880541,0.01656837,-0.45949804,0.26074008,-0.91840667
83,1781860585.948601,0.01303703,-0.57238742,1.05272896,-1.69703899
83,1781860586.009728,-0.96557521,-1.30695421,0.22132248,-1.43534043
83,1781860586.041545,-1.94103158,-1.81084575,-0.78416422,-0.68824251
83,1781860586.113129,-1.54052145,-1.09157185,-0.55062791,-0.07062433
83,1781860586.221455,-0.23921807,0.24018118,0.28912941,0.33045857
83,1781860586.285192,0.70371749,1.09439136,0.76112307,0.55577262
83,1781860586.348984,1.25867174,1.50221127,0.96237680,0.60139863
83,1781860586.414051,1.73105392,1.69682294,0.69544471,0.74248191
83,1781860586.442535,1.37199503,1.08440105,-0.77237006,1.20466211
83,1781860586.514729,-0.08503149,-0.34703915,-2.46483651,1.42469545
84,1781860589.427058,0.02346652,0.02882270,0.02586072,0.03493412
84,1781860589.480927,-0.20438848,-0.22302079,-0.16190500,-0.33492166
84,1781860589.549318,-0.43593207,-0.53361378,-0.37175480,-1.09000463
84,1781860589.616233,-0.29254395,-0.48270935,-0.29207158,-1.59927604
84,1781860589.645232,-0.14595992,-0.35470254,-0.21209014,-1.47560140
84,1781860589.710990,-0.28281938,-0.44318061,-0.38320786,-0.92534643
84,1781860589.822217,-0.53676729,-0.68199310,-0.67759085,-0.62839962
84,1781860589.886560,-0.77655788,-0.94868262,-0.96975018,-0.63440160
84,1781860589.949476,-1.32613735,-1.46805290,-1.55792948,-0.21855042
84,1781860590.011431,-2.32571768,-2.35651793,-2.58938168,0.84861513
84,1781860590.042436,-3.00490639,-2.93975879,-3.28290200,1.71471716
84,1781860590.111687,-2.43131458,-2.35375984,-2.62885930,1.48105763
84,1781860590.224875,-0.84199002,-0.79582693,-0.82248893,0.30584679
84,1781860590.281435,0.64851511,0.70070141,0.93483708,-0.76414091
84,1781860590.348716,1.42615788,1.55239098,1.88755794,-0.87746888
84,1781860590.412549,1.54215020,1.75535231,2.01953773,-0.21411692
84,1781860590.441700,1.12344087,1.34790619,1.50545101,0.28104906
84,1781860590.514528,0.77060218,0.91917515,1.05106372,0.07007015
84,1781860590.623349,1.60573846,1.68472401,1.81881262,-0.23141878
84,1781860591.307845,3.55999711,3.64120803,3.65315237,0.29090197
84,1781860591.422546,4.67752108,4.75974372,4.53168590,1.30309869
84,1781860591.485289,3.47311548,3.45565700,3.10024873,1.41930279
84,1781860591.552695,0.89865865,0.73086186,0.50205486,0.25622728
84,1781860591.615120,-1.14326817,-1.37210573,-1.39767804,-0.85366214
84,1781860591.645267,-2.08549958,-2.26340815,-2.24472992,-0.82561438
84,1781860591.710565,-2.51489398,-2.63652785,-2.69619455,-0.26024626
84,1781860591.822790,-2.75800878,-2.87166954,-2.95167191,-0.14135669
84,1781860591.884785,-2.65856171,-2.75388617,-2.76983814,-0.33334415
84,1781860591.952142,-2.20797420,-2.23066853,-2.19587011,-0.24145489
84,1781860592.016378,-1.63628698,-1.57278081,-1.52341633,0.05939152
84,1781860592.041720,-1.06050081,-0.94965354,-0.87176289,0.13840941
84,1781860592.109061,-0.45440569,-0.34024752,-0.20566733,-0.08576728
84,1781860592.222886,0.13676216,0.22686079,0.42646781,-0.45990724
84,1781860592.287551,0.60604860,0.65758592,0.90116811,-0.80653942
84,1781860592.350324,0.94477326,0.95915841,1.15404596,-0.75806398
84,1781860592.414723,1.21155593,1.20646384,1.20458789,-0.01350697
84,1781860592.442018,1.37638154,1.37290503,1.12075207,1.04437763
84,1781860592.512426,1.34381170,1.35445042,0.98753846,1.58561645
84,1781860592.624183,1.11596123,1.14402620,0.85446076,1.33396662
84,1781860592.687673,0.80292643,0.84986160,0.71544050,0.76165005
84,1781860592.751098,0.48279547,0.54778344,0.56387868,0.20533697
84,1781860592.815344,0.17270780,0.23816029,0.41601916,-0.47207808
84,1781860592.840404,-0.07384526,-0.04102170,0.25174524,-1.09169582
84,1781860592.911321,-0.17742497,-0.19139241,0.01815908,-0.93872240
84,1781860593.023124,-0.17061733,-0.20658167,-0.25674882,0.05964813
84,1781860593.086297,-0.20756089,-0.23330273,-0.44839842,0.79523783
84,1781860593.150889,-0.36266294,-0.37515984,-0.49164537,0.43672570
84,1781860593.382193,-0.50634268,-0.52434545,-0.45596019,-0.36280767
84,1781860593.417852,-0.47978041,-0.51957280,-0.42492296,-0.56462310
84,1781860593.449156,-0.32655828,-0.39556354,-0.41090871,-0.22535870
84,1781860593.518832,-0.23098129,-0.31976199,-0.40973642,0.00501342
84,1781860593.582989,-0.26839170,-0.33710850,-0.41983216,0.05882527
84,1781860593.631078,-0.33395776,-0.34011393,-0.39351087,0.19839917
84,1781860593.678859,-0.30069235,-0.25949123,-0.27485310,0.23755011
84,1781860593.745619,-0.15489641,-0.13599688,-0.09144274,-0.10774281
84,1781860593.854319,0.03305253,-0.01017444,0.07676931,-0.54668381
84,1781860593.916020,0.21485173,0.13984064,0.21729512,-0.64031648
84,1781860593.981397,0.38469971,0.32379643,0.38890308,-0.52920947
84,1781860594.031798,0.48988426,0.47421879,0.58252982,-0.52066961
84,1781860594.077525,0.43179889,0.51274303,0.66285952,-0.29050624
84,1781860594.142636,0.24973705,0.47296479,0.54837025,0.62081586
84,1781860594.253194,0.18223375,0.49562250,0.40758222,1.68589944
84,1781860594.325670,0.37331264,0.64294751,0.47046072,1.85679809
84,1781860594.376635,0.59506315,0.74301953,0.59723410,1.23364059
84,1781860594.422083,0.48734794,0.54268967,0.36704622,0.97007876
84,1781860594.478587,0.05915113,0.05603193,-0.23755421,1.21988696
84,1781860594.545206,-0.38123341,-0.45897901,-0.72521604,0.79161592
84,1781860594.654005,-0.84349109,-0.96505026,-0.94540481,-0.59302332
84,1781860594.719272,-1.52856437,-1.59553661,-1.27119850,-1.64340360
84,1781860594.789093,-1.81747812,-1.88053808,-1.49773200,-1.87252355
84,1781860594.838191,-0.58960131,-0.92781476,-0.71493465,-2.31445223
84,1781860594.874240,1.69672794,0.97654059,0.96866184,-2.99151422
84,1781860594.943219,2.77253157,2.07233546,1.93795119,-2.37626524
84,1781860595.056282,1.52245033,1.35075499,1.26061828,-0.34252540
84,1781860595.120798,-0.42379509,-0.06723242,0.00917801,1.17656787
84,1781860595.184935,-1.14972025,-0.65572332,-0.46825978,1.28736192
84,1781860595.228325,-0.80799974,-0.38854694,-0.25778167,1.21241393
84,1781860595.288294,-0.49561824,-0.08753897,-0.10802370,1.79985937
84,1781860595.343294,-0.40204769,0.00637109,-0.15553241,2.39520797
84,1781860595.454506,-0.16619362,0.12919364,-0.14695084,2.40028736
84,1781860595.518869,0.10281124,0.23081084,-0.08875007,1.87963987
84,1781860595.589347,0.11096681,0.10343343,-0.08814412,0.77293857
84,1781860595.633821,-0.01595424,-0.11284307,-0.04968804,-0.67214331
84,1781860595.681198,-0.00531666,-0.10120619,0.11486913,-1.31017276
84,1781860595.755126,0.15381973,0.14252585,0.30067426,-0.71161435
84,1781860595.856249,0.34665997,0.32626338,0.38962575,-0.35176627
84,1781860595.919249,0.48337187,0.25335696,0.36649276,-1.44114533
84,1781860595.982994,0.43986157,0.00451428,0.22637057,-2.76008724
84,1781860596.022996,0.18516845,-0.19604252,-0.02329929,-2.32646619
84,1781860596.077558,-0.06505825,-0.19431288,-0.27223962,-0.21556400
84,1781860596.138277,-0.08169321,-0.02436436,-0.35787271,1.64141649
84,1781860596.253641,0.08280906,0.14866282,-0.21272086,1.79428814
84,1781860596.331098,0.20886336,0.19834318,0.06621148,0.51073727
84,1781860596.383111,0.18081207,0.12552463,0.26953495,-0.83699970
84,1781860596.429612,0.01081170,-0.00540096,0.22538460,-1.03732949
84,1781860596.477778,-0.24083121,-0.13927669,-0.03208555,-0.02367240
84,1781860596.542777,-0.43999239,-0.21869075,-0.26079328,1.10623025
84,1781860596.654814,-0.42609837,-0.18373996,-0.25363975,1.31140471
84,1781860596.720002,-0.19656465,-0.03956561,-0.05971364,0.74397248
84,1781860596.783391,0.06232922,0.12087782,0.11767166,0.25935424
84,1781860596.841905,0.17222239,0.20074790,0.17508641,0.22757160
84,1781860596.874123,0.10679395,0.18056741,0.14524424,0.45817801
84,1781860596.941235,-0.04100307,0.10548516,0.07167023,0.75722721
84,1781860597.054502,-0.14650623,0.02215808,-0.01262904,0.85444401
84,1781860597.120169,-0.13000273,-0.05771118,-0.05257407,0.28203151
84,1781860597.183770,-0.02207830,-0.14349528,-0.02678573,-1.00007063
84,1781860597.232208,0.05362724,-0.22522613,0.01262607,-2.17003153
84,1781860597.289280,0.02270180,-0.25272650,0.01200209,-2.26852104
84,1781860597.343585,-0.02936565,-0.17012755,-0.01354707,-1.24876211
84,1781860597.455883,0.02728711,0.01194378,-0.01277719,0.03938368
84,1781860597.519019,0.16283235,0.18807220,0.01382755,0.83778394
84,1781860597.585198,0.23004043,0.24047823,-0.00762930,1.08582435
84,1781860597.632172,0.20144148,0.17013520,-0.10791960,1.03628084
84,1781860597.678373,0.20181610,0.11132371,-0.16414999,0.77687430
84,1781860597.743856,0.27812468,0.17137691,-0.03026864,0.39854646
84,1781860597.854286,0.29461960,0.28299414,0.22239457,0.20567878
84,1781860597.920695,0.13662351,0.28946475,0.35938328,0.34825419
84,1781860597.982902,-0.08364555,0.16425736,0.29625726,0.48676302
84,1781860598.031970,-0.14652199,0.04115821,0.17885572,0.20991458
84,1781860598.077350,-0.02724821,0.00960403,0.12805781,-0.34270562
84,1781860598.136710,0.06006139,-0.00025567,0.09629152,-0.65878979
84,1781860598.255348,-0.03413012,-0.07529929,0.02396418,-0.58978129
84,1781860598.325715,-0.19092757,-0.17110045,-0.03869072,-0.47281821
84,1781860598.380984,-0.22361968,-0.19320984,-0.04110661,-0.51108118
84,1781860598.419999,-0.15591290,-0.15550049,-0.03940326,-0.48584676
84,1781860598.479870,-0.15332895,-0.15364058,-0.11560375,-0.16105374
84,1781860598.544969,-0.24906404,-0.20777482,-0.25451781,0.36971283
84,1781860598.658016,-0.30194237,-0.23489447,-0.35947609,0.80479509
84,1781860598.719648,-0.22328217,-0.18435718,-0.36411250,0.91840150
84,1781860598.780987,-0.09064691,-0.10258125,-0.28433123,0.71318233
84,1781860598.840515,0.01178695,-0.03244241,-0.16075002,0.35310712
84,1781860598.874643,0.12301933,0.05949317,0.00108669,-0.02150130
84,1781860598.942003,0.29173172,0.20304602,0.19355250,-0.33258698
84,1781860599.055712,0.45778651,0.34454097,0.35265422,-0.50967597
84,1781860599.117698,0.54054263,0.40818320,0.41981157,-0.60471198
84,1781860599.181906,0.53340704,0.39094522,0.43221559,-0.77162831
84,1781860599.226722,0.43279585,0.34273670,0.44672428,-0.81494676
84,1781860599.284020,0.20698078,0.28439606,0.40197488,-0.16867661
84,1781860599.342155,-0.07367963,0.19770702,0.21142400,1.08214687
84,1781860599.454330,-0.21919793,0.08273142,-0.02698175,1.72879355
84,1781860599.518834,-0.15379213,-0.02453252,-0.12365420,0.95914317
84,1781860599.583512,-0.04917855,-0.10043566,-0.09490743,-0.23848392
84,1781860599.627723,-0.09374067,-0.16432565,-0.12449031,-0.46373716
84,1781860599.680257,-0.22957656,-0.23929482,-0.23443016,-0.06124454
84,1781860599.743808,-0.27549414,-0.30890476,-0.27162870,-0.29686601
84,1781860599.854881,-0.24155046,-0.35333259,-0.23026504,-0.98630873
84,1781860599.918880,-0.32082721,-0.40706674,-0.29448041,-0.83501782
84,1781860599.982019,-0.54883203,-0.49723815,-0.49892303,0.22375720
84,1781860600.028246,-0.65532446,-0.51339814,-0.58903479,0.91370900
84,1781860600.077384,-0.36638033,-0.26509263,-0.32688159,0.68488033
84,1781860600.139749,0.23529934,0.24741250,0.19858159,0.25594958
84,1781860600.250127,0.76773101,0.73093834,0.65900600,0.14757763
84,1781860600.320263,0.94382875,0.89176231,0.82480977,0.06251778
84,1781860600.383473,0.80990735,0.75008983,0.74005771,-0.20908595
84,1781860600.430465,0.58562393,0.53649509,0.57506178,-0.36829887
84,1781860600.472602,0.38729969,0.36587196,0.40457801,-0.25254646
84,1781860600.542890,0.19205143,0.18542229,0.20018560,-0.08984278
84,1781860600.650808,0.26296609,0.27071505,0.30449703,-0.11961475
84,1781860600.713623,0.32609929,0.32078458,0.36444628,-0.22503338
84,1781860600.787939,0.35789186,0.33549452,0.35877732,-0.20988796
84,1781860600.846437,0.36021174,0.33449903,0.31932778,-0.04843512
84,1781860600.878628,0.33908814,0.30354097,0.27181193,-0.01754328
84,1781860600.941016,0.21499167,0.18894919,0.19616125,-0.15279569
84,1781860601.052767,-0.06476131,-0.01693053,0.06105421,-0.13854933
84,1781860601.117841,-0.32219425,-0.17904338,-0.06748472,0.14515769
84,1781860601.185606,-0.32472843,-0.16926351,-0.10679961,0.42731467
84,1781860601.219655,-0.21663855,-0.11798635,-0.15413053,0.61935310
84,1781860601.282340,-0.36113576,-0.23919201,-0.34143763,1.03008983
84,1781860601.341676,-0.55581665,-0.31817687,-0.42120656,1.56528457
84,1781860601.454924,-0.01790465,0.18394737,0.08259772,1.39313009
84,1781860602.720443,1.32140338,1.20487568,1.03719999,0.23501125
84,1781860602.784204,2.16689274,1.74517419,1.49040695,-0.76709633
84,1781860602.842764,1.38256684,1.01287943,0.79660652,-0.70489833
84,1781860602.877836,-0.32314126,-0.43135346,-0.41603574,-0.56758669
84,1781860602.947677,-1.24741645,-1.28513649,-0.98107134,-1.57041101
84,1781860603.060089,-0.87007576,-1.03179187,-0.61015592,-2.68034582
84,1781860603.118336,-0.10613231,-0.24407960,0.03873795,-1.93330124
84,1781860603.182491,0.32737940,0.43017105,0.46346306,0.31933215
84,1781860603.223779,0.60303627,0.86917056,0.77174296,1.67046907
84,1781860603.283486,0.92680416,1.12662646,1.10984924,0.99521653
84,1781860603.343723,1.08905648,1.16031795,1.31641643,-0.38980325
84,1781860603.454945,0.95706823,0.99886874,1.25433013,-0.98171431
84,1781860603.518878,0.67358952,0.76285700,1.04577366,-0.88976593
84,1781860603.579986,0.39723321,0.53658850,0.87191143,-0.90041864
84,1781860603.627584,0.31320823,0.45424791,0.78329267,-0.86383282
84,1781860603.676929,0.60850026,0.66213898,0.71892704,-0.01447038
84,1781860603.745802,1.01810614,0.93307098,0.54496993,1.39250625
84,1781860603.854363,0.86237105,0.71592550,0.13563075,1.99342040
84,1781860603.916834,-0.01854071,-0.09066467,-0.44148043,1.28051380
84,1781860603.983617,-0.92943221,-0.89635498,-0.96004014,0.44459710
84,1781860604.030265,-1.38914123,-1.34933668,-1.41397843,0.47990270
84,1781860604.077122,-1.82591219,-1.87499169,-2.07030373,0.67189915
84,1781860604.141855,-2.51158375,-2.64482536,-2.78699128,0.04100482
84,1781860604.254998,-2.52871825,-2.67358748,-2.63999916,-0.81996446
84,1781860604.320129,-0.89519097,-0.98812868,-0.92681701,-0.70873444
86,1781860607.241450,0.10152753,0.06662298,0.13394633,-0.14270822
86,1781860607.274516,-0.17399058,-0.16743884,-0.17074766,0.01376515
86,1781860607.342150,-0.27784376,-0.13372143,-0.58647897,0.83323299
86,1781860607.455012,0.44182145,0.68725089,-0.48659281,1.98127841
86,1781860607.520322,1.30614235,1.40016134,0.04990278,2.01618413
86,1781860607.582376,1.46280782,1.28104663,0.59179448,0.70844778
86,1781860607.649950,0.85037550,0.65403046,0.76863842,-0.43408449
86,1781860607.679698,0.01931182,0.11020917,0.55947966,-0.50028213
86,1781860607.743706,-0.59546444,-0.32166448,0.15569048,-0.28415893
86,1781860607.854716,-0.79381839,-0.72113232,-0.20198022,-0.62325811
86,1781860607.914811,-0.46120384,-0.75396797,-0.26124842,-1.09652033
86,1781860607.984900,0.18622268,-0.23951278,0.03178406,-0.97304391
86,1781860608.047871,0.57455703,0.30506257,0.35169959,-0.44131354
86,1781860608.076799,0.38955221,0.28126355,0.29998321,-0.17730122
86,1781860608.143056,-0.08572717,-0.18894898,-0.11172770,-0.25189514
86,1781860608.256138,-0.42289613,-0.52585068,-0.46061573,-0.23478935
86,1781860608.316790,-0.46904437,-0.46364696,-0.38749325,-0.09877445
86,1781860608.381650,-0.28876835,-0.21724471,-0.00426434,-0.19747091
86,1781860608.444846,-0.06930196,-0.08349231,0.25482774,-0.49209785
86,1781860608.477045,0.01126909,-0.07727090,0.28014655,-0.62254813
86,1781860608.543616,0.09428115,0.08731376,0.49350145,-0.57675666
86,1781860608.655386,0.45787515,0.56518787,1.00298964,-0.46135647
86,1781860608.720657,0.81369182,0.95264325,1.01869768,0.10176285
86,1781860608.782926,0.48738435,0.70208467,-0.05285454,1.35359843
86,1781860608.847979,-0.38542708,0.00257429,-1.32810573,2.39924669
86,1781860608.876762,-0.72714766,-0.32693201,-1.34479072,1.97960496
86,1781860608.944553,-0.01754479,0.06126699,-0.04411776,0.25713487
86,1781860609.057800,0.94573606,0.62121816,1.20391065,-1.26644854
86,1781860609.124635,1.22273835,0.73458827,1.45239705,-1.68349574
86,1781860609.184180,0.85484403,0.44172828,1.04779748,-1.42276289
86,1781860609.248030,0.41138998,0.15573158,0.66233491,-1.06410292
86,1781860609.277322,0.12931828,0.04019685,0.41259031,-0.64426606
86,1781860609.344912,-0.08264098,-0.04756003,0.13908204,-0.21157646
86,1781860609.455205,-0.25459330,-0.18945909,-0.13162142,0.01018584
86,1781860609.519446,-0.32141047,-0.29725691,-0.31344483,0.05631594
86,1781860609.582494,-0.30566860,-0.37301148,-0.50778155,0.09412708
86,1781860609.647073,-0.35973797,-0.58469765,-0.84353366,0.04729071
86,1781860609.679412,-0.60881483,-0.93914547,-1.15566292,-0.15888104
86,1781860609.741944,-0.96618083,-1.15061080,-1.10388252,-0.32269254
86,1781860609.853571,-1.16999495,-1.03446230,-0.69655624,-0.28250946
86,1781860609.918681,-1.00395378,-0.71376405,-0.32350945,-0.13968867
86,1781860609.982638,-0.40119879,-0.22981464,-0.06321209,0.00667503
86,1781860610.046705,0.50032704,0.53399037,0.45126540,0.16247586
86,1781860610.077146,1.19918147,1.23744782,1.11656562,0.22216837
86,1781860610.143141,1.17055694,1.22065013,1.22431299,0.06481586
86,1781860610.254141,0.82036878,0.81722033,0.88267523,-0.09576899
86,1781860610.487365,1.30776564,1.34286156,1.30966448,0.09533575
86,1781860610.539850,2.59808264,2.79402453,2.63313207,0.49813398
86,1781860610.653841,2.84955414,3.06267991,2.91709658,0.50075110
86,1781860610.721287,0.99429444,0.89574606,0.95210557,-0.21624848
86,1781860610.783653,-1.38103209,-1.92119553,-1.49087909,-1.35477153
86,1781860610.843121,-2.14929160,-2.89471340,-2.00401303,-2.28399557
86,1781860610.875024,-1.28613367,-1.83956533,-0.79204744,-2.23489525
86,1781860610.945952,-0.17810705,-0.31902994,0.15620530,-0.86014508
86,1781860611.053577,0.26381509,0.42347536,-0.07298654,0.91593412
86,1781860611.117556,-0.18375399,0.06575754,-0.90121569,1.69818968
86,1781860611.181574,-1.34518398,-0.96159100,-1.70336171,1.57098641
86,1781860611.245628,-2.39986189,-1.70315531,-2.19912793,1.66495759
86,1781860611.273689,-2.33522182,-1.51421501,-1.98804384,1.80756605
86,1781860611.339707,-0.96383369,-0.60996286,-0.82231992,0.79044342
