face_id,window_index,window_start_sample,window_end_sample,window_start_time,window_end_time,window_duration_seconds,sample_count,sample_rate_hz,spo2_label,b_diff_abs_max,b_diff_abs_mean,b_diff_mean,b_diff_std,b_dominant_freq_hz,b_dominant_power,b_energy,b_kurtosis,b_max,b_mean,b_median,b_min,b_peak_count,b_peak_rate_hz,b_range,b_rms,b_skew,b_spectral_band_power_ratio,b_spectral_centroid_hz,b_spectral_energy_band,b_spectral_energy_total,b_spectral_entropy,b_spectral_max_power,b_spectral_mean_power,b_std,b_var,b_zero_crossing_rate,b_zero_crossings,corr_g_b,corr_r_b,corr_r_g,g_diff_abs_max,g_diff_abs_mean,g_diff_mean,g_diff_std,g_dominant_freq_hz,g_dominant_power,g_energy,g_kurtosis,g_max,g_mean,g_median,g_min,g_peak_count,g_peak_rate_hz,g_range,g_rms,g_skew,g_spectral_band_power_ratio,g_spectral_centroid_hz,g_spectral_energy_band,g_spectral_energy_total,g_spectral_entropy,g_spectral_max_power,g_spectral_mean_power,g_std,g_var,g_zero_crossing_rate,g_zero_crossings,mean_abs_ratio_g_b,mean_abs_ratio_r_b,mean_abs_ratio_r_g,norm_b_mean_abs,norm_b_range,norm_b_rms,norm_b_std,norm_g_mean_abs,norm_g_range,norm_g_rms,norm_g_std,norm_r_mean_abs,norm_r_range,norm_r_rms,norm_r_std,r_diff_abs_max,r_diff_abs_mean,r_diff_mean,r_diff_std,r_dominant_freq_hz,r_dominant_power,r_energy,r_kurtosis,r_max,r_mean,r_median,r_min,r_peak_count,r_peak_rate_hz,r_range,r_rms,r_skew,r_spectral_band_power_ratio,r_spectral_centroid_hz,r_spectral_energy_band,r_spectral_energy_total,r_spectral_entropy,r_spectral_max_power,r_spectral_mean_power,r_std,r_var,r_zero_crossing_rate,r_zero_crossings,range_ratio_g_b,range_ratio_r_b,range_ratio_r_g,rms_ratio_g_b,rms_ratio_r_b,rms_ratio_r_g,rppg_diff_abs_max,rppg_diff_abs_mean,rppg_diff_mean,rppg_diff_std,rppg_dominant_freq_hz,rppg_dominant_power,rppg_energy,rppg_kurtosis,rppg_max,rppg_mean,rppg_median,rppg_min,rppg_peak_count,rppg_peak_prominence_proxy,rppg_peak_rate_hz,rppg_periodicity_score,rppg_range,rppg_rms,rppg_skew,rppg_spectral_band_power_ratio,rppg_spectral_centroid_hz,rppg_spectral_energy_band,rppg_spectral_energy_total,rppg_spectral_entropy,rppg_spectral_max_power,rppg_spectral_mean_power,rppg_std,rppg_trough_prominence_proxy,rppg_var,rppg_zero_crossing_rate,rppg_zero_crossings,std_ratio_g_b,std_ratio_r_b,std_ratio_r_g
1,0,0,118,1781859843.4977064,1781859851.4705539,7.9728474617004395,118,15.442718074844258,,2.3035978867215414,0.364159160883481,-0.017186939211143015,0.5690709136493014,1.0469639372775768,0.8177911572268662,128.93558330538934,3.8289805423475425,4.455816721177976,-0.0033121000397177604,-0.013760352231267762,-2.445078372503122,10,1.308704921596971,6.900895093681098,1.0453106881647367,0.9828870979408048,0.9512722117450243,1.1539992224725084,2.007368230915817,2.1101932823555085,1.737162999443913,0.8177911572268662,0.07033977607851695,1.0453054409046008,1.092663464784762,2.617409843193942,20,0.9530593801410437,0.9237530590527772,0.9829941596045251,1.7458354781991214,0.3507719017593095,-0.018492480125929522,0.5120502562983023,1.0469639372775768,1.2575789190988638,130.19591612911955,1.4271200289003954,3.6062540192594996,0.00358809772258728,-0.008226131932748442,-2.5564391324699667,8,1.0469639372775768,6.162693151729466,1.0504071693553965,0.4636226920476729,0.9332506107704014,1.0844703015869466,2.9692223679792913,3.1815916686389185,1.646298949050233,1.2575789190988638,0.10605305562129728,1.0504010410257358,1.1033423469879495,2.355668858874548,18,1.0645137864273515,1.1112686200807085,1.0439213040258242,0.31488303416213975,0.362435790401874,0.32959523876399344,0.32959729780975794,0.3351973309776725,0.32366534096373883,0.33120220208495676,0.33120400142472406,0.3499196348601876,0.31389886863438726,0.33920255915104985,0.33919870076551806,1.5493453637092696,0.36425975666505384,-0.02112284705001653,0.5104358843760335,1.0469639372775768,1.4175667036181614,136.56178064212273,0.8866700409196775,3.298833408499856,0.007239197392334544,0.015778921052515636,-2.6779029399418794,8,1.0469639372775768,5.976736348441735,1.0757802869455737,0.13464830793807317,0.9230060752549442,1.0562768374724198,3.3073891833170896,3.5832799718068524,1.6062669186260379,1.4175667036181614,0.11944266572689508,1.0757559294755554,1.157250819801816,2.0939278745551535,16,0.8930280881059073,0.8660813223946003,0.9698253995924582,1.0048755659426076,1.029148844573983,1.024155506864779,1.664967230347072,0.4610491327967622,0.003959416018735312,0.6168560384247334,1.0469639372775768,0.24940861166633332,117.99999999999999,1.1007853879520884,3.129608282725894,-4.704334850106595e-18,-0.08030245698708716,-2.469103878750735,10,3.209910739712982,1.308704921596971,5.553081465672108,5.598712161476628,0.9999999999999999,0.29183807504669634,0.9304146493239561,1.7031901288786782,1.2536467944675835,1.3474065518836031,2.455229504735929,0.24940861166633332,0.04491355172945344,0.9999999999999999,2.3888014217636484,0.9999999999999999,3.2717623039924275,25,1.0048747475347735,1.0291307089577597,1.0241382933370478
1,1,58,178,1781859847.5321248,1781859855.4696057,7.937480926513672,120,15.509242379982178,,2.3035978867215414,0.43935059857734254,0.017665061116647156,0.6727468615314715,0.7754621189991088,1.0313959558823829,189.37157521063926,1.8986243623577126,4.455816721177976,-0.0002437710607641271,-0.08271223851000734,-2.445078372503122,7,0.9047058054989603,6.900895093681098,1.2562230932794782,1.0244942992051005,0.9332599838667835,1.2384377007426706,3.360334530618072,3.6006413954396406,1.9963559599543481,1.0313959558823829,0.11614972243353679,1.2562230696274967,1.5780964006643308,1.9386552974977722,15,0.9672205228949269,0.9348621425895072,0.9750639857458672,2.2228244808164406,0.42529809379159794,0.015870904551807834,0.6283907035972164,1.0339494919988117,1.0612700531722141,186.03980187707003,1.8142074635502885,4.453835416201093,-0.01210266604699628,-0.046412944158864364,-2.5564391324699667,9,1.1631931784986633,7.01027454867106,1.2451231594942394,0.914501549474617,0.9079345513766662,1.1649834048382652,3.1457181349330563,3.4646970204662053,1.930987507501006,1.0612700531722141,0.11176442001503888,1.245064338812847,1.5501852077834721,1.9386552974977722,15,0.9818854289308946,1.0032592310007997,1.0217681222677655,0.33499214072355266,0.32380433817659027,0.33105530747865497,0.3310605991368936,0.32892390178282416,0.3289366495003157,0.32813011687204713,0.32811986655649233,0.33608395749362313,0.3472590123230941,0.34081457564929785,0.34081953430661405,2.3725058836746693,0.4387619343325311,0.024590191541276982,0.6363901908672159,0.7754621189991088,0.9246375905587377,200.7012151482855,1.8485863618519343,4.722856505937075,-0.0022050576223598445,-0.05836947982644123,-2.6779029399418794,8,1.0339494919988117,7.400759445878954,1.2932556306607417,0.8183597633737086,0.8580175135810879,1.144618676799703,2.7709333100261664,3.2294600823020336,2.0340393378976818,0.9246375905587377,0.10417613168716237,1.293253750799353,1.672505263956595,1.9386552974977722,15,1.015850038800056,1.0724347125136802,1.0557017980532473,0.9911640425616906,1.0294792681167697,1.0386567953535242,2.3375142670540083,0.4808441393942148,-0.026486401915841805,0.6518308325830194,1.0339494919988117,0.681410132294097,120.0,1.1104060048520097,2.79429731573311,-7.401486830834377e-18,-0.004695224757634502,-3.1600499902512627,12,2.7989925404907448,1.5509242379982178,7.086031518008436,5.954347305984372,1.0,-0.03163030695847843,0.9702483018722783,1.61832074364608,2.892344986577842,2.981035865763963,2.3129853787913532,0.681410132294097,0.09616244728270848,1.0,3.155354765493628,1.0,2.5848737299970295,20,0.9911172377864716,1.0294777910604975,1.0387043548548294
1,2,119,239,1781859851.6088905,1781859859.534993,7.92610239982605,120,15.535322332722188,,2.20181554526553,0.3698592380788254,-0.004645944217480159,0.5086506606096486,1.0356881555148125,1.2180866980748348,111.07249316083184,2.354748684683498,3.8107108847725395,0.035379416255541786,-0.056682854509829315,-1.639051568307866,12,1.5535322332722188,5.449762453080405,0.9620832134870656,1.044952078660377,0.8797222243743236,1.189495793725785,3.528750881051509,4.0112103380828295,2.0452399733764994,1.2180866980748348,0.12939388187363965,0.9614324763492317,0.924352406579016,2.330298349908328,18,0.8805517278493292,0.8806059147082754,0.943647095278751,2.2228244808164406,0.3430668250737085,-0.0023412740338240733,0.5025142015941236,1.0356881555148125,1.2292937479302748,110.88776152198977,5.095863982409025,4.453835416201093,0.03034182183373867,-0.03915212623738171,-1.727651580892036,12,1.5535322332722188,6.181486997093129,0.9612828300505085,1.633658846403042,0.8273524071991921,1.1616621231938027,3.2905988682039475,3.9772639078231484,2.065475094454865,1.2292937479302748,0.1282988357362306,0.9608038578178817,0.9231440531977243,2.330298349908328,18,0.9190680235726425,0.939149472911219,1.0218497965585995,0.34986840617629195,0.2960523232222049,0.3262707081190666,0.32622169041562377,0.3215528645749552,0.3358024505128411,0.3259992745601484,0.3260083951453181,0.32857872924875287,0.368145226264954,0.347730017320785,0.34776991443905814,2.3725058836746693,0.38885195018379115,0.002593439235079831,0.5465063634547781,0.7767661166361094,0.8510177914496374,126.16378614563031,5.397286508321043,4.722856505937075,0.02941431184216549,-0.04795318431987375,-2.0539997252288114,13,1.6829932527115703,6.776856231165886,1.0253608557707472,1.5308318579547955,0.7741251060081064,1.1816140505446018,3.282576141525,4.240369051524633,2.216248988306824,0.8510177914496374,0.13678609843627848,1.024938867838356,1.050499682805771,2.8481424276657346,22,1.1342672364736057,1.243514059467924,1.0963148890150107,0.9991680725478453,1.0657714856642515,1.0666588684590068,1.7951662394616363,0.4927097919280552,-0.004000426947902969,0.6291351231356213,1.0356881555148125,1.514696384631723,120.00000000000001,-0.1708043385411493,2.506969922185351,0.0,-0.023559484442840367,-2.419938588114943,14,2.530529406628191,1.812454272150922,9.628383923636749,4.926908510300294,1.0,0.011645008746235266,0.9916685090971847,1.4689476245967341,4.836157161914857,4.876788077416813,2.0621163189929854,1.514696384631723,0.15731574443280041,1.0,2.396379103672103,1.0000000000000002,3.1070644665444376,24,0.9993461646586591,1.0660539279162609,1.0667514076870317
1,3,180,300,1781859855.6605191,1781859863.6067343,7.9462151527404785,120,15.484050074018288,,1.8065622848206362,0.38931688127943287,0.001210257190027946,0.5045964758567681,1.0322700049345526,1.5280501240531221,88.2150273050479,-0.09521826339772366,2.0235671673197655,-0.0704847953766374,-0.06238166954773826,-2.3447772692808067,14,1.806472508635467,4.368344436600572,0.8573944410491975,-0.2210205238665822,0.9403464401594812,1.2289825696439935,4.586551742388592,4.8775127405286085,1.8950640519296225,1.5280501240531221,0.15733912066221317,0.8544923177903821,0.7301571211627795,2.8387425135700197,22,0.8519515106182483,0.794308073285606,0.9072101717127528,1.7380513211331754,0.3519623768040324,-0.0011377273843503973,0.4615391033491516,1.0322700049345526,1.3994491902255266,73.05402112383065,0.17173339654632302,1.753918155197333,-0.08587527914368924,-0.020060353438397186,-2.3923940207333656,13,1.6774387580186478,4.1463121759306985,0.7802458006072543,-0.34261029775930624,0.932770779824304,1.2588275929664101,4.424484577125162,4.743378194113837,1.964156752177693,1.3994491902255266,0.15301219981012376,0.775505606554362,0.6014089457972489,2.5806750123363815,20,0.9023832603216655,0.7872975634887732,0.8724647254738872,0.37179132599953324,0.37903776875407563,0.3683494325908362,0.369501687899082,0.335498268914774,0.3597722062744777,0.3352052266438401,0.3353460582747248,0.2927104050856927,0.2611900249714467,0.2964453407653236,0.2951522538261933,1.3016853020996018,0.3158601622944434,0.00048688201396849244,0.3971031790790157,0.7742025037009144,1.259530768542785,57.13626147482679,-0.056566301979796396,0.9561699373618787,-0.10126095979544734,0.014270910323569308,-2.0539997252288114,16,2.064540009869105,3.01016966259069,0.6900257330637918,-0.7105888102410179,0.8886851652949529,1.1712090180167796,3.654968620031803,4.112782302176414,1.955236712124126,1.259530768542785,0.13267039684440043,0.6825552946915935,0.465881730311528,2.5806750123363815,20,0.9491724464743311,0.6890870686317015,0.7259872230713104,0.9100196633564174,0.8047938032108117,0.8843696852027328,1.9973556466411584,0.4631853516813825,-0.006723081714924398,0.6253585975327351,1.0322700049345526,1.1819612547499059,119.99999999999999,0.6147685974849382,2.7823820749624484,-1.4802973661668754e-17,-0.004516258185085343,-2.699443684240713,14,2.7868983331475343,1.806472508635467,10.636862798623637,5.481825759203161,0.9999999999999999,0.0645029753602973,0.98540732722328,1.3640596557273557,3.3944323991218464,3.4446997757636058,1.7440648944234947,1.1819612547499059,0.1111193476052776,0.9999999999999999,2.694927426055628,0.9999999999999999,2.7097087629532006,21,0.9075629943165895,0.7987845887913916,0.8801423083506067
1,4,240,361,1781859859.6609893,1781859867.6604736,7.999484300613403,121,15.492543322603105,,1.8065622848206362,0.4770133515564097,0.014281628650974532,0.6284406555439112,1.0328362215068736,1.2387373319548598,123.70241850962044,0.04041792041922854,2.8954372626821723,-0.020687339746552902,-0.12007705410130073,-2.3447772692808067,15,1.9205632218103024,5.2402145319629785,1.011105354188964,0.30336322729177556,0.9505523821641451,1.4169290579486873,4.056824371757259,4.267859875876584,2.161894876306945,1.2387373319548598,0.1376728992218253,1.0108936992799002,1.0219060712438013,2.944863606775797,23,0.9708478265562286,0.8745477333556516,0.9509879611974227,1.8369329774304093,0.479537908094454,0.011494875268699451,0.6300041195264741,1.0328362215068736,1.2673597732152106,140.76674743547383,0.37478260766711413,3.3557532674923185,-0.023187247465020055,-0.04109151378102243,-2.3923940207333656,13,1.6644881255689288,5.7481472882256845,1.0785923924511533,0.49133888914493457,0.9341105970781045,1.314422727460446,4.0323770633568286,4.3168090330739135,2.073522634071617,1.2673597732152106,0.1392519042927069,1.078343127491662,1.1628239006084986,2.944863606775797,23,1.0431718846631184,0.9452532061507232,0.9061337062932662,0.3346244157412253,0.31632017099240667,0.32511370896341424,0.32512452110959084,0.3490707824230689,0.3469810104167569,0.34681368436704135,0.34681766556393456,0.3163048018357057,0.3366988185908363,0.3280726066695445,0.32805781332647466,1.704452673826218,0.3991149031920848,0.00671435621818998,0.5387938675088951,0.7746271661301551,1.338774115878312,125.96432503830297,1.2223092765967474,3.5375737264488003,-0.02447113673245775,-0.06107040842529501,-2.0402369978531323,12,1.5364505774482418,5.577810724301933,1.0203075417026948,0.7673965944814057,0.895015876506013,1.1737793611574263,3.6450051940614396,4.072559258156301,1.9468948026088424,1.338774115878312,0.13137287929536454,1.020014040649646,1.0404286431224177,2.4327134142930498,19,1.0969297636889754,1.0644241166615922,0.9703667015852806,1.066745802484967,1.009101116392675,0.9459621158498963,2.1427906205917795,0.5602795829548115,0.006309309169300281,0.7206084753986716,1.0328362215068736,1.096985624378579,120.99999999999996,0.3400186315135558,3.043734616796197,2.5289687699364362e-17,0.12049476374835237,-2.5089618928970077,18,2.923239853047845,2.3046758661723628,7.341009498235419,5.552696509693204,0.9999999999999998,-0.09825321250406813,0.9715965761070542,1.6479969786584623,4.500832179167396,4.632408439726199,2.2508152253142057,1.096985624378579,0.14943253031374837,0.9999999999999998,2.6294566566453605,0.9999999999999997,2.5607509624137363,20,1.066722572570992,1.0090220577853464,0.9459086024151743
1,5,300,421,1781859863.663835,1781859871.659924,7.996088981628418,121,15.492486097849715,,1.7614528631183863,0.44119001527815205,0.0038129975987199766,0.5800066414919774,1.0328324065233143,1.508280168085342,112.9415377007157,0.09551910521199858,2.8954372626821723,0.020767457381565452,-0.13018938759694365,-1.7498322674651465,13,1.664481977454928,4.645269530147319,0.9661268747025122,0.605661507851982,0.9348084171105507,1.2755295214446893,3.599988491988914,3.85104415631634,1.9067159748653928,1.508280168085342,0.12422723084891418,0.9659036446438892,0.9329698507363486,2.4327044285879715,19,0.9615436164129958,0.8978267360750791,0.9620209051809762,1.8369329774304093,0.40262438726048905,0.004495997768264156,0.555379554245468,1.0328324065233143,1.5342117567559186,120.4047291572584,0.868884769299906,3.3557532674923185,0.030607340218973336,0.007768229875619136,-1.7634591528907109,10,1.2803707518884062,5.119212420383029,0.9975371703642596,0.7933863672043382,0.9161706273475126,1.1726335207479477,3.64925081885897,3.983156313823596,1.8292647798700656,1.5342117567559186,0.12848891334914828,0.9970674987096179,0.9941435969830539,2.4327044285879715,19,0.9575156913944312,0.9398413705209694,0.9815414817403957,0.34514213423833734,0.3027754474901581,0.32580681826192365,0.3258811348445495,0.3304790092945712,0.3336667164993312,0.33639930746617164,0.33639534315651193,0.32437885646709136,0.3635578360105106,0.33779387427190466,0.3377235219989385,1.704452673826218,0.37622719603844984,0.0032211752964698397,0.5189158630503367,1.0328324065233143,1.3786565700670776,121.40509081774736,1.2845406771091472,3.5375737264488003,0.03658515458243936,-0.024721738658852303,-2.0402369978531323,10,1.2803707518884062,5.577810724301933,1.0016725303201202,0.8659352751779807,0.8946835446703183,1.0820049973528911,3.6294259563862585,4.056658891299565,1.760167640278088,1.3786565700670776,0.13085996423546986,1.0010041880342415,1.0020093844620912,2.304667353399131,18,1.1020269948083463,1.2007507181450974,1.089583761379566,1.032511563940729,1.0367919126859535,1.0041455697879915,2.110556011390439,0.5145947437919147,0.0061023651063153665,0.7071278586179315,1.0328324065233143,0.5900874145725077,120.99999999999997,1.1175507371755433,2.9821188896037154,2.6830867647029705e-17,0.03985613321533049,-3.2223817941997703,14,2.942262756388385,1.7925190526437687,6.430577546922202,6.204500683803486,0.9999999999999999,-0.5863484369224566,0.9790714805759739,1.6123097350426039,2.7851107287975045,2.8446449355863814,2.2647739127109348,0.5900874145725077,0.0917627398576252,0.9999999999999999,3.2622379274151014,0.9999999999999998,2.8168156541544938,22,1.0322639367172262,1.036339590998534,1.0039482676245273
1,6,361,482,1781859867.7266185,1781859875.7239907,7.997372150421143,121,15.459908146641013,,1.6915377848333069,0.40041439642582105,-0.009802683178398053,0.5370065308378944,1.030660543109401,1.003918867985986,116.90910446448166,0.8290571088940801,3.183211234346071,-0.004307994982623212,0.0054897893921474405,-1.9665953838463373,11,1.405446195149183,5.149806618192408,0.9829501238554537,0.6053815320710239,0.9679906828292292,1.2963573111358533,3.618181984844594,3.737827283904659,1.9012045268095001,1.003918867985986,0.12057507367434385,0.9829406834426386,0.9661723871666815,2.6831245543757127,21,0.962481050611653,0.934510821480306,0.9797467619568506,1.394626232109534,0.3756086150479415,-0.007817687090303988,0.49327822998540305,1.2883256788867512,0.9641484474267731,110.45487536863702,0.7646082762690276,2.7832044592757565,-0.0046755346367385354,0.03272126315068997,-2.214596400293353,11,1.405446195149183,4.997800859569109,0.9554319492554962,0.4487214978496204,0.9492567799085996,1.204197373882212,3.3079218148012304,3.484749210977179,1.7960783608755164,0.9641484474267731,0.11241126487023159,0.9554205090084773,0.9128283490340178,2.427588882530407,19,0.9562917638650342,0.9464842393831672,0.9897442131654172,0.34449781825431985,0.34020488544226335,0.33873621819218996,0.338740202771453,0.32944042626607956,0.33016312940499387,0.3292531303230107,0.32925622309173963,0.32606175547960053,0.3296319851527429,0.3320106514847993,0.33200357413680737,1.417880708845669,0.36522011005018307,-0.007722539063683332,0.48468265049410475,1.2883256788867512,0.7971260205807439,112.31275962779944,1.0240858917443676,2.865006657198332,-0.008901444865449332,0.029196646188429116,-2.1247540762511856,10,1.27767835922653,4.9897607334495175,0.9634337678445446,0.520184918251564,0.9227749886654694,1.1913875170874897,3.0054144732438353,3.256931007189856,1.8682014879250888,0.7971260205807439,0.10506229055451148,0.9633926454475574,0.9281253893024431,2.6831245543757127,21,0.9704832103624401,0.9689219621999967,0.9983912672102176,0.9720045056894422,0.9801451207571351,1.0083750795598616,2.3538064821984896,0.4734153644253267,0.006205866013582417,0.6772851591786454,0.7729954073320506,0.8627210019611424,120.99999999999999,1.7619837515391676,2.893870788642752,-6.652162750853211e-18,-0.019801063809096454,-3.3948931163770735,15,2.913671852451849,1.916517538839795,6.495851703229525,6.288763905019826,0.9999999999999999,-0.0029538838485991285,0.9187522816296092,1.500076588568192,3.782634622892166,4.117143106499645,2.3247375626712925,0.8627210019611424,0.13281106795160144,0.9999999999999999,3.3750920525679775,0.9999999999999999,3.194195898066325,25,0.9720022022714788,0.9801126982285274,1.0083441127377029
1,7,422,543,1781859871.8080757,1781859879.8070965,7.99902081489563,121,15.437773058364098,,1.6915377848333069,0.41497548799196166,0.0007974545471567026,0.5496687377258782,1.2864810881970081,1.2325404595946627,99.58660469578588,1.5866280478239725,3.183211234346071,-0.05460017277471782,-0.15150320086613164,-1.9665953838463373,13,1.6586037170143246,5.149806618192408,0.9072098935055015,0.8147292520859055,0.9548605557138591,1.3622702851677955,4.76145319616656,4.98654297496546,2.0453669518803097,1.2325404595946627,0.16085622499888583,0.9055653549066651,0.8200486120072344,3.5723772366462376,28,0.9495447921491242,0.9569507327584907,0.9764511985005896,1.5733588269390641,0.43015496848939766,0.002449929399753577,0.5610649778473914,1.2864810881970081,1.1928140140770784,118.83272729306088,0.4755192347764945,2.7832044592757565,-0.044616868873010224,-0.16205745199137667,-2.214596400293353,11,1.403433914396736,4.997800859569109,0.9910038624115209,0.5487105299704537,0.9443819856703456,1.280763091359896,4.485066350912945,4.74920786182652,1.9551582141036299,1.1928140140770784,0.15320025360730707,0.9899989850128744,0.9800979903265215,2.679282927484678,21,1.1316677935107953,1.1005981066325075,0.9725452230270691,0.30938048752599995,0.34020488544226335,0.3131248766532008,0.3129662469102743,0.3501159336738424,0.33016312940499387,0.34204649266048964,0.34214677616105843,0.34050357880015764,0.3296319851527429,0.3448286306863094,0.3448869769286672,1.417880708845669,0.427318664749704,0.004104214772806317,0.5563640109830524,1.0291848705576065,1.0350042244430844,120.77371257141918,0.7200873305812805,2.865006657198332,-0.04764549554451014,-0.07540536327580717,-2.1247540762511856,11,1.403433914396736,4.9897607334495175,0.9990644903919577,0.5641744054048907,0.9207057122589132,1.2445086090137574,4.251892955118505,4.618080346961965,1.9998605397204663,1.0350042244430844,0.14897033377296662,0.9979277342154892,0.99585976271646,3.189622532719855,25,0.9704832103624401,0.9689219621999967,0.9983912672102176,1.092364478723039,1.101249553762609,1.0081338007712926,2.707291844123353,0.5942116387166235,-4.027948601740642e-06,0.8302084442065402,1.2864810881970081,0.6741941282924743,121.0,1.0218664520148542,3.3381129317290354,2.1103412864775703e-17,-0.10820585435841733,-2.7379102110939573,19,3.4463187860874527,2.4241131248670897,4.263783041313024,6.076023142822993,1.0,0.518964397184686,0.9478082292856397,1.9124425133644805,4.645923312453866,4.901754562687734,2.545671173355331,0.6741941282924743,0.15812111492541078,1.0,2.62970435673554,1.0,4.082716841881414,32,1.0932385825591922,1.1019941617779134,1.0080088457893839
1,8,483,604,1781859875.87063,1781859883.8701618,7.9995317459106445,121,15.427580410526335,,1.5238899672583575,0.42411056874447267,0.01632602862484299,0.5505389244159037,1.0285053607017556,1.4661183915569176,97.83186978399542,0.1703693285692056,2.5324712071697633,0.00998385337081952,-0.08817451640965931,-2.397802309133215,11,1.4025073100478487,4.930273516302979,0.8991817666381517,0.034346483173809166,0.9817497433276401,1.367458608002077,3.9342087228684703,4.007343775342862,1.981800434145574,1.4661183915569176,0.12926915404331812,0.8991263382452866,0.8084281721263776,2.932515284645502,23,0.9342353732557143,0.9648823320004173,0.9552705046250575,1.5733588269390641,0.4029401036966628,0.016159422554679333,0.5260638012244877,1.0285053607017556,1.4792977536592489,95.00410570140387,-0.47865662800396747,2.0664986432739276,0.020872951886364684,-0.015089500712123751,-1.8296525540529078,9,1.1475059809482397,3.8961511973268355,0.8860913600519472,0.11560413114975687,0.9829186961630821,1.334941081463964,3.815106687301122,3.8814061653255334,1.9341678685534642,1.4792977536592489,0.12520665049437205,0.8858454821458759,0.7847222182382594,2.422512626446284,19,1.0205073273246794,0.9745032274924774,0.9549203630386423,0.33388863968829957,0.37241760038209465,0.33562967001219673,0.33569083337848077,0.3407358033123795,0.2943032014017612,0.3307435290717729,0.3307323959905921,0.32537555699932086,0.33327919821614416,0.33362680091603036,0.33357677063092717,1.4751025852530568,0.41749707364161365,0.01570791362495461,0.5358008552991848,1.0285053607017556,1.527905957589031,96.66773087044409,-0.06995468630814328,2.3510830399293905,0.025080357553818367,0.0018729738420811197,-2.0610543102224077,10,1.2750066454980442,4.412137350151799,0.8938159020166765,0.2816983165565394,0.9839533394177404,1.361209418093124,3.84647603931991,3.909205736926593,1.936238610021459,1.527905957589031,0.12610341086859977,0.8934639569467018,0.7982778423628577,2.677513955545893,21,0.7902505174293877,0.8949072167217793,1.132434838047092,0.985441868294164,0.9940325028591971,1.0087175457441278,2.2399417041732312,0.6007802779118039,0.0005244196220677585,0.8100242307241892,1.5427580410526334,0.9360322196074793,121.00000000000001,0.9071345354768878,2.979294621089683,-1.376309534659285e-17,0.018311892044800805,-2.718021114898007,18,2.9609827290448822,2.2950119618964795,6.030754397958897,5.69731573598769,1.0,0.1612590236447356,0.9859736013305975,1.904536046780559,4.744015910189719,4.811503983258318,2.212910720553371,0.9360322196074793,0.15520980591155867,1.0,2.736333006942808,1.0000000000000002,3.5700186073945237,28,0.9852291546421281,0.9937023518745592,1.008600229898301
1,9,544,665,1781859879.9349105,1781859887.9337134,7.998802900314331,121,15.496807755970678,,1.994381911527104,0.4179927063945075,-0.011179379432588748,0.6037527441716188,1.033120517064712,1.1655531284748009,122.65059112330815,0.8093298659264612,2.5324712071697633,0.04208429932296412,0.050995289809478685,-3.0311919928348843,9,1.1526551223449266,5.5636632000046475,1.006797521328375,-0.3636276508882292,0.9769666558068153,1.4402635069872385,4.364940611843569,4.467850141967066,2.061439726651862,1.1655531284748009,0.14412419812796987,1.0059175715253488,1.011870160703455,2.1772374533181944,17,0.9441069886474541,0.8600748170763672,0.9193074268203688,2.2192786928714443,0.3899269993579445,-0.010211260086920127,0.5562551228751217,1.033120517064712,1.1898299286684209,99.82550904045456,0.5059720042304905,2.0664986432739276,0.036811661223816225,-0.022125645841687067,-2.984004268819435,8,1.024582330973268,5.050502912093362,0.908297422073797,-0.2544432543868778,0.9745788693749136,1.4838281786585847,4.321227439169595,4.433943290747924,2.1018187433638746,1.1898299286684209,0.14303042873380398,0.9075511602900678,0.8236491085438482,2.4333830360615116,19,0.9372076983988805,0.9386906878471826,1.001582348769473,0.3477174314581084,0.3702616025279999,0.35676553061086425,0.35674328340629996,0.32588345363002424,0.3361108022862449,0.3218613523313861,0.3218581620859153,0.3263991149118673,0.2936275951857552,0.32137311705774957,0.3213985545077849,1.7194111545249233,0.3956264416764216,-0.014196798968990613,0.519358662572429,1.033120517064712,1.4223141246023083,99.52288576187381,0.047685680512073336,2.3510830399293905,0.03470895871390812,-0.028388148536144023,-2.0610543102224077,10,1.280727913716585,4.412137350151799,0.9069196150236578,0.38197269794793864,0.9633820278362972,1.3693760911854904,4.1087274931988365,4.264899463016568,2.013959627725977,1.4223141246023083,0.1375774020327925,0.9062551938056167,0.8212984762996558,2.4333830360615116,19,0.9077657526230458,0.7930273978748593,0.8736035652186229,0.9021649366750364,0.9007964320641774,0.9984830882300717,2.797054281683055,0.453274252915559,0.010469326578082683,0.7296061475143625,1.5496807755970678,0.866757173098707,121.0,3.1106507497349076,3.4415922231806806,1.5827559648581777e-17,0.05207547280744032,-3.2074392873912188,12,3.3895167503732404,1.536873496459902,5.59673996484374,6.649031510571899,1.0,-0.2041038476109758,0.9896084656239014,1.7121314814023032,4.751026041468547,4.800914913832361,2.265400769175285,0.866757173098707,0.15486822302685035,1.0,3.259514760198659,1.0,3.073746992919804,24,0.9022122547415883,0.9009239121167687,0.9985720182606159
1,10,605,726,1781859884.0003543,1781859891.9984016,7.998047351837158,121,15.502850669283553,,2.3736269741766867,0.39507132894506236,-0.012070761441173309,0.6118318834715669,0.7751425334641776,0.6262142224628748,106.11911745239621,1.5495981982120464,2.8602088050853216,-0.016393470900399033,-0.02312252852376697,-3.0311919928348843,10,1.281227328039963,5.891400797920205,0.9364921246901013,-0.15404331871801194,0.9054959662716078,1.3436760857535184,1.89690167729464,2.0948759000055617,2.2161592450582095,0.6262142224628748,0.06757664193566328,0.9363486282995335,0.876748753718418,2.3062091904719337,18,0.9423197885103437,0.8287297483297242,0.9435171019595862,2.4022760612613334,0.3754302677210667,-0.012824644136739227,0.591917083990068,0.7751425334641776,0.8189242261769231,107.96834712618585,1.2531696125570315,2.749268395132313,-0.02740860827583215,-0.12634428878735562,-2.984004268819435,7,0.8968591296279742,5.733272663951748,0.9446165303828905,-0.0639306753154957,0.8825733626146001,1.1745898711758258,1.943442867899023,2.2020184952575788,1.9853755187614301,0.8189242261769231,0.07103285468572834,0.9442188081504161,0.8915491576649924,2.049963724863941,16,1.026069164518534,1.0922705048516042,1.0645193741536263,0.32068347454977103,0.3343707440530741,0.3270141846219731,0.32707701362964275,0.3290434248061841,0.32539606661652576,0.32985115018006017,0.32982615518285857,0.35027310064404493,0.34023318933040014,0.34313466519796676,0.3430968311874987,2.4624807051194777,0.3805542531606233,-0.013758932328427927,0.5531252391659535,0.7751425334641776,0.9955313626019003,116.83948581654667,0.974122246720269,3.0877796156732202,-0.029656354506270643,-0.05392184803347667,-2.906913756130542,10,1.281227328039963,5.994693371803763,0.9826574099149288,0.19467535718435366,0.8769761020626281,1.085690041612506,2.131066063692033,2.430016118660262,1.8159030550201853,0.9955313626019003,0.07838761673097619,0.982209797292877,0.9647360858981147,2.562454656079926,20,0.973159501552792,1.0175327697820222,1.0455971175931873,1.0086753593314814,1.0492959673741027,1.0402712405600385,4.197860213340025,0.4216802799642423,0.0005722285868300814,0.7601743882113682,1.2919042224402961,0.17700240815020618,121.0,8.579677994124847,3.9712428399632467,-1.0092936587501423e-17,-0.005186615130067406,-4.796017485577602,15,3.976429455093314,1.9218409920599446,5.568818386895592,8.76726032554085,1.0,-0.547306523696633,0.9616748963516527,1.7282101722426382,0.9475586347517295,0.9853211707475399,2.4568900229641106,0.17700240815020618,0.03178455389508193,1.0,4.790830870447535,1.0,3.331191052903904,26,1.008405181161183,1.0489787325011948,1.040235365801365
1,11,666,787,1781859888.0604823,1781859896.0586424,7.998160123825073,121,15.388637668610592,,2.3736269741766867,0.4237122399771243,-0.004144622639808363,0.6096974394058754,1.0259091779073728,1.8815239314734609,140.68647478662393,-0.12830932130952188,2.8602088050853216,-0.00879183433758046,-0.01914741341863997,-2.2573013303359497,9,1.14460941336773,5.117510135421272,1.0782848133644602,0.18546062564193683,0.9744776232002941,1.283922911559882,4.892398645583002,5.0205346219401275,1.9039879734614684,1.8815239314734609,0.1619527297400041,1.078248970498655,1.1626208423814097,2.1620400030279345,17,0.9597825850441554,0.8985864180738756,0.963083420757277,2.4022760612613334,0.4176025959081297,-0.0020786666593021123,0.5944570838060507,1.0259091779073728,1.681720355703581,140.85671177104257,-0.05322393845720352,2.749268395132313,-0.0022392374431784387,0.007009077934258864,-2.6120496669853877,9,1.14460941336773,5.3613180621177,1.078937002775894,0.06741815892049098,0.9742491750857094,1.2611956861012354,4.807730405085033,4.934805723250496,1.908030258793892,1.681720355703581,0.1591872813951773,1.0789346791046723,1.1641000417747023,2.28921882673546,18,1.0052514133580326,1.0005233979199823,0.9952966836204125,0.3326929203904046,0.3106506470932706,0.33464489400905995,0.3346397567376607,0.3344400284366657,0.3254506354060401,0.33484730051034606,0.33485256970330113,0.3328670511729298,0.3638987175006892,0.33050780548059394,0.3305076735590381,2.4624807051194777,0.41187519465636874,-0.0034786792310317707,0.582243986611833,1.0259091779073728,1.4613708094994404,137.22946894042994,0.24244104560761093,3.0877796156732202,-0.006440723396696113,0.0037978338817628065,-2.906913756130542,10,1.2717882370752556,5.994693371803763,1.0649543851653422,-0.06593271630279061,0.9686915969302589,1.260923321026196,4.6007297842773305,4.749426751359092,1.9287777883390194,1.4613708094994404,0.15320731455997072,1.0649349086047557,1.1340863595650192,2.28921882673546,18,1.047641904020647,1.1714082069541971,1.1181379844186827,1.0006048396521499,0.9876373774035411,0.9870403762457148,2.347898015365622,0.4481943642034114,0.009837391724328152,0.6774292587596806,1.282386472384216,1.280895570516365,120.99999999999999,1.9377979403938097,3.313594637766658,4.587698448864283e-18,-0.008421817419175307,-3.0286859508632156,13,3.3220164551858335,1.6533247081978322,11.280220952427841,6.342280588629873,0.9999999999999999,-0.20985909804557296,0.9642752395234,1.4857743329256352,3.3943672323853766,3.5201227753842015,2.029246491075562,1.280895570516365,0.11355234759303875,0.9999999999999999,3.0202641334440408,0.9999999999999999,3.179470592688139,25,1.000635946450939,0.9876521450442545,0.9870244503480655
1,12,727,847,1781859892.1233647,1781859900.0640671,7.940702438354492,120,15.386577156587611,,3.399986864877709,0.4349436311475008,-0.014319529914179343,0.7020894942048725,1.0257718104391742,1.2603636782601384,152.52109981990327,2.329462589702091,4.423513442845472,0.008320855276094512,-0.01966989939157412,-2.899650209040092,10,1.2822147630489675,7.323163651885564,1.127390422686773,0.7050355384667626,0.9812732821872451,1.503204882482176,4.720303296516309,4.810386038428373,2.2086943520813094,1.2603636782601384,0.1551737431751088,1.127359715677891,1.270939928533335,2.692651002402832,21,0.9722063664988109,0.9394248527297323,0.965380823079237,3.3867560618110346,0.44424083555139104,-0.012859842506500588,0.7010925806054025,1.0257718104391742,1.1285300068186885,143.5492697738582,3.0027522511514713,4.398571325954009,0.01501364126126082,0.006804169317327729,-2.9833533904257195,12,1.538657715658761,7.381924716379729,1.0937293608485381,0.743970054970272,0.9843780500576498,1.5585136804161148,4.773894530652643,4.849655607795259,2.226990606874092,1.1285300068186885,0.1564405034772664,1.0936263097412344,1.1960185053582302,2.9490939550126254,23,0.9651230925887542,0.9299976860694344,0.9636052574132252,0.34540873298677144,0.3310184104182373,0.34616526235059414,0.3461793681973883,0.3333619445873561,0.3336745021141171,0.33582963232593716,0.33582082070638114,0.3212293224258726,0.3353070874676456,0.3180051053234689,0.31799981109623043,3.3808856950486295,0.4320484335196659,-0.01250196977381844,0.6793686372554872,1.0257718104391742,1.0235099134943446,128.7155877816772,4.260911071873242,4.5191415180518,0.01347392518998014,-0.04039644449615301,-2.89890109794703,12,1.538657715658761,7.41804261599883,1.0356784723941321,0.9141879775616416,0.9817897625823658,1.574853905545926,4.966825602247283,5.0589502880771775,2.2409651228920477,1.0235099134943446,0.16319194477668314,1.0355908224393542,1.0724483515206182,2.9490939550126254,23,1.0080239999114364,1.0129560076250428,1.0048927483016672,0.9701424979662195,0.9186511181511771,0.9469239004342273,2.114500681973352,0.5026195244525348,0.0028163881000393405,0.7009524798050344,1.2822147630489678,0.689982888127377,119.99999999999997,1.0298841612912835,2.9906458712502157,1.4802973661668754e-17,-0.019336097794618076,-2.7211680755901693,14,3.0099819690448344,1.7951006682685546,7.415175465844657,5.711813946840385,0.9999999999999999,0.07066372342723772,0.974728196863387,1.7470623859938221,2.8116555251826143,2.884553390607086,2.3014443288961495,0.689982888127377,0.09305010937442214,0.9999999999999999,2.7018319777955515,0.9999999999999998,3.5902013365371093,28,0.9700775134435486,0.9185983923655145,0.9469329817827699
1,13,788,909,1781859896.2010763,1781859904.1923766,7.991300344467163,121,15.438000345986374,,3.399986864877709,0.4498302271908301,0.007173411696307922,0.6951825830806666,1.286500028832198,1.1814390139154158,148.49179305219928,3.1618583267346443,4.423513442845472,-0.013414071251139368,-0.05109058990434375,-3.174651335370522,9,1.1482810174700608,7.598164778215994,1.1077928061049347,0.6447737707832988,0.9735949995944972,1.507846035645711,5.194550268648747,5.335432362339864,2.210893632861636,1.1814390139154158,0.17211072136580205,1.1077115887948066,1.2270249639503146,3.0620827132534956,24,0.9727308227755034,0.971241306651723,0.9868621340159829,3.3867560618110346,0.45189992625157516,0.003939314930170812,0.6963603903641912,1.286500028832198,1.2738591092508478,149.1935269668428,3.1031556722004687,4.398571325954009,-0.016114398990551736,-0.015040656400843204,-2.9833533904257195,12,1.5310413566267478,7.381924716379729,1.1104072924372725,0.6984915350871074,0.9787838467687306,1.5191424433013583,5.394350850130202,5.511278989675431,2.1818755810516213,1.2738591092508478,0.1777831932153365,1.1102903589795994,1.2327446812430478,3.0620827132534956,24,1.0019313788004542,1.0127273727416795,1.0107751829812444,0.3317125029453018,0.33923207259867805,0.3337879672612636,0.3337954925086081,0.332353165441336,0.3295776933509558,0.3345757355817421,0.33457257372054705,0.3359343316133621,0.33119023405036613,0.3316362971569943,0.3316319337708447,3.3808856950486295,0.4492222617046585,0.0008730767862175674,0.6929810899212212,1.286500028832198,1.2222750453537918,146.58354241135558,3.316800144499405,4.5191415180518,-0.01625147243914955,-0.0498618545335418,-2.89890109794703,12,1.5310413566267478,7.41804261599883,1.1006517318409996,0.7640040279454987,0.9756481471004712,1.5178480451951797,5.317322455501134,5.450041053533166,2.2076218652215047,1.2222750453537918,0.1758077759204247,1.1005317462245927,1.2111701244481512,3.317256272691287,26,0.9715404879799097,0.9762939910524743,1.0048927483016672,1.0023600860358812,0.9935537816958357,0.9912144303601789,2.2564105200764764,0.5772997370921525,-0.00046844962551185196,0.7949343192613694,2.0584000461315166,0.5389404831846079,120.99999999999996,0.5475609400855808,3.0318475171309167,9.175396897728567e-18,0.030548419188195227,-2.6226941036518645,17,3.0012990979427223,2.168975255221226,4.780033297805881,5.654541620782782,0.9999999999999998,0.3016069145246722,0.9851322060042286,1.8644842643293824,3.4432304996282395,3.4951963590696575,2.343522049547259,0.5389404831846079,0.1127482696474083,0.9999999999999998,2.6532425228400602,0.9999999999999997,3.317256272691287,26,1.0023280158940997,0.993518310503526,0.9912107561089019
1,14,848,969,1781859900.209206,1781859908.1918948,7.982688665390015,121,15.474138773853774,,1.8954735107685876,0.36914995579122045,0.021413378019306855,0.4917122346680535,0.7737069386926887,0.5728314707465471,104.05681577092162,1.4660338282641066,2.657809081034391,-0.03963317712687457,-0.0186975575133555,-3.174651335370522,9,1.1509689997081318,5.832460416404913,0.9273476608355701,-0.16044431456454916,0.9085412137786526,1.1965480207043784,1.8088894834266447,1.9909823087754206,2.0361711785299876,0.5728314707465471,0.06422523576694905,0.9265003482611506,0.8584028953280333,2.941365221476337,23,0.964889609366171,0.9537760670369965,0.9845607437612985,1.505032789604191,0.3549255223644465,0.02398873706771197,0.47327821439141476,1.0316092515902515,0.4794341102967931,99.39463991171614,1.1822385437441865,2.595340035011414,-0.033011751955773695,-0.012918456230856905,-2.6252575006160312,11,1.4067398885321611,5.220597535627445,0.9063350953458138,-0.14225676646790028,0.9405161684168304,1.288611556101977,1.667298113451684,1.7727479541986446,2.061408162371529,0.4794341102967931,0.05718541787737563,0.9057336966726565,0.8203535292883156,2.685594332652308,21,0.9697200092079722,0.9211508691238349,0.9499142643000565,0.3459165220748481,0.37233463076157136,0.3448293532551029,0.3447743182495738,0.3354421729716114,0.33327431598425905,0.3370159412262911,0.3370465195960849,0.31864130495354054,0.2943910532541696,0.3181547055186061,0.3181791621543414,1.7657051495261837,0.3406665180506734,0.019182055121430286,0.4625651967570495,1.0316092515902515,0.5560123181746182,88.58063279785918,0.8529165691980678,2.0764555276254124,-0.03148773223789849,-0.006751988178221231,-2.53505257071264,11,1.4067398885321611,4.611508098338053,0.8556116791143356,-0.24932932429100818,0.9511939249954835,1.323127099387745,1.8706039229913602,1.9665852291899808,2.0697740254113177,0.5560123181746182,0.0634382331996768,0.8550320860385107,0.7310798681553671,3.1971361103003666,25,0.8950935219283295,0.790662562469743,0.8833295550686061,0.9773412212299935,0.9226439179707445,0.9440345888712114,2.6464586943226633,0.543761690764984,0.024162546276138938,0.7876675587371443,0.7737069386926887,0.4013426190216343,120.99999999999999,1.305360131821022,3.0294414041684816,-1.101047627727428e-17,0.068088754160697,-3.101133386150759,16,2.961352650007785,2.0461671105922346,4.824188050718999,6.1305747903192405,0.9999999999999999,-0.036768885301432144,0.9304795851401453,1.68391060165316,2.3997146050950913,2.5790083344318138,2.4502171706199443,0.4013426190216343,0.08319381723973593,0.9999999999999999,3.169222140311456,0.9999999999999999,3.4529069991243957,27,0.9775859214435604,0.9228621312914009,0.9440215034282091
1,15,909,1030,1781859904.273084,1781859912.2724915,7.999407529830933,121,15.466207458567101,,1.8891609575572788,0.30986194623940866,0.009829286569632846,0.44100417299032046,1.0310804972378067,0.9622472671570076,70.71218377216043,1.3277601401364523,2.5481022106466105,-0.012916922249752261,0.023329270427321754,-2.08600640209766,9,1.150379067166148,4.634108612744271,0.7644594253412417,0.2445007423760705,0.9497207833951788,1.2963565761787303,2.693734851844609,2.836344006513908,2.0023522837547283,0.9622472671570076,0.09149496795206155,0.764350290189423,0.5842313661126552,2.5563979270358845,20,0.9795145505346007,0.9573436019152349,0.979176205451827,2.109206663532797,0.29782777567050384,0.018117637364252776,0.43402271679356547,1.0310804972378067,0.9959102778329497,74.79191322527727,2.3570350045480444,2.9603292133787855,-0.0004460113444069892,-0.002873855969268712,-2.062535568849983,9,1.150379067166148,5.022864782228769,0.7862028906922627,0.5435524336367977,0.9564867303049013,1.2227472309541159,2.5771435604771966,2.6943850644490124,1.8327730668677376,0.9959102778329497,0.08691564724029072,0.7862027641815759,0.6181147864067505,2.300758134332296,18,1.0080588708912397,1.0209081201048218,1.0127465266013898,0.3301455588564056,0.307850651352802,0.32468597143419925,0.32465654143965617,0.3328061592905456,0.3336762955045368,0.33392099154882565,0.3339383441932525,0.33704828185304886,0.3584730531426612,0.34139303701697504,0.3414051143670913,2.2688144423847945,0.28912158195272375,0.020377054643792455,0.43237931843733973,1.0310804972378067,0.7375256218215761,78.17655318725328,3.268742629726879,3.2243863750833426,0.004652240723026549,-0.01060488870980661,-2.171746638458261,9,1.150379067166148,5.396133013541604,0.8037955065957888,0.8114272970632609,0.9442132403275025,1.1831226545810394,2.0737237090074343,2.1962451069719786,1.868054085169989,0.7375256218215761,0.0708466163539348,0.8037820432678474,0.6460655730798358,2.300758134332296,18,1.0838901721930685,1.1644381831495465,1.0743138124349838,1.0284429292520203,1.0514560746464579,1.0223766868728192,2.5434304887905137,0.4871558354259263,0.02710259113227241,0.7086357061029853,1.2888506215472584,1.0280166740365264,121.00000000000001,1.1064503154281642,2.1921885934354686,6.422777828409997e-18,0.0936940026324486,-3.3501925795869822,14,2.09849459080302,1.789478548925119,8.248131196754477,5.54238117302245,1.0,-0.7024506817512896,0.9714831982754414,1.529146796141041,3.753544648969733,3.863725750103506,2.173762104678398,1.0280166740365264,0.12463631451946794,1.0,3.443886582219431,1.0000000000000002,3.451137201498444,27,1.0285896064574493,1.0515885891384333,1.0223597268887388
1,16,970,1090,1781859908.3344102,1781859916.272132,7.9377217292785645,120,15.46766187501383,,3.119713564721973,0.47178252869923964,-0.00558824857132046,0.7146990863564775,1.288971822917819,0.8558407449765794,147.2819357410438,3.007596436203711,4.319047751416612,-0.023044096305757093,0.011869555011440273,-2.9315456949241954,9,1.1600746406260372,7.250593446340807,1.1078580525088484,0.7323088000623489,0.9908403736832276,1.4446511906914892,2.582760066343473,2.606635876919952,1.975364957023551,0.8558407449765794,0.0840850282877404,1.1076183612301438,1.2268184341341493,2.577943645835638,20,0.9715518906714011,0.9433064063452729,0.9805067781449751,2.4934706104628965,0.46869969805395817,-0.009201694462000792,0.6689769096292844,1.288971822917819,1.0201069846129442,144.77484508192777,1.229894584981155,3.6737958074952672,-0.021030768791254664,0.009376582951007663,-2.6456522475756716,10,1.288971822917819,6.319448055070939,1.098388384110738,0.48923298493087486,0.9850479655411412,1.3565736591019182,3.270804337357213,3.320451847804568,1.9339922610656943,1.0201069846129442,0.10711134992917962,1.0981870282941093,1.2060147491134467,2.577943645835638,20,1.045498378092668,1.0810723535914366,1.0340258543142526,0.3198392378800774,0.3744740775767657,0.33266256011207235,0.3326347229679594,0.334391404454016,0.32638286765496055,0.32981905130190137,0.329802349536634,0.34576935766590666,0.2991430547682737,0.33751838858602645,0.3375629274954065,2.4550279083757545,0.4778170539457864,0.003038692613467881,0.6824127294246612,1.288971822917819,1.0773987710606951,151.61302414064505,0.9173319813767504,3.3242185451922492,-0.0013715246770762506,0.05649469576703911,-2.467810335569424,10,1.288971822917819,5.7920288807616735,1.1240293002580977,0.416537455149403,0.9805014137029064,1.3021811114426296,3.6672109082738467,3.7401383180310415,1.894789167863359,1.0773987710606951,0.12064962316229166,1.124028463500266,1.2634399867587687,2.577943645835638,20,0.8715766649777069,0.7988351468919782,0.9165403102117365,0.9914522728099819,1.0145968589681935,1.023344125373393,2.5569568338680186,0.4953854292811877,-0.05150691128744731,0.73632486556304,1.288971822917819,0.39073099807780015,120.00000000000003,3.1960558913093156,2.4658476108490412,2.2204460492503132e-17,0.08053814872930047,-4.540861507360787,13,2.3853094621197406,1.6756633697931649,5.847005551304304,7.0067091182098284,1.0,-1.0628078483807093,0.9430352628306563,1.7368013880034758,1.9535925343822862,2.071600725213919,2.426220814812153,0.39073099807780015,0.06682582984561028,1.0,4.621399656090087,1.0000000000000002,2.70684082812742,21,0.9914850337750272,1.014815664713157,1.023530996579242
1,17,1030,1150,1781859912.3355055,1781859920.268814,7.9333086013793945,120,15.429084327776225,,3.119713564721973,0.4098076562949138,-0.006187336977889903,0.6441867111032452,1.2857570273146854,0.982806977230656,117.35856698754489,5.238966398986856,4.319047751416612,0.01349411443208924,0.06072609783764496,-2.9315456949241954,10,1.2857570273146854,7.250593446340807,0.9889327875187174,0.7503237283287286,0.9869157283080086,1.5949641382253235,3.889850204943416,3.941420825881726,2.1537424757484556,0.982806977230656,0.12714260728650728,0.9888407187738755,0.9778059671052346,3.0858168655552447,24,0.933398407230308,0.8928790808480372,0.9476733630938364,2.4934706104628965,0.3871308380281583,-0.01106594787446555,0.5785406329143997,1.2857570273146854,1.334518702792587,108.68694705825149,2.4394365008884753,3.6737958074952672,0.0011265630012359843,0.056535429589610345,-2.6456522475756716,10,1.2857570273146854,6.319448055070939,0.9516956229902302,0.2673658132571704,0.989352259530422,1.5119475951094246,3.6205374092332683,3.659502845782846,1.9640752097243088,1.334518702792587,0.11804847889622083,0.9516949562094814,0.9057232896745667,2.571514054629371,20,1.034399909480558,1.0695077283089047,1.033940276392693,0.32217453503615806,0.3744740775767657,0.3404772979302856,0.3404681320541846,0.33325730987834284,0.32638286765496055,0.32765700385038604,0.3276784601141888,0.3445681550854991,0.2991430547682737,0.33186569821932843,0.33185340783162676,2.4550279083757545,0.43254449648583587,-0.013467248564666372,0.6092292525389321,1.2857570273146854,1.0254745075343636,111.4970072124066,1.5410458084291268,3.3242185451922492,0.013848725964855823,0.08898564095734099,-2.467810335569424,12,1.5429084327776224,5.7920288807616735,0.9639199794433431,0.12099071452556992,0.9825368566250021,1.6567115902355527,3.302248724837841,3.360941325072538,2.1295924276662297,1.0254745075343636,0.10841746209911414,0.96382049135677,0.9289499395592054,3.0858168655552447,24,0.8715766649777069,0.7988351468919782,0.9165403102117365,0.9623461118910649,0.9747072719288308,1.0128448173531617,2.4661339880994446,0.5492748233070256,-0.005046927498680411,0.7547651474098388,1.5429084327776224,0.8954900673988817,120.0,0.6559050392026591,2.9717475234158144,-1.4802973661668754e-17,-0.04522509706842347,-2.832269269817083,13,3.0169726204842378,1.671484135509091,5.633606125953824,5.804016793232897,1.0,0.29001355657839406,0.9796640376590745,1.8326224298414595,4.827398518893554,4.927606131617032,2.3566048519175564,0.8954900673988817,0.1589550365037752,1.0,2.7870441727486597,1.0,3.2143925682867134,25,0.9624350394768801,0.9746974139089563,1.0127409891879469
1,18,1090,1209,1781859916.3362725,1781859924.2706504,7.934377908706665,119,15.410575356256464,,1.0065550920108388,0.33959543490307953,0.0055885652468586205,0.4223247127479029,0.7835885774367694,1.685237734767109,93.90717933037507,1.0850598676735128,2.877262727841658,0.0836618222786327,0.09597749691941947,-2.414346302989843,11,1.424506965704379,5.291609030831501,0.8883332487076313,0.08241983202841091,0.8967630828970761,1.0491949998073884,3.5469455773052267,3.9552760867970735,1.6858721973882516,1.685237734767109,0.1318425362265691,0.8843849050342688,0.7821366602524727,3.1080151979004635,24,0.9108741154940491,0.8879602931966794,0.9402693995099503,1.1471406388244976,0.3205008130199959,0.011977729238610606,0.414484280434507,0.7835885774367694,1.5851180979364339,104.72817644335322,1.0716329655366774,2.7810582049257704,0.07320944561669991,0.056309511247092374,-2.7863332988572314,8,1.0360050659668212,5.567391503783002,0.9381197735939746,-0.07921576928285103,0.8811351229988155,0.9858230699269606,3.2564679484817534,3.6957645467574114,1.5791633597306176,1.5851180979364339,0.12319215155858038,0.9352588340563833,0.8747090866805056,1.9425094986877895,15,1.0590832915446715,1.0414770139393046,0.9833759273270299,0.3225223512767338,0.3380542788449279,0.32687866787339354,0.3265326216121274,0.34157803338689,0.35567263357757917,0.34519854158809404,0.34531629523742147,0.33589961533637613,0.30627308757749305,0.3279227905385124,0.32815108315045105,1.4083959560513313,0.36935086153294977,0.003826128283680642,0.4573784973586785,0.7835885774367694,1.4295623732238572,94.50805801514716,0.39623801160082417,2.2291044711741432,0.06539230325797024,0.02000534792518845,-2.565029304216245,12,1.5540075989502318,4.794133775390389,0.8911707813162553,-0.21684125507111426,0.8860309549588902,1.126961464928937,3.273543105915919,3.694614829871044,1.8672608439836618,1.4295623732238572,0.12315382766236813,0.8887683658560551,0.7899092081464427,2.849013931408758,22,1.0521169404891135,0.905987904143602,0.8611095110039971,1.056044873879002,1.0031942208768523,0.9499541598000265,2.117449758821382,0.5906774578388713,0.025434919881704543,0.7432616165207936,1.5671771548735387,0.5516173182591546,119.00000000000003,-0.5103779991701094,2.5122973929795784,3.0787697321537956e-17,-0.005936784702351439,-2.467397146514522,16,2.5182341776819297,2.0720101319336424,4.941825634025676,4.9796945394941,1.0,0.07989989845118199,0.9780110074157867,1.7836726591868703,3.2750314302317256,3.3486652045822987,2.4222182451043173,0.5516173182591546,0.11162217348607663,1.0,2.4614603618121706,1.0000000000000002,3.237515831146316,25,1.0575246464887855,1.0049565079603167,0.9502913348610771
1,19,1150,1238,1781859920.3365972,1781859926.188275,5.851677894592285,88,15.356044768742425,,1.4721246515953363,0.45356394432077035,-0.020501309097087136,0.5447690763345902,1.0470030524142562,0.9243151025989823,126.29836874853893,-0.4309974749532173,2.877262727841658,0.023536355331385015,0.010755339403200604,-2.6780621320966724,8,1.396004069885675,5.555324859938331,1.1980019765337833,0.06229126911502994,0.5569199940758076,1.0113116245005072,1.3342127635878893,2.3956991628608635,1.4855440678909424,0.9430478424602687,0.10416083316786363,1.1977707525885604,1.4346547757565664,1.9195055960928031,11,0.9532512328910003,0.9405962037588043,0.9733214665189195,1.1471406388244976,0.4319977004292159,-0.01755698343104403,0.5181084951336897,1.0470030524142562,1.0361898274800745,130.82798494748425,-0.6826011423447529,2.7810582049257704,0.027243581975803746,-0.052706890012087976,-2.7863332988572314,7,1.2215035611499656,5.567391503783002,1.219295553641734,0.01597643865180087,0.5288740459692406,0.960563414519442,1.3929609162529655,2.6338235481004872,1.386786705949307,1.1003633722265083,0.11451406730871684,1.2189911543451126,1.4859394343716303,1.5705045786213845,9,1.0411020987625599,1.0253609404184154,0.9848802933325616,0.32610861022055265,0.34902162245578316,0.331356538853257,0.33134358962174437,0.33951235852515893,0.34977972746646113,0.3372461501798678,0.3372138649444938,0.33437903125428836,0.3011986500777557,0.33139731096687514,0.33144254543376184,1.4083959560513313,0.45726113229051896,-0.017151739225700603,0.5411494634315926,1.0470030524142562,0.8638257583533124,126.32945169181241,-0.9058904235999958,2.2291044711741432,0.00708008513188374,-0.02445269014251045,-2.565029304216245,8,1.396004069885675,4.794133775390389,1.1981493859462278,-0.18052921716676157,0.5447586656533978,1.04401905651028,1.3040973588485443,2.393899245796073,1.5517431609238415,0.9633208611765799,0.10408257590417709,1.1981284670008672,1.435511823437848,1.9195055960928031,11,1.002172086088374,0.8629799149934155,0.8611095110039971,1.0177742420505516,1.0001230460511183,0.9826570615858083,2.154227849654702,0.5690001547677795,0.00497806190045769,0.7236252270425998,1.0470030524142562,0.7501161920064284,88.00000000000003,-0.1804781377117166,2.3219131889792393,0.0,0.04603838976511502,-2.8175047260470136,12,2.275874799214124,2.094006104828513,5.906561620333828,5.139417915026253,1.0,-0.18285277429763688,0.8284100084311726,1.647663332369049,2.419730364366118,2.9209332815142566,2.141046826838214,0.7501161920064284,0.12699709919627203,1.0,2.8635431158121287,1.0000000000000002,2.9665086485070598,17,1.0177165803311625,1.000298650147813,0.9828852840565084
3,0,0,66,1781859920.6742024,1781859927.635204,6.961001634597778,66,15.30360159519544,,1.792812891167832,0.37515028300965286,0.004595031647547957,0.5967812580574887,1.8549820115388413,0.08035130991759841,66.00000000000001,1.769214958300541,2.926770112091547,1.3457248783335231e-17,0.025330923661847082,-2.5789289620940044,5,1.1593637572117759,5.505699074185552,1.0,0.1425236715284767,0.6515491090389995,1.2914293383236826,0.27729634563987227,0.42559546439848517,1.9342288468770537,0.10592530040338977,0.02503502731755795,1.0,1.0000000000000002,2.3187275144235517,10,0.9614249844022009,0.9245321215216373,0.9875502629056135,1.7727781128686921,0.4359403177380604,0.004701978388440542,0.6812975181218017,0.9274910057694207,0.07898715611654417,65.99999999999999,1.9032521814880088,2.749331118330871,1.9344795126044396e-17,0.09649635724334463,-3.0011688530594824,6,1.391236508654131,5.7504999713903535,0.9999999999999999,-0.25881445478330445,0.6516994326948212,1.389586835262185,0.36316135040307557,0.5572528257411224,2.0004032620206194,0.14764597999568663,0.03277957798477191,0.9999999999999999,0.9999999999999998,2.3187275144235517,10,1.0819187424539916,1.1024034739712578,1.018933706121777,0.31403857148684206,0.31992908332111597,0.3333333333333333,0.3333333333333333,0.3397642163450921,0.33415414821907435,0.3333333333333333,0.3333333333333333,0.34619721216806587,0.34591676845980984,0.3333333333333333,0.3333333333333333,1.8791418368268968,0.4607782495365859,0.000520579695143194,0.6974700649064461,0.9274910057694207,0.12669693482722746,66.00000000000001,1.8185892024972263,2.8567668418373535,5.887546342709164e-18,0.11314094607039372,-3.0961575127854926,6,1.391236508654131,5.952924354622846,1.0,-0.18011505069602352,0.648988446130896,1.3555397248082117,0.44631343152467806,0.6877062822697155,1.9696398207072596,0.19040454356659198,0.04045331072174797,1.0,1.0000000000000002,2.3187275144235517,10,1.0444631814972587,1.0812295177072409,1.0352011797651657,0.9999999999999999,1.0,1.0000000000000002,2.5710038818225973,0.6020400729593538,0.018598759750680413,0.8128435533325176,1.8549820115388413,0.20616758899795423,66.0,0.40560312449362623,2.4817049752752576,1.3457248783335231e-17,0.046627447834425434,-2.7967784096141934,8,2.435077527440832,1.8549820115388413,4.394717232066699,5.2784833848894515,1.0,0.16071587605674506,0.8277901549932762,1.8551119098215738,0.6601743307853576,0.7975141124875058,2.055507559074486,0.20616758899795423,0.046912594852206224,1.0,2.843405857448619,1.0,3.7099640230776827,16,0.9999999999999999,1.0,1.0000000000000002
5,0,0,101,1781859926.0013223,1781859933.9990017,7.9976794719696045,101,15.451649861667287,,3.8286235924454117,0.33343228302547945,0.0007738254689801349,0.6892482108000136,0.9270989917000373,0.17617901486019336,131.2248586102641,18.789734064097953,7.015415011029377,0.05367366753065529,-0.11236444285390593,-1.936375872373569,7,1.0709064260561485,8.951790883402946,1.1398491241581927,3.7972402867247643,0.6560949858318414,1.0674808487323477,0.5256168278599672,0.8011291645424706,1.9925869038438107,0.17617901486019336,0.030812660174710408,1.1385847194029997,1.2963751632580076,2.141812852112297,14,0.9872413791708493,0.9841887676820802,0.9930983588557927,3.644240260987183,0.3182042249427767,0.0005995473277499425,0.6444388780455993,1.236131988933383,0.16712068136501587,123.48758211212056,17.546647615854923,6.646511097578542,0.0424532629611413,-0.1527797355060985,-1.5733789519073882,7,1.0709064260561485,8.21989004948593,1.1057347456975284,3.7094889892907363,0.6936445709407248,1.114001911425429,0.5106828922269114,0.7362313692361497,2.0546185374658115,0.16712068136501587,0.028316591124467296,1.1049194759378307,1.2208470483067304,2.141812852112297,14,1.006465589353775,1.0377042704072938,1.0310380020777226,0.32849678108254055,0.3537979864482345,0.341895954651993,0.34181327921126586,0.33062070637305724,0.32487136777579423,0.3316634004095339,0.3317066731167201,0.34088251254440227,0.32133064577597115,0.3264406449384729,0.32648004767201405,3.5033738070359233,0.3240455748766749,0.0006512531009829992,0.6318050418307952,1.236131988933383,0.2461331337574346,119.62904712836462,15.769368042266866,6.39379848951219,0.042060267755329,-0.17917406643348138,-1.7365042696760375,7,1.0709064260561485,8.130302759188227,1.0883225676112422,3.4441506697453335,0.7436927897792472,1.1216212999460176,0.6822820306168624,0.9174245602399701,1.959832912642948,0.2461331337574346,0.03528556000922962,1.0875095149231004,1.182676945048277,2.141812852112297,14,0.9182397306360232,0.9082319800680557,0.9891011571008417,0.9700711456124874,0.9547952834678851,0.984252843501538,1.8611909821431556,0.528227634469811,-0.000934451534216392,0.7014034498925582,0.9270989917000373,0.8995716119867915,101.00000000000001,0.25071381409083937,2.220305915079056,6.183172785659907e-17,0.027022421156056724,-2.895326992075582,13,2.193283493922999,1.9888262198185616,7.253754006402213,5.115632907154637,1.0,-0.4607079074315766,0.9199816850546307,1.6273599300244177,2.9663708714142434,3.2243803540916067,2.0693262338513896,0.8995716119867915,0.12401462900352334,1.0,2.9223494132316388,1.0000000000000002,3.05973264587471,20,0.9704323772386293,0.9551414983799539,0.984243230937754
5,1,42,154,1781859930.0298486,1781859937.533567,7.503718376159668,112,15.422276477769117,,0.9236246455504069,0.1899364572146659,-0.004388376166768358,0.27053591071035565,1.1015911769835083,0.8165586233121983,32.075189657472926,1.805498763670145,1.1979582509973137,-0.08000079464361731,-0.08893632076074937,-1.9380147484401415,9,1.2392900741064468,3.135972999437455,0.5351500929101317,-0.3941552067011346,0.9217806155126992,1.1614602979889055,2.047644709677338,2.2214013564804973,1.6364504407554032,0.8165586233121983,0.07660004677518956,0.5291365559079361,0.2799854947981123,2.340881251089955,17,0.948073292953355,0.8822804336042128,0.9624971396520006,0.9798121782722375,0.20035927163846098,-0.001787066344988403,0.2917670903310172,1.1015911769835083,0.9305716951613344,39.52162906158007,3.131528964285515,1.3863132714525457,-0.07506595585624003,-0.08660628034093354,-2.3865873250393466,8,1.1015911769835083,3.7729005964918922,0.5940300396863967,-0.6672134585930626,0.9257119056829111,1.1500959500705232,2.18172137896649,2.356803845314059,1.6202048793429613,0.9305716951613344,0.08126909811427789,0.5892680123010335,0.3472367903212111,2.4785801482128935,18,1.0563572424429737,1.1720854365427813,1.1095540310133813,0.30974686541876567,0.2860230437861231,0.30053765753001555,0.2995637145899604,0.3272033446091222,0.3441153711159729,0.3336043457621006,0.333606349217447,0.36304978997211207,0.36986158509790396,0.36585799670788394,0.36682993619259274,1.0351780494716212,0.21734654833394376,-0.004066785124932382,0.3181919155129221,1.1015911769835083,0.8070446421776009,47.53314421467296,2.5248362185849844,1.6131889912187802,-0.06753016220146163,-0.11623595394780586,-2.4419945668706,9,1.2392900741064468,4.0551835580893805,0.6514622578056953,-0.32643857931686215,0.9251739809272064,1.1095411470047771,1.8673057620201738,2.018329309422176,1.57077186528108,0.8070446421776009,0.06959756239386813,0.6479527378893761,0.4198427505383385,2.4785801482128935,18,1.2031036610228123,1.2931181355250243,1.07481855256403,1.1100251080142347,1.2173449401140177,1.0966823464847308,2.025157155275811,0.40557081060931793,0.024011809164440227,0.5735501927381979,1.1015911769835083,0.4067972530411703,112.0,2.864289787937941,3.7091047408500346,-3.172065784643304e-17,-0.04364630510061973,-3.0648904446759357,13,3.7527510459506543,1.7900856625982011,8.470852641524965,6.773995185525971,1.0,0.24681884389022699,0.8975357245318034,1.3987565444649828,1.249972983619699,1.3926721237438693,2.1910302109502693,0.4067972530411703,0.04802317668082308,1.0,3.021244139575316,1.0,3.1670746338275864,23,1.113640714711005,1.2245472943700997,1.0995891926310144
6,0,0,118,1781859937.6660292,1781859945.6317453,7.965716123580933,118,15.513143051584674,,2.59881407524366,0.485939193920126,0.009757124647946772,0.6818956041311142,0.7888038839788818,0.629807719356172,122.04951003685908,1.0706489512565476,3.014893884439896,-0.016192968883846828,0.007812092944689809,-3.2491090986310285,13,1.7090750819542437,6.264002983070924,1.0170141993444817,0.05182963202612874,0.9593809727340505,1.8091588030003796,3.248303122520234,3.3858323385997506,2.4188643132953964,0.629807719356172,0.11286107795332502,1.016885278400186,1.034055669427024,3.2866828499120073,25,0.8189231280361102,0.7116819852967503,0.8989153954154264,3.299883971338752,0.412139466622651,0.0022687460480305425,0.7096702068679471,1.0517385119718423,1.0322509792421763,128.06280484021775,4.75000903980878,4.934502300401503,0.0030611971814017962,-0.07689105881816016,-3.719948827001025,10,1.3146731399648028,8.654451127402528,1.0417667719410566,0.5003748714365271,0.9654983992500363,1.4563471271733857,3.5893899635164814,3.717655012483281,2.1866715661211296,1.0322509792421763,0.1239218337494427,1.0417622743180452,1.085268636192306,2.234944337940165,17,0.9670141287492415,1.0057668795464512,1.0400746479757574,0.3363853567448966,0.27043962219619333,0.32096740276570146,0.320940907671286,0.325289392676669,0.3736438982445578,0.3287792592208158,0.32879237904136377,0.33832525057843443,0.35591647955924893,0.35025333801348285,0.3502667132873503,3.5442527898391067,0.4199158050411092,-0.0004833828558844269,0.7195225697209282,0.7888038839788818,1.313270788122603,145.3378563051075,3.1797026707244296,4.245350881896853,0.003855506876137898,0.004920474205920274,-3.9984925001422242,8,1.0517385119718423,8.243843382039078,1.1098093297266736,-0.37043845158272165,0.9394804118968993,1.274600984266615,4.023395446356408,4.282575129195928,2.0313575478336787,1.313270788122603,0.14275250430653094,1.10980263264019,1.2316618834150965,2.3664116519366454,18,1.3816166995437298,1.3160663244124986,0.9525553106350851,1.0243384729657947,1.0912427087468426,1.0653145786737253,2.0416457605201255,0.5379802091384793,-0.006187723290240523,0.7261569773678284,1.3146731399648028,0.7250999639942433,118.00000000000004,2.193612082683515,3.384124683439906,-8.467802730191872e-18,-0.10586646895568087,-3.481049604618872,15,3.4899911523955858,1.9720097099472045,9.056821075249886,6.865174288058778,1.0000000000000002,0.1732100865559236,0.9297496504624618,1.8897891674905312,2.2331061830833088,2.4018360017371894,2.331890547100275,0.7250999639942433,0.08006120005790632,1.0000000000000002,3.3751831356631903,1.0000000000000004,3.681084791901448,28,1.0244639158873428,1.0913744708608488,1.06531274936663
6,1,58,178,1781859941.692462,1781859949.6302931,7.937831163406372,120,15.438000345986374,,1.0241816273466262,0.33340327223243366,-0.0036101940949041914,0.4138931027409671,1.0292000230657583,1.957719897784359,77.82011865171005,-0.5997542483598446,1.8078885282959134,-0.017831774794448165,-0.10392384615003278,-1.675671366260212,10,1.286500028832198,3.4835598945561257,0.8052955909256243,0.26835030085004874,0.9491420184651685,1.112442290836318,4.361120701109318,4.5948031129857325,1.687973554837571,1.957719897784359,0.14821945525760427,0.8050981409566975,0.6481830165719303,2.573000057664396,20,0.8762818144562688,0.7511085921604049,0.9220388889195338,0.7757510270490873,0.27738079896065276,-0.007090994594733647,0.3409213536443852,1.0292000230657583,1.54764392197085,63.49437116595013,-0.6555397851141356,1.5968122972729104,-0.022031153466329816,-0.055903942760189146,-1.6204808948604814,9,1.1578500259489781,3.2172931921333916,0.7274061861960284,0.0021501890997481015,0.9056808139588799,1.0575830338684284,4.175244772152051,4.61006207463021,1.7678742146908462,1.54764392197085,0.14871167982678096,0.7270724778130404,0.5286343879931941,1.9297500432482968,15,0.9206856999930729,0.6838520521875098,0.742763846764053,0.38394528901060293,0.3830793546720367,0.38989033983578925,0.38991808443415626,0.35349293717176966,0.3537985960164577,0.35217955782998756,0.35212937823552165,0.26256177381762735,0.26312204931150573,0.2579301023342231,0.2579525373303221,0.573545666703579,0.21152439914912866,-0.003962604692174104,0.2552370228756959,0.7719000172993187,1.3698135009554504,34.05736153266389,-0.7343031543431695,1.1696569646836987,-0.011409762803487218,-0.03930616892178032,-1.2230624736679312,10,1.286500028832198,2.39271943835163,0.5327394730124027,-0.029610245827086133,0.838161832938008,1.0517837410177937,3.542172179894281,4.226119635486035,1.9396593422698976,1.3698135009554504,0.13632643985438822,0.5326172766802637,0.28368116341830063,2.3157000518979562,18,0.9235647698095164,0.6868604274870692,0.7437057474904905,0.9032784910195918,0.6615452499871014,0.7323823788169365,2.6176922107223097,0.5689548608105459,-0.014403749950467906,0.7801590112449673,1.286500028832198,0.7888973570931744,119.99999999999996,0.10627791088661187,3.177601665225259,-1.295260195396016e-17,0.0822863307871638,-2.439366623252504,15,3.095315334438096,1.9297500432482968,6.072316948569542,5.6169682884777625,0.9999999999999998,0.20443458953204938,0.9625359817382061,1.5878782166946703,3.876544168310621,4.027427796839471,2.3063909922889967,0.7888973570931744,0.12991702570449906,0.9999999999999998,2.521652954039668,0.9999999999999997,3.2162500720804945,25,0.9030855256342546,0.6615557154899836,0.7325504580813208
6,2,118,239,1781859945.6955514,1781859953.694733,7.999181509017944,121,15.512454555205023,,3.3203215387730127,0.40143285016417163,-0.006824017763416368,0.6233152708443823,1.0341636370136682,0.7903158552991982,138.05726260186776,2.844949856630852,4.171047193609273,-0.019115160266792025,-0.23239151136830377,-3.086357451960211,9,1.153818933858225,7.257404645569484,1.0681615572618826,0.8245457194579509,0.9069442775588923,1.127245362447811,2.2652178576238167,2.4976373010708204,1.9103667217384903,0.7903158552991982,0.08056894519583292,1.0679905070084215,1.1406037230601052,2.179435763954425,17,0.9535223210921695,0.8526193403729384,0.9354328819080132,2.569302887904471,0.3781467346209587,-0.003594370562754297,0.5462061706484537,1.0341636370136682,0.8662661480524521,113.96194076174675,2.0563685048796305,3.762924169969047,-0.025558092767146774,-0.10906100639437011,-1.9738574099886075,11,1.410223141382275,5.736781579957655,0.9704814378294212,0.984453408294934,0.8941529995217746,1.129932354394746,2.6322195077295736,2.9438133173376144,1.9624303872564124,0.8662661480524521,0.09496171991411659,0.9701448371586413,0.9411810050655666,2.30763786771645,18,0.9375230884151934,0.8100793002201725,0.8640633070589715,0.36395367981051424,0.4075563562665062,0.3713008051308929,0.37130824616223124,0.34121497793602773,0.3221622482979087,0.33734647795633554,0.33729024335408075,0.29483134225345814,0.2702813954355852,0.29135271691277154,0.291401510483688,2.1090515881315977,0.29925487244021926,-0.0010569703085807995,0.45155789395318285,1.0341636370136682,0.8741983501438512,85.00522489020386,2.8024178648636946,3.3990122638516245,-0.004229144414365038,-0.12915029170062278,-1.4139207813210097,9,1.153818933858225,4.812933045172635,0.8381661647631399,1.2221300674750233,0.8549403744117962,1.103213052728474,2.4061824791253064,2.8144447860247257,1.979006335235739,0.8741983501438512,0.09078854148466857,0.838155495174537,0.7025046340912734,2.0512336601923997,16,0.7904728839199916,0.6631755124899704,0.8389604829975348,0.9085530472723117,0.7846810803711087,0.8636601712215973,1.797315270097705,0.44613626298394116,0.0018504908182486106,0.5792334868191508,0.7756227277602512,0.9629596581481493,121.00000000000003,-0.35122603290590027,2.2126590663773418,2.5691111313639987e-17,0.13432891320330456,-2.4811603432526197,12,2.0783301531740372,1.5384252451443,7.677630233445442,4.6938194096299615,1.0,-0.29029555487246,0.9334768609611007,1.2890969059748463,3.6294945809111168,3.8881462762496506,2.0728252347602454,0.9629596581481493,0.12542407342740808,1.0,2.6154892564559242,1.0000000000000002,2.5640420752404998,20,0.9083833899199549,0.784796765209382,0.8639488281248041
6,3,178,292,1781859949.6956153,1781859957.630926,7.93531060218811,114,15.526523480591402,,3.3203215387730127,0.500514697420417,0.002795498288438529,0.7514281940726997,1.6343708926938318,1.1975434540258005,136.90865452695013,2.743882072905725,4.171047193609273,0.0019676090193757466,-0.18592663550856348,-3.086357451960211,12,1.6343708926938316,7.257404645569484,1.0958800618158575,0.8513960896882546,0.9530967764392232,1.597824952428903,5.4321905803109045,5.699516265919616,2.201364544043913,1.1975434540258005,0.19653504365240054,1.095878295432606,1.2009492384002742,2.996346636605358,22,0.9008707898693253,0.7882471759210281,0.9434339667403364,2.569302887904471,0.4900980409548713,-0.00016055782454965983,0.7589989653699031,1.6343708926938318,1.122019219559587,135.79914235431687,2.0558069294342802,3.762924169969047,-0.018546402068772002,-0.22877863485860384,-1.9738574099886075,12,1.6343708926938316,5.736781579957655,1.091430504873165,1.3104419732633426,0.9364919748099266,1.655753129596377,4.214618864241258,4.500432441075291,2.2145324495597234,1.122019219559587,0.15518732555432038,1.0912729163403605,1.1908765779379953,2.723951487823053,20,1.0052801756163088,1.0451387524403875,1.039649221969032,0.3278238247220231,0.3904191589046743,0.33371674572758936,0.33373589181450175,0.32955479208776545,0.3086157584769954,0.3323617692893973,0.33233338178679134,0.34262138319021146,0.3009650826183304,0.33392148498301333,0.33393072639870697,2.8222660413763747,0.44610837823784577,-0.002378758534349009,0.689923423053713,1.6343708926938318,0.9887406984867462,137.07669628629503,2.1185690972536513,4.007215546837317,-0.008676834507717267,-0.18270851945743724,-1.587349522347159,11,1.498173318302679,5.594565069184476,1.0965523974740545,1.36293395685633,0.9074880619561398,1.5013479590220788,3.6700342050699053,4.044168027025003,2.137105499941455,0.9887406984867462,0.13945406989741388,1.0965180677713535,1.2023518729490226,2.1791611902584425,16,0.7904728839199916,0.7708768275171012,0.9752097044673909,0.995939740946359,1.000613512081863,1.0046928252215974,1.7763655604756607,0.46977748109083417,-0.0015184187103465415,0.6443335300636914,1.9067660414761372,0.32902953887280556,114.0,-0.024556615536077242,2.634667184938311,-1.509513761551748e-17,0.0658197822319768,-2.099502888318504,11,2.5688474027063344,1.498173318302679,4.780174987426194,4.734170073256815,1.0,0.31565050022287566,0.9250310801957163,1.7060568718497249,1.8464834375837305,1.9961312404692986,2.345592129032704,0.32902953887280556,0.06883211174032064,1.0,2.1653226705504807,1.0,2.723951487823053,20,0.9957975451184317,1.0005837987132458,1.0048064524945628
6,4,239,354,1781859953.7584467,1781859961.7554665,7.9970197677612305,115,15.435102930028188,,2.0635604084249097,0.4032577030098677,-0.0148547157709357,0.5537120892147493,0.8123738384225363,0.852885636092518,75.05186154964805,0.2721824981633856,2.4769387443617767,0.017008982189930452,-0.18506067644080088,-1.558265598934971,14,1.8790560088729968,4.035204343296748,0.8078520180332645,0.6951733755252038,0.9136628770007872,1.4401423606214887,3.0339656967442594,3.3206621097528135,2.2077559924374643,0.852885636092518,0.11450558999147632,0.8076729397257781,0.6523355775652805,3.0870205860056377,23,0.8457696114622087,0.7534700273375454,0.9511470799752618,2.4008992823943642,0.41763158809466455,-0.01095172540181306,0.6473721584080241,1.3539563973708937,0.9858002816542548,98.68644208313268,1.7481252430379737,3.3005803908407847,-0.010701369364161318,-0.17609676659534043,-1.6259965402828453,10,1.342182863480712,4.9265769311236305,0.9263600674877649,1.058227394358033,0.947706206742337,1.4171513105668738,2.8958826494821284,3.0556755130226376,2.0429465084695004,0.9858002816542548,0.10536812113871165,0.926298253981766,0.8580284553296682,2.550147440613353,19,1.1023687141938547,1.1657556405897902,1.0575006579738517,0.30598590856442537,0.27528000221350635,0.2959929505457146,0.29602990915583466,0.337309292585604,0.33608907830345996,0.3394137088509946,0.33950869775398335,0.35670479884997064,0.3886309194830337,0.3645933406032908,0.36446139309018205,2.8222660413763747,0.42819154961379136,-0.007582989633994451,0.6430617146969473,1.3539563973708937,0.9224790390137781,113.87180288609521,2.6375668874404763,4.007215546837317,-0.03744524306823997,-0.09769304843697588,-1.6895483358549348,10,1.342182863480712,5.696763882692252,0.9950827052631713,1.2518756230980461,0.9447732065111835,1.3523059234221386,2.78454896183076,2.9473199945132005,1.99403338799816,0.9224790390137781,0.10163172394873105,0.9943779181404985,0.988787444085432,2.2817108679172105,17,1.2208989959350198,1.411765897842491,1.1563330812319135,1.1466952446848016,1.231763594136615,1.0741856651504618,1.7329940423290324,0.4919713040467074,0.0010725888575005783,0.6496913456320308,1.083165117896715,1.1208099541554175,114.99999999999999,0.0807152819831023,2.5112806469031317,1.568793404361634e-17,-0.06549787880025466,-2.1073005251668686,11,2.5767785257033866,1.4764011498287832,7.588167653168019,4.61858117207,0.9999999999999999,0.4970455723219334,0.9530703773685087,1.3879031985803223,4.0824232711911765,4.2834436659997985,2.0788915037781983,1.1208099541554175,0.14770495399999306,0.9999999999999999,2.0418026463666146,0.9999999999999999,3.221238872353709,24,1.1468729586214237,1.2311640878770937,1.073496483304472
6,5,293,413,1781859957.7588615,1781859965.6925414,7.933679819107056,120,15.397252630265118,,1.5983319231940032,0.27973391172295176,-0.015981512249754273,0.39887107157760976,0.769862631513256,0.8325857946699236,64.26598618963195,2.1973366736005477,1.9586355980266765,-0.03195181260205778,-0.11492458890373392,-2.868988212702774,12,1.539725263026512,4.827623810729451,0.731812738966465,-0.40249650636387957,0.8554617008755564,1.2801354407388543,2.203213227758751,2.57546682160497,2.1577592554203284,0.8325857946699236,0.0830795748904829,0.73111487919823,0.5345289665850426,2.3095878945397676,18,0.9033486811377847,0.8538370731287829,0.9741568613786903,1.5752381782356883,0.2706758887768439,-0.014674719008161662,0.4089926116196895,0.769862631513256,0.7399987111028152,66.18837771268842,2.0989150002062154,2.0759433355129975,-0.018704042298177223,-0.0025537563108519344,-2.7483928749099227,9,1.1547939472698838,4.824336210422921,0.742677463150999,-0.574397550459051,0.9180779053038005,1.2141457272065685,2.46722016322849,2.6873756017601402,2.0238150846668717,0.7399987111028152,0.08668953554064969,0.7424418987867748,0.5512199730741116,2.0529670173686827,16,0.9555499034260478,0.9351682913084051,0.9786702797576913,0.345934792890409,0.3266427763859105,0.3289274706624123,0.32878901516721243,0.33055795793814013,0.3264203334338757,0.3338108322864674,0.3338828789651719,0.3235072491714508,0.3469368901802138,0.3372616970511203,0.33732810586761575,1.6847422073928597,0.2788648861219649,-0.012751859420168628,0.42886251088327576,1.0264835086843414,0.77973028641222,67.56393374789727,2.463201441125908,2.471135624121029,-0.01945261391820634,0.013887847833530392,-2.6564254699459924,9,1.1547939472698838,5.127561094067021,0.750355103422691,-0.27958690202696157,0.9395643758796585,1.2724623809546889,2.7815433054857452,2.9604605888569915,2.0530239547885167,0.77973028641222,0.09549872867280618,0.7501029109690392,0.5626543770442264,2.3095878945397676,18,0.9993190023839009,1.0621293818857542,1.0628531823692111,1.014846317378785,1.0253375808713212,1.01033778544877,1.9404601848657133,0.45541864875751786,-0.0018823064228883357,0.6401780096150211,1.0264835086843414,0.8838645726012464,120.0,2.3433557716768743,3.601788970731259,1.4802973661668754e-17,-0.023782047511211494,-2.6360518956260575,15,3.6255710182424705,1.9246565787831398,8.659834492609582,6.237840866357317,1.0,0.7252875395235895,0.966614001363452,1.5244162569335742,3.058376234482635,3.164009863470485,2.217279382000212,0.8838645726012464,0.10206483430549952,1.0,2.612269848114846,1.0,3.5926922803951946,28,1.0154928040870492,1.025971338172781,1.0103186689689567
6,6,354,467,1781859961.8198147,1781859969.765326,7.945511341094971,113,15.292330690000911,,3.349026872434519,0.3425667548993242,0.0002833223159417792,0.6484672512121346,1.092309335000065,1.3379086130261901,129.85996325601184,6.202463333679971,3.109712620846132,0.018919745925435223,0.0064780204564188724,-4.960460529435993,9,1.2179732407965327,8.070173150282125,1.0720089620217603,-1.4147170231933395,0.9749777563648679,1.3943969458542516,4.0683007178331625,4.172711317026882,1.9841944747788163,1.3379086130261901,0.14388659713885799,1.0718419929584253,1.148845257869089,2.165285761416058,16,0.9679985699006425,0.965479691107783,0.991924294801136,3.002804016476224,0.2967372026652786,-7.668662277526828e-05,0.5967367799028064,1.092309335000065,1.4769496420775419,124.29675550552687,6.311657120890967,2.434195811110599,0.03439810510943465,0.03630453191143769,-4.838336495310044,6,0.8119821605310219,7.272532306420643,1.0487951600095844,-1.5307445993973106,0.9651619752057637,1.2986481096028384,4.182380747928486,4.333345961994452,1.8786232824506623,1.4769496420775419,0.14942572282739489,1.0482309182734548,1.0987880580244103,2.165285761416058,16,0.9149833661346302,0.8825139737540189,0.9645136801581661,0.3574623595673566,0.3514105049427153,0.33981447288274064,0.33991689538904923,0.3270721130233675,0.3166777468612486,0.3324559654692441,0.33242903499876736,0.3154655274092758,0.3319117481960362,0.32772956164801526,0.3276540696121834,3.1243136820837663,0.29027724796701754,-0.0006456145806051124,0.6113375258690521,1.092309335000065,1.4076501744519418,120.78771520370702,7.182249416863321,2.67500651521598,0.03832436686176793,0.06117464286446328,-4.947375971589584,6,0.8119821605310219,7.622382486805564,1.0338848261102993,-1.6795430772726487,0.9728089230646223,1.360247706985051,4.186071325017284,4.303076612239513,1.9353456762559402,1.4076501744519418,0.1483819521461901,1.0331742721176176,1.0674490765657687,2.4359464815930654,18,0.9011618674088056,0.944512880313986,1.0481056894138583,0.9783455149774161,0.9644367376933486,0.9857833688905002,2.5258592063232994,0.41922608541852885,0.0006528048996018761,0.6566379301631892,0.8192320012500487,1.0543199951551998,112.99999999999999,1.9645063225222943,3.078342318653144,-3.810251033074721e-17,0.0691748416491553,-3.146471332374701,10,3.0091674770039893,1.3533036008850363,7.408024156286161,6.224813651027845,0.9999999999999999,-0.43084196755557447,0.9106495265101637,1.5095019768542204,3.7585412168700003,4.127319135906948,2.2065419248029605,1.0543199951551998,0.1423213495140327,0.9999999999999999,3.2156461740238567,0.9999999999999999,2.7066072017700726,20,0.97797149688099,0.9639240474856936,0.985636136185873
6,7,414,512,1781859965.8212087,1781859973.7674234,7.94621467590332,98,15.296123001965668,,3.349026872434519,0.45852116808460724,0.031620255765529764,0.7626997045896436,0.9364973266509593,0.384466653710386,143.47624436200584,4.090764802457141,3.109712620846132,0.045371696726587,0.0020856911106710446,-4.960460529435993,9,1.404745989976439,8.070173150282125,1.2099765740775257,-0.9903859466214394,0.9242121574376289,1.5368170642604928,1.5206956427266283,1.645396709498764,2.0532938457146517,0.384466653710386,0.06581586837995056,1.209125600983015,1.4619847189525368,2.9655748677280376,19,0.9665107646666518,0.9593754786757732,0.9914201142739008,3.002804016476224,0.45522493627706806,0.033941772379777566,0.7254339118728838,0.9364973266509593,0.3400024185076138,144.4511231050051,3.201346030733224,2.560617046206773,0.04580232282409186,0.03329563217391195,-4.838336495310044,7,1.0925802144261192,7.398953541516817,1.214080331811651,-0.9541246860881553,0.8680830607402122,1.4437992627827936,1.2320309127907192,1.4192546410710625,2.078389512072795,0.3400024185076138,0.0567701856428425,1.2132160563212995,1.4718931993158066,2.653409092177718,17,1.048981270552282,1.0255412275828768,0.9776544695053858,0.3252537591143167,0.349486605135344,0.33474802905885936,0.3347427469851971,0.3411851014876418,0.32041879481711555,0.33588336080218745,0.33587517711093795,0.33356113939804166,0.3300946000475405,0.32936861013895324,0.3293820759038651,3.1243136820837663,0.4499559797706299,0.028366079041107207,0.7262740635572251,0.9364973266509593,0.35541614919908804,138.9019546162185,3.7166338501810774,2.67500651521598,0.04280833930911927,0.038138803954901906,-4.947375971589584,7,1.0925802144261192,7.622382486805564,1.1905321851335915,-1.0600650650729693,0.8993713619427115,1.479828165448481,1.4335547419035903,1.593951956405418,2.05113244359455,0.35541614919908804,0.06375807825621672,1.189762299757628,1.4155343299245597,2.9655748677280376,19,0.9168271118517646,0.944512880313986,1.0301973710248413,1.0033916009797579,0.9839299459505996,0.980604128029221,2.2426736662329967,0.4494015129004026,0.021909681082558197,0.6460309112366184,0.9364973266509593,0.5794331079815617,98.00000000000001,0.8954364295768529,2.755763943340116,1.982541115402065e-18,0.05682696726839792,-2.771157595841262,9,2.6989369760717183,1.404745989976439,6.4892818319415735,5.526921539181378,1.0,-0.30120466678733987,0.7758385877252328,1.3829182919585696,1.7318810302123764,2.232269775714908,1.9581271929638147,0.5794331079815617,0.08929079102859631,1.0,2.82798456310966,1.0000000000000002,3.1216577555031977,20,1.0033829862960135,0.9839856990790332,0.9806681122942045
6,8,467,572,1781859969.8284328,1781859977.7611253,7.932692527770996,105,15.593367536619823,,1.9444325416857922,0.4930200924891634,-0.005189395432233978,0.6831672474018181,0.8996173578819129,0.9347865930615562,120.31209563939092,0.5799145116688029,3.165022778163662,0.01723468540737106,0.03537640617824029,-2.7730330033621327,11,1.6335908847887433,5.938055781525795,1.07043424939597,0.1001495648373545,0.9447300333443982,1.5331090133786252,3.847265088762063,4.072343371092507,2.079183863529242,0.9347865930615562,0.15082753226268544,1.0702954955986792,1.1455324478988225,2.673148720563398,18,0.9424588952818788,0.903652522558771,0.9847164180074404,1.899090777798611,0.5238688566990602,-0.005467023816760756,0.6941929018163049,0.8996173578819129,0.8616076292570379,124.1668353216327,-0.036206092543207724,2.7290211559008934,0.016117681666639926,-0.02041639209117135,-2.7445420850943827,11,1.6335908847887433,5.473563240995276,1.087447142980961,-0.039539742796080864,0.9590349759690816,1.5432356697551415,3.8671412165200945,4.032325528703937,2.0471368724305625,0.8616076292570379,0.14934538995199767,1.0873276916896522,1.1822815091151473,2.9701652450704423,20,1.0477022513170773,1.0711928995731688,1.0224211107941796,0.3206263601758346,0.34971357084391924,0.32754191027955876,0.32753527477874717,0.33592095938782196,0.3223579260073272,0.33274768136484983,0.3327475222839297,0.3434526804363434,0.3279285031487535,0.3397104083555914,0.3397172029373232,2.3317240724953336,0.5539365422098477,-0.002239639376371821,0.7308741807959929,1.199489810509217,0.8617155935415125,129.41757062816043,0.0198896187989126,2.3180462906364863,0.014842255377926092,-0.05698170884211227,-3.250104065526376,12,1.7820991470422656,5.568150356162862,1.110201914832057,-0.19547041751861335,0.9661799030604906,1.6004799861943224,3.996928162079449,4.136836369105485,2.082869880793862,0.8617155935415125,0.15321616181872166,1.1101026975699422,1.2323279991520626,3.2671817695774865,22,0.9217769994725165,0.9377059699382135,1.0172807202553464,1.0158934503399821,1.0371509650952662,1.020924945178227,2.4305837297269224,0.5225382075476788,-0.01043911086132182,0.6923730042352992,1.199489810509217,0.8957924476806202,105.00000000000001,0.590963773535691,2.178447834270457,-4.017949993881519e-17,0.05204421292815567,-3.2636373645752315,12,2.1264036213423014,1.7820991470422656,6.301044556147366,5.442085198845689,1.0,-0.5583599628113101,0.9254330379943745,1.54885253459381,3.5522507117394255,3.8384740612221573,2.1203697183441355,0.8957924476806202,0.14216570597119102,1.0,3.315681577503387,1.0000000000000002,3.2671817695774865,22,1.0159135455217867,1.0371927212017242,1.0209458528963782
6,9,512,633,1781859973.83713,1781859981.8314738,7.9943437576293945,121,15.689700125501021,,1.9444325416857922,0.41620011369942084,-0.019676885174185463,0.5778744206735416,0.784485006275051,1.2476253943237259,112.46990343805552,0.2664222645694969,3.165022778163662,0.03723266856330401,0.06884455439185014,-2.3486144608692325,13,1.6856702614174652,5.513637239032894,0.9641075324873289,0.07708568169288146,0.9305179501270454,1.3041920367192132,3.3377631637601697,3.5869949239608525,2.040559037587611,1.2476253943237259,0.11570951367615653,0.9633883238811134,0.928117062590461,2.852672750091095,22,0.9283555398724498,0.8811676090754693,0.9762992001537316,1.899090777798611,0.4350971314864664,-0.017847400417395364,0.5921139674471417,0.784485006275051,0.9480667711907719,109.3584450591795,0.2774022272390413,2.7290211559008934,0.04526581318343591,0.14011626659086715,-2.7445420850943827,13,1.6856702614174652,5.473563240995276,0.9506780749244085,-0.12742799354597917,0.9581001546526616,1.4768514724358488,3.5847500063105757,3.741519077001035,2.126985065912421,0.9480667711907719,0.12069416377422694,0.9495998148161264,0.9017398082988216,3.3713405228349305,26,0.9975243782183322,0.9873189542862848,0.9897692485969364,0.3350259590210681,0.33304260921971757,0.3343971144679894,0.33444317512375005,0.3341965614594914,0.3306220022247867,0.32973915702383894,0.32965645243093283,0.33077747951944064,0.3363353885554957,0.33586372850817175,0.33590037244531723,2.3317240724953336,0.4495501193165367,-0.01725892558437696,0.6352330212755608,0.784485006275051,0.7700276921603152,113.45861808177105,0.8543262428613558,2.3180462906364863,0.03810613742431568,0.13282880358244792,-3.250104065526376,14,1.815337204603424,5.568150356162862,0.9683359590562635,-0.37981297508245987,0.9669704106060785,1.5654914036933638,3.431355400249011,3.548562978362806,2.1462983379709724,0.7700276921603152,0.11446977349557438,0.9675858886383228,0.9362224518920128,3.1120066364630126,24,0.992731839927023,1.0098869611413772,1.0172807202553464,0.9860705812262731,1.004385845381817,1.0185739890269996,2.27441744262762,0.5988735023663715,0.003458666947330983,0.7510962061862884,1.8304650146417858,0.6178409345837573,121.0,0.12182571495504746,2.589585915388291,1.0092936587501423e-17,0.06118506799986781,-3.0958474729437295,15,2.528400847388423,1.945004147789383,5.346836524488081,5.6854333883320205,1.0,-0.33460226938791415,0.9781795831095377,1.89771001236271,3.5039674275785533,3.582131019786553,2.386296953060678,0.6178409345837573,0.1155526135415017,1.0,3.1570325409435975,1.0,3.5010074660208894,27,0.9856874858007013,1.0043570849398498,1.0189406880051668
6,10,572,693,1781859977.837696,1781859985.833185,7.995488882064819,121,15.717156652420824,,1.7756359141975429,0.39431605234343403,0.008370150536265004,0.5359249164632596,0.7858578326210413,0.9836612848077811,111.34092317646802,0.1814883381904413,2.8866981813438,-0.009868178185078453,-0.041561601194324234,-1.8626813687794321,13,1.6886201362105018,4.749379550123232,0.9592564405902029,0.5190387601211126,0.9284053029704346,1.2625113320044774,2.842717227521077,3.061935577517489,1.9821338225507315,0.9836612848077811,0.09877211540378997,0.9592056806926723,0.9200755378730929,2.338089419368387,18,0.9383206267895459,0.893023585359462,0.9716761308130645,2.0491891383357075,0.40479842726138315,0.008637192917124236,0.5555403308311462,0.7858578326210413,0.7892344489744758,113.62937646941951,0.9902905017624111,3.3121976566448934,-0.01163668543009607,0.04299228701865324,-2.1252745376635214,13,1.6886201362105018,5.437472194308414,0.969064371414828,0.5264854641366821,0.9237150707865662,1.22595427083639,2.4274041105712514,2.627871069056237,1.9664362543307867,0.7892344489744758,0.08477003448568507,0.9689945012732615,0.9389503434978168,2.8576648458946954,22,0.9948349490722859,0.9585417571079831,0.9635183786032575,0.3385954788318703,0.3003074418243535,0.3307699356364868,0.3307775323836226,0.3368466159398099,0.34381614428382434,0.33415189744598206,0.33415316076215257,0.32455790522831984,0.3558764138918222,0.33507816691753123,0.33506930685422487,2.0966197102011295,0.40526541746720063,0.0036255912848122056,0.5699932282069806,0.7858578326210413,0.6859085799881255,114.26021113974046,1.6108928804654958,3.593693064857415,-0.013900826286956866,0.04992340208693222,-2.0345129903810903,13,1.6886201362105018,5.628206055238506,0.9717506190467232,0.6498940481776752,0.9334998809893199,1.2663562409647362,2.329982624015273,2.4959645646081556,2.0109216131951064,0.6859085799881255,0.0805149859551018,0.9716511887741556,0.9441060326462296,2.5978771326315413,20,1.1448805337462087,1.1850402764909516,1.035077671041654,1.010224513914747,1.0130248575123801,1.0027720012324601,1.9245971920465936,0.6462462253200472,0.014280708299881676,0.7855155256589486,1.3097630543684022,0.9438644553477838,121.00000000000004,-0.5780896631528045,2.553523693300401,1.651571441591142e-17,0.018135424318621064,-2.0258865815578417,16,2.5353882689817793,2.078301706105233,7.250413282873124,4.579410274858242,1.0000000000000002,0.07976223581229983,0.9870283623001924,1.792512019314202,3.9832557798704524,4.035604175130071,2.2472807418192158,0.9438644553477838,0.1301807798429055,1.0000000000000002,2.0440220058764624,1.0000000000000004,4.026709555578889,31,1.0102051319937142,1.0129748064799782,1.0027416951256207
6,11,633,753,1781859981.9230044,1781859989.837354,7.914349555969238,120,15.693310434883468,,1.7756359141975429,0.44070368070454097,-0.004485892538094303,0.5730560952020822,1.046220695658898,1.3644793845366527,141.0252339937473,-0.3818330018652034,2.8866981813438,0.009156566389670658,-0.13152719173141092,-1.7482807502328601,11,1.4385534565309845,4.63497893157666,1.084071161539328,0.5169516781862129,0.946435918512092,1.178840704171226,4.1866032787064755,4.423546482986725,1.8511199376675804,1.3644793845366527,0.14269504783828146,1.0840324905523722,1.175126440573179,1.8308862174030713,14,0.9643767788960081,0.9205963808622292,0.9744898176164548,2.0491891383357075,0.44236968787384356,-0.0026564566462249127,0.5935532147960227,1.046220695658898,1.2065580833262324,144.80014159879752,0.14403502819067526,3.3121976566448934,0.001009313608290463,-0.1434957492855377,-2.1252745376635214,11,1.4385534565309845,5.437472194308414,1.0984843406515388,0.5206643801860091,0.9504632886720392,1.2578199926702158,4.531615285797831,4.767796231382358,1.9706662941409328,1.2065580833262324,0.153799878431689,1.0984838769607346,1.2066668279426862,2.3539965652325203,18,0.9897492243620576,0.9887000814086645,0.9989399911335425,0.33574518057517644,0.29520923093264867,0.3298427594695017,0.3298350926520643,0.33230353205757984,0.3463213120050619,0.33422815679374124,0.3342321696921853,0.33195128736724366,0.35846945706228944,0.3359290837367571,0.3359327376557504,2.0966197102011295,0.46067660116197373,-0.0009643080288231941,0.6074749466975197,0.7846655217441735,1.1648430075269618,146.2777021700532,0.2870984438955104,3.593693064857415,-0.0019448726799811504,-0.05672618585484156,-2.0345129903810903,10,1.3077758695736224,5.628206055238506,1.1040746584434904,0.5386703615209403,0.9447347771444833,1.2778749571551526,4.6516703239772905,4.923784364154815,1.9960817501753132,1.1648430075269618,0.1588317536824134,1.104072945455765,1.2189770688873687,2.4847741521898827,19,1.1731384920144123,1.214289458123596,1.035077671041654,1.0132954178872768,1.0184521990934234,1.0050891192391835,2.2118603667538475,0.5724036878917332,0.0004268502261108752,0.7654838510913495,1.3077758695736224,1.0575204008493848,120.00000000000003,0.009061545092674539,2.7336161270525614,1.1102230246251566e-17,-0.12907350788471064,-2.310580927823204,12,2.862689634937272,1.569331043488347,6.742934312808454,5.044197054875765,1.0,0.18630378016061871,0.9948403208448241,1.767767323747931,4.836764006340378,4.861849590327189,2.256533153895437,1.0575204008493848,0.15683385775248998,1.0,2.181507419938493,1.0000000000000002,3.4002172608914183,26,1.0133311377051057,1.0184869504171237,1.0050879840954008
6,12,693,813,1781859985.9261487,1781859993.8345523,7.908403635025024,120,15.665527506059961,,1.2635412110487194,0.3744191337813544,0.001690519215424152,0.4732395759230821,0.783276375302998,1.5784731242614771,92.0597532992935,0.2872175264476322,2.4343065513120874,-0.021984144619735968,0.03896341377080062,-2.063728878127128,14,1.8276448757069954,4.4980354294392155,0.875879335769172,0.18568814694447955,0.9253024204408538,1.2287708074375034,4.474332545009453,4.83553533003587,1.919167825577523,1.5784731242614771,0.1559850106463184,0.8756033966430147,0.7666813082127846,3.0025594386614927,23,0.9782812841450638,0.931655894246903,0.973663035063596,1.375884605990199,0.3624674603901542,-0.002957975417245685,0.4643253764016057,0.783276375302998,1.5478203761773457,87.75586556175129,0.5908084355333862,2.354514657712968,-0.023890646209528386,0.020494586690388325,-2.2766887598613685,14,1.8276448757069954,4.631203417574337,0.8551601485577194,0.12912168030678942,0.9170927454224613,1.2196890129349198,4.4189138633360185,4.818393652542125,1.9352950642080176,1.5478203761773457,0.15543205330781049,0.854826366407209,0.730728116704952,3.1331055012119924,24,0.9640535682125758,0.9646083393200149,1.0005754567232894,0.34145286536078995,0.333790682144011,0.34184425148004294,0.34185973328228414,0.3291788532274778,0.3436728260925546,0.33375782364195034,0.33374780721844965,0.32936828141173224,0.32253649176343446,0.3243979248780067,0.3243924594992661,1.2852707883498249,0.3579445974968728,-0.0024192212777205567,0.44583724826929283,0.783276375302998,1.4976171390077333,82.90283445693952,0.18505946481582836,2.0305290607074014,-0.0228259622927181,0.04936155738999405,-2.315849208213335,13,1.6970988131564957,4.346378268920736,0.831178051808293,-0.06523148271677906,0.898357828667124,1.1862661955218363,3.9626106066027784,4.410949045195083,1.9495978400393525,1.4976171390077333,0.14228867887726074,0.8308645673352792,0.6903359292532407,2.6109212510099935,20,1.0296058112978723,0.966283689202202,0.938498674540454,0.9763447014156834,0.9489641071145677,0.9719560169052853,2.7787018129930487,0.5252541265045839,-0.025802402310915695,0.7349138167761721,1.3054606255049968,0.8241029423870381,120.0,1.8111942334160354,3.4603322425184295,0.0,-0.04605944291992492,-2.6650884505440913,14,3.5063916854383543,1.8276448757069954,8.33891957771521,6.125420693062521,1.0,0.661035105419724,0.9916402066996355,1.6880936652915925,3.0379981171356323,3.063609257279573,2.154203625463445,0.8241029423870381,0.0988261050735346,1.0,2.6190290076241665,1.0,3.524743688863491,27,0.9762711858868262,0.948905144179134,0.9719688114293433
6,13,753,874,1781859989.9270556,1781859997.9211307,7.994075059890747,121,15.655178076874268,,1.489266845309885,0.4512597236818401,0.004884554501493972,0.5885208230478014,1.0436785384582845,1.1340924821674678,127.90387253238443,1.256102800268767,2.9344169644807354,-0.05644473521891487,0.031164886273833743,-3.0511282455325355,13,1.6819612809864914,5.985545210013271,1.0281326751875466,-0.33385446376627137,0.9386808923200453,1.2600753778765403,3.689570693126806,3.930591027593687,2.0165867864276033,1.1340924821674678,0.12679325895463506,1.026582091045021,1.0538707896543675,3.363922561972983,26,0.9510239937773196,0.9019868468806805,0.9774340879532858,1.6417446742271282,0.4590140841283056,-0.0008218304139167835,0.6068754371979302,1.0436785384582845,0.9531284117321563,123.81527135564845,1.787693066922727,2.607953487353096,-0.05743088626219109,0.0338699897804397,-3.382407359894509,14,1.8113429179854523,5.990360847247604,1.0115664611969806,-0.43805566357615644,0.9447892649395603,1.344311870979372,4.286393146718896,4.536877487693622,2.0909301387131665,0.9531284117321563,0.14635088669979426,1.009934848751008,1.0199683987217214,3.6226858359709047,28,0.9678238757426482,1.0047011334013738,1.0381032733155382,0.33641432685135364,0.3280657410192427,0.33424871444361864,0.33424303910385655,0.32558981766863115,0.32832968449345096,0.32886299345334424,0.3288228930623598,0.3379958554800152,0.34360457448730647,0.3368882921030371,0.3369340678337836,1.8132451060171482,0.48294474743904486,0.00048213861003114643,0.6441073494128053,1.5655178076874268,1.0838447671498912,129.93197471792152,1.7844008148129529,2.6671636483271968,-0.05393703400684744,0.0271855572717248,-3.6018869040756893,14,1.8113429179854523,6.269050552402886,1.0362518867897828,-0.5052328272547595,0.9464563956069166,1.4170928352575003,4.342387071085341,4.5880476810564295,2.105986900293194,1.0838447671498912,0.1480015380985945,1.0348472202397456,1.0709087692379287,3.363922561972983,26,1.0008045444592546,1.047364998916947,1.0465230246160098,0.9838870854021402,1.0078970465565207,1.0244031673050844,2.44604636173981,0.47741008354444364,-0.023248779240899752,0.6655990741567037,1.3045981730728555,0.907532170680979,121.0,1.852121818760942,3.166886760546418,-1.4680635036365707e-17,0.07353960745019313,-2.929420348262016,16,3.093347153096225,2.070106191983374,7.99958779188185,6.096307108808434,1.0,0.05008785884784907,0.9697720668126429,1.7311409255762733,3.410560709434981,3.5168683716004483,2.206215039264897,0.907532170680979,0.11344736682582092,1.0,3.002959955712209,1.0,3.7520674729698658,29,0.9837838177392451,1.0080511137558528,1.0246673055391116
6,14,813,927,1781859993.9271524,1781860001.4661884,7.53903603553772,114,15.682865635925143,,2.0742959777306127,0.49439057419766486,-0.008067959691028512,0.6641038888944866,0.8254139808381655,1.7520010910750763,141.13532781908074,0.5253234615473699,2.9344169644807354,0.014763942614080842,0.014458460702160985,-3.0511282455325355,10,1.375689968063609,5.985545210013271,1.1126676014854773,-0.3122909045362465,0.9040168493080157,1.2698671386628502,4.911387612932699,5.432849638468736,1.9574355253587878,1.7520010910750763,0.18733964270581846,1.1125696460869015,1.237811217393933,2.751379936127218,20,0.9210784492382864,0.8696339651728675,0.9641758453062217,1.6428752503093116,0.49848441975535807,-0.009175983170689541,0.6697744153485246,1.3756899680636092,1.1292702067097888,139.29997438029375,0.8657377697916382,2.607953487353096,0.022973851645947653,0.026738665853426838,-3.382407359894509,10,1.375689968063609,5.990360847247604,1.1054092454051296,-0.3690192545017178,0.9219647415047741,1.3845692212916607,5.098693137504705,5.5302474248450455,2.064566878328744,1.1292702067097888,0.19069818706362227,1.1051704854761948,1.221401801967688,3.02651792973994,22,0.976338571126135,0.9768802242696626,1.0005547800317904,0.338613583781549,0.3280657410192427,0.33517074517602563,0.3352134591610979,0.33060150255317733,0.32832968449345096,0.33298429828662657,0.33298411717614695,0.33078491366527374,0.34360457448730647,0.3318449565373477,0.3318024236627552,1.8132451060171482,0.5150399939272221,-0.0014850113496528148,0.6995406898008131,1.3756899680636092,1.3874998443207707,138.34834539885605,1.1632470839935936,2.6671636483271968,0.028875777392805977,-0.03744911929075352,-3.6018869040756893,10,1.375689968063609,6.269050552402886,1.1016269682532958,-0.3826039811842756,0.9363301716444625,1.4791950871493755,5.699376119220465,6.086929901244917,2.0794043300452967,1.3874998443207707,0.2098941345256868,1.101248458188664,1.2127481666629092,2.751379936127218,20,1.0008045444592546,1.047364998916947,1.0465230246160098,0.9934766177511979,0.9900773301770973,0.9965783919688064,2.0048014123738924,0.464870964556452,-0.017845185124749037,0.6595202703337584,1.1005519744508874,1.139714782275051,113.99999999999999,1.5001996540644829,2.725777686339055,7.791038769299344e-18,0.1105379792424503,-3.3738846119042027,11,2.615239707096605,1.51325896486997,8.538676641454341,6.099662298243258,0.9999999999999999,-0.2802664610593253,0.9553715240894786,1.4565880584865492,3.6980766147311357,3.870825664660254,2.1107146841275917,1.139714782275051,0.13347674705725013,0.9999999999999999,3.4844225911466533,0.9999999999999999,2.888948932933579,21,0.9933494854576244,0.989824288359784,0.9964512015665701
6,15,874,987,1781859997.9889133,1781860005.9320467,7.943133354187012,113,15.585834788748096,,2.5914638812548834,0.5605318895513903,-0.0004338633688833392,0.7726845808290199,0.8349554351115052,0.877332549112543,157.39988729659413,1.2623406182350507,3.799425645747515,0.10940991236121093,0.04972786739272232,-3.3305046113302907,14,1.9309883809068438,7.129930257077806,1.1802200458418879,-0.03410124602608774,0.7767315423975539,1.3791246271341533,3.084348391655485,3.9709323277061217,2.3425605884719722,0.877332549112543,0.1369287009553835,1.1751377909352332,1.3809488276841397,3.0344103128536117,22,0.5813418497184084,0.43742756715390757,0.9538318738672673,2.605951205488086,0.5293272009351329,0.0077588602247187066,0.75613899490559,1.1132739134820069,1.2478296604185986,179.13022752619514,1.642195719483329,4.361395095137407,0.09949619288584824,0.025226301129933713,-2.8319849860063573,11,1.5172051564268059,7.193380081143765,1.259056492951847,0.6540574346706841,0.8996940012163368,1.3281429242335074,3.600015675269822,4.001377880037878,2.0820094534776246,1.2478296604185986,0.13797854758751302,1.2551190222626007,1.5753237600454268,2.6206270883735736,19,1.0451355091152574,1.0168821924236882,0.9729668388020931,0.32658204408727226,0.325001024811146,0.3216843607837467,0.3212491322814296,0.34132249091505273,0.3278932351276569,0.3431722622851472,0.34311371817162434,0.332095464997675,0.3471057400611971,0.33514337693110613,0.335637149546946,2.601994309827593,0.48519944716189606,0.0066971589922059415,0.6983758116656535,1.1132739134820069,1.218077343869985,170.84638930154188,2.3757847356846966,4.752692563667583,0.06705902652798067,-0.033684524975294144,-2.8621748660760957,11,1.5172051564268059,7.614867429743679,1.229599507795594,0.6702797529615854,0.8971567889638395,1.2233873714542036,3.4805139874499558,3.8794935626243587,1.9083141845648033,1.218077343869985,0.13377564009049514,1.2277695372227992,1.5074180365322867,2.0689161224001897,15,1.0088990806050273,1.0680142939945985,1.058593782595302,1.0667980919216828,1.041839199501549,0.9766039210145436,1.9594923805165763,0.3459171133278978,0.008657236032672664,0.5194655235840192,0.8349554351115052,1.405133828100495,112.99999999999996,1.4789940376600335,2.597233151228657,1.8667466785732722e-17,0.0389435045251961,-2.865751342839802,10,2.5582896467034613,1.3792774149334597,9.199974765054053,5.462984494068459,0.9999999999999998,-0.12059547146091308,0.9095477551530948,1.2169035490247206,4.028603794969014,4.429238346359197,1.8686640203902816,1.405133828100495,0.1527323567710068,0.9999999999999998,2.9046948473649983,0.9999999999999997,2.8964825713602655,21,1.0680611515894782,1.044787723357683,0.978209648204918
6,16,928,1049,1781860002.0421412,1781860010.0403023,7.99816107749939,121,15.405905536394457,,2.5914638812548834,0.41841343072590576,-0.0010320954754333403,0.636116758933005,2.0541207381859277,0.4751690985626967,128.23621285956204,3.285259162607886,3.799425645747515,0.036415072741903434,-0.052192209655926546,-3.3305046113302907,15,1.909823000379478,7.129930257077806,1.0294675381295402,0.2075188174326745,0.849103304168352,1.5017996683719335,1.8556171174949883,2.1853844030349863,2.3295605343054784,0.4751690985626967,0.07049627106564473,1.0288232863517905,1.0584773545396984,3.055716800607165,24,0.5126311570428254,0.3398574488337754,0.9471474353786269,2.605951205488086,0.37107912308782254,-0.0005979003723811142,0.6229807888118253,1.0270603690929638,0.8882201361652502,144.70699794639032,4.264969812111566,4.361395095137407,0.03744820244354805,-0.019920498251973433,-2.8319849860063573,10,1.2732153335863188,7.193380081143765,1.093583834400788,1.1184132965280131,0.9476643139529213,1.1943727071008252,2.645929023990619,2.79205303506033,1.9067931289603701,0.8882201361652502,0.09006622693743,1.0929424664621998,1.194523234996477,2.801073733889901,22,1.004847378559685,1.0275359724207094,1.022579144201526,0.32977360849732,0.325001024811146,0.3198210429416987,0.3197613459278989,0.3313721460166999,0.3278932351276569,0.33973982618015486,0.3396897783456768,0.33885424548598003,0.3471057400611971,0.34043913087814626,0.3405488757264244,2.601994309827593,0.37408322901536645,0.001457034162580347,0.5852031049879971,1.0270603690929638,1.1326166365976962,145.3033273873305,4.724945873953701,4.752692563667583,0.016763568132575225,-0.0177298483953629,-2.8621748660760957,12,1.5278584003035824,7.614867429743679,1.095834816635171,0.9299623496233158,0.9486924927405127,1.139005087049776,3.2670397119326746,3.443728855168962,1.7966380989829054,1.1326166365976962,0.11108802758609555,1.0957065885232704,1.2005729281333035,2.801073733889901,22,1.0088990806050273,1.0680142939945985,1.058593782595302,1.0622810277123862,1.0644675777015902,1.0020583536109204,2.1371059295110015,0.3211867042777112,-0.0016535810820321147,0.5005173481067572,0.7702952768197229,0.988794629910838,121.0,2.694737921078665,2.8334752116669497,9.519474281393388e-18,0.03524179058226981,-3.124688581765366,12,2.7982334210846798,1.5278584003035824,12.421761313044486,5.958163793432316,1.0,-0.10721441116302023,0.914273547199988,1.0374035788155445,2.256112581759037,2.4676559752477836,1.6590641533877803,0.988794629910838,0.0796018056531543,1.0,3.159930372347636,1.0,3.3103598673244288,26,1.0623228312976625,1.0650095143245135,1.0025290645627651
6,17,988,1108,1781860006.0441287,1781860014.005831,7.961702346801758,120,15.338579912817062,,1.5005890431880737,0.2995746969861324,0.013370464918043327,0.4313900088971437,1.0225719941878042,0.7408177809071456,55.18785512688327,1.4797852256791542,1.9065472771749248,-0.05618767737720575,-0.07077760846359563,-2.078377975142242,13,1.6616794905551817,3.9849252523171668,0.678158383214443,0.1856801624615235,0.9746607217305134,1.6944945627444747,3.092643603858976,3.17304630719906,2.238852978006194,0.7408177809071456,0.10235633249029225,0.6758267068080266,0.4567417376349823,3.195537481836888,25,0.8029222597577141,0.7708783050785915,0.8908372606653323,1.5571340413051677,0.2084056135540939,0.0069633408146943816,0.3182889301654556,1.0225719941878042,0.748906506438009,41.9464197377399,2.95131179810798,1.9738484963244158,-0.03899321272727017,-0.03489132432137237,-2.1115935786767257,10,1.2782149927347553,4.085442075001142,0.5912304946588083,0.059009359768817465,0.9775813939832493,1.3477735142436265,2.040742383539156,2.0875421689686164,1.9422926789279173,0.748906506438009,0.06734006996672956,0.5899432406390509,0.34803302717570506,2.172965487649084,17,0.8329839613396501,0.7725568040901319,0.9274569979086561,0.38379748774917005,0.36081022165960724,0.3803048510243158,0.37988441277101714,0.3196971516975095,0.3699113954023357,0.3315565076796384,0.3316090342106839,0.2965053605533204,0.2692783829380571,0.28813864129604577,0.2885065530182989,1.1850014870911743,0.2185283331745476,0.0031524634302805147,0.29295485085899264,1.0225719941878042,1.0436821692267106,31.679826407547992,1.0207391838890914,1.3200466880359791,-0.023667105931332623,-0.013754717997525076,-1.6539661410277389,10,1.2782149927347553,2.974012829063718,0.5138078954202955,-0.27963812434031243,0.9650263799005226,1.3783231080892013,2.6415877381987896,2.7373217905930107,2.046571936955927,1.0436821692267106,0.08830070292235519,0.5132625268739852,0.26343842149306834,3.0677159825634126,24,1.0252242680400407,0.7463158380033301,0.7279537378003057,0.8718177188290439,0.7576517641570205,0.8690483661821394,2.371735734856637,0.503366851358045,-0.004840796282622201,0.6905435898910521,1.2782149927347553,0.8836653127636668,119.99999999999997,2.539351178035573,3.6628265812080456,1.4802973661668754e-17,-0.02446246691615945,-3.5252402567648815,14,3.6872890481242053,1.7895009898286574,6.827858123939854,7.188066837972928,0.9999999999999999,0.37961816153540995,0.9123627517666829,1.6594235219145046,3.660433821929946,4.0120377720834695,2.459982729347364,0.8836653127636668,0.12942057329301515,0.9999999999999999,3.5007777898487227,0.9999999999999998,3.3233589811103634,26,0.8729208755679265,0.7594587809324042,0.870020184175681
6,18,1049,1160,1781860010.0975573,1781860018.043539,7.945981740951538,111,15.788537765146526,,2.043463141999109,0.541115953195342,0.007066589322014365,0.7158586666899261,0.8611929690079922,1.187617683434552,129.53507733301257,-0.07791793695926641,2.5209492033090863,-0.03431759287589901,0.0206238641165003,-2.585074906547326,11,1.5646298686181241,5.1060241098564125,1.0802697249649222,-0.037933733903757226,0.9047469418252062,1.554218687955936,3.8768305754633516,4.284988869531146,2.072157840652654,1.187617683434552,0.1530353167689695,1.079724493329198,1.1658049814949933,2.987020658270964,21,0.8169450215441478,0.4770606526951244,0.7914142203276145,2.0523353961826354,0.44969230208539723,0.001235039448089608,0.6370303534537244,0.8611929690079922,1.04214430065105,95.12461321699368,0.9598113924084011,2.8064031683749517,-0.02390843060657548,-0.00467907321484636,-2.782702608762982,10,1.42239078965284,5.5891057771379336,0.9257313311379245,0.102484593205728,0.9385907469484279,1.6606877649013247,4.4207992445742095,4.710039235894061,2.103535703204701,1.04214430065105,0.16821568699621645,0.925422543704401,0.856406884396324,2.702542500340396,19,0.8316776061450172,0.7864421223100735,0.945609352108663,0.381953502405363,0.3162072117321576,0.3717729835536639,0.37169606552228857,0.31766217453919743,0.3461236210094156,0.3185888588680261,0.3185774895037774,0.3003843230554395,0.33766916725842666,0.3096381575783099,0.309726444973934,2.049826926022399,0.4049471247820122,-0.0017526199927567906,0.5977551457097072,2.296514584021313,0.9449942850002638,89.85467640492864,1.4953618481215205,3.1249137496536505,-0.004559122300597209,-0.037735919763140606,-2.327671913184102,10,1.42239078965284,5.452585662837753,0.8997230625217915,0.4712564702965031,0.9002106772571378,1.6197813634239995,3.9105772293896246,4.344068925404003,2.1213708401456586,0.9449942850002638,0.1551453187644287,0.8997115113398513,0.8094808036374392,2.560303421375112,18,1.0946101422335637,1.067873074142434,0.9755738896804186,0.8569446220183429,0.8328689046163972,0.9719051654175265,1.9469703646139864,0.5537381635849884,-0.004352880553178049,0.7437122358247534,1.4353216150133206,0.7681646306329074,110.99999999999999,0.847222805207756,3.0233772240027745,-1.8972561259782375e-17,-0.03771214709471116,-2.8773447268952665,15,3.061089371097486,2.13358618447926,5.4871649308169435,5.900721950898041,0.9999999999999999,0.24598542431144646,0.8973158910272719,1.8297188067637278,3.5173021921363374,3.9198037472730287,2.4463838614188913,0.7681646306329074,0.13999299097403675,0.9999999999999999,2.839632579800556,0.9999999999999999,3.1292597372362483,22,0.8570913686054987,0.8332787825954574,0.9722169807300887
6,19,1109,1220,1781860014.1093934,1781860022.0287461,7.919352769851685,111,15.596498665060277,,2.043463141999109,0.49185931065175564,-0.014649547006896059,0.6627060722597702,0.8507181090032878,1.0304652604839597,123.32671988842625,0.0028424583845874096,2.5209492033090863,-0.02777235372068738,0.042377814109271716,-2.585074906547326,10,1.4050899698252501,5.1060241098564125,1.0540642914577663,-0.1946111196503108,0.9036367856115066,1.4516311373582549,3.153769680864231,3.4900855422015833,2.0442941392956078,1.0304652604839597,0.12464591222148512,1.0536983566918834,1.1102802268951757,2.669670942667975,19,0.8307388380114795,0.4774494144752518,0.8259668875427199,2.0523353961826354,0.457448012135529,-0.02368504707870064,0.6423258537065872,0.8507181090032878,0.8225200709190769,102.1607479616714,0.5602506692305198,2.8064031683749517,-0.015531905041162487,0.02430372824802724,-2.782702608762982,10,1.4050899698252501,5.5891057771379336,0.9593576490307442,0.09468652037035395,0.8936115511587075,1.6190946273557634,2.8815566535841226,3.2246188512757388,2.024815209098264,0.8225200709190769,0.11516495897413352,0.9592319107909144,0.9201258586795887,2.669670942667975,19,0.9017913274698229,0.9576611005006497,1.061954214161254,0.34971730608918045,0.3096163443714319,0.3480946536063306,0.34803198934789753,0.3153720336973324,0.3389091907502491,0.31681869050140476,0.3168301326829985,0.33491066021348714,0.35147446487831896,0.33508665589226466,0.335137877969104,2.049826926022399,0.4224983929467811,-0.027109702105042703,0.6292732279148396,0.8507181090032878,0.792650191146323,114.28171297610018,0.539642378631628,3.1249137496536505,0.005433606163328998,-0.14098907252307608,-2.6714116843636107,9,1.264580972842725,5.796325434017261,1.0146748157743288,0.3627216629669085,0.8031048034211627,1.4311058260129934,2.309012383564914,2.8751071762100096,1.9808081439163876,0.792650191146323,0.10268239915035748,1.014660267129215,1.02953545769073,2.1076349547378754,15,1.0946101422335637,1.1351935105101296,1.0370756369877545,0.9101509811170595,0.9626308603728887,1.0576606303180807,2.252422691902739,0.5892003542364825,-0.010859351165412274,0.7956242551599098,1.4178635150054797,0.6783261111014061,110.99999999999997,0.6888177073651693,3.0450941409415417,-1.6003214769371626e-17,-0.042539017180569946,-3.029352946729803,15,3.087633158122112,2.1076349547378754,4.81857752943592,6.074447087671345,0.9999999999999999,0.07298569976585398,0.9471249204500459,1.9724270607276255,3.733231992753029,3.9416468853750644,2.4648873765347146,0.6783261111014061,0.14077310304910945,0.9999999999999999,2.9868139295492333,0.9999999999999998,3.0911979336155504,22,0.9103477334846102,0.9629513614453861,1.057784103838454
6,20,1161,1278,1781860018.1619983,1781860026.095075,7.933076620101929,117,15.37834062352195,,1.353238652254984,0.343872802609162,-0.010461156845075996,0.4527969893050308,0.79543141156148,0.7224409578056418,73.19481826822441,-0.06232304634495911,1.8047861921120343,-0.021274548303125647,0.020223275461451858,-2.3336460318188124,9,1.1829492787324576,4.138432223930847,0.7909467348281117,-0.20543515140749555,0.9337898601123968,1.3666829761976813,3.0540884959732346,3.270637888063622,2.142939454151709,0.7224409578056418,0.10902126293545407,0.7906605661911751,0.6251441309297495,2.2344597487168643,17,0.7985924162973276,0.7442208897359106,0.9750664009114072,1.8000011201873902,0.3530265158875114,-0.0037989077129647643,0.49250651508623705,0.79543141156148,1.2860047419720158,105.56956441902548,-0.08587097724935955,2.1185452310649597,-0.03241664901725402,0.006162420375354415,-2.438964098088346,8,1.051510469984407,4.557509329153305,0.9498968203933416,-0.179451814205474,0.9089596790028792,1.2121796642259737,4.152992706729474,4.56895151970357,1.985746846179164,1.2860047419720158,0.152298383990119,0.9493435259482588,0.9012531302598722,1.9715821312207626,15,1.2097400970833725,1.2655288782000518,1.0461163362702315,0.28774751166373974,0.3042255722232881,0.2898021456856491,0.2898186887925625,0.3480997026955914,0.3350328840851899,0.348041308735904,0.3479843407765279,0.36415278564066883,0.360741543691522,0.362156545578447,0.36219697043090965,1.953443523055128,0.3465048670810802,0.001982686737085391,0.502798125825507,0.79543141156148,1.3867489824561101,114.30620901398856,0.12121599616238132,2.206926344998607,-0.02450177426566282,0.03284718932524327,-2.7003022551922617,7,0.920071661236356,4.907228600190869,0.9884210365116203,-0.273487736266223,0.8989837751511424,1.202935534827468,4.187216995452913,4.6577225431559475,2.0020773724591407,1.3867489824561101,0.15525741810519825,0.9881173050182555,0.97637580847654,1.5772657049766101,12,1.1012647018354216,1.1857699569934697,1.076734735088855,1.200961807623838,1.2496682684029583,1.0405562112549511,1.9659659035585915,0.4323708862157061,0.0015741404863267767,0.6154665839911053,1.0605752154153067,0.9307355200845365,116.99999999999994,1.0387734766268233,1.889303571444881,-2.2773805633336544e-17,0.0722124706282244,-3.403012135964976,10,1.817091100816657,1.3143880874805085,8.094454918523198,5.292315707409857,0.9999999999999998,-0.7952917529465072,0.9220546958289491,1.317150763353537,3.18065539498484,3.4495300651609995,2.1433702198023385,0.9307355200845365,0.11498433550536664,0.9999999999999998,3.4752246065932013,0.9999999999999996,2.628776174961017,20,1.200696691529087,1.24973641948312,1.0408427276430492
6,21,1221,1338,1781860022.1709828,1781860030.1390152,7.968032360076904,117,15.436892382037236,,2.2263781646138034,0.4325157457935471,0.0020377282443216874,0.5894491788957884,1.064613267726706,1.4532524150780022,124.17667805152489,1.7959773655581497,3.5607221044731543,0.0022103037218640146,-0.005162848065212801,-3.0197393815391327,9,1.1874532601567105,6.580461486012287,1.0302131471911586,0.306664429133885,0.969978876405574,1.2436275181899594,3.7834586517726856,3.900557778941488,1.7517401499516492,1.4532524150780022,0.13001859263138293,1.0302107761050496,1.0613342432029689,2.374906520313421,18,0.8800372790673492,0.8441354394268196,0.9713616917104628,1.8920978248048375,0.44890923422893764,0.014398005835342868,0.6256678284774778,1.064613267726706,1.161861070505975,157.0350717843789,0.7170122292869983,3.6240413699199348,-0.01119759773714826,-0.034148151046839235,-3.092548394136393,9,1.1874532601567105,6.716589764056328,1.1585249676727676,0.017071271409385528,0.931346351219735,1.1650502711784128,3.52112866391009,3.780686593444699,1.8175499821851757,1.161861070505975,0.12602288644815662,1.1584708518241211,1.3420547145261046,2.5068457714419443,19,1.174601584164976,1.176257670545683,1.0014099132872227,0.2984309169638186,0.3309542803746268,0.30648138131670355,0.3064860066274266,0.3505374278295078,0.3378006446295454,0.34465327233525944,0.3446431675974272,0.3510316552066735,0.33124507499582784,0.3488653463480371,0.3488708257751461,2.0566892680351874,0.43982438365729876,0.008589437472912402,0.626839864638592,1.064613267726706,1.1570178821431372,160.89683786422256,0.6749605426517116,3.152945542285891,0.002153902264127817,0.06831889004555886,-3.4332978988743603,9,1.1874532601567105,6.586243441160251,1.172683524405523,-0.3325505850658162,0.9257945202054746,1.1562610102624828,3.6490383659761543,3.941520808706312,1.815258929679836,1.1570178821431372,0.13138402695687706,1.172681546336087,1.375182009117196,2.374906520313421,18,1.020686737295462,1.0008786549636761,0.9805933773723055,1.1245488089833127,1.138292136537769,1.0122211925748972,1.9438423493651409,0.47468808285256225,0.030085066925871443,0.6742852113946882,0.7984599507950294,0.8245850452926101,117.0,0.6941580295766707,2.1494241662309794,-2.6569439905559303e-17,0.13082402594360262,-3.139703768357587,12,2.018600140287377,1.5832710135422805,7.627395423555519,5.289127934588566,1.0,-0.80592724076753,0.9158979621879278,1.5215816457014835,2.970486204117976,3.2432501509469227,2.312921583252571,0.8245850452926101,0.10810833836489743,1.0,3.2705277943011892,1.0,3.2984812782130843,25,1.1244988682840111,1.1382928363161575,1.0122667691548646
6,22,1279,1399,1781860026.2506876,1781860034.1750672,7.924379587173462,120,15.657515734774785,,2.2263781646138034,0.47817784368334315,0.013564200064927846,0.6316289846332106,1.043834382318319,1.3330111807841647,139.65393386628477,1.2796105266439328,3.5607221044731543,0.04579509862223201,0.054919092908668046,-3.0197393815391327,12,1.5657515734774785,6.580461486012287,1.0787876446358846,0.031405625057498776,0.9712638749301269,1.2997911457932134,4.166428524221538,4.289697817208812,1.9352265206385106,1.3330111807841647,0.13837734894221973,1.0778151934173223,1.16168559116122,3.392461742534537,26,0.8964503178626897,0.8263736361873493,0.9508750534925928,1.8920978248048375,0.39020091011095165,0.01447694309397873,0.5625946217394561,1.043834382318319,1.193759189586404,127.92127924922485,2.0165935003743725,3.6240413699199348,0.053844086581149954,0.07048606519247318,-3.092548394136393,10,1.3047929778978988,6.716589764056328,1.03247792248077,0.0638917859246791,0.9639003861611354,1.25662623991258,4.176381915808008,4.332794110023151,1.8964794282279618,1.193759189586404,0.1397675519362307,1.0310729725632657,1.0631114747504489,2.8705445513753776,22,0.9111028835931592,0.891566150365616,0.9785570503843702,0.3568027433433687,0.3309542803746268,0.34430014011164667,0.34440915665493005,0.3250840083340931,0.3378006446295454,0.3295201749296029,0.32947297004070875,0.3181132483225382,0.33124507499582784,0.3261796849587505,0.3261178733043612,2.0566892680351874,0.3751329618655553,0.015405172430207866,0.5475725813138328,1.043834382318319,1.1994681271123795,125.34083762992216,2.3092263132997086,3.152945542285891,0.05419469935923392,0.06310328048234776,-3.4332978988743603,10,1.3047929778978988,6.586243441160251,1.022011242721601,-0.2887597653073238,0.9686251160250686,1.2525165959023064,4.257989636359788,4.395910828570327,1.8034784575277714,1.1994681271123795,0.14180357511517183,1.0205733265232408,1.0415699148107136,2.8705445513753776,22,1.020686737295462,1.0008786549636761,0.9805933773723055,0.957072439246609,0.9473701778134038,0.9898625631296596,2.193510801524165,0.5974299956684752,-2.893678292822733e-05,0.7637709268443198,2.087668764636638,0.6320451585529899,119.99999999999997,0.2995016598810092,2.7866942882644214,-8.881784197001253e-17,-0.02206694313430397,-2.691181948458879,16,2.808761231398726,2.087668764636638,4.69181125208416,5.477876236723301,0.9999999999999999,-0.08444557838197353,0.9355472710470506,1.8252003256970948,3.9069243915135337,4.176084429321206,2.466142631831055,0.6320451585529899,0.13471240094584533,0.9999999999999999,2.669115005324575,0.9999999999999998,3.9143789336936963,30,0.9566324346330137,0.9468908331932209,0.9898167769697982
6,23,1339,1459,1781860030.2622707,1781860038.1906772,7.928406476974487,120,15.393297024325078,,1.6268086045185433,0.3596899259088567,-0.004080611639358035,0.4728954663630158,1.026219801621672,1.0073028202007894,73.22449712103085,0.8680212637386688,2.1111134985836633,0.04240291825900193,0.01885151867521808,-2.3877975370874966,14,1.7958846528379258,4.49891103567116,0.7811556456144045,-0.22747665132026196,0.8590174443540953,1.2850189300289696,4.0803050427031495,4.749967616514675,2.2404036764883877,1.0073028202007894,0.15322476182305403,0.7800039328095579,0.6084061351983774,3.3352143552704336,26,0.832454774361864,0.7288311265367237,0.9285841152608184,1.0995585255857354,0.2720663363806331,-0.001642574721414098,0.36129633105889897,1.026219801621672,1.0594207409431222,51.336770795905146,1.3546641412662703,2.276101907364647,0.048004904956779566,0.038756663113418854,-1.4550904341757096,11,1.4110522272297987,3.731192341540357,0.6540691273093461,0.4730288813874288,0.8283496515575054,1.2084695623830493,4.222206133867003,5.097130331289685,2.234478832481457,1.0594207409431222,0.16442355907386083,0.652305106832148,0.4255019523993001,2.8221044544595975,22,0.8329509939374592,0.8124879592759597,0.9754330869277577,0.3780091008281625,0.37368947014461384,0.37925572913151756,0.3795152774229894,0.31486305625222316,0.30992106268886255,0.31755446583889757,0.3173826992027211,0.30712784291961426,0.3163894671665236,0.3031898050295849,0.3031020233742895,1.2532619346910754,0.2635563121014313,-0.0004050737731416215,0.3351633597771598,0.7696648512162539,1.0994943719302757,46.79735261094299,1.7292837380522021,2.374093037650186,0.04365274827753985,-0.01792898479971901,-1.4349735246341284,12,1.5393297024325079,3.8090665622843143,0.6244821361932821,0.7501167085375395,0.8240853059791821,1.1658669861158193,4.327534084798076,5.251318101899754,2.176031675732934,1.0994943719302757,0.1693973581257985,0.6229545537134653,0.3880723759923427,3.0786594048650158,24,0.8293545509027225,0.8466641220692792,1.0208711354483024,0.8373096078629749,0.7994336848223204,0.9547647337556254,2.0701740625911755,0.5698862254349535,0.002663151687293711,0.7502872465736594,2.052439603243344,0.7377283021952329,120.0,0.7650800677440794,3.3033172968841296,-2.2204460492503132e-17,-0.019358532377805597,-2.6206029019553796,16,3.322675829261935,2.052439603243344,4.999895274092414,5.923920198839509,1.0,0.14334808862405618,0.8964409128274577,1.6501253778388243,4.100330844532799,4.574011277106904,2.468032571965567,0.7377283021952329,0.14754875087441627,1.0,2.601244369577574,1.0,3.9766017312839783,31,0.8362843819037663,0.7986556573754647,0.9550048699431151
6,24,1399,1520,1781860034.2691717,1781860042.2607946,7.9916229248046875,121,15.552373289233154,,2.8396413143792913,0.29280257275864335,0.012154951786859472,0.4551562954418941,1.036824885948877,0.38157049920802805,59.1311022612683,5.673361140107948,3.5697077130067996,-0.04009709828714169,-0.059657702266760385,-1.4892999893014853,12,1.5423841278578334,5.059007702308285,0.6990613675119459,1.4498080718380975,0.8786687337896545,1.4803762269414882,1.702017975789823,1.9370416976704112,2.4094815621107126,0.38157049920802805,0.062485216053884234,0.6979104657881433,0.4870790182566232,3.084768255715667,24,0.8983556444624784,0.8696929874457309,0.94515467687843,2.612342104830953,0.30306827972253214,0.007186195532870328,0.47259952746017897,1.036824885948877,0.542984417384937,65.43990843462596,2.9044893924517066,3.07372888556527,-0.05084148058097671,-0.0729530648095125,-1.4550904341757096,10,1.2853201065481945,4.52881931974098,0.7354085188127503,0.9546576224161517,0.9140577439934594,1.4598020479484257,2.2665291873210878,2.4796345769346777,2.3183357125753026,0.542984417384937,0.07998821215918316,0.7336489851384635,0.5382408333946975,2.570640213096389,20,1.086619070876966,1.1421719280771863,1.051124500470423,0.30971345011922824,0.3500635042733717,0.31622172718752156,0.3162591150748321,0.3365405414066554,0.3133765462673861,0.3326634295856878,0.33245407568636715,0.3537460084741164,0.33655994945924234,0.35111484322679065,0.3512868092388007,2.05991217198367,0.3226629906401133,0.009183970736085864,0.4714181078042149,1.2960311074360962,0.5778765796562495,72.9005728163674,2.59243513059268,3.071656318726269,-0.039190825515560274,-0.07984643860163702,-1.7922022549831254,10,1.2853201065481945,4.863858573709394,0.7761984751740629,0.840544061777007,0.9073588706360377,1.4483666650722709,2.6444464166980506,2.914443779939413,2.308346008482093,0.5778765796562495,0.09401431548191655,0.7752084571635873,0.6009481520579494,2.827704234406028,22,0.8951991351336755,0.9614254138198189,1.073979381890549,1.0519942210941635,1.110343828520604,1.055465710986275,2.1298940986642725,0.5639790966008583,-0.01589968340590214,0.7442658036714832,1.036824885948877,0.5179828283993908,120.99999999999999,0.1555911032564854,2.744290714890691,3.1196349452277127e-17,0.013906307018591649,-2.622371227708473,16,2.7303844078720996,2.056512170477111,5.325292680746878,5.366661942599164,0.9999999999999999,0.2491243488582216,0.9651716830994718,1.6269123619276067,2.910302594901727,3.0153211556682065,2.3400104293031876,0.5179828283993908,0.09726842437639376,0.9999999999999999,2.6362775347270655,0.9999999999999999,3.470364287680125,27,1.0512078856848222,1.1107563149782431,1.0566476242276546
6,25,1460,1580,1781860038.2957065,1781860046.2755845,7.979877948760986,120,15.786576736623408,,3.1120855954630704,0.3500124247785185,0.007076637184835836,0.6399273199890878,0.7893288368311704,1.2457119653624242,137.30643014894184,10.214182894644237,5.676911876266611,-0.0804158527988086,-0.10028619150614893,-2.037891125896351,10,1.315548061385284,7.714803002162961,1.0696823132319155,2.316370264133925,0.9192436108986443,1.4017511908402913,5.125922490579978,5.5762394536187445,2.2226287068324093,1.2457119653624242,0.17987869205221757,1.0666553060196262,1.1377535418598224,2.4995413166320395,19,0.9517500349658222,0.9321137453030826,0.9714793358112628,2.8007268003503523,0.3838612684722264,0.009979967396763208,0.6577265166634283,0.7893288368311704,1.3299772649414927,140.62212651112026,6.842253860720172,5.207184987074115,-0.0866462305829117,-0.13021132326086382,-2.0713073062123035,10,1.315548061385284,7.278492293286418,1.0825206946101933,1.8400328836245141,0.9023988777334674,1.4052866768967007,4.682793004907036,5.189271751610208,2.222277889910077,1.3299772649414927,0.16739586295516798,1.0790474896801847,1.1643434849851084,2.367986510493511,18,1.085145486946647,1.0975000386291547,1.011385156950033,0.31420401422778016,0.3566382263251124,0.3321131807630086,0.3321680560227641,0.34095706801979575,0.3364685502754768,0.3360992200034873,0.3360271167082308,0.34483891775242415,0.3068932233994107,0.3317875992335041,0.331804827269005,2.679220240130963,0.40126434137189926,0.01320847597746367,0.62695826447326,0.7893288368311704,1.3876668585182195,137.03735004307487,4.628392793904903,4.745700108175265,-0.08192253734306024,-0.08261735154073695,-1.8930183085850087,9,1.1839932552467556,6.638718416760274,1.0686336683006128,1.4684337508738676,0.8815857521448454,1.3389835593097537,4.58035117761017,5.195582127395379,2.18728763232506,1.3876668585182195,0.16759942346436704,1.0654889088586978,1.1352666149008988,2.7626509289090966,21,0.9434449967479122,0.8605169068995034,0.9121007688479299,1.0120020507205436,0.9990196669437915,0.9871715835284044,2.4089154788469047,0.49827256444588125,-0.0007277280779174184,0.6843446293518529,0.7893288368311704,0.9916239557581613,119.99999999999999,0.34022534773043445,2.697359178498931,-1.4802973661668754e-17,0.03085849018210048,-2.2933553325096767,15,2.6665006883168307,1.973322092077926,9.014372347280265,4.9907145110086075,0.9999999999999999,0.22833003041263136,0.9099623494816308,1.441108079693161,3.103106164739528,3.4101478665652967,2.2338638058808136,0.9916239557581613,0.11000476988920312,0.9999999999999999,2.3242138226917777,0.9999999999999999,2.894205735047625,22,1.0116177959183474,0.9989064910150957,0.9874346764612691
6,26,1520,1640,1781860042.3087068,1781860050.261408,7.9527013301849365,120,15.719247749469693,,3.1120855954630704,0.4668301610685457,-0.04254702865096843,0.7091205036663063,0.7859623874734845,0.7902357897771743,215.88543516762743,3.962120760162647,5.676911876266611,-0.006871447164718758,-0.004705554246708377,-2.4625205355973114,10,1.3099373124558076,8.139432411863922,1.3412849410410757,1.409012320666517,0.9415960085234012,1.2773563447218428,2.677389573362212,2.8434589241312316,2.019368764426224,0.7902357897771743,0.09172448142358812,1.3412673395999115,1.7989980762774243,2.095899699929292,16,0.9756759847133413,0.9629615437970029,0.9839210814643521,2.8007268003503523,0.4676634134585547,-0.040248572195610746,0.6948741213994304,0.7859623874734845,0.9213122014598994,205.06609548522545,2.6748929455074233,5.207184987074115,0.009801239188720423,-0.005654876971853453,-2.0713073062123035,9,1.178943581210227,7.278492293286418,1.3072429495099775,1.232827137596525,0.937975361397494,1.2962726581392192,2.9400815907386035,3.1344976763122667,2.0405754657659196,0.9213122014598994,0.10111282826813764,1.3072062059039924,1.708788064753911,2.357887162420454,18,1.0233978144654237,1.0165814946906395,0.9933395208799183,0.3289496073174303,0.3664574577688101,0.34291174691758974,0.3429188128574714,0.33664630919791755,0.32769579587636355,0.3342086008318505,0.3342104791892048,0.3344040834846522,0.3058467463548263,0.3228796522505597,0.32287070795332384,2.679220240130963,0.48404891139057277,-0.03560025669393491,0.6857023752270579,0.7859623874734845,0.9760541656567797,191.399135373673,1.9098754658894475,4.745700108175265,-0.0139982196649216,-0.04745859138124762,-2.047500214450223,9,1.178943581210227,6.793200322625488,1.2629302414546135,1.0844673379627858,0.9260408134180278,1.2988615844436906,2.914652253560885,3.1474339049948226,2.0291579716291457,0.9760541656567797,0.10153012596757492,1.2628526614878004,1.594796844626821,2.619874624911615,20,0.8942260252296451,0.8346036896533245,0.933325206497978,0.9746198660035089,0.9415823609220239,0.9661021632803797,2.76641134499397,0.5415532983055403,-0.006039270616899015,0.7670482611329605,2.095899699929292,0.4432634408154106,120.0,1.2589066112530736,2.9654933399336647,1.1102230246251566e-17,0.0886558034860046,-2.7658697419661835,17,2.87683753644766,2.226893431174873,4.6457297944712375,5.731363081899849,1.0,-0.29039834429202604,0.9338338451278735,2.0455091502289116,2.7620991902822785,2.957805828834629,2.563247264976115,0.4432634408154106,0.09541309125272997,1.0,2.854525545452188,1.0,3.929811937367423,30,0.9746052612404033,0.9415368765070343,0.9660699710452189
6,27,1581,1701,1781860046.3692248,1781860054.3047557,7.9355309009552,120,15.7593510353301,,2.35351197375586,0.4379580413715415,-0.02081768337070834,0.5935172452572346,0.787967551766505,1.0537540790643887,134.79456035523305,3.246552269702569,4.456107218160514,0.004526682550496589,-0.037848586627137734,-2.4625205355973114,13,1.7072630288274275,6.918627753757825,1.0598528213673233,0.9790977173920498,0.9538537560117006,1.2386132215212153,3.8718697688518104,4.059185954292468,1.8895182713964045,1.0537540790643887,0.13094148239653125,1.0598431544834181,1.1232675121053626,2.7578864311827673,21,0.9687866233089081,0.9455678348448854,0.9715539830798708,2.160049063868914,0.41182615339252804,-0.02635829931306408,0.5869526618926918,0.787967551766505,1.0015797234083763,129.31598153679766,1.734856357784678,3.9998896316995047,0.02093636951990278,-0.056795034865322044,-2.0062570008340304,11,1.4446071782385925,6.006146632533535,1.0380911229142236,0.8732039564096814,0.9528304665634398,1.205930524988242,3.3541630337120014,3.520209682011338,1.8563483614700476,1.0015797234083763,0.1135551510326238,1.0378799776008014,1.07719484790464,2.7578864311827673,21,0.9824848703241099,1.0395746110602722,1.0581075011540166,0.3309001712772072,0.3671760392916275,0.3366254851774803,0.3366541820484246,0.3251044118675127,0.31875007738934974,0.32971363652040925,0.3296776824434372,0.3439954168552801,0.3140738833190228,0.33366087830211044,0.3336681355081383,2.1489004230969786,0.4754726084036004,-0.021399182018926235,0.6312465734221764,0.787967551766505,0.9799223635328841,132.4307867581144,1.1579008452276591,3.8705337892218585,0.01265958077074627,-0.0680446315528978,-2.047500214450223,12,1.57593510353301,5.918034003672082,1.0505188668705354,0.773334178522452,0.9567295207332629,1.2477531234655703,3.2593942981900215,3.4068085363268974,1.9239834279865917,0.9799223635328841,0.10989704955893217,1.0504425851352668,1.1034296246656623,3.0205422817716023,23,0.8681124127933203,0.855376848459252,0.9853295907921773,0.9794672448717693,0.9911931597400986,1.0119717274158202,2.4703393551889667,0.6322344013406107,-0.027924261105520404,0.8642109079703415,3.15187020706602,0.5327015059879009,120.00000000000003,0.5466878158872666,2.7452576697145172,-3.700743415417188e-17,-0.017341463315950552,-2.517756589911859,18,2.762599133030468,2.363902655299515,4.7728773127955035,5.263014259626376,1.0,0.049951928246301035,0.9538245637775995,2.2502677969597644,3.300151291658572,3.4599143458713217,2.5358508082449807,0.5327015059879009,0.11161014018939748,1.0,2.5004151265959083,1.0000000000000002,4.071165684126942,31,0.9792769554724143,0.991130225912783,1.0121041043334371
6,28,1641,1762,1781860050.3876717,1781860058.3793592,7.991687536239624,121,15.937198159413626,,3.149107198717184,0.5606928661518005,-0.011744918207895997,0.8308232213451232,0.7968599079706814,0.6455222407750255,165.87435797823878,1.6772249357414557,3.4344459005611134,0.062004647829866096,-0.018975813157671734,-3.8910756603389562,13,1.7122609592758442,7.32552156090007,1.1708383588822466,-0.2376978801731118,0.8810879247550263,1.6389719088100116,3.491750513127114,3.962998941448374,2.4771657921987673,0.6455222407750255,0.12783867553059272,1.1691954012386323,1.3670178862775666,3.292809537068931,25,0.8936530410097783,0.880945912965593,0.9800687364254852,4.320040527663252,0.5195348750158068,-0.007475244144939394,0.8711661340387896,1.5937198159413628,0.591240077769506,170.2621691598214,4.303564251847095,4.034936184291689,0.044422413782617236,-0.00010437258191257972,-4.988874013466994,11,1.4488361963103298,9.023810197758682,1.186223151416799,-0.4702232810846086,0.9571619073659272,1.7267777922126504,3.874368104036157,4.047766709289831,2.3516848279570093,0.591240077769506,0.13057311965451066,1.1853910806611156,1.4051520141109275,3.0293847741034168,23,0.9213481957900413,0.9683278694608468,1.0509901401939807,0.3460595504199457,0.28631526073120095,0.32745157903585725,0.3273219893226381,0.3188413424153298,0.3526922346867954,0.33175428621175435,0.33185604924229134,0.3350991071647245,0.36099250458200366,0.3407941347523884,0.3408219614350705,4.314640937572621,0.5654678510098976,-0.009374508065277242,0.888897912414016,1.5937198159413628,0.5280985211328028,179.6674071268137,3.921900414415262,4.170679982559307,0.05243655206716567,0.015683860085545155,-5.065496841844967,13,1.7122609592758442,9.236176824404273,1.2185461026788573,-0.40688319278013724,0.9492392040672771,1.7305350162174888,3.7468515664257738,3.94721535980747,2.3927290776939074,0.5280985211328028,0.12732952773572484,1.2174173534006896,1.4821050123611397,3.292809537068931,25,1.2318317709858664,1.2608217377588942,1.0235340307466063,1.0131399799279206,1.0407466525457496,1.0272486262162837,1.9445562443518223,0.502549148581023,0.010197663163467189,0.6849331332911996,1.5937198159413628,0.9925119837129621,120.99999999999999,0.4304921501550232,2.9692114948224035,-3.853666697045998e-17,0.005900600339942154,-2.1812849328846786,13,2.9633108944824618,1.7122609592758442,8.42559647901269,5.150496427707083,0.9999999999999999,0.27395516407403375,0.8049949781648978,1.5354694703614087,2.9396117063135434,3.651714341143857,2.390270086947308,0.9925119837129621,0.11779723681109215,0.9999999999999999,2.1871855332246213,0.9999999999999999,3.5562343000344456,27,1.0138519869350544,1.041243706664405,1.0270174740320404
6,29,1702,1823,1781860054.4741137,1781860062.4629884,7.988874673843384,121,15.783398528269013,,3.149107198717184,0.4825850740521432,-0.0062260659332731135,0.7874152555936293,1.0522265685512675,0.41811282197191596,151.715714233326,2.434891571241402,3.4344459005611134,0.050203544165114564,-0.014759599993211792,-3.8910756603389562,11,1.4348544116608193,7.32552156090007,1.119753936345558,-0.26364820259879496,0.9440622210962827,1.63991441398281,2.2232816004545226,2.3550159626902127,2.388421744225709,0.41811282197191596,0.07596825686097461,1.1186279462424642,1.2513284821146333,2.608826203019672,20,0.889117589641793,0.8699515858338888,0.9858705720823414,4.320040527663252,0.4279243805341679,-0.001658221817849359,0.8129201993498382,1.3152832106890844,0.3147879660651955,146.59178125511275,6.488094588604508,4.034936184291689,0.04004206917096557,0.03258516582331227,-4.988874013466994,11,1.4348544116608193,9.023810197758682,1.1006826629062618,-0.6621200984800644,0.9747155252022474,1.754721213917773,1.8428723545738908,1.8906771328911647,2.365688151234256,0.3147879660651955,0.060989584931973054,1.0999540704588202,1.2098989571189274,2.608826203019672,20,0.8648492137282762,0.8319249656846143,0.9619306492726878,0.3708133990728538,0.28631526073120095,0.33577258521627545,0.33571865443670873,0.32069767662806714,0.3526922346867954,0.3300538191747129,0.3301143170229496,0.3084889242990791,0.36099250458200366,0.3341735956090116,0.3341670285403417,4.314640937572621,0.41659579433056304,-0.004732856968318207,0.8107312928842164,1.3152832106890844,0.3226015729423517,150.27417769861802,6.577874997751559,4.170679982559307,0.04633499307613782,0.010930934706747962,-5.065496841844967,11,1.4348544116608193,9.236176824404273,1.1144215328506268,-0.5650910374265042,0.9688959307583129,1.800258462286357,1.7311804643175683,1.7867558417369431,2.4037268544320436,0.3226015729423517,0.05763728521732075,1.113457866871385,1.2397884212977752,2.608826203019672,20,1.2318317709858664,1.2608217377588942,1.0235340307466063,0.9829683354348926,0.995237879214487,1.0124821353214455,2.176791349650094,0.4341939969764686,0.014142325260691042,0.6448508142649786,1.5783398528269013,1.1536094373119323,121.00000000000001,1.77662962918442,3.306902342738891,-2.735415200135329e-17,0.017085882291578494,-2.458709273176919,15,3.2898164604473124,1.9566196522647537,10.37032468620799,5.765611615915811,1.0,0.16465097269483595,0.9284158515788709,1.5887587559248855,3.2016266545858145,3.4484834022826134,2.1763108209849777,1.1536094373119323,0.11124140007363269,1.0,2.475795155468498,1.0000000000000002,4.304563234982458,33,0.9833064462171085,0.9953781957723783,1.0122766911594154
6,30,1763,1883,1781860058.523069,1781860066.4685047,7.9454357624053955,120,15.762786135465953,,0.6144484549107068,0.18848236140911406,-0.00015492159057784756,0.2384551351126969,0.7881393067732977,0.9663744784684956,23.53315877903125,0.32808013054059826,1.1122724644288675,-0.037519232364922966,-0.031259549954797246,-1.3719364580210298,13,1.7076351646754782,2.4842089224498975,0.4428426994903801,-0.11399691116469737,0.9050648977370893,1.2692206921101716,3.4770520371110165,3.8417709556569934,2.1531809056487576,0.9663744784684956,0.12392809534377398,0.4412504546112944,0.194701963694674,2.8898441248354247,22,0.9126296051580682,0.862800394604059,0.970101320161923,0.8806847102201399,0.15909498042153203,-0.0011954916165731833,0.2143721268949357,0.7881393067732977,0.9116841753231343,22.66277875073715,2.5403383869874894,1.1491481919019555,-0.032174688599671,0.005142813320650387,-1.7437947856658964,9,1.1822089601599466,2.892942977567852,0.4345762183892214,-0.7133407852926107,0.8279974318105912,1.1561719342647163,3.1330839619999904,3.7839295650336027,2.1661271577353576,0.9116841753231343,0.12206224403334202,0.43338352414805814,0.18782127900299048,2.758487573706542,21,0.9125275769143537,0.7381233545134508,0.8088778609950198,0.3772658210643142,0.3128932168119866,0.35539979604175786,0.3554109617327726,0.3442654655484228,0.36437443973599937,0.3487655990668145,0.3490744394864971,0.2784687133872629,0.32273234345201407,0.29583460489142777,0.2955145987807304,0.7442036607287311,0.13917504392094027,0.0007312143300810331,0.19182215105401476,1.3135655112888296,0.6562215298593099,16.305864307923382,2.9963330095015097,1.0554095904361747,-0.03571461913826034,-0.020855409903621648,-1.5069168650088784,12,1.5762786135465954,2.562326455445053,0.36862203212237354,-0.576698012696244,0.8665270742005212,1.2873906065660945,3.1060829117383566,3.584519173395827,2.2202103544613396,0.6562215298593099,0.11562965075470409,0.36688781465979103,0.1346066685458372,2.8898441248354247,22,1.1645328826509753,1.0314456373975651,0.8857161981116011,0.9813331435503584,0.8323994785204338,0.8482333282955281,3.1149299571218005,0.5455841830099271,-0.014009286255055726,0.7545360338965493,0.7881393067732977,0.733233611247235,120.0,4.647950977842576,4.069016231670713,-2.2204460492503132e-17,-0.0898343927490613,-3.8318898100808774,20,4.158850624419775,2.6271310225776587,5.027019862371682,7.900906041751591,1.0,0.4427286803820925,0.7864764664991816,1.7571493299897298,3.556142776412847,4.521613713684524,2.581710803111428,0.733233611247235,0.14585850689304916,1.0,3.742055417331816,1.0,3.8093399827376055,29,0.9821712807748462,0.8314729442782993,0.8465661341903021
6,31,1824,1945,1781860062.5702326,1781860070.5685625,7.9983298778533936,121,15.85091994051612,,0.6237066782854526,0.18575488139684723,-0.0018520187331718526,0.24065247542925586,0.792545997025806,1.0069128407863135,19.226019240211723,1.2027237929885732,1.1122724644288675,-0.023871761386866346,0.015066792304779896,-1.3719364580210298,12,1.5719920602164745,2.4842089224498975,0.39861349825800596,-0.39806684461965075,0.8698152469810037,1.317347594049296,4.111482550188462,4.7268458037023295,2.299459642821715,1.0069128407863135,0.15247889689362354,0.3978980522719027,0.15832286000177384,3.405982797135695,26,0.9063151235508634,0.8603179788520389,0.9719915404818438,0.8806847102201399,0.1735592291812956,0.0002355083160790102,0.23302730833520224,0.792545997025806,1.2084278903346786,22.67816756044822,2.6263721547303334,1.1491481919019555,-0.026756872749208172,0.041206094921142675,-1.7437947856658964,11,1.4409927218651017,2.892942977567852,0.43292363345098,-0.7984129888826871,0.8055285580920223,1.1204116836464564,3.9246073024955472,4.87208959020818,2.1565887370855275,1.2084278903346786,0.15716418032929613,0.4320959872077976,0.1867069421610812,2.8819854437302035,22,1.0326613496239123,0.9187697629958907,0.8897106135815968,0.33881868213836164,0.3128932168119866,0.32585121306420683,0.3258411740675474,0.3498849575747959,0.36437443973599937,0.3538984297838754,0.35384607433426946,0.3112963602868426,0.32273234345201407,0.3202503571519177,0.32031275159818307,0.7442036607287311,0.165703062710335,0.0005730351732851857,0.21609894760298062,0.792545997025806,1.1010329089522444,18.570770967132106,2.0265593708637493,1.0554095904361747,-0.021941215638497203,-0.005293280913279356,-1.5069168650088784,14,1.8339907369192203,2.562326455445053,0.3917619762168813,-0.5449360870732234,0.856403042113162,1.1880784244463505,4.052595555178873,4.732112516998016,2.1426893684746133,1.1010329089522444,0.15264879087090374,0.3911470683332054,0.15299602906566123,3.0129847820815763,23,1.1645328826509753,1.0314456373975651,0.8857161981116011,1.0860736912897178,0.9828116155848542,0.9049216673481526,3.0919467416755015,0.49519317762592235,0.008201246869967201,0.7286833969438761,0.792545997025806,0.8010203722625838,121.0,4.531397294133996,4.116718898498719,-2.5691111313639987e-17,0.058818278469361426,-3.725891056895177,14,4.057900620029357,1.8339907369192203,5.2682421872955,7.842609955393895,1.0,0.48798033071745367,0.7507217517931162,1.6060413135784817,3.5384944858172944,4.713456719970507,2.5427018923342097,0.8010203722625838,0.15204699096679056,1.0,3.7847093353645382,1.0,3.2749834587843223,25,1.085946474833523,0.9830333827970485,0.905231892711608
6,32,1884,2003,1781860066.5743191,1781860074.5116494,7.93733024597168,119,15.852327787562457,,2.3564264654533527,0.40254668821725187,0.00439010079434045,0.6207138808702831,1.0747340872923699,1.7519353392412906,148.80557581902903,2.2712434735722073,3.7799950122593162,-0.024260006165641734,-0.04270089829467337,-2.8386088162588488,10,1.3321283855094501,6.6186038285181645,1.1182428285883705,0.7607790495665512,0.9919285417433721,1.3271591068914936,3.9773538807452797,4.009718153441627,1.735550872206996,1.7519353392412906,0.13365727178138756,1.1179796401501068,1.2498784757901624,3.0638952866717353,23,0.8955298519699801,0.5303567582543877,0.8416760693703695,2.606869356217115,0.44229835274530266,0.0045596581633822585,0.6618308481784949,1.0747340872923699,1.5138349945254388,148.4064147603292,1.3780846704370209,3.773626407561786,-0.03747369745078698,-0.016440667489350757,-2.87085210208806,11,1.4653412240603951,6.644478509649845,1.1167420154531649,0.5251420713674632,0.9747641091829031,1.350699914263164,3.8790984395923678,3.979525305711169,1.820031707569433,1.5138349945254388,0.13265084352370562,1.1161130995906121,1.2457084510777638,3.0638952866717353,23,1.0507700133000093,1.0188058418329278,0.9695802401453234,0.32577790782651694,0.3378660889027025,0.3333968781218062,0.3334905159633307,0.34231765653971846,0.3391869380639557,0.33294942037727193,0.332933731607071,0.33190443563376454,0.3229469730333418,0.3336537015009217,0.3335757524295983,2.417120093594959,0.41109673724358986,-0.00012260859112783835,0.6316174938874987,0.8060505654692773,1.1159730277296143,149.03492092060893,1.8087446800652938,3.412519631091236,-0.043322349204923824,-0.04945061590054228,-2.9138272333387305,10,1.3321283855094501,6.326346864429967,1.1191042370800386,0.546302654516456,0.9375320190136212,1.3346560638247058,3.115692147233422,3.3232914546336736,1.9347912536940064,1.1159730277296143,0.11077638182112245,1.1182653833101792,1.250517467509862,2.9306824481207903,22,1.0039093866020794,0.9558431095650529,0.9521209008716256,0.9986578826200923,1.0007703232872556,1.0021152796207056,3.56836233518921,0.421006056951924,0.01308091481969282,0.7084320893805492,1.0747340872923699,0.9839288537039251,119.00000000000006,7.122952137433893,4.762563380552159,1.865921049790179e-18,0.04487163200540241,-3.0926934302954443,11,4.7176917485467555,1.4653412240603951,10.834136871895586,7.855256810847603,1.0000000000000002,1.3536878471790934,0.9881093510415889,1.5970917054765603,2.692127612749205,2.724523970865543,2.0368902974644225,0.9839288537039251,0.0908174656955181,1.0000000000000002,3.1375650623008458,1.0000000000000004,3.0638952866717353,23,0.9983304342114458,1.0002555888764075,1.0019283742125744
6,33,1945,2064,1781860070.6603966,1781860078.5813525,7.9209558963775635,119,15.646768284949005,,2.3564264654533527,0.5547558051534556,-0.00981638855577313,0.7808596798234333,1.0607978498270512,1.6598817910627286,255.9713565779063,0.3425967019161922,4.387506205229466,0.03157564560211178,-0.0885285361839767,-2.8386088162588488,10,1.3148544777268072,7.226115021488315,1.4666355386310816,0.6086982110698962,0.9724534475004549,1.2582067880869587,4.454374564236939,4.5805530081529735,1.8497170374647742,1.6598817910627286,0.1526851002717658,1.4662955983636086,2.1500227817804927,2.235252612135572,17,0.933439584113182,0.7162422869976446,0.9092713300626759,2.606869356217115,0.6142378597428884,-0.00908389517705299,0.8202986796865325,1.0607978498270512,1.5866939990005917,270.066671096281,-0.05486256652109667,4.277921260615605,0.03100181838049678,0.02186559527432928,-3.0813921319982853,11,1.4463399254994878,7.35931339261389,1.506475298283545,0.3684307170807779,0.9644806559425636,1.2751277644139345,4.465295751481491,4.629741119190893,1.9232264040912042,1.5866939990005917,0.15432470397302975,1.5061562706424587,2.2685067115955992,2.4982235076809336,19,1.0585984258935095,1.0530874651600943,0.9947940969884178,0.32136919824558646,0.3304925332952397,0.3267737178444064,0.32676258549199716,0.34020092739343705,0.3365844743968116,0.33565021513139714,0.3356454985607005,0.3384298743609765,0.33292299230794864,0.3375760670241964,0.33759191594730253,2.417120093594959,0.5878249299333309,-0.004979125307465419,0.8050404371226235,1.0607978498270512,1.286191514944251,273.17467158454554,-0.028461419367530993,4.0862351531467445,0.02630993234229164,0.021724779351407777,-3.1930210882225003,10,1.3148544777268072,7.279256241369245,1.5151189641412264,0.315129645851433,0.9419366920338595,1.252290154058027,4.343512071780075,4.611256901354406,1.9860831712955607,1.286191514944251,0.1537085633784802,1.5148905118722364,2.2948932629605268,2.366738059908253,18,1.0184329159900558,1.0073540512049564,0.9891216548373937,1.0271640490108733,1.033057582632559,1.0057376751331601,3.3467578288531925,0.43781316646472535,-0.008527300828321956,0.6880787645628945,1.0607978498270512,1.0314805346227371,118.99999999999999,4.903420115951735,4.437759192817062,1.3994407873426343e-17,-0.010323691935893439,-2.9296659058346934,12,4.448082884752956,1.5778253732721685,8.336934480264365,7.367425098651755,0.9999999999999999,1.130422869060706,0.9742180696256747,1.5894062652829357,3.6160304882164205,3.7117259481809994,2.1728906195985656,1.0314805346227371,0.12372419827269998,0.9999999999999999,2.9193422138988003,0.9999999999999999,3.0241652987716563,23,1.0271846088355818,1.0331412803549707,1.005799027232448
6,34,2004,2124,1781860074.6668,1781860082.5563118,7.889511823654175,120,15.770906028155457,,2.2789583847465043,0.44000620854931033,-0.0016617564218671908,0.6235808141361632,0.7885453014077728,1.3802238205937758,148.4946935457241,2.200260289919446,4.387506205229466,0.01084526759525021,0.028780471200848028,-2.572168519328671,12,1.5770906028155456,6.959674724558138,1.1124098972715502,0.7334267182496409,0.9399722177336725,1.2703124903222307,4.893189129891635,5.205674207786053,2.0118493049499317,1.3802238205937758,0.1679249744447114,1.1123570288888762,1.237338159718488,2.3656359042233186,18,0.9658141774248096,0.9154409252065979,0.9837794814176237,2.158634836078886,0.42597158897438736,-0.003458843369448999,0.6059248581485778,1.0513937352103637,1.6999645201676465,151.7188926530596,2.4935116532383015,4.277921260615605,0.032338566275081373,0.014401006000832252,-3.0813921319982853,13,1.7085148197168412,7.35931339261389,1.1244216759926693,0.4736421472016195,0.9580718702133919,1.2344629735011858,5.073910391376148,5.295960093522037,1.8980918337163972,1.6999645201676465,0.17083742237167862,1.123956548347593,1.2632783225734354,2.6284843380259093,20,0.9473666028399137,0.9597330433033079,1.013053489986161,0.34398545688885335,0.3222333542034334,0.3302141878709436,0.3303331602956261,0.3258803337191286,0.34073664833334316,0.33377983374033804,0.33377783302317293,0.33013420939201804,0.33702999746322343,0.3360059783887185,0.33588900668120086,2.0399988046967126,0.4440533513040164,-0.000884860116020359,0.6308622414898414,1.0513937352103637,1.6887805092442736,153.74941980011562,2.2111278706550133,4.0862351531467445,0.043995608153010145,0.12207204193684218,-3.1930210882225003,13,1.7085148197168412,7.279256241369245,1.1319210065198735,0.2958530041442875,0.9619813885933326,1.2724260468106832,5.087003704450344,5.288047944346272,1.944349057545268,1.6887805092442736,0.17058219175310554,1.1310656707124527,1.2793095514642103,2.6284843380259093,20,1.0574220324759682,1.04591903062415,0.9891216548373937,1.0107979790098784,1.0175394962739714,1.0066695001415582,2.2420309083053036,0.47717240811338885,-0.02166952707081601,0.6199205807255214,1.0513937352103637,1.2080767571120077,120.0,0.8367324848701028,3.326304235237676,-1.4802973661668754e-17,0.01559592201160753,-2.2098813776808344,13,3.3107083132260686,1.7085148197168412,9.076650493171615,5.53618561291851,1.0,0.49257947922252787,0.9221862250089577,1.3098755648164058,3.804952509189314,4.126013169576844,2.0743826251093513,1.2080767571120077,0.13309719901860786,1.0,2.2254772996924417,1.0,3.2856054225323867,25,1.0104278744660817,1.0168189181510043,1.0063250864771518
6,35,2065,2185,1781860078.7284355,1781860086.668758,7.940322399139404,120,16.079494571551248,,1.556189220840999,0.30107673914427724,0.0016101844101043855,0.4194979747561655,1.0719663047700831,0.5941674624909882,44.9144288502619,0.8103301040237887,1.5080733114422924,-0.012829025665485194,0.02257009809704085,-2.107683374862727,16,2.1439326095401663,3.6157566863050192,0.6117899207125889,-0.34762812930185083,0.9405698354609294,1.5718696068429814,3.265505407129475,3.471837267170282,2.2404544352566997,0.5941674624909882,0.11199475055388007,0.6116553957793475,0.37412232318599015,2.9479073381177288,22,0.9375681511986452,0.8155143128533308,0.9523337725306394,1.5810143637383645,0.2543140844884197,-0.0008423872535259474,0.36506132779029754,2.411924185732687,0.710767652128744,30.088674125639795,1.917388745246532,1.219318300390439,-0.01151191799715916,0.005804444285978308,-1.9771843619827605,14,1.8759410333476456,3.1965026623731996,0.5007384058038671,-0.5282255982047384,0.9575200467449505,1.7588217990808657,3.3668917923847257,3.516262457199026,2.278685182213068,0.710767652128744,0.11342782119996858,0.5006060594829281,0.25060642679102496,3.2158989143102494,24,0.7833871778349901,0.7473004434458553,0.9539349948401429,0.39514952046664475,0.34904630888799854,0.38214904460510984,0.38218715871466524,0.3095550676612145,0.3085737101387205,0.3127817195029117,0.31279901858030024,0.2952954118721407,0.342379980973281,0.3050692358919785,0.30501382270503447,1.775414698966891,0.26534136160591176,-0.0016705951877224092,0.38520799910708853,2.411924185732687,1.117151081565776,28.623132015317413,2.4781401226890756,1.5605530865886033,-0.015460491070843381,0.0058954658918553195,-1.9861473767541034,14,1.8759410333476456,3.546700463342707,0.4883913391202235,-0.5197592675082426,0.9668828531791509,1.971105369972721,3.7628356849606632,3.8917182909887207,2.1870636222480306,1.117151081565776,0.12553929970931357,0.48814656952957636,0.23828707334349353,3.8858778547915516,29,0.8840480540298026,0.9809013080930283,1.109556549128449,0.8184809668335605,0.7982990935047842,0.9753422814377058,2.3991525433324075,0.5277374051649438,-0.01080220111918656,0.6743967055376199,0.8039747285775624,0.4510696473365126,120.0,0.6019364227286332,3.2439540551956636,1.1102230246251566e-17,0.014459814812581009,-2.9340016156997852,15,3.2294942403830826,2.009936821443906,6.035622451752293,6.177955670895448,1.0,0.07359623498752971,0.8996805004102062,1.8070758239383735,2.0843542894983824,2.3167716634383297,2.474608258443425,0.4510696473365126,0.07473456978833322,1.0,2.948461430512366,1.0,3.4838904905027706,26,0.8184446061251129,0.7980744924314761,0.9751111882940029
6,36,2125,2246,1781860082.7300425,1781860090.7265954,7.99655294418335,121,16.022553719797536,,2.3513278415668486,0.38378803205283013,-0.004858406306060706,0.562037659391663,1.6022553719797537,0.8249604635613519,108.9813612934879,2.346214802187639,3.443210074473815,-0.0024822801449961873,-0.004756832017009112,-2.416950649150119,13,1.7214313913832064,5.860160723623935,0.9490376216906248,0.3498085317469339,0.9843573327531835,1.487085448210465,2.385010873881023,2.4229116749811803,1.8938672048580791,0.8249604635613519,0.07815844112842517,0.9490343753887313,0.9006662456694792,3.442862782766413,26,0.9752903833377485,0.9558951833656847,0.9884152459420048,2.192987726194671,0.34309019587073675,-0.0030965258901423025,0.5072974962019204,1.6022553719797537,0.8845122628996722,85.62706882067619,2.6673537070037936,3.053768956230238,-0.005017769215062857,0.0061555046781199664,-2.3994134291980664,12,1.5890135920460366,5.453182385428304,0.8412263225736059,0.34386691314224777,0.9812350440007817,1.5236157554134195,2.3035937282564203,2.3476472251378184,1.8938726188527844,0.8845122628996722,0.07573055564960704,0.8412113573786415,0.7076365477828166,3.1780271840920733,24,0.8830066733315308,0.8004626484281208,0.9065193645796848,0.3726519218577325,0.35764796844402164,0.36836040673597537,0.36836899902701503,0.32905413383019794,0.33280991660192477,0.3265144218289354,0.32651734618232275,0.2982939443120696,0.30954211495405365,0.30512517143508916,0.3051136547906621,2.0893937953349995,0.3120981834583501,-0.0026339090369388823,0.46766894285121907,1.6022553719797537,0.9599557111158639,74.77603166639071,2.82373356127123,2.758591932903551,-0.008927678545327196,0.008808321052161906,-2.31334109736934,13,1.7214313913832064,5.071933030272891,0.7861194138170666,0.23105035089827966,0.9778890905735105,1.5351613335148955,2.2069528667004596,2.2568539602033297,1.8237288944679027,0.9599557111158639,0.07280174065172032,0.7860687179476612,0.6179040293358797,3.9725339801150916,30,0.9305516764147803,0.8654938438508216,0.9300868138622749,0.8863993411294245,0.8283332460694929,0.934492172584486,2.72975858052827,0.5244051759909405,0.00602399164827397,0.7346612528544981,1.0681702479865025,0.5851121484181486,121.00000000000003,2.0815061836176403,3.5781495248586026,3.303142883182284e-17,-0.11897237011086238,-2.2961572272251525,15,3.697121894969465,1.9862669900575458,5.493666181870026,5.874306752083755,1.0,0.8196930501715307,0.974081529757625,1.706188440337483,3.2161318962639065,3.3017070933109243,2.2901003365193864,0.5851121484181486,0.10650668042938466,1.0,2.17718485711429,1.0000000000000002,3.442862782766413,26,0.8863866043145964,0.8282826611266656,0.9344485319327901
6,37,2185,2306,1781860086.7311213,1781860094.7239134,7.992792129516602,121,15.938106565537577,,2.3513278415668486,0.4661450304222644,0.013819997548978039,0.6246357046849783,1.5938106565537578,1.1535454556189173,149.2860496618992,0.28515108587031435,3.443210074473815,-0.004202009314922925,-0.084965434022899,-2.416950649150119,11,1.4489187786852342,5.860160723623935,1.1107515498392255,0.26636182872650294,0.9663438530399088,1.3601839877313617,3.3987272096953918,3.5170992178443843,1.8154910505349242,1.1535454556189173,0.1134548134788511,1.1107436016416923,1.2337513485879583,2.7661176683990836,21,0.9359052492194899,0.9203626429374708,0.9834094060631746,2.192987726194671,0.44761351181879366,0.019063697934613526,0.5974157163726967,1.5938106565537578,1.0813192106593377,147.4728158340525,0.009314275597384292,3.053768956230238,-0.003039128101685802,-0.009126641143772055,-2.3994134291980664,10,1.3171988897138494,5.453182385428304,1.103985326865497,0.03511753889801459,0.9331644733594123,1.3288165538713654,3.178574149067015,3.406231419874011,1.8637673026952895,1.0813192106593377,0.10987843289916165,1.1039811436952627,1.2187743656347,2.7661176683990836,21,0.9788723654234421,0.9808860275023358,1.00205712424829,0.33786541576844076,0.34846623067620186,0.33454331559092604,0.33454467998859466,0.33072711872802835,0.32426583512967916,0.33250542091683244,0.33250789640840495,0.3314074655035309,0.32726793419411904,0.33295126349224163,0.3329474236030004,2.0893937953349995,0.4398106635203479,0.016845834845130584,0.5885507548961301,1.5938106565537578,0.9356566501429691,147.86856120454215,-0.08490400340395476,2.758591932903551,-0.007459482488464249,0.06577691769366922,-2.7450767880061564,10,1.3171988897138494,5.503668720909707,1.1054656144950537,-0.06069522194916928,0.9161055603101579,1.2993330014509743,3.0062512560859416,3.2815555175411677,1.885567254353778,0.9356566501429691,0.10585662959810219,1.1054404465876628,1.2219985809519314,2.7661176683990836,21,0.9305516764147803,0.939166855735354,1.0092581417442243,0.9939084280596252,0.9952411181916091,1.001340858065351,2.2599658510139076,0.49306623439933744,0.016689977223752782,0.6699785873656916,1.5938106565537578,0.9005690739030306,120.99999999999999,0.48116857319548156,3.1941721788552466,-4.954714324773426e-17,-0.09653051294658517,-2.5076809805394866,13,3.2907026918018323,1.7123585566280042,7.96691691842268,5.701853159394734,0.9999999999999999,0.4079636306237974,0.9630332988515848,1.6853793154995609,3.374657783420696,3.5041963631423423,2.1884711840729323,0.9005690739030306,0.1130385923594304,0.9999999999999999,2.411150467592902,0.9999999999999999,3.0295574463418538,23,0.9939117741156154,0.9952255812716893,1.0013218549073362
6,38,2246,2367,1781860090.7994437,1781860098.7791135,7.979669809341431,121,15.992160825096036,,2.109537933008983,0.43894155282681785,0.004714440915002527,0.5918877650789064,1.0661440550064023,0.5436513963625248,116.41138876882002,0.17030972507961373,2.375321552331652,0.015692168645395334,-0.016296885153333843,-2.9400514864782137,12,1.5859994206706811,5.315373038809866,0.9808555414181764,-0.2832157997807849,0.9586795135719278,1.5754894891460223,2.50517166794934,2.613148223659608,2.204676881800009,0.5436513963625248,0.08429510398901961,0.9807300081948899,0.9618313489739487,2.6433323677844687,20,0.8633740613588289,0.8554663631242424,0.9275960109025706,2.185313221159614,0.42037379139137293,0.00043239808203826926,0.5686958826402185,1.0661440550064023,0.7385169534055617,128.11813469099314,0.2823697509903762,3.0168332470506343,-0.00036758311126832197,-0.009126641143772055,-2.3880575446005867,11,1.4538328022814577,5.404890791651221,1.0289934690899138,0.06677494439760923,0.9215199566292388,1.3831838983811904,2.8189786112589146,3.059053242395588,2.1311072255946697,0.7385169534055617,0.09867913685147059,1.0289934034348092,1.0588274243123519,2.6433323677844687,20,0.9986869100692671,1.0835785281790058,1.0850032350016992,0.32443669113985346,0.3331608716761692,0.3149468534260808,0.31493828909343297,0.32401067658755744,0.33877173141251526,0.33040365436207336,0.330436939074254,0.3515526322725891,0.3280673969113156,0.35464949221184583,0.354624771832313,2.192523924767371,0.4556958268971696,-0.0014103861428539587,0.6144230934758784,1.0661440550064023,0.864673283201733,147.61130084749573,0.06722641227887483,2.223452240993851,0.020394491486312175,0.09336113806644172,-3.0106575981408836,11,1.4538328022814577,5.234109839134735,1.1045035564350396,-0.45276080149659403,0.9369922310188736,1.3364718366453754,3.083142538052583,3.290467557772611,2.0626131585359335,0.864673283201733,0.10614411476685841,1.1043152497790951,1.2195121708946652,2.9076656045629155,22,1.016841292640751,0.9847116657510597,0.9684025155919365,1.0490774896394395,1.1260613921170144,1.0733824748294176,2.5273334344386185,0.4861605062833757,-0.003235777881582735,0.6697279458132285,1.0661440550064023,0.8799299417193035,121.0,1.5414328849918988,3.1741129760570677,1.2845555656819993e-17,-0.1343537974383438,-3.171865973621062,12,3.3084667734954114,1.5859994206706811,6.240093238621806,6.34597894967813,1.0,0.2074002319830932,0.8812630700810713,1.4975038976404107,3.852337088488669,4.371381508287049,2.381137500265135,0.8799299417193035,0.14101230671893708,1.0,3.037512176182718,1.0,3.1719988413413622,24,1.0492117043800382,1.126013521103197,1.0731995424779786
6,39,2307,2428,1781860094.8464077,1781860102.8285153,7.982107639312744,121,15.774494483652166,,2.109537933008983,0.5511615828680971,-0.018061964364489622,0.7250609065125241,1.051632965576811,0.9876766630840624,133.87723599104618,0.32514092910640136,2.375321552331652,-0.030222770998582116,-0.06226877128992866,-2.9400514864782137,13,1.6947803990700674,5.315373038809866,1.0518666445621947,-0.28570679018605777,0.9729093107881835,1.5629209987924857,4.290413276988828,4.409879964570422,2.2454128661525696,0.9876766630840624,0.14225419240549747,1.0514323668480525,1.1055100220556977,3.5199285211455247,27,0.8089941859880057,0.8611351490774896,0.8658780952172224,2.185313221159614,0.4580607683880247,-0.01972350805434897,0.6403088756430637,1.051632965576811,0.958800485723723,131.89287237488418,1.0945380281471353,3.0168332470506343,-0.03589368336810648,-0.026717083265043472,-3.2319795551370745,12,1.5644126760646777,6.248812802187709,1.0440420195736406,0.004663298980142172,0.9643664245145773,1.4712168622996884,4.597374051560459,4.767248148311042,2.1587337628365146,0.958800485723723,0.15378219833261425,1.0434248330041205,1.0887353821296768,2.4769867371024064,19,0.9868662675607218,0.9786911096135514,0.9917160427750994,0.33720473854154476,0.31642335270336186,0.3354751866851631,0.3354571848669655,0.3327759817282833,0.37199088057357566,0.3329796540600468,0.33290239880015937,0.3300192797301719,0.31158576672306254,0.33154515925479006,0.3316404163328751,2.192523924767371,0.5355239242789301,-0.019806354072592392,0.7068417603193381,1.051632965576811,0.9001604952808381,130.7589166109099,0.5510136358944888,2.223452240993851,-0.012475445531289969,-0.041594892489463686,-3.0106575981408836,15,1.955515845080847,5.234109839134735,1.0395442286867593,-0.34441218397119167,0.9835247751470725,1.5887693846198938,4.594490439518571,4.671453689442169,2.2259331108513094,0.9001604952808381,0.15069205449813447,1.0394693678289635,1.0804965666547448,3.7806639671563045,29,1.1756113365068437,0.9847116657510597,0.8376166809321401,0.9925612005770837,0.9882851919117901,0.9956919445744932,3.133607150919425,0.6204228115231721,-0.0014940262992854114,0.8270649567711784,1.051632965576811,0.7985622589638686,120.99999999999999,0.6406308622397732,3.3751920697536106,1.605694457102499e-17,-0.1211283530425168,-2.625723738952294,15,3.4963204227961278,1.955515845080847,6.843212680193708,6.000915808705905,0.9999999999999999,0.40699544406292165,0.9303048767499057,1.7701108705919426,3.3653925951525223,3.617515805044245,2.408000440084898,0.7985622589638686,0.11669405822723371,0.9999999999999999,2.5045953859097776,0.9999999999999999,3.911031690161694,30,0.9923841664985673,0.9886221887433889,0.9962091517759177
6,40,2368,2489,1781860098.9351454,1781860106.9164777,7.981332302093506,121,15.61787025521489,,2.0966533222896757,0.4925780856288162,0.007030286599836266,0.6389924964107384,1.561787025521489,0.8067111456064223,96.37821987442938,0.45759544918150663,2.0514997093285996,-0.010729576714832195,0.03599790058738281,-2.7112450540364663,15,1.9360996184150687,4.762744763365066,0.8924764500188558,-0.3035227281405503,0.9591220531865021,1.6943653326639625,3.7900605754419443,3.951593608811499,2.3439333122387476,0.8067111456064223,0.12747076157456447,0.8924119508510516,0.7963990900217798,3.484979313147124,27,0.7873154009832111,0.9149113740930137,0.87464488050299,1.8123569065829117,0.4082031916687411,0.0002689962950939669,0.5488494807662205,1.561787025521489,0.9517262553457768,105.87911020368941,1.1919665115414153,2.470571703450966,0.011636081353598922,0.0697802823588988,-3.2319795551370745,11,1.419806386837717,5.7025512585880405,0.935432503511361,-0.4362203978100095,0.9563729511031177,1.40860367745826,4.071311073561646,4.257032854040506,2.0679475229750572,0.9517262553457768,0.13732364045291953,0.9353601286329585,0.8748985702362647,2.5814661578867586,20,1.0669859854313852,1.024703719029545,0.9603722382682042,0.32344772457505105,0.30822302665704443,0.32713349858212176,0.32712639587669273,0.34511418914125014,0.36904299850556965,0.3428788597779125,0.3428696662283149,0.33143808628369875,0.3227339748373858,0.32998764163996575,0.3300039378949924,2.080229006350816,0.49203338273317176,0.00574835107327771,0.6322072709231228,1.561787025521489,0.8015833327244235,98.06729917764714,0.5179854537531003,2.1553426755994405,0.0013813026556989522,0.03157226018427945,-2.8316291457079337,15,1.9360996184150687,4.986971821307375,0.9002630431838817,-0.1611549652166586,0.9649175814647994,1.7175488469385705,3.509811529596747,3.637421057525612,2.3104185854413077,0.8015833327244235,0.11733616314598748,0.9002619834946253,0.810471638925677,3.355906005252786,26,1.1973245558846544,1.0470793773512825,0.8745159131707929,1.0481313019425864,1.0087247043491865,0.9624029951969142,3.308330704017365,0.663748909122891,-0.012230041921622107,0.9025613218869841,2.863276213456063,0.6269431385714389,121.00000000000001,0.7356113212006026,3.5017297733917236,-3.4866508211368553e-17,-0.0034024619120686947,-2.833784879853789,16,3.505132235303792,2.0651729263094065,4.7388644001580085,6.335514653245513,1.0,0.35961482320075966,0.9855275757160942,2.1809996812765777,4.0418886632151745,4.101243600696102,2.4862824338008083,0.6269431385714389,0.1322981806676162,1.0,2.8303824179417205,1.0000000000000002,4.646639084196165,36,1.0481259554412614,1.008796422589464,0.9624763296361267
6,41,2429,2550,1781860102.982804,1781860110.9725387,7.989734649658203,121,15.50373888775944,,1.2670283935722533,0.2978467622396047,-0.004121703833149539,0.4012589018568986,1.033582592517296,1.4143003283990934,47.92396112960254,1.1290867674605325,2.164111421982268,0.03578900155996081,0.07199542528410872,-1.7196540351716785,14,1.793821028335803,3.883765457153946,0.6293375838606218,0.1317441377014519,0.9443686280084601,1.4060237450826023,3.89132377572458,4.120555956979248,2.0490517103240236,1.4143003283990934,0.1329211599025564,0.6283191401086443,0.3947849418268662,2.946991689408819,23,0.8381422749394829,0.8557739781600537,0.9315608529838254,1.4465990062706586,0.29735774361616857,0.004735708177161968,0.4178918331846087,1.033582592517296,1.768876221664155,69.52599107760929,1.5135115743079925,2.6379022896163686,0.033195694039849635,0.059912881925082144,-2.066243662907078,10,1.2813007345255736,4.704145952523447,0.7580204268906926,0.2931482978747217,0.9510352106630177,1.3082535861728286,4.445219736390338,4.674085340427445,1.9930417362573565,1.768876221664155,0.15077694646540146,0.7572932149971769,0.5734930134807605,2.6907315425037046,21,1.1283368993163778,1.2313890137014623,1.0913309796458135,0.2976433274289807,0.2701413777387738,0.2806474485017425,0.2804236638104216,0.3358419491734254,0.32720422556881207,0.3380324076850126,0.33798578520393546,0.3665147233975939,0.40265439669241404,0.381320143813245,0.381590550985643,2.0137350061117782,0.351298454977706,-0.0025933794531090293,0.5042936285931061,1.033582592517296,1.7548891152575914,88.47284787955608,2.480145723126358,3.019136718021508,0.012854196003137515,0.03905250010327443,-2.76974038823715,13,1.6656909548832455,5.788877106258658,0.8550909664989257,0.07162302411109989,0.9529064270531633,1.3558923059557086,4.607158395140543,4.834848694837805,1.9587819279858927,1.7548891152575914,0.15596286112380017,0.8549943453808215,0.7310153306331796,2.6907315425037046,21,1.2112332746196992,1.490532106050707,1.2305904546080948,1.2044734754925586,1.3587158759110454,1.1280579469426761,3.4318371044426033,0.5410111613625846,0.02812034492429984,0.8670774474796524,1.8087695369052679,0.5280127793739126,121.00000000000001,2.8770065724675806,3.24621069207174,2.9361270072731413e-17,-0.0071764212156518944,-3.277057945491465,16,3.253387113287392,2.050081175240918,6.174948525447098,6.523268637563205,1.0,0.28443003533831934,0.963506667630609,2.0077388230352486,2.5540389161393153,2.6507745114209085,2.4398530820180184,0.5280127793739126,0.08550885520712607,1.0,3.269881524275813,1.0000000000000002,4.484552570839507,35,1.2052684164073553,1.3607644440578115,1.129013608532078
6,42,2490,2611,1781860107.0676615,1781860115.0612996,7.993638038635254,121,15.640612676778506,,1.4766938401098093,0.34173329410272074,0.01226795046082531,0.49107871281239385,1.3033843897315422,0.7147115162284564,84.81420758504945,0.8647727352055807,2.164111421982268,0.04656606747457789,0.04984792148151508,-2.5630985410398037,11,1.4218738797071369,4.727209963022071,0.8372239033491886,0.0740148597912839,0.9400669944005585,1.446772037194014,2.782997119699536,2.9604242423957636,2.179507752554907,0.7147115162284564,0.09549755620631496,0.8359279069986866,0.6987754656992048,2.714486497622716,21,0.9267963304476002,0.8656519620240072,0.9677610386079736,1.4218817650398372,0.3075843415683845,0.013777831007510925,0.45425190316432706,1.3033843897315422,0.6103625597038533,96.51504298079034,0.9415716345128446,2.6379022896163686,0.03364795699113313,0.06520072431700039,-2.5866414409556437,9,1.1633513561240212,5.224543730572012,0.8931097263563513,-0.07888034765541141,0.9284699695593566,1.292791296400538,2.3761899482573923,2.5592534235491864,2.0445725113746462,0.6103625597038533,0.08255656204997376,0.8924756569804242,0.7965127983026398,2.4559639740396,19,1.029536232305132,1.0386460414272018,1.008848458982034,0.3259258775338454,0.30031896581084255,0.313212479972584,0.3129600181298106,0.3355524999669391,0.3319145081924474,0.3341198348024684,0.33413072521031056,0.33852162249921547,0.36776652599671006,0.3526676852249477,0.3529092566598788,1.8624146995277981,0.3482421939873197,0.014175659997138773,0.5146690760371182,1.3033843897315422,0.5209048072060684,107.52806410065112,1.6032934366476077,3.019136718021508,0.010157504720471515,0.03905250010327443,-2.76974038823715,11,1.4218738797071369,5.788877106258658,0.9426885417688287,0.10880109497207857,0.926080782303593,1.36990004425367,1.8778241745046922,2.0277109841688663,2.11562491868889,0.5209048072060684,0.06541003174738279,0.9426338164314361,0.8885585118800943,2.714486497622716,21,1.1052066168924723,1.2245864159919546,1.108015820096286,1.0667513466631804,1.1259694545243448,1.0555125691159424,2.4197147631099964,0.627207156833096,0.0032756168792844893,0.836777628901392,0.7820306338389253,0.6351103000399664,120.99999999999997,0.024735671014859406,2.94878929302205,4.587698448864283e-18,-0.07661610469271124,-2.1450462530272763,16,3.0254053977147617,2.0681801886649263,5.890040236186284,5.093835546049326,0.9999999999999999,0.37102096763005377,0.9674467176247785,1.899547402227992,3.2338483039866204,3.342662955047473,2.4217494281099445,0.6351103000399664,0.1078278372595959,0.9999999999999999,2.0684301483345653,0.9999999999999998,4.394882900912968,34,1.0676466828159459,1.1276496555975337,1.056201151324077
6,43,2551,2671,1781860111.1282568,1781860119.065509,7.9372522830963135,120,15.639650389284968,,1.9376749006515634,0.5248507247709466,-0.0007243814618699789,0.69856747888361,1.3033041991070806,1.3600522252427467,188.44191428059037,0.23712887953669526,2.49049492459724,-0.007909796084896408,0.04768965936089628,-3.7027314587409648,10,1.3033041991070806,6.193226383338205,1.2531357810195933,-0.3864838611537895,0.9255304413839377,1.307690689195694,4.332534532218966,4.681136717383994,2.043659398149351,1.3600522252427467,0.15100441023819336,1.2531108174449226,1.5702867207974822,2.345947558392745,18,0.9752118474774234,0.9510735977001639,0.9687742023407029,2.460918690450499,0.4757364310997339,-0.00026924742488878406,0.6590691927703604,1.3033041991070806,1.3657005961262876,167.5558035769486,0.5820429813896086,2.258303467314489,-0.015244086301695233,0.09305487619192089,-3.7497472548859867,8,1.0426433592856645,6.008050722200476,1.1816506942160354,-0.6502684765420681,0.9155379903391946,1.3203538901402474,4.354475707133016,4.756193356345312,2.0642074272433986,1.3657005961262876,0.15342559214017135,1.1815523606569727,1.3960659809740648,2.6066083982141612,20,0.9313345722862344,0.8723924089901977,0.9367121493714704,0.3566681087987881,0.33980310583044004,0.3519896459956878,0.35199760952455056,0.3321773405562594,0.3296430921503186,0.331910408949657,0.33189690862885235,0.3111545506449526,0.33055380201924134,0.3160999450546551,0.3161054818465971,2.1448872331754405,0.4898037017915768,-0.0007615431890869199,0.681125036485085,1.3033041991070806,1.3934821678127414,151.9730469438975,0.8077949491427194,2.477627808771709,0.007962089505260582,0.1525695537013686,-3.547021444433934,10,1.3033041991070806,6.024649253205643,1.1253630782400017,-0.5926446448806181,0.9542930231367389,1.4130832301198868,4.569523217181471,4.788385858844022,2.0569436496818256,1.3934821678127414,0.15446405996271037,1.1253349114803657,1.2663786629965226,2.8672692380355778,22,0.970100291887293,0.9727804023786231,1.0027627148592193,0.9429550349720321,0.89803762312522,0.9523652664433311,3.568221200874305,0.6199347359560666,0.0022639509007146177,0.8529593338932069,0.7819825194642485,0.6060986407809057,119.99999999999999,1.5208116179886888,3.011176936884773,2.960594732333751e-17,0.0856528884634957,-3.753768297684737,17,2.925524048421278,2.2156171384820373,4.220833005479905,6.76494523456951,0.9999999999999999,-0.1942464801611722,0.8711091521994978,2.0384125069931542,3.877746465085901,4.451504676876401,2.63659583282798,0.6060986407809057,0.14359692506052907,0.9999999999999999,3.839421186148233,0.9999999999999999,3.909912597321242,30,0.942895348287028,0.8980330357173913,0.9524206873529086
6,44,2612,2730,1781860115.1813214,1781860123.1420903,7.960768938064575,118,15.637842775385419,,1.9376749006515634,0.5583105415624989,0.0028404831219792513,0.7465668767108556,1.3252409131682557,1.6331589439837173,205.95391518257708,0.027884073192925296,2.6416500601776693,-0.06593290681905523,-0.0370424030009483,-3.7027314587409648,11,1.4577650044850814,6.3443815189186346,1.3211253394603453,-0.17385095964980427,0.9313517642975319,1.2954336460600224,4.274838410534167,4.58992893384214,1.810108954010976,1.6331589439837173,0.15299763112807133,1.319479069315843,1.7410250143626027,2.915530008970163,22,0.9829450069475378,0.9535253722851885,0.9693537308004877,2.460918690450499,0.5492976471440161,0.0021991320493030026,0.7645315262994254,1.3252409131682557,1.5651168210035105,190.2163632106769,0.3885977375726761,2.8708454345476047,-0.07770295153675058,-0.04654784911413198,-3.7497472548859867,9,1.1927168218514301,6.620592689433591,1.269646832019276,-0.24444382612342005,0.9253996518253131,1.3884960036919871,4.239006283150915,4.5807303631351575,1.969073414820823,1.5651168210035105,0.15269101210450525,1.2672668737795765,1.6059653293790612,2.6504818263365117,20,0.9416326112151944,0.911467158877068,0.9679647327643025,0.35049598001532994,0.3303997712442006,0.3483007262641533,0.3483699202322141,0.3300384448822637,0.3447841690426466,0.3347289621073602,0.3345848145665751,0.31946557510240636,0.3248160597131528,0.31697031162848655,0.31704526520121096,2.3263670341613714,0.5447509753095744,0.004000899685978944,0.7482203841926398,1.3252409131682557,1.6375142524852206,170.56835690239086,0.4125485959632318,2.690140883287471,-0.05908674421903288,-0.050040781385395305,-3.547021444433934,11,1.4577650044850814,6.237162327721405,1.2022872161094709,-0.2572664921252597,0.9733262591668858,1.4633371696974589,4.744872962123748,4.8749049123416235,1.9525275455879219,1.6375142524852206,0.16249683041138746,1.200834421008099,1.4420033066778561,2.6504818263365117,20,1.0435363430921216,0.9831001349970038,0.9420851909038087,0.9610343501078427,0.9100478056083479,0.9469461788813549,3.810763385091408,0.5644339119743584,-0.006234831869403228,0.8287354798635824,3.180578191603814,0.5290291524623891,117.99999999999999,2.2214498025166725,3.2154616781655188,-1.881733940042638e-17,0.11819014722413648,-4.009316201560502,16,3.0972715309413825,2.120385461069209,3.2166420329361203,7.2247778797260205,0.9999999999999999,-0.5322743369581044,0.8196031629431197,1.9984546399879382,4.0439125231306345,4.933988429973008,2.6634254082649043,0.5442011746838309,0.16446628099910027,0.9999999999999999,4.127506348784639,0.9999999999999999,3.445626374237465,26,0.9604296902084709,0.9100822051165527,0.9475781667255728
6,45,2672,2791,1781860119.1901865,1781860127.188788,7.99860143661499,119,15.554824557337106,,1.9223497350611627,0.4036611206920114,0.005512025068321629,0.5682046236906467,0.7909232825764632,1.0670592620190997,100.73225632912961,1.019335516591469,2.6416500601776693,-0.00976186863994919,-0.016489601110905562,-2.573661384341303,13,1.6992665482805243,5.2153114445189726,0.9200486666390438,0.1466368287285017,0.9565516034612793,1.4421691307805067,4.0108055286298585,4.19298395833196,2.127910530214917,1.0670592620190997,0.13976613194439869,0.9199968776604293,0.8463942549049388,2.7449690395300776,21,0.9738499644276097,0.9450138701239579,0.9714028868870694,2.425021182983566,0.4053642399526921,0.005407014293223991,0.5895531658134197,0.7909232825764632,0.8848235743797961,101.4399666024455,1.4895259027344174,2.8708454345476047,-0.018987205831400178,0.018537632663596152,-2.724754685587431,12,1.56855373687433,5.595600120135035,0.9232749829483075,0.19919366775372552,0.960192414216731,1.5051134190257334,4.009392914618395,4.175614028245604,2.1452281238323057,0.8848235743797961,0.13918713427485346,0.9230797257837016,0.8520761801529136,2.7449690395300776,21,0.991514522738516,1.0271679811424654,1.0359585841521273,0.33127034681996065,0.3257987848253293,0.3339037236627826,0.3339842780244622,0.328459359824616,0.34955529289135423,0.33507461719096127,0.3351034370452281,0.34027029335542336,0.32464592228331646,0.3310216591462562,0.3309122849303098,2.3263670341613714,0.4101126875703243,0.006433928958302859,0.5803139263850583,0.7909232825764632,0.9007978723863167,99.00083546000138,0.6464004865530719,2.690140883287471,-0.03231452572854737,-0.059844004788288725,-2.5067158048316576,11,1.437840925468136,5.196856688119128,0.9121073367655389,0.25235608578451413,0.9524314585125571,1.4842693782278533,3.7257831321638144,3.9118648369537166,2.161455225470007,0.9007978723863167,0.1303954945651239,0.9115347306649721,0.8308955652084634,2.222117793905301,17,1.0729177307360478,0.996461427740957,0.9287398271043206,1.0035066800553598,0.9913685762922577,0.9879043119449563,2.4399027202045516,0.5742967637892528,-0.003710363412505743,0.7840172464392995,1.8454876593450806,0.8976517305773357,119.0,0.5020775009204592,2.8667308050523506,-4.89804275569922e-17,-0.12841131195348277,-2.6030917183435243,16,2.995142117005834,2.091404982499107,6.392668390724974,5.469822523395875,1.0,0.36544022830126227,0.9879462606483086,1.9541448938166364,4.161791053678238,4.212568253406004,2.357416838831594,0.8976517305773357,0.14041894178020012,0.9999999999999999,2.474680406390042,0.9999999999999998,3.13710747374866,24,1.003350933245678,0.9908019829187067,0.9874929599294063
6,46,2730,2851,1781860123.2031627,1781860131.19079,7.987627267837524,121,15.845141402159376,,1.5878383112506702,0.310341224609033,-0.006230486830612118,0.4353175697450995,1.3204284501799481,1.0603845555918499,73.66435390381021,3.5447817356896243,3.2386555214639334,-0.004137350548694904,-1.0874861207178646e-05,-1.9638912620560887,12,1.571418982032335,5.202546783520022,0.7802540055998622,1.0149507588889202,0.9445116716986413,1.3142736454736277,4.098304782987851,4.3390726719314365,2.0194738722124446,1.0603845555918499,0.13997008619133666,0.7802430362297809,0.6087791955850672,2.4880800548845303,19,0.9180771315397821,0.9042312762778217,0.9600653149836579,1.1900488290868525,0.2805799297796862,-0.006012425318609612,0.3661582362998647,0.792257070107969,1.183315265569994,65.45023940115975,0.879586652536636,2.4975678832484154,0.01742352021817891,0.11656819026114833,-1.4577661415019991,11,1.440467400196307,3.9553340247504147,0.7354665658145666,0.384515214835182,0.87915357914975,1.1663440422025315,3.717383891899578,4.228366897504697,2.0212122560302546,1.183315265569994,0.13639893217757085,0.7352601514935234,0.540607490374279,2.2261768912124746,17,1.0264518788357544,0.9889067082201943,0.9634223762558207,0.3316355156871581,0.4079613099379696,0.34921114494332417,0.3492581636051473,0.3404078981657478,0.3101602574898192,0.32916604038217684,0.3291225917549161,0.32795658614709416,0.2818784325722112,0.32162281467449894,0.3216192446399365,1.0190222823586523,0.28550137806015086,-0.003431306248906792,0.36980504606077846,0.792257070107969,1.030730791851849,62.484872726098274,0.27916816432325176,2.0335599981984096,0.012845561523332504,0.020236757509157124,-1.5611086554177913,10,1.309515818360279,3.5946686536162007,0.7186124872469574,0.12860411085170767,0.8851352266264046,1.1947853719395092,3.8425756233857213,4.3412300265477795,2.018954806872848,1.030730791851849,0.14003967827573482,0.718497667620716,0.5162388983764088,2.3571284730485025,18,0.7602688047476339,0.6909440324502113,0.9088154454523035,0.9425988979693056,0.9209981391822338,0.9770838276666697,1.6365380740810942,0.47480062200579337,-0.005803433149696087,0.6150261582397921,1.3204284501799481,1.0201213263261426,121.00000000000001,0.0797518679754381,2.5331641716692577,7.340317518182853e-18,-0.04199355938813438,-2.7732668646593113,16,2.575157731057392,2.0952253093764464,8.513754791354039,5.3064310363285685,1.0,0.0638358502289562,0.9224186246936201,1.3834130979526245,3.426261027154021,3.714431750868049,2.124460113719083,1.0201213263261426,0.11982037906025964,1.0,2.731273305271177,1.0000000000000002,3.4047411277367257,26,0.9423475985718249,0.9208639286196962,0.9772019688014398
6,47,2791,2911,1781860127.2349513,1781860135.20216,7.967208623886108,120,15.842448187164543,,2.1759946439580666,0.4322908240398127,-0.00457774672461072,0.6181844306224515,1.0561632124776361,1.4391023718701954,144.39901702354388,1.9175528859946258,3.2386555214639334,0.002193751423436489,0.012832827061685812,-3.8097525446397342,10,1.3202040155970454,7.048408066103668,1.0969617777583982,-0.1658491882828992,0.9626999746453756,1.3327806198484917,4.589287126438344,4.767100080301627,1.9839897973396508,1.4391023718701954,0.15377742194521377,1.0969595841769002,1.2033203293175576,2.772428432753795,21,0.8900625792076776,0.7363625454037455,0.9112071207567984,2.108552427970522,0.4406751857998753,-0.01387957646957956,0.6272978453250662,1.0561632124776361,0.9427859033992335,140.51078998710585,0.6847190251343735,2.6737717828030356,0.028489800130498392,0.02036214558953509,-3.4546809704251467,10,1.3202040155970454,6.128452753228182,1.0820920708944082,-0.11984837139563585,0.9503148406990611,1.3861807010259106,4.078842440871622,4.292095909889384,2.012206578966595,0.9427859033992335,0.1384547067706253,1.0817169598287129,1.1701115811810732,2.508387629634386,19,1.0485636405193555,1.0580582298289565,1.0090548526982095,0.3218930535269427,0.3706389329735384,0.33618065305483774,0.3362547848991032,0.33752535206410283,0.3222632923537417,0.3316236047915106,0.33158241096169566,0.3405815944089545,0.30709777467272,0.3321957421536517,0.33216280413920113,2.0979166880649567,0.4308454300773851,-0.018092256817442608,0.6155716362730569,1.0561632124776361,0.9436554231246118,140.99604386964185,0.48719782494099517,2.9064218337899885,0.02748819142891615,0.03888728813003642,-2.9336296004186875,10,1.3202040155970454,5.840051434208676,1.0839589624367776,0.029559609871645916,0.9297966443052113,1.334224105875588,3.881268031498776,4.174319250634687,2.011424495549969,0.9436554231246118,0.13465545969789314,1.0836103688960264,1.1742114315789824,2.508387629634386,19,0.8694804125629984,0.8285631846847701,0.9529405984458981,0.9864446445031333,0.9881465192450083,1.0017252612717384,1.232004119607232,0.4481463152095742,-0.009116024521293781,0.5545813028167758,0.7921224093582271,1.0344849822392224,120.0,-0.9167901289309159,2.0350041127546117,1.850371707708594e-17,0.05186712947325606,-2.0248213510887534,14,1.9831369832813557,1.8482856218358634,7.783496657113046,4.0598254638433655,1.0,-0.06096247607917827,0.9300785090937431,1.3142114194141423,3.83204632349024,4.120132102852412,2.0247890405703814,1.0344849822392224,0.13290748718878748,1.0,2.0766884805620096,1.0,2.772428432753795,21,0.9861046618598764,0.9878307136621717,1.0017503738386548
6,48,2851,2972,1781860131.25717,1781860139.2474213,7.990251302719116,121,15.882972861927744,,2.1759946439580666,0.36820540397783313,0.0051428173629676,0.541662442770561,1.5882972861927742,0.5824854433196763,104.7753563101643,3.510307617126209,2.628632014748225,0.0027451781700565054,0.009220902329282599,-3.8097525446397342,12,1.5751708623399416,6.438384559387959,0.9305439460988355,-0.8634840403362132,0.9714117056953853,1.5060725382909872,2.6123373080515075,2.6892174479012123,2.020645446418507,0.5824854433196763,0.08674894993229718,0.9305398968437663,0.8659044996180072,3.019077486151555,23,0.8674160658979619,0.6505315721628656,0.8865169538931389,2.108552427970522,0.40464228793990054,0.0046639160037900435,0.5942293475960857,1.5882972861927742,0.8880583848634203,113.72293539365397,1.6805362141272102,2.6737717828030356,-0.0021694703982426916,-0.07978202756507828,-3.4546809704251467,11,1.4439066238116132,6.128452753228182,0.9694632381867233,-0.22934687193577788,0.9547639340965388,1.5349363643266822,3.2238383331585663,3.376581600989334,1.9354364593328286,0.8880583848634203,0.1089219871286882,0.9694608107570303,0.9398542635936785,2.756549009094898,21,1.1059111089208635,1.2040014850200191,1.0886964379938917,0.30212278168027684,0.3497812502668914,0.3193768467551713,0.31937716999960963,0.33412094051829094,0.3329434342501439,0.33273454021724114,0.3327354917454893,0.3637562778014323,0.3172753154829646,0.3478886130275876,0.34788733825490104,2.0979166880649567,0.4057318486010718,-0.0019105085088318911,0.5963277030319342,1.8530135005582367,0.714150346984943,124.31762840443946,1.0881615269425557,2.9064218337899885,0.004307059007034018,-0.10142312207150105,-2.9336296004186875,10,1.3126423852832847,5.840051434208676,1.0136165036963514,0.06477652742586583,0.9177408526537586,1.410197154635379,3.419655149029675,3.7261664217532964,2.04255651348808,0.714150346984943,0.1201989168307515,1.0136073528779896,1.0273998658083252,2.1002278164532555,16,0.9518618679420355,0.9070678180745138,0.9529405984458981,1.0418242386628285,1.0892731159509284,1.0455440327909824,1.3579625037885021,0.4540990997273012,0.011834879240289975,0.5718872529655047,0.7941486430963871,1.3499216310973594,121.00000000000001,-0.5652285988772738,2.2808749922003773,-3.027880976250427e-17,-0.03359443765407176,-2.0422161834348715,13,2.314469429854449,1.70643510086827,9.9211476503066,4.323091175635248,1.0,0.08876488873862363,0.9031554931517849,1.304717665850955,3.8095253253066867,4.218017112438085,2.0952255800747643,1.3499216310973594,0.13606506814316405,1.0,2.0086217457808,1.0000000000000002,2.756549009094898,21,1.041826163547933,1.0892680220546955,1.0455372116449826
6,49,2912,3033,1781860135.3087451,1781860143.305639,7.996893882751465,121,15.767763763839026,,2.8824641184379343,0.4353124053569785,0.011079614838067823,0.665084159704701,1.0511842509226017,1.0568701320390654,133.59506079143245,3.00335779146198,4.026713415385634,0.020406425944255867,0.015021216939547557,-3.5536983976814076,11,1.4334330694399113,7.580411813067042,1.0507575417285577,0.3056482348576893,0.9736066119768004,1.5035967367525875,4.728767701691877,4.856959313465054,2.1399164382611167,1.0568701320390654,0.15667610688596947,1.050559369707216,1.103674989279623,3.257802430545253,25,0.9453688860100103,0.8957283722657767,0.9675162771758254,2.5697151210608857,0.3904756616206734,0.015221146510545017,0.5968257723806726,1.0511842509226017,0.9843362090543258,127.75141305688845,1.0365317934316964,3.0450042991600568,0.024406089831013642,0.02239938435421479,-3.168109465154235,13,1.6940572638835316,6.213113764314292,1.0275197332037205,0.16021965186787765,0.9538446990394014,1.3985540274391934,4.178972831628256,4.381187876639477,2.114463581508817,0.9843362090543258,0.14132864118191862,1.027229840348403,1.0552011449022056,2.2153056527707724,17,1.0884244310366666,1.0823234549085443,0.994394671826402,0.3153830061458502,0.37847794535291,0.339208112076353,0.33928567272428134,0.3432705690229305,0.3102109212204037,0.33170642605891576,0.3317512341279632,0.34134642483121924,0.31131113342668626,0.32908546186473114,0.32896309314775557,2.4896705441955485,0.3774148100337545,0.01780077041886514,0.5757790539597405,1.0511842509226017,0.9974487397025219,125.7405442689311,0.9818721805110111,2.9827584170461487,0.040482778907225105,-0.05914339656362495,-3.2523911401268477,12,1.5637451666617215,6.2351495571729965,1.0194008298060915,0.03353831498634226,0.948799792708849,1.359372505999367,4.146071125133237,4.369806103452123,2.0879318970641827,0.9974487397025219,0.140961487208133,1.0185966799579196,1.0375391964212966,2.2153056527707724,17,0.8196274711097075,0.8225344098621271,1.0035466585185144,0.9778847092673637,0.9701579948968221,0.9920985426018876,1.972117755721604,0.5362949909280729,0.004048595818914056,0.6907891693032,1.3139803136532522,0.5575727637385556,121.00000000000001,0.11657222264055633,2.454613690976369,1.1928015967047137e-17,-0.09741957199272998,-2.7246745409515967,16,2.552033262969099,2.0849935555489623,5.45798964652422,5.179288231927966,1.0,0.029403562213459147,0.9573643861628912,1.7320349881942116,3.0318506591830974,3.166872199345884,2.45398325881791,0.5575727637385556,0.10215716772083497,1.0,2.6272549689588667,1.0000000000000002,3.3881145277670632,26,0.9777932308905923,0.9695755512054457,0.9915956876919041
6,50,2973,3094,1781860139.370104,1781860147.3584437,7.98833966255188,121,15.816729296726958,,2.8824641184379343,0.46969608634819743,-0.004903794540912461,0.6991159245695333,1.0544486197817973,1.1305951963402274,150.28458075130044,1.9799358930989994,4.026713415385634,-0.02188532135038681,-0.014284233556997442,-3.5536983976814076,12,1.568601252567963,7.580411813067042,1.1144601062950366,0.2650934319492487,0.9738430464907166,1.4900980305770564,4.667798846707303,4.793173667489754,2.142623472944808,1.1305951963402274,0.1546185054028953,1.1142451979849564,1.2415423612325347,3.0064857340885953,23,0.9592536481915411,0.9312503768628743,0.9715521205964482,2.5697151210608857,0.43761590675554507,-0.005061457749427559,0.6356942442317928,1.0544486197817973,1.1621081242512172,150.16711262399355,0.2564392729846183,3.0450042991600568,-0.03772777180112763,-6.461717815551055e-05,-3.168109465154235,11,1.4378844815206326,6.213113764314292,1.1140244690102932,0.1091665571675161,0.9644347817907954,1.3642943827598688,4.25444806288394,4.411338271089866,2.048761719643491,1.1621081242512172,0.142301234551286,1.1133854376578614,1.2396271327885875,2.222185107804614,17,1.0837552898996985,1.0657130112427975,0.9833520732723982,0.3175139116774859,0.37847794535291,0.3343561464713697,0.3344186235144861,0.344107381397221,0.3102109212204037,0.3342254482050403,0.3341605834837465,0.3383787069252931,0.31131113342668626,0.33141840532359,0.3314207930017674,2.4896705441955485,0.42622716108685743,-0.000701462673113155,0.6205305024232439,1.0544486197817973,1.2607817879601535,147.65530268314185,0.3083002861748674,2.9827584170461487,-0.030145584589469056,0.0008850670916167005,-3.2523911401268477,12,1.568601252567963,6.2351495571729965,1.1046681663340878,-0.023103800980213512,0.9585558593376858,1.3270810414190757,4.340506317998199,4.528172537589277,2.0287413714905056,1.2607817879601535,0.1460700818577186,1.1042567642725472,1.2193830014416756,2.6143354209466048,20,0.8196274711097075,0.8225344098621271,1.0035466585185144,0.999609104639742,0.9912137366733552,0.9916013490399205,1.9527269589995968,0.5440913261563693,-0.010861914867688253,0.7027034532487914,1.3180607747272466,0.9035704035605073,121.00000000000001,0.49077535409384687,3.3815922642065956,4.587698448864283e-18,-0.13905125220839246,-2.154367227259654,16,3.5206435164149883,2.0914683367572837,8.124985930609018,5.535959491466249,1.0,0.6986151607583002,0.9691142643717371,1.6519158772337712,3.34099679770871,3.4474745863684406,2.2691655941393702,0.9035704035605073,0.11120885762478841,1.0,2.0153159750512613,1.0000000000000002,3.5293528182779164,27,0.9992283921630088,0.9910356950781815,0.9918009764843724
6,51,3033,3154,1781860143.3774984,1781860151.3483374,7.970839023590088,121,15.922496393591983,,1.472672878028316,0.28775117690246127,-0.013397722532351228,0.3806454490683593,0.7961248196795991,0.6101221573519994,40.5654257686838,0.7065749657954283,1.19454104312769,-0.021099721211059106,-0.009101949044161143,-1.9092021319254797,14,1.8422723100023781,3.10374317505317,0.579009026383657,-0.6542079278408554,0.9330668240201577,1.513929161827643,2.8171394479014307,3.0192258211085745,2.3239194698490135,0.6101221573519994,0.09739438132608305,0.5786244502253305,0.334806254398566,4.079317257862408,31,0.8178157215662977,0.7851261345055501,0.8124769055330805,1.275739059600987,0.28559113461593005,-0.008033915638856486,0.36670541780329835,0.7961248196795991,0.7692551462401057,61.49610311479982,-0.17355501699955633,1.3250918776575986,-0.002349822462261136,0.026542569370391095,-2.0640324522813573,9,1.1843179135729573,3.389124329938956,0.712904100947039,-0.4632235920713405,0.8953090564504671,1.2100314798314984,2.607694693876808,2.9126195865986735,2.069994690251222,0.7692551462401057,0.09395547053544108,0.7129002282798778,0.5082267354815018,2.7634084650035673,21,1.3072600268520855,1.219277515011497,0.9326970074557756,0.2835642576121718,0.29919475431693365,0.29115597528528087,0.29106704921687077,0.3706922190203794,0.32670493789430805,0.35848541100044273,0.3586121632963338,0.34574352336744874,0.3741003077887583,0.3503586137142763,0.35032078748679546,1.4691427671536956,0.3049840765438434,-0.004046144974138477,0.39490537526787556,1.3268746994659986,0.4689288750454406,58.739496883718694,0.7541216569567402,1.5278536167248171,-0.021286583883618086,-0.027914059863358126,-2.3529339316246984,14,1.8422723100023781,3.880787548349516,0.6967426981811503,-0.40051412822825605,0.9386353416260554,1.4421228477906216,2.237465301674371,2.3837428684480098,2.250296665570062,0.4689288750454406,0.07689493124025838,0.6964174529801183,0.48499726881531524,3.1581811028612194,24,1.091947412781954,1.2503571750207827,1.1450708709820083,1.231248682597673,1.203336505015868,0.9773301868450195,2.0358016529036256,0.43183954272594727,0.0019035329425080238,0.6118345261875715,1.0614997595727989,1.02279704154425,121.00000000000001,0.42691039983748835,2.8455153971686706,3.670158759091427e-18,-0.2349454253859746,-2.097464333791383,13,3.0804608225546453,1.710681430716494,7.872094402591606,4.942979730960054,1.0,0.803963802835699,0.8846375081367414,1.320851445724931,3.5630852447307184,4.027734763627002,2.1873862572675464,1.02279704154425,0.12992692785893556,1.0,1.8625189084054083,1.0000000000000002,2.8949993442894515,22,1.2320603251422524,1.2035741882475175,0.9768792677489668
6,52,3094,3214,1781860147.462357,1781860155.347092,7.884734869003296,120,15.69536582445216,,1.3790792501471438,0.34804686568891713,0.010028378882026606,0.448517110844852,1.3079471520376802,0.995441242079926,58.00175278176729,0.048840445620038864,2.0339346827789186,0.06481244409722217,0.08855298981511153,-1.3677094531553509,18,2.3543048736678243,3.4016441359342693,0.695232292006104,0.2009535224699993,0.9589660838831295,1.6284229260864298,3.563024263520011,3.715485170332929,2.275756039755986,0.995441242079926,0.11985436033332028,0.6922046568307708,0.47914728693820513,3.7930467409092725,29,0.5184791923396205,0.5003081811457583,0.7143572221207148,1.0442001906037515,0.3172498825199751,0.0044228054296926445,0.4052764872537283,0.784768291222608,0.90327637599102,55.95514561267537,0.4823021110900778,1.730250863839586,0.07015834926816929,0.04450500961519995,-2.1113536997510662,12,1.569536582445216,3.841604563590652,0.6828564125097077,-0.14720050879413393,0.9287859355894678,1.3030238561946843,3.0831422544140437,3.3195402043392073,2.1172170766285627,0.90327637599102,0.1070819420754583,0.679242729908531,0.4613706861335936,2.877483734482896,22,0.967468617562922,0.999152857289809,1.0327496304807284,0.33708378654868393,0.30897647761871283,0.33538482254555607,0.33530421278649686,0.32611798497513034,0.3489387481551504,0.3294146134564943,0.32902545019805,0.3367982284761856,0.34208477422613676,0.3352005639979497,0.33567033701545296,1.1947871300481299,0.38111978346941683,0.000518413504072638,0.4805081667847551,0.784768291222608,0.748577933156284,57.938038610872496,-0.0312627207270606,1.769782723936732,0.05121281552830908,-0.03542945213309804,-1.996363732282242,16,2.092715443260288,3.766146456218974,0.6948503352693567,0.04904813351066649,0.9588837945676704,1.6772245439931248,3.4029093035772364,3.5488234579159803,2.354824138265683,0.748577933156284,0.11447817606180581,0.6929604865716377,0.4801942359496008,3.139073164890432,24,1.1293375820853016,1.1071547480332165,0.9803576588577484,0.982198928849111,0.9994506055873136,1.017564340818837,2.0072347784896256,0.4852419948275576,-0.0017320012533540944,0.6723108996722817,0.784768291222608,0.8856139234014888,119.99999999999999,-0.12510013066155423,2.1826165323558184,-2.960594732333751e-17,-0.04677314031720246,-2.5195185792746657,12,2.229389672673021,1.569536582445216,6.658082748206889,4.702135111630485,0.9999999999999999,-0.06125586207393263,0.9530001077892837,1.52282165433139,3.92961398765235,4.12341400125132,2.2700556549608213,0.8856139234014888,0.13301335487907484,0.9999999999999999,2.472745438957464,0.9999999999999999,3.139073164890432,24,0.9812744297595664,1.0010919165790177,1.0201956621088222
6,53,3155,3275,1781860151.5228515,1781860159.462246,7.939394474029541,120,15.628403328154052,,2.5951567664772366,0.46234895884851995,0.0036253756796012482,0.6456885151546734,0.7814201664077026,1.0677051708289336,149.18402622071835,3.274206009907826,4.825999951749253,0.009244105639033617,0.028518436717078165,-2.571467128110604,13,1.693077027216689,7.397467079859857,1.1149888871670364,0.8939295502582453,0.9377456823607444,1.260344424271023,3.594284537319512,3.8328990524072766,2.015015405245762,1.0677051708289336,0.12364190491636376,1.1149505661763308,1.2431147650169208,3.386154054433378,26,0.800602068251081,0.7692542078842601,0.899878457993379,2.247998660837344,0.39415471714904077,0.0032484443733322775,0.5549809964912578,0.7814201664077026,1.2207595163642255,139.0237436376209,2.741210348581787,4.195372725093829,-0.020387076740656606,-0.015859631965515594,-2.4855043408524966,11,1.4326036384141214,6.680877065946326,1.076350870757382,0.7053789752783148,0.9322517613999299,1.189111155959685,4.0243068559338795,4.31675972367241,1.8842553478256023,1.2207595163642255,0.13925031366685195,1.076157778433137,1.1581155640821448,3.255917360032094,25,0.9038659342920193,0.9361173080291432,1.035681590060572,0.35211475374153417,0.36150477136626735,0.3400152308025618,0.3400417009181979,0.31826453086859613,0.32648593230330675,0.3282325895417492,0.32821053465152417,0.32962071538986965,0.31200929633042596,0.33175217965568893,0.3317477644302779,2.210641500213088,0.443183302154081,0.0054705047004239326,0.5986172151509802,1.3023669440128378,1.2069795751165993,142.02119112425362,2.186524525867056,3.9256670952586763,-0.017236105443865647,-0.06443764130564056,-2.458974771268942,13,1.693077027216689,6.384641866527618,1.0878924239259353,0.5240090344562442,0.9482060875706118,1.244211368388518,3.850275272986997,4.060589067564146,1.8785521688649127,1.2069795751165993,0.13098674411497244,1.0877558745897788,1.1832128427045747,3.386154054433378,26,0.9031303544608533,0.8630848637245403,0.9556592350832686,0.9653467251069865,0.9756979970356945,1.0107228539337105,2.1153262049788553,0.5665957285377722,-0.0027885703265809157,0.7417567468380801,1.8233137216179727,0.6857113538714712,119.99999999999999,0.12525313983998743,2.3613891479637497,0.0,0.06907558178713746,-2.5939602349657203,15,2.2923135661766127,1.9535504160192565,5.600705496445649,4.9553493829294695,0.9999999999999999,-0.3398963644644715,0.9718351422702378,1.816730818906914,3.688526407724219,3.7954239842651747,2.394356703916868,0.6857113538714712,0.1224330317504895,0.9999999999999999,2.663035816752858,0.9999999999999999,3.6466274432359453,28,0.9652067195443187,0.9756090606960137,1.010777319449875
6,54,3215,3335,1781860155.5318594,1781860163.4507341,7.918874740600586,120,15.839456799634442,,2.5951567664772366,0.46931055960064194,-0.004589686561204595,0.6839649967108519,1.3199547333028703,0.6429818751870521,184.58041691179977,2.645547617582988,4.825999951749253,-0.11509017889909899,-0.012725625233527597,-3.465659829589524,9,1.1879592599725832,8.291659781338776,1.2402298742296385,0.4708275292608022,0.9477717495299659,1.35166262168866,2.1423841091093667,2.2604430973721805,1.999745459181444,0.6429818751870521,0.07291751927007034,1.234878290218367,1.5249243916526376,3.2998868332571756,25,0.9231257751718465,0.9027114282814126,0.9626112808933414,2.247998660837344,0.38251206506557983,-0.00786032988127057,0.5976516807332702,1.0559637866422962,0.6739874241961544,187.06233435665274,1.7388434855021622,4.195372725093829,-0.10380977144713772,-0.026664231683478375,-3.6472709388252844,7,0.9239683133120091,7.842643663919114,1.2485402621883843,0.2158679704670033,0.9450751405265955,1.1381947871980567,1.7740190452502298,1.8771195740708482,1.6624326215909473,0.6739874241961544,0.06055224432486607,1.2442171505237871,1.5480763176575323,2.243923046614879,17,1.0110343150413685,0.9822878558111975,0.9715672763995208,0.33407696964178674,0.3512680274439539,0.3334990761299469,0.33320521650306567,0.33776328017287993,0.33224590038906393,0.3357337479146793,0.3357251061104934,0.3281597501853332,0.31648607216698227,0.33076717595537386,0.33106967738644094,2.210641500213088,0.40095035948348257,-0.005038795530494225,0.616944621071225,1.0559637866422962,0.5995375146746141,181.5687747606311,1.686722465579706,3.9256670952586763,-0.0873660117056508,-0.027571424113862757,-3.544966810810523,8,1.0559637866422962,7.4706339060691995,1.230070373192225,0.15207857031845184,0.9455897472996863,1.176175550887304,1.6510177003118827,1.746019037353865,1.7340103280498298,0.5995375146746141,0.056323194753350486,1.2269638556224496,1.5054403030039074,2.7719049399360274,21,0.9458472574537828,0.9009817217636716,0.9525657707028838,1.0067006835840877,0.9918083725859901,0.9852068134640799,2.4566064366572675,0.5523847340429507,-0.009553363868129529,0.7511278255367078,1.0559637866422962,0.8044009941429563,120.0,1.1031945146662707,2.9305877155916065,1.4802973661668754e-17,0.055314992201103454,-2.9259521249148905,16,2.875272723390503,2.1119275732845924,7.013303998919994,5.856539840506497,1.0,-0.1181670814335785,0.9800482038008433,1.671727567285732,3.4846492090705565,3.5555896083032623,2.2824886519410845,0.8044009941429563,0.11469643897752459,1.0,2.981267117115994,1.0,3.2998868332571756,25,1.007562575501889,0.9935909193168195,0.9861332124428005
6,55,3276,3396,1781860159.5907369,1781860167.5296795,7.9389426708221436,120,15.793947974876113,,2.572676026700987,0.5104202581627258,-0.001700866412804053,0.749669414526129,1.5793947974876112,0.9198702421027537,154.42979454065846,1.2421570233299164,2.7295225620325345,0.0008637297664821908,0.0716064259133875,-3.465659829589524,11,1.4477785643636436,6.195182391622058,1.1344227406507184,-0.5813356579220658,0.9551197078285144,1.5275916986662286,5.009854817963269,5.245263789345614,2.2507812697497926,0.9198702421027537,0.16920205772082628,1.1344224118362516,1.286914208476378,3.1587895949752225,24,0.9324008824124007,0.8324889473695207,0.9442159400959556,2.6987015030725363,0.47939334798693994,0.0003115217872537085,0.7287440342386907,0.7896973987438056,0.9523930487793963,155.10973021904863,1.301648727525893,2.3438284483997243,-0.006518792307771045,0.030070013863979075,-3.6472709388252844,10,1.316162331239676,5.991099387225009,1.1369173607429603,-0.6626229687733816,0.9512739884775498,1.4753469467381708,4.959599437829434,5.2136392857403155,2.2003239575493425,0.9523930487793963,0.168181912443236,1.1368986720484753,1.2925385905055866,2.76394089560332,21,0.9937351205624887,1.0227674208226665,1.0292153307852745,0.3315097488831578,0.3390961206022946,0.332808856561677,0.33281061714340776,0.32943288027404516,0.3279255447100518,0.3335407104206526,0.3335370887653002,0.33905737084279713,0.33297833468765353,0.3336504330176704,0.33365229409129205,2.757712742909553,0.4761197904441444,-0.0007602313706629037,0.7256554593079639,1.5793947974876112,1.0042123514654437,155.2117977700811,0.9901078610461553,2.5384455036228624,7.206420314913587e-05,-0.004650796811989319,-3.544966810810523,9,1.1845460981157085,6.083412314433385,1.1372913646396903,-0.25490518226242626,0.9646261761341919,1.4849506522006055,5.145636680024322,5.334332415325725,2.1415631440895395,1.0042123514654437,0.17207523920405562,1.1372913623565244,1.2934316428907595,2.369092196231417,18,0.9670577891826013,0.9819585493818836,1.0154083451536822,1.0021990215841503,1.0025287081139844,1.0003289631328045,1.7726486530173569,0.46267263181302243,0.006811434238189107,0.6112149358980772,0.7896973987438056,1.7123418550161658,120.0,0.09173709179135114,2.7949013766143196,2.2204460492503132e-17,0.01382205137833055,-2.1120707404464194,13,2.781079325235989,1.7110110306115789,12.033370061909615,4.906972117060739,1.0,0.34270714092915455,0.9039920038861565,1.4083714079281342,3.9877643123746145,4.411282727315816,2.1002750388084537,1.7123418550161658,0.14229944281663923,1.0,2.12589279182475,1.0,2.76394089560332,21,1.0021828378797766,1.0025289966861894,1.0003454048436362
6,56,3336,3457,1781860163.5983796,1781860171.58908,7.9907004833221436,121,15.67767774876791,,2.572676026700987,0.37201274832626524,-0.031428233891868,0.5915308368651924,2.0903570331690546,0.3986013239055013,78.77550822483487,4.797877630058702,2.7295225620325345,0.07856371064059904,0.05801820187450352,-3.4527811339668233,12,1.554811016406735,6.182303695999358,0.8068687985394444,-0.5126065827978167,0.9154097898798136,1.9515653668704034,1.7140105623734014,1.8723970196980722,2.458375843438934,0.3986013239055013,0.060399903861228135,0.803034869371727,0.6448650014268666,3.7574599563162763,29,0.9199305281594724,0.7388735945043411,0.9070254405025677,2.6987015030725363,0.38572439580297885,-0.027084820137041877,0.6185534030319704,2.0903570331690546,0.4439977022352175,88.59116087175262,3.146779411019179,2.3438284483997243,0.0802857076204053,0.05740549071391285,-3.4726311923393247,12,1.554811016406735,5.816459640739049,0.8556625236108013,-0.411564913809999,0.899064358922364,1.799968982473506,1.9133855431863414,2.128196412412302,2.349707114661251,0.4439977022352175,0.06865149717459039,0.851887644859283,0.7257125594638959,2.980054448112909,23,1.0897402873176798,1.2074966819744148,1.108059136683461,0.30328423747314,0.35184046809588787,0.3128302081654095,0.31268044086147667,0.330501052082903,0.33101995361094266,0.33174796926717576,0.331702413579432,0.36621471044395704,0.31713957829316936,0.35542182256741467,0.3556171455590913,2.757712742909553,0.3835321288904931,-0.028239519112686982,0.6195878944052196,1.306473145730659,0.5745373956415308,101.68620173650241,1.6485198674396244,2.5384455036228624,0.07908045404424496,0.013283103169130691,-3.034117532233483,10,1.2956758470056124,5.572563035856345,0.9167234220489175,0.3579004476567169,0.9258961472685068,1.5246587488219612,2.41679494712891,2.61022249013425,2.25295298621789,0.5745373956415308,0.08420072548820161,0.9133061449050005,0.8341281143212338,2.2026489399095412,17,0.9408239916300051,0.9013732275013304,0.9580678591536287,1.0604729358226281,1.1361493017307482,1.0713609592020532,2.264954801187549,0.39650654751995423,0.015515108168177237,0.6334913228240208,0.7838838874383955,0.9962009084361253,120.99999999999999,2.7612982997048325,3.5234192702474485,8.25785720795571e-18,-0.02363938133155953,-2.739859978160386,12,3.5470586515790083,1.554811016406735,9.620305495262366,6.263279248407835,0.9999999999999999,0.5091135351207386,0.9422235030258134,1.4668304850702372,3.0246400401649747,3.2101088865346536,2.110966902075753,0.9962009084361253,0.10355189956563399,0.9999999999999999,2.716220596828827,0.9999999999999999,2.8504868634123475,22,1.0608351858067846,1.1373181660461977,1.0720969489537118
6,57,3397,3517,1781860167.6532931,1781860175.58452,7.931226968765259,120,15.83234183904575,,1.4500899797212479,0.31143227963016135,-0.01162169311532765,0.44250566482184117,1.0554894559363832,1.3582971303281253,102.18263719433834,1.1983815070642798,2.152641940123226,-0.044602473914293485,0.040824046832986856,-2.8467974937842486,10,1.319361819920479,4.999439433907474,0.9227794842861896,-0.5153158472756607,0.9659297271192403,1.2236687272415885,3.873034680087738,4.009644357502652,1.7793375202716506,1.3582971303281253,0.1293433663710533,0.9217009254309182,0.849532595940211,2.5067874578489104,19,0.9736067511301035,0.9108920205903646,0.9708588219327385,1.4272630866883593,0.2842220736452106,-0.007288861901917176,0.41864187910622247,1.0554894559363832,1.6436812009376836,87.72594294959055,0.8447352002579027,2.039780929177647,-0.04304579653446153,0.06666468558960392,-2.4925274981843137,9,1.1874256379284311,4.532308427361961,0.8550143417393191,-0.49881645878626746,0.964340847770771,1.2157523486370998,4.136778389113183,4.289747135233369,1.7499880852783056,1.6436812009376836,0.1383789398462377,0.8539300814356144,0.729196583980635,1.7151703658966229,13,0.956565113439121,0.8815387099736409,0.9215668620866393,0.35234792742624915,0.34583285933061414,0.3557544201605656,0.3557960901527071,0.3370437351685292,0.31351938622801906,0.32962927389931296,0.32963510815238534,0.3106083374052217,0.3406477544413668,0.3146163059401216,0.31456880169490764,1.4171931607236372,0.25945677068372247,-0.005756196731759164,0.39205136906709226,1.0554894559363832,1.9017001957862585,79.91695949385073,1.3693890406663138,2.4463686349333758,-0.04372750464225542,0.005283597981626576,-2.4781137289535544,8,1.0554894559363832,4.924482363886931,0.8160727065946735,-0.3159603662103334,0.959197214162815,1.1882155154304566,4.5254725160748315,4.717979211422807,1.6786144228517157,1.9017001957862585,0.15219287778783247,0.8149003422422386,0.6640625677865176,2.2429150938648146,17,0.9065633232043354,0.9850069050717636,1.0865285191443237,0.9265640993316081,0.8843637298958174,0.9544549918713312,2.281020672990528,0.5170258961515993,0.01585896308579411,0.7262939390261123,1.319361819920479,0.7141555748480323,120.0,1.4325033443032655,2.315328895869492,2.960594732333751e-17,0.03733178230970825,-3.2313234237154096,14,2.277997113559784,1.8471065478886708,5.210553074604349,5.546652319584902,1.0,-0.6397014924248429,0.953070514639277,1.7276434357722639,4.049447142507568,4.248843165649945,2.4170573407795084,0.7141555748480323,0.13705945695644986,1.0,3.2686552060251177,1.0,3.298404549801198,25,0.9264719800909181,0.8841266399523819,0.9542939872457009
6,58,3458,3577,1781860171.6977239,1781860179.5928702,7.895146369934082,119,16.0257065185205,,2.5139917999544927,0.38626166478483487,0.01837290999998932,0.5760019627825808,1.0864885775268136,0.8897155702860164,143.29549823627698,2.132634477808689,4.180161794008866,-0.012924569506085073,-0.04714790574005113,-2.8467974937842486,11,1.4813678294430717,7.026959287793114,1.0973439983546713,0.46254470158722866,0.9484906557589935,1.3261880221872275,3.2629238641797973,3.4401223083940313,2.0079846572643656,0.8897155702860164,0.11467074361313438,1.0972678826194169,1.2039968062280986,2.6933960535328576,20,0.9583962158453025,0.8931769102540037,0.9735046145107966,2.6234864888747134,0.36536742063582156,0.01806399871031154,0.5567194609032814,1.0864885775268136,1.0129498683783196,135.2666062050739,2.035595484955339,4.001734963775012,-0.0181654411306823,0.04656215528858393,-2.4925274981843137,8,1.0773584214131429,6.494262461959325,1.0661586044255034,0.4277859240152244,0.9634745243833869,1.306556506878735,3.502583912112395,3.6353674367820052,1.927111768177246,1.0129498683783196,0.12117891455940018,1.0660038398331708,1.1363641865390646,2.424056448179572,18,0.9995258722890901,0.9710988090099767,0.971559452269094,0.3366295332746969,0.3573914354941355,0.34393909849062976,0.3439702936925256,0.3364699278846607,0.3302984532423914,0.33416470113651353,0.3341696769520366,0.32690053884064246,0.3123101112634732,0.3218962003728568,0.3218600293554377,2.5367522610074436,0.34859426351767464,0.01991240607061308,0.5269635686088627,1.0864885775268136,0.9570102575644311,125.51659532482964,1.7600431516107164,3.662465532494851,-0.02396986777713937,0.06738026084197739,-2.4781137289535544,8,1.0773584214131429,6.140579261448405,1.0270157278497098,0.2972864807197187,0.9661238488498634,1.3068229218606002,3.4319905545242957,3.552329816316987,1.923399349348769,0.9570102575644311,0.1184109938772329,1.0267359693170468,1.0541867506894158,2.8280658562095002,21,0.9241924132449203,0.8738600879779559,0.9455391274093635,0.9715810229281552,0.9359104614319577,0.9632860660568551,1.9570755810787386,0.5658000405217057,-0.008152673826835164,0.7309243737456457,1.0864885775268136,1.0199956613986392,119.0,-0.36873603004977706,2.1902693890849174,2.262429272870592e-17,0.05115651951305857,-2.251626304941759,14,2.139112869571859,1.8853772374730002,8.15595362190192,4.441895694026677,1.0,-0.0491341651871317,0.9580059346078127,1.5490234081805505,3.5942893088677796,3.7518445126743454,2.1019802032032384,1.0199956613986392,0.12506148375581153,1.0,2.3027828244548174,1.0,3.6360846722693574,27,0.9715073745605203,0.9357204248665375,0.963163481172573
17,0,0,108,1781860181.9180787,1781860189.8925695,7.9744908809661865,108,15.709121416639825,,2.1043918850349264,0.500343380291671,0.0025563963938114486,0.6619722725574381,0.8727289675911014,1.0124174334012492,114.30435764500034,0.3927315471274109,2.4244464069727725,0.021407616434640803,0.10367904443250275,-2.680055252805443,12,1.7454579351822028,5.104501659778215,1.028772901032172,-0.26307008541963645,0.8696382380888188,1.4234899582977394,3.0454196766390447,3.5019385570394004,2.055234333816649,1.0124174334012492,0.1250692341799786,1.0285501426069312,1.0579153958567387,4.072735182091806,28,0.7741268678220763,0.6581186765369986,0.8250951725376094,2.6784377254237177,0.42227749969575795,-0.002711233607538707,0.6202642410188773,1.163638623454802,1.0948977270410074,114.09231375982479,0.48491391190536026,3.2061844673856164,-0.03337022870621498,-0.051721317124180016,-2.6093316614444078,8,1.163638623454802,5.8155161288300246,1.0278182293533085,0.25966129332696575,0.8848297096594008,1.2823351917075825,2.8609095908069864,3.2332883486792525,1.9030452500683037,1.0948977270410074,0.11547458388140187,1.0272763700324588,1.055296740427065,2.7636417307051544,19,1.036069152993278,1.0768092955585464,1.0393218372032091,0.3212460802847026,0.3168321949064362,0.3327363412890574,0.33277634513667015,0.33283315430298244,0.360964274755678,0.33242757152924096,0.33236422970903146,0.34592076541231487,0.3222035303378857,0.33483608718170155,0.33485942515429834,2.3187098870902383,0.4354952134261943,-0.005832425114785271,0.5939938015560873,0.8727289675911014,0.8876116481353652,115.7515539518037,0.02991593147485494,3.0606163325330753,-0.02392348415957261,-0.11404329468819045,-2.130423220381776,10,1.4545482793185023,5.191039552914852,1.0352650132704602,0.2656964775020503,0.8284911748770136,1.2451404789940919,2.7353975918671205,3.3016617132622805,1.9646319715813705,0.8876116481353652,0.11791648975936717,1.0349885577181772,1.0712013146075527,2.472732074841454,17,1.1392916520439924,1.0169532500730731,0.8926188902100413,0.9990720287461833,1.0063105397039274,1.0072452343269267,2.8181811959998067,0.5916404506404156,-0.002178622017225143,0.7926527321301544,1.4545482793185025,0.7452041862173008,107.99999999999997,0.04417909050462976,2.529311010754292,7.452886044937394e-18,0.019037094833490822,-2.9273549042321827,14,2.5102739159208016,2.036367591045903,5.254572572871016,5.456665914986475,0.9999999999999999,0.039062258116095115,0.9583706899768346,1.8901024056616027,3.8056552699580486,3.9709637510408813,2.3313637234163425,0.7452041862173008,0.14182013396574575,0.9999999999999999,2.946391999065674,0.9999999999999998,3.927280354159956,27,0.9987615843684159,1.006259699789577,1.0075074127184243
17,1,59,118,1781860185.9661999,1781860190.5772085,4.611008644104004,59,15.107939738313718,,1.8692226572749446,0.3855996529850189,-0.012784285000845604,0.5614734499267542,1.0419268785043942,0.556705630983975,27.215136692195898,1.7258337244469137,1.3944201619950038,0.021935039400821768,0.16408171828781373,-2.223712483151064,7,1.7924674265795937,3.618132645146068,0.6791711884772186,-0.9312744870228298,0.9138120223225946,1.9090972654250689,2.0182305758723476,2.2085839610018505,1.8930195997800643,0.556705630983975,0.1472389307334567,0.6788168805385162,0.4607923573040421,3.8410016283848436,15,0.2652571587701416,0.15930170071194405,0.35005864441943235,0.8171198133072888,0.22600428339186596,-0.0035537317578512675,0.2988619862043339,1.0419268785043942,0.9820400504374452,20.491638872131908,0.8376673419657856,1.3267793063391045,0.026325814948927582,0.004478675471050223,-1.7466794828352867,4,1.024267100902625,3.073458789174391,0.5893351449616606,-0.42921367321219817,0.538308794387529,0.8960061437630996,1.3090305482680729,2.431746540120057,1.3596452273732578,0.9820400504374452,0.1621164360080038,0.5887468594856845,0.3466228645542563,2.8167345274822186,11,0.879201868946739,1.1166369783060632,1.2700575575934174,0.3337963258327478,0.36574185564187606,0.3461007370319103,0.34620711060622233,0.2934743535197065,0.3106830597544592,0.3003209374758102,0.3002700064549458,0.3727293206475456,0.3235750846036647,0.3535783254922795,0.35352288293883194,1.2327862691662914,0.29598586732452037,0.0004951778135969971,0.40128548756387783,1.0419268785043942,0.5070886609130453,28.403819302425447,0.0188932474725525,1.3357208212252276,-0.0307954489240684,-0.11473883408506518,-1.8652734284096093,6,1.5364006513539374,3.200994249634837,0.6938448429892696,-0.2436547281070269,0.625984448431205,1.2060187485733374,1.27275252725802,2.033201512350181,1.7022792171332177,0.6534976735721884,0.13554676749001207,0.6931610970534695,0.4804723064683693,2.04853420180525,8,0.8494599536856705,0.8847089268352707,1.0414957444393471,0.8677269515554967,1.0216052370315518,1.1773349153212438,2.2806183992412334,0.540661991279709,0.004256128143884614,0.7540530920561253,1.0419268785043942,0.3136034688490428,59.00000000000001,0.12764434153433735,2.589849445017876,2.2110373795501e-17,0.02944958319434636,-2.4722456989032615,8,2.5603998618235297,2.04853420180525,2.808899379892878,5.0620951439211375,1.0,0.21731818287567542,0.7630544566236859,1.661424506434258,1.2778841041666396,1.674695813744328,1.9703262960990595,0.3136034688490428,0.1116463875829552,1.0,2.5016952820976077,1.0000000000000002,2.304600977030906,9,0.8673132274180074,1.021131201839845,1.1773499694911305
23,0,0,117,1781860204.3607254,1781860212.3075147,7.946789264678955,117,15.448121425072465,,1.5140914169793307,0.28929191258663906,-0.0006685624520304164,0.41097290393787766,0.7990407633658172,1.1719561991959495,92.35712251505802,1.073472597152353,2.60972965581359,-0.010487500986402042,-0.046458114156151344,-2.0116319481579845,11,1.4523874844085223,4.621361603971574,0.8884689727352985,0.5914058345084995,0.9534134242528609,1.1066780404353378,2.66517536185443,2.7954036455307785,1.6472437137773128,1.1719561991959495,0.09318012151769262,0.888407073270118,0.7892671278363769,2.9047749688170446,22,0.9383123823005012,0.8790668307840511,0.9707017911088358,1.5121875346761726,0.26251126172452915,-0.0021970192381720534,0.4110226554284301,0.7990407633658172,1.1109567779311376,89.68417580410426,1.1952236919460955,2.3092334212237406,-0.016798916185321974,-0.09227062365028799,-2.397585450210995,9,1.188317032697882,4.706818871434736,0.8755177994359088,0.47444091885333445,0.9531776185332732,1.1403356392499033,2.8322541574884044,2.971381306504667,1.7410267494981655,1.1109567779311376,0.09904604355015557,0.8753566207804078,0.7662492135440947,2.9047749688170446,22,0.9653002924207186,0.9333276064477986,0.9668779899644069,0.3449908145817375,0.31719882950376227,0.340075694861854,0.34013453372604857,0.3330197341982131,0.32306440496286704,0.33511842635363964,0.335138052151265,0.32198945122004935,0.35973676553337064,0.32480587878450623,0.32472741412268646,1.4915086908101618,0.27604028382631424,-0.0029965140990523237,0.4214766973551121,0.7990407633658172,1.102165032427302,84.24942927330008,2.1133508722702636,2.6530600977456333,-0.026402649989404725,-0.07367142729479377,-2.588049014711308,9,1.188317032697882,5.241109112456941,0.8485756254332832,0.4712796659373933,0.9445800028475257,1.142657570297049,2.757433586312839,2.919216559741149,1.7844635093398362,1.102165032427302,0.0973072186580383,0.8481647788920645,0.7193834921530248,2.6407045171064043,20,1.018491794147794,1.1341049590131098,1.1135140857585928,0.9854230438013865,0.9550987726907368,0.9692271544679226,2.111892756631895,0.5825673429499144,-0.0023423610438089017,0.7443977365807288,1.3317346056096955,0.7628683104924895,117.0,-0.3012682242199407,2.761154901708527,9.489085680556894e-18,0.02523671626636573,-2.0458753239101206,14,2.735918185442161,1.848493161974483,6.194865877745359,4.8070302256186475,1.0,0.16400243164070147,0.9838297939459159,1.6788108131798376,3.6346189935246196,3.6943575157924378,2.267868021958146,0.7628683104924895,0.12314525052641459,1.0,2.0711120401764864,1.0,3.1688454205276853,24,0.9853102784946622,0.9547028658496307,0.9689362698095539
23,1,57,147,1781860208.361542,1781860214.3741202,6.012578248977661,90,15.629801045637649,,1.904907992121058,0.31655183946554366,0.004195241827652449,0.5137728559259559,1.3893156485011244,0.04238456143288656,57.44697393681047,3.4369022711788055,2.6050327685049544,-0.03547235199942285,-0.048426186468827806,-2.62585605757656,10,1.7366445606264054,5.2308888260815145,0.7989366122596994,0.06190009735657975,0.9641183504404278,1.93015731866555,0.15502167204245437,0.1607911227616791,2.106873316146299,0.04238456143288656,0.006990918380942569,0.7981487471973092,0.6370414226526342,3.820618033378092,22,0.968678159469623,0.9591641307355606,0.9828369998964456,1.5991659569951584,0.2723039014067695,0.006989735796750933,0.4741630143282155,1.7366445606264056,0.009172516587031521,59.642363892895155,3.982259467629903,2.4485016737036536,-0.03987382597543639,-0.08347712019980558,-2.863902691786177,9,1.5629801045637648,5.312404365489831,0.8140595384511378,-0.18678571235912997,0.6510594473387392,1.6902034371980006,0.04267058315569068,0.06554022575067502,2.3451741143193536,0.01416665179117956,0.002849575032638044,0.8130824128865167,0.6611030101453601,3.6469535773154513,21,0.9694704434454429,1.0697056859109186,1.1033917466418526,0.32903654064030197,0.3322472743845371,0.3235672391292868,0.32358056556856457,0.31899120096430805,0.33742484872971523,0.32969198469762373,0.329634880640403,0.35197225839539004,0.33032787688574766,0.3467407761730895,0.34678455379103235,1.673804198496217,0.3007058466501666,0.007033074729910717,0.49898172657255574,1.0419867363758433,0.02775479698538521,65.9702157367605,3.1607704355820747,2.34255364855198,-0.03633883566705396,-0.07166204771784138,-2.8581162541453624,9,1.5629801045637648,5.200669902697342,0.856155591627548,-0.1858107254639767,0.8067122707209646,1.6487680367450221,0.07778083755553493,0.09641707505703567,2.2498678989411798,0.02775479698538521,0.004192046741610247,0.8553840576591776,0.7316818860974793,2.9522957530648894,17,1.0155834968240722,0.99422298496701,0.978967251906061,1.0189288185813201,1.0716189225650974,1.051711270721677,2.308393935356218,0.576255203242863,0.010110464924045857,0.7739589570899547,1.0419867363758433,0.631036735348518,90.0,0.8910780842308914,3.199161790960154,2.0970879354030734e-17,0.0397809054170182,-1.8108372011629559,11,3.159380885543136,1.910309016689046,6.281295727885254,5.00999899212311,1.0,0.7268347266066317,0.8604012840194856,1.6082632141657436,1.9880819722880423,2.310645055061329,2.044021764239231,0.631036735348518,0.10046282848092734,1.0,1.850618106579974,1.0,3.4732891212528108,20,1.0187103791638425,1.0717100799354125,1.0520262695419595
24,0,0,66,1781860209.15815,1781860217.0637264,7.905576467514038,66,14.250780610286048,,2.3795943172071983,0.5306059976396471,-0.004601795615478277,0.7329102220944536,0.8636836733506695,1.607515761370866,141.61835320911362,0.40045226161292824,2.9696387181616677,-0.023119406769744503,0.039693296036911185,-3.809290183779182,5,1.079604591688337,6.77892890194085,1.4648319440743054,-0.4661009787734819,0.801397664334592,1.0129929221791136,2.73864512940617,3.4173360508607082,1.501353864377386,1.607515761370866,0.20101976769768873,1.4646494861949477,2.145198117411124,1.9432882650390066,9,0.9925141144863535,0.9742114147217407,0.9876033288630293,2.2199840394917616,0.5248850614381645,-0.004475292457108523,0.7169275980572382,0.8636836733506695,1.586580222775668,140.94054310114996,0.11499587667357725,2.623246554673842,-0.026272481016385282,-0.13226117645012708,-3.840271448899808,5,1.079604591688337,6.46351800357365,1.4613222691315724,-0.4598002045022018,0.7932813750555839,0.9657101637952697,2.4991703602845416,3.150421072358378,1.412958339579394,1.586580222775668,0.18531888660931636,1.4610860792578553,2.134772531001092,1.9432882650390066,9,1.031422433140525,1.0388876444216655,1.0072377825430945,0.3257000025202648,0.3472732276078652,0.33500092262232306,0.3350103441647738,0.3359342890733267,0.33111525305419887,0.33419827468125635,0.33419528349964783,0.33836570840640845,0.321611519337936,0.3308008026964207,0.33079437233557835,2.1964328828950195,0.5522643644438416,-0.0032800872178419056,0.7224431943271712,0.8636836733506695,1.611129515798489,138.0894955500706,-0.16869346139229346,2.6606990786189906,-0.02683571741875777,-0.07109036674080745,-3.6173017873126194,5,1.079604591688337,6.2780008659316096,1.4464664130535416,-0.4168265628528038,0.810734884736028,0.988033299503576,2.5596824236063562,3.1572373062986907,1.4154533177919801,1.611129515798489,0.18571984154698182,1.4462174554203804,2.0915449283626,1.9432882650390066,9,0.9534718680591421,0.9261051350065316,0.9712978075500882,0.9976040425955136,0.9874623631092577,0.989833963122413,1.889701824663213,0.6720463153329639,-0.00437264081174491,0.8011464756738091,1.2955255100260044,1.0319608134472846,66.0,0.6503229535082493,3.087387709016214,2.943773171354582e-18,-0.10659403764138156,-2.0060457737469837,12,3.1939817466575953,2.5910510200520087,5.529601635580297,5.0934334827631975,1.0,0.6048142234980506,0.9455441651278892,1.6148505459986864,2.999853883106403,3.1726216434328682,1.876240177396749,1.0319608134472846,0.1866248025548746,1.0,1.899451736105602,1.0,3.670655611740346,17,0.9975670582138052,0.9874153980537334,0.989823581205409
24,1,30,115,1781860213.9028978,1781860221.7255447,7.822646856307983,85,14.55450952359471,,2.3795943172071983,0.28529671500927656,0.04165629838248471,0.548426744206476,1.0396078231139079,0.5975359540345068,116.14772062547225,3.0748755612189065,2.9696387181616677,0.03957239759896045,-0.0071154554429079695,-3.809290183779182,5,0.8561476190349829,6.77892890194085,1.1689498586613454,-0.6983833450145494,0.5736531111371902,0.9991124626899941,0.9103538074717745,1.5869412887295606,1.497088240361239,0.5975359540345068,0.07213369494225276,1.16827984550477,1.3648777974126494,2.225983809490956,13,0.9895105036713694,0.9747351945424647,0.989749013031388,2.2199840394917616,0.28832133312711794,0.037881733552083366,0.5280458024038694,1.0396078231139079,0.6477272974769049,112.2893948638111,2.7355703623749372,2.623246554673842,0.05038980821321174,0.022275213494620603,-3.840271448899808,5,0.8561476190349829,6.46351800357365,1.1493701337167808,-0.7313954441393125,0.5709227832243176,1.0033361320268812,1.0021647403392937,1.7553420003306117,1.5048860685270673,0.653879182229409,0.07978827274230053,1.1482650266852013,1.318512571508366,2.7396723809119456,16,1.0572837807394784,1.0501020659540365,0.9932073915099512,0.32181391347459243,0.3472732276078652,0.3423433145869969,0.3424347849229309,0.3402486311329845,0.33111525305419887,0.3366091183025643,0.3365682365919621,0.3379374553924231,0.321611519337936,0.32104756711043875,0.320996978485107,2.1964328828950195,0.3140613148186859,0.037479993789097076,0.5114657873968799,1.0396078231139079,0.6618942898390677,102.14703270912538,2.656623494171537,2.6606990786189906,0.04895354478036589,0.01613517013914929,-3.6173017873126194,7,1.198606666648976,6.2780008659316096,1.0962343711898226,-0.754595100221305,0.580439849539238,1.0316879076658363,1.0506024236559048,1.8100108469290817,1.5619654562189802,0.6618942898390677,0.08227322031495826,1.0951407886803333,1.1993333470313823,2.7396723809119456,16,0.9534718680591421,0.9261051350065316,0.9712978075500882,0.9832501584225461,0.9377941774553146,0.9537696683007325,2.166150872713189,0.6378115256647888,-0.01602541555843412,0.8109159608680471,1.0396078231139079,0.8051006269261668,84.99999999999999,-0.36214322913962294,2.0450587740967268,3.004132890162188e-17,0.06126838042099022,-2.5632894437876677,14,1.9837903936757368,2.397213333297952,7.1689267413322435,4.608348217884394,0.9999999999999999,-0.1909905512995808,0.8294697532218619,1.593751125324508,2.0493647282890843,2.47069253620021,1.9645009229937558,0.8051006269261668,0.11230420619091865,0.9999999999999999,2.6245578242086585,0.9999999999999998,3.2533609523329354,19,0.9828681296723721,0.9373959440404143,0.9537352120196272
24,2,77,151,1781860217.9381988,1781860225.934417,7.996218204498291,74,14.458480556235415,,0.4047651601351029,0.09720055167419223,-0.0037378483533613625,0.1225764030182594,1.5630789790524773,0.32706210289151627,2.5008157471921253,2.165230814524132,0.6849056876278514,0.05755920608296147,0.027273385899838427,-0.2775405444938135,11,2.1492335961971563,0.9624462321216649,0.1838336405408112,1.2283729453830083,0.9804630559348233,2.069144397149496,1.430375694100478,1.4588777062453262,2.068164521494739,0.32706210289151627,0.07678303717080665,0.17459022077306433,0.03048174518958734,3.1261579581049546,16,0.671786030361824,0.8007049462332161,0.840388940291096,0.35524402324593546,0.09273284118328469,-0.0021356346450131097,0.11900352003740065,1.172309234289358,0.8957850512577819,2.993339493126914,0.8314901814616906,0.6387528478809309,0.045280070013114404,0.021382788047370715,-0.3467809330169751,10,1.9538487238155966,0.985533780897906,0.20112318039177943,0.7692291530746421,0.9696668736290247,1.388352641784912,2.1626102885710554,2.230261079743173,1.6331626728412376,0.8957850512577819,0.11738216209174594,0.19595981463175483,0.03840024895051171,3.516927702868074,18,1.1182924972757935,1.8347393649471624,1.6406614275036835,0.25297038699750274,0.2533706251666676,0.25445278769695806,0.2501675619247271,0.28289488581226124,0.25944858201430027,0.27838405294380963,0.2807877144812614,0.4641347271902361,0.48718079281903215,0.46716315935923225,0.46904472359401145,0.5191496381183732,0.15312695639365595,0.00018919103848212567,0.1979807189991993,1.172309234289358,0.5470746650740436,8.429551001503151,1.7860396624834358,1.1616461082591074,0.08221529747658632,0.03188146969590223,-0.6889445752595106,9,1.758463851434037,1.850590683518618,0.3375097796681812,1.0293664527090192,0.9655119286943098,1.530405609234624,1.809710047956217,1.87435286315265,1.9248597438865074,0.5470746650740436,0.09865015069224474,0.3273430864284453,0.10715349623250062,3.1261579581049546,16,1.0239884037213651,1.9227990320447126,1.8777546943470278,1.0940499236162924,1.8359522156841244,1.678124714469642,1.6583344506835462,0.5991081920293346,-0.0026352133871190833,0.746962565159009,1.5630789790524773,0.5106626805134045,74.0,-0.6862009737614883,2.3168575537403493,-4.42588908465434e-17,-0.022204815022264665,-1.8957166479802456,10,2.339062368762614,1.9538487238155966,4.494471843800891,4.212574201720595,1.0,0.15305196502653842,0.9927639095661394,1.8383353406132583,2.1431621865937194,2.158783338054997,1.8701714422461515,0.5106626805134045,0.1136201756871051,1.0,1.873511832957981,1.0,3.1261579581049546,16,1.122398572864325,1.8749222320643721,1.6704602780094695
24,3,115,198,1781860222.1758864,1781860230.1218793,7.945992946624756,83,14.66980980294774,,1.372158604872277,0.3255332568713474,-0.009274562625939837,0.4815115060025526,1.0734007172888589,1.1768667149297154,70.50396828039482,2.361550280205191,3.036754961746614,0.00721574442510999,0.027771062721165644,-2.280232398829823,8,1.413957571368457,5.316987360576437,0.921653623097426,0.48445996939258135,0.9566783061114126,1.0475827350566131,2.6159625464120393,2.7344223546210427,1.4139593041605725,1.1768667149297154,0.13021058831528776,0.9216253761702766,0.8493933340010038,3.181404535579028,18,0.6483701665506622,0.5429800644066284,0.9627784563276296,2.813675855623058,0.3399071972703769,-0.021022059826424813,0.6020956846028742,0.7156004781925727,0.47690815560086103,79.20923738324518,4.259794781361111,3.0309063807301135,-0.004559499643123484,0.012444525647881234,-3.5683588604664913,6,1.0604681785263426,6.599265241196605,0.9768972111967144,-0.41566175506017067,0.9273332494077986,1.1249537985770741,1.208272029335256,1.3029534205819395,1.7014676886626379,0.47690815560086103,0.062045400980092355,0.9768865707987403,0.9543073722069222,3.888383321263256,22,0.9883540944371119,1.140048085503687,1.1534814212035696,0.31965199564556107,0.280766305780186,0.3127510354651396,0.31274702748816985,0.31592935869128413,0.3484776616872535,0.3314972205262878,0.33149952150836937,0.36441864566315474,0.3707560325325604,0.35575174400857257,0.35575345100346084,2.957656802880366,0.3661317853585121,-0.02134757494436756,0.6336758974187532,0.7156004781925727,0.4889816685122222,91.2242128973412,4.049702917923322,3.3767204718884196,-0.005352830246978968,-0.015004855869602967,-3.644439468779245,8,1.413957571368457,7.021159940667665,1.0483734555861308,-0.004863578827178027,0.870290117298787,1.1335735692322033,1.04293954589755,1.1983814651769613,1.7772516496592534,0.4889816685122222,0.057065784056045774,1.0483597901417014,1.0990582495859522,3.181404535579028,18,1.2411662457819252,1.3205146946045159,1.063930556516707,1.059939641872865,1.1374918183067886,1.0731665968232798,2.501619318917074,0.4453889166915049,-0.015602359033071861,0.6328521722392658,0.7156004781925727,0.4780843897625923,83.0,3.162788470551833,3.6368733416943098,-1.070094481566416e-17,-0.013573486874046326,-2.598002622791834,11,3.6504468285683562,1.944191660631628,7.261284981530782,6.234875964486143,1.0,0.8503972008151083,0.9265782931561286,1.370023626841659,1.2811279268791247,1.3826440100548032,1.994233939818425,0.4780843897625923,0.06584019095499064,1.0,2.5844291359177873,1.0,3.358149232000085,19,1.0599605827457748,1.137511853783863,1.0731642971450839
24,4,154,259,1781860226.1800885,1781860234.1718342,7.991745710372925,105,15.605231875673192,,1.372158604872277,0.369562844638697,0.0056572103824557105,0.5067220026198129,0.9003018389811457,1.8871214990315757,102.05946549412987,0.7705840062138445,3.036754961746614,0.05991887725937714,0.027771062721165644,-2.280232398829823,8,1.1889700476703384,5.316987360576437,0.9858980218399384,0.30794080369928845,0.8907021019893038,1.1558133864541442,3.9821929555412097,4.470847151530615,1.615857802822555,1.8871214990315757,0.16558693153817092,0.9840755243455043,0.9684046376158791,2.2293188393818846,15,0.7608003273106494,0.6763700470232916,0.9704720409483718,2.813675855623058,0.41331602099893333,0.006576935129778822,0.6375454428757541,0.9003018389811457,1.0872524320031085,122.70743327868402,1.565536820425569,3.0309063807301135,0.03048502764398853,0.027939271841197332,-3.5683588604664913,8,1.1889700476703384,6.599265241196605,1.081037567201877,-0.2193228559214051,0.8986151917560441,1.3334499274152714,3.365046194653296,3.7447020988788697,1.926273628740499,1.0872524320031085,0.13869267032884702,1.080607646091447,1.167712884791298,2.526561351299469,17,1.10323627387083,1.169394687005169,1.0599675832831483,0.3055645478988947,0.280766305780186,0.30802318444890503,0.30767136082545415,0.3371098932510013,0.3484776616872535,0.33774754242531563,0.33785214322088647,0.357325558850104,0.3707560325325604,0.35422927312577934,0.35447649595365943,2.957656802880366,0.4144861391916491,0.010663811053174444,0.6485536628794473,0.9003018389811457,1.1315259401641895,134.97563290843414,1.7083772819187324,3.3767204718884196,-0.005006968250796117,-0.04931832660154523,-3.644439468779245,8,1.1889700476703384,7.021159940667665,1.1337910822437982,0.10957412196189717,0.8743969798700193,1.2855227325891019,3.159714614786525,3.613592781686211,1.9033860483649803,1.1315259401641895,0.13383676969208189,1.1337800264797835,1.2854571484444985,2.526561351299469,17,1.2411662457819252,1.3205146946045159,1.063930556516707,1.096500391779247,1.1500084766656227,1.048798965588649,2.754983915702498,0.4498251676907229,-0.0047644791665059855,0.6567541196371387,0.9003018389811457,0.6978230017106816,105.0,4.108433961693756,3.9795826536805214,1.2159585507799333e-17,-0.026937242597942286,-2.886763024364199,14,4.006519896278464,2.0806975834230923,5.118952850703292,6.86634567804472,1.0,0.7959858671482191,0.889405328750922,1.5290236748827166,3.273615305198929,3.680678762962196,2.1289465633768776,0.6978230017106816,0.13632143566526653,1.0,2.8598257817662565,1.0,3.7155313989698078,25,1.0980942207765456,1.1521270455678143,1.0492060005133783
24,5,198,293,1781860230.1812482,1781860237.1517208,6.970472574234009,95,15.625870602282612,,1.8236521103524401,0.27844189991054313,-0.012912072106163047,0.4067780537315921,0.9973959958903795,0.6261650839968331,80.04537495981812,2.5148375624850354,1.9000312341476362,-0.000566808102332429,-0.03771627830888575,-3.4125784736110663,6,0.9868970906704808,5.3126097077587024,0.917923141833713,-0.8963762514990878,0.7073424477789301,1.1034319339029801,1.1880214408230545,1.6795562666336035,1.7360980917783644,0.6261650839968331,0.06998151110973348,0.9179229668346086,0.84258257304245,1.6448284844508014,10,0.9421628571167396,0.857206320125819,0.9219616784976514,1.558835807347979,0.26409123672466117,-0.007702831709062738,0.4083120966192461,0.9973959958903795,0.9496336798188721,71.09022538010787,1.4789854402102343,2.1704395468435154,0.002475433572404592,0.06308985991654685,-2.8500227419116966,6,0.9868970906704808,5.020462288755212,0.8650538491307187,-0.5534438044743363,0.7333322366019099,1.0977905144011204,1.7200909139999356,2.345582027009251,1.6092600880649601,0.9496336798188721,0.0977325844587188,0.8650503072795829,0.7483120341245008,1.6448284844508014,10,0.9694101691229862,0.9402839886938484,0.9699547401535019,0.34367873245836517,0.37087274325580133,0.355774029767082,0.3557748792327323,0.3331656581564373,0.3504779616548323,0.335282639520286,0.33528213120533495,0.3231556093851976,0.27864929508936637,0.3089433307126319,0.30894298956193267,1.3176454968457711,0.27301615452048217,0.0027359992684111074,0.38046361886772523,0.9973959958903795,1.297913850985222,60.35946839356087,0.35899100334652045,2.290921516743661,0.0021632136067594493,-0.028156842018591637,-1.7006226909978197,7,1.151379939115561,3.991544207741481,0.7970964967903056,0.2986668020282685,0.710283863270882,1.0772781560847438,2.1324838204871988,3.002297997686497,1.5616579688612047,1.297913850985222,0.12509574990360403,0.7970935614482587,0.635358145702269,1.9737941813409616,12,0.9450086802768837,0.751333982225742,0.7950551120923082,0.9424033556912198,0.8683695403930715,0.9214414774193508,2.045508614796139,0.4784195033636858,-0.011990824335258892,0.6506715742087658,0.9973959958903795,0.696701701563141,94.99999999999999,1.0198297525949265,3.027712474569137,-1.0517902338554115e-17,0.01799447960054268,-2.5010204264022717,12,3.009717994968595,1.9737941813409616,7.853004832043674,5.528732900971409,0.9999999999999999,0.07638729405023238,0.8534685247797156,1.364119522049256,1.817229413184616,2.129228390295532,1.859772498551965,0.696701701563141,0.08871784959564716,0.9999999999999999,2.519014906002815,0.9999999999999999,3.1251741204565224,19,0.9423996768080078,0.8683665081362748,0.9214418568961208
29,0,0,80,1781860252.548046,1781860257.9034786,5.355432510375977,80,15.44038727015038,,1.9229984052691416,0.39874369021307776,0.001673333079448947,0.5601442076696337,0.772019363507519,1.4377030454310449,80.0,0.16982619574237123,2.2035045805595814,1.6653345369377347e-17,0.017477639290363323,-2.7675645321283806,7,1.3510338861381583,4.971069112687962,1.0,-0.27518675536886716,0.8868791372791791,1.0786492626488513,2.6610376807705083,3.000451322977558,1.5440845006251402,1.4377030454310449,0.14287863442750276,1.0,1.0,3.088077454030076,16,0.9469626240450044,0.8934070963079633,0.9695361137626536,2.614847929348997,0.41910188749600696,-0.00047437110945413365,0.6382413267881151,0.772019363507519,1.073921679640967,80.0,0.3061585572888412,2.763389072166803,-4.4408920985006264e-17,-0.03205534996768765,-2.4636653606908685,7,1.3510338861381583,5.227054432857671,1.0,-0.012792135214931288,0.9110987445713451,1.2147078302008827,2.3642050651198248,2.594894438398265,1.6849874499974833,1.073921679640967,0.1235664018284888,1.0,1.0,2.316058090522557,12,1.0191772802418144,1.004704012511412,0.985799067531246,0.33070081236208376,0.3161419536409017,0.3333333333333333,0.3333333333333333,0.3370427545169471,0.33242169093429136,0.3333333333333333,0.3333333333333333,0.3322564331209691,0.35143635542480706,0.3333333333333333,0.3333333333333333,2.8126451217144552,0.4711815236704658,0.0010371058994004326,0.6853679033691407,0.772019363507519,0.8848763741393157,80.0,0.455034155369634,2.8262816892509917,-1.1102230246251566e-17,-0.005461245119174881,-2.699762517815179,7,1.3510338861381583,5.526044207066171,1.0,0.05006257591802763,0.9235526104090843,1.3532076278115222,2.2961575026768672,2.4862227411817854,1.7961725832504378,0.8848763741393157,0.11839155910389454,1.0,1.0,2.7020677722763167,14,1.0514950233776357,1.1116409934759732,1.0572004324900515,1.0,1.0,1.0,2.07898958562748,0.5365455837884945,-0.01052727246590367,0.6841919341952872,1.9300484087687975,0.36748861148554096,80.0,1.966856081921839,3.6074118474295376,-1.1102230246251566e-17,0.0555153538972934,-1.8396687540567624,11,3.551896493532244,2.123053249645677,4.305528004475745,5.4470806014863005,1.0,0.7466637560660578,0.9765629081883475,1.750657037747924,1.7503987159048628,1.7924075358873526,2.072711794397202,0.36748861148554096,0.08535273980415965,1.0,1.895184107954056,1.0,4.053101658414475,21,1.0,1.0,1.0
31,0,0,118,1781860260.1077933,1781860268.0648093,7.9570159912109375,118,15.384319694830085,,1.506300564870765,0.2508974803029379,-0.0019392346077659692,0.3704122328736487,1.8252582688781454,0.20177161599576623,38.66649116963714,4.508001548908481,1.7699264607400536,-0.0776600971708559,-0.08466347547092617,-2.282891867005112,13,1.6948826782439923,4.0528183277451655,0.5724352614542949,-0.5302288262869445,0.9398770155994017,1.8153456987059664,0.9230093773084672,0.982053355906169,2.452644741229501,0.20177161599576623,0.03273511186353897,0.5671428725318339,0.32165103786366006,3.2593897658538316,25,0.9746816891810152,0.9156482319390933,0.9653633025516826,1.2592694704693643,0.28937962333994804,-0.0020372041287792246,0.38610915328830203,1.8252582688781454,0.38371843609145634,36.92261656221423,2.4664186978429425,1.532957942275814,-0.07488902763718167,-0.11400678530839292,-2.0043961876659075,15,1.9556338595122988,3.5373541299417215,0.5593778063064856,-0.17042285456276973,0.966324814951294,1.915884830331229,1.3544714950741805,1.4016730959583714,2.3481688804197427,0.38371843609145634,0.046722436531945716,0.5543420999056572,0.3072951637278137,3.780892128390444,29,1.0800137082298162,1.155589646585493,1.0699768324973842,0.30906136826436836,0.38298545811957024,0.34184439903249697,0.34164218088697257,0.3337905144097813,0.3342748385024745,0.3340468047743154,0.3339311012122477,0.35714811732585033,0.2827397033779554,0.3241087961931877,0.32442671790077976,1.1143844781539047,0.3091654405939029,-0.0019380277977745696,0.3926605978912874,1.8252582688781454,0.6964692718431745,34.758374789887654,0.7194218184556469,1.4792369850813827,-0.06716348692328622,-0.14028354143872263,-1.5127634356595403,15,1.9556338595122988,2.992000420740923,0.5427361220882455,0.34394475246123996,0.9816417314649142,1.9788687979057291,2.037743414916757,2.0758524720376457,2.244505496026185,0.6964692718431745,0.06919508240125485,0.5385643547838015,0.2900515642436924,3.520140947122138,27,0.8728133964765629,0.7382517988181223,0.8458300500408809,0.977189638676981,0.9481179071837791,0.970249652326889,2.7365250182215237,0.6786355933647602,-0.0013388697748842235,0.900765302290504,2.607511812683065,0.5356497200195199,117.99999999999997,0.629342618068248,2.76839905800906,-1.0702361783992506e-17,-0.07011293387571402,-2.9078553157098126,16,2.8385119918847743,2.086009450146452,5.908064683788317,5.676254373718873,0.9999999999999999,-0.05818215340262434,0.9746127953192245,2.1778363948877093,2.6508735036670554,2.719924791053855,2.369847398406468,0.5356497200195199,0.09066415970179517,0.9999999999999999,2.837742381834099,0.9999999999999998,4.041643309658751,31,0.9774293687778678,0.9496096678065397,0.9715378912686933
31,1,58,173,1781860264.1438372,1781860272.0631454,7.919308185577393,115,15.332215973373446,,2.6470148163656524,0.4569794893494414,-0.008257299573026794,0.7058699461312344,1.6139174708814155,0.9946922973977005,145.46028859687272,5.518889253325675,5.193168851480755,0.06645359907278663,-0.06699607197351133,-3.330196779851541,11,1.4665597887574602,8.523365631332297,1.1246653167744682,1.2260995557220156,0.8805501823803308,1.4800974587790385,3.9911179314086525,4.532527516625728,2.1546603037064567,0.9946922973977005,0.1562940522974389,1.1227003134967444,1.2604559939256883,3.199766811834458,24,0.9729511618748852,0.9578078120372504,0.992267720491541,2.5923208473471138,0.47263278553655974,-0.005808460023433507,0.7102454407494578,1.6139174708814155,1.1132157384999681,138.55597074668003,6.2865263235787054,5.134607569398313,0.07716262041274388,-0.0793470453416355,-3.5345919823856153,13,1.7332070230769983,8.66919955178393,1.0976495470923315,1.120507881400836,0.8516721476919805,1.4813905698762349,4.0849422424482045,4.796378810224498,2.1753773631320423,1.1132157384999681,0.165392372766362,1.0949339972085252,1.1988804582430386,3.0664431946746893,23,0.976698879588858,1.0033015176666387,1.02723729762952,0.3355704250646994,0.3305048512043452,0.33812952269284074,0.33822344060276277,0.32775125818384876,0.3361597556475187,0.33000725807637754,0.3298585912168957,0.33667831675145193,0.3333353931481361,0.33186321923078177,0.3319179681803415,2.456097559711866,0.4728492837982047,-0.007075072085305325,0.7099561986048141,1.6139174708814155,1.1664928023482923,140.11883102740634,5.466155470941185,4.836965746483442,0.06728819487814923,-0.1144985670380394,-3.75939652569645,12,1.599883405917229,8.596362272179892,1.1038227292593772,0.724396735602152,0.8638742748376336,1.4888284162043406,4.153453149008878,4.807937069071221,2.1352573324939383,1.1664928023482923,0.16579093341624898,1.1017699017760745,1.213896916459661,2.799795960355151,21,1.0171098984555516,1.008564297720522,0.9915981539969224,0.9759788362998356,0.9814677422658792,1.0056240010150765,3.3898173414774657,0.4717093135346572,0.014339930463461128,0.6866106808768526,2.6898624514690255,0.3128122319381939,114.99999999999996,2.2407005525926547,3.715059571003026,4.4408920985006264e-17,-0.06478531306146916,-3.106946364613966,14,3.779844884064496,1.8665306402367674,4.302981694171534,6.822005935616992,0.9999999999999998,0.14846872086835491,0.8058473227994123,1.800147244091315,1.698888958706165,2.108202026165997,2.534653840092868,0.3128122319381939,0.07269662159193092,0.9999999999999998,3.0421610515524975,0.9999999999999997,3.5997376633137654,27,0.9752682742184879,0.9813570803632535,1.0062432115405833
31,2,119,235,1781860268.220587,1781860276.210069,7.9894819259643555,116,15.352728444047496,,2.6470148163656524,0.533156720999386,0.009972363927611357,0.7599911622843418,1.3235110727627153,1.002458204250398,184.0371355900918,2.7043217613825608,5.193168851480755,0.06202166717653236,-0.019551298115622937,-3.330196779851541,11,1.4558621800389868,8.523365631332297,1.259574146665875,0.8866841161260628,0.8907891644546558,1.3533600679282898,4.614310849823297,5.1800257950467925,2.2477483099872777,1.002458204250398,0.17266752650155975,1.258046240704097,1.5826803437497108,2.779373252801702,21,0.9570149933843357,0.9048920793369423,0.9817237626563745,2.5923208473471138,0.4855992053957473,0.011067655082373222,0.7255535691232042,1.3235110727627153,0.9313701162585583,164.12140236168415,3.974078344980285,5.134607569398313,0.05345559606902025,-0.1393462004225161,-3.5345919823856153,10,1.3235110727627153,8.66919955178393,1.1894703340276125,0.8560574019126781,0.8515975415893677,1.36436045721715,4.411438104592626,5.1801912160988595,2.292485223544721,0.9313701162585583,0.17267304053662866,1.1882685617235969,1.4119821747806653,2.514671038249159,19,0.9132881240238526,0.8938699851741475,0.9787382115907182,0.35623216117516737,0.3305048512043452,0.347602711723222,0.34751659161224346,0.3253426021966313,0.3361597556475187,0.3282562719445871,0.3282415440143545,0.3184252366282014,0.3333353931481361,0.324141016332191,0.3242418643734021,2.456097559711866,0.4702701140087387,0.013446751891975924,0.7131129375399919,1.5882132873152583,0.9523248165106016,160.0321104208605,3.795312735527836,4.836965746483442,0.042495013884321434,-0.12097683541226233,-3.75939652569645,9,1.1911599654864438,8.596362272179892,1.1745582824196172,0.5780796481797745,0.8611988223436453,1.3764700041119617,4.285690428194636,4.976423930227474,2.2291815896003486,0.9523248165106016,0.16588079767424915,1.1737893050268826,1.3777813325954922,2.514671038249159,19,1.0171098984555516,1.008564297720522,0.9915981539969224,0.9443432426555999,0.932504279743041,0.9874632841346264,3.082832443951461,0.48891607370896234,-0.004506178009644989,0.6509837813689903,1.3235110727627153,1.2073047591539854,116.0,0.9210333950571465,3.442463895872538,-1.7227598657976568e-17,0.0423520670543365,-2.761735066064157,13,3.4001118288182015,1.7205643945915299,8.96376020001898,6.2041989619366955,1.0,0.09974507637777473,0.8547067593927288,1.491170091173204,3.4535446573874324,4.040619334567079,2.300463066121224,1.2073047591539854,0.13468731115223598,1.0,2.8040871331184936,1.0,3.1764265746305167,24,0.944534885346148,0.933025565395706,0.9878148280926393
31,3,174,256,1781860272.2210336,1781860277.5982022,5.377168655395508,82,15.38234495910808,,1.613184293517981,0.4316418573172306,0.0066362612670755215,0.5541779870189619,1.1255374360322985,0.7802091084450571,83.52621269670692,-0.6555114310392303,2.198250860369128,0.0021653907749505075,-0.07465945475207357,-2.0214380509584062,7,1.3131270087043483,4.219688911327534,1.009263270886165,0.1692985310511887,0.9789387546311602,1.2672188541738012,2.1547799138999655,2.201138634777855,1.632023737526722,0.7802091084450571,0.10481612546561214,1.0092609479429153,1.0186076610426322,2.6262540174086966,14,0.9243929562732133,0.8131120595139751,0.9685999458058485,1.6841017285189408,0.41132101451683395,0.009177368159950607,0.5484809881244692,1.1255374360322985,0.4975584822182181,95.72374227166058,-0.01719031065031329,2.563473461692156,-0.01683310307745606,-0.16770840960747435,-2.657526834881483,6,1.1255374360322985,5.221000296573639,1.0804456074370459,-0.025480685039767997,0.9852704999139772,1.24387730603184,1.1339218869024987,1.1508736808840823,1.4109006514924816,0.4975584822182181,0.05480350861352773,1.0803144714715207,1.167079357270791,2.251074872064597,12,1.0297879882828394,1.0150560409838578,0.9856941938859213,0.32842404746782194,0.28350764067071305,0.3176078541657,0.3176273266629342,0.3382071391455961,0.35078260675785444,0.34000842081524757,0.33998877914395237,0.3333688133865819,0.36570975257143246,0.34238372501905234,0.3423838941931133,1.599163199220748,0.3954429793067432,0.010581934758344734,0.5309131450782087,1.1255374360322985,0.37528082617149827,97.06586916714853,0.34848342211477545,2.8711380379926257,-0.012223503384544398,-0.1512191989014853,-2.572035853332497,6,1.1255374360322985,5.443173891325123,1.0879936175338962,0.0951964908352064,0.9862464520516048,1.2866387395659376,0.7268000524931897,0.7369355306488446,1.267557997013059,0.37528082617149827,0.035092168126135456,1.0879249504260402,1.1835806977595023,2.251074872064597,12,1.2372950722879443,1.2899467249145329,1.0425538368379885,1.070529007251379,1.0780077398225374,1.0069860158113422,1.4028510264229268,0.517889593211423,0.004265949868045183,0.6291359135128864,1.1255374360322985,0.6045402250309834,82.00000000000001,0.2882631646021485,2.6793299325899285,-1.692413147294446e-17,0.05827706329883102,-2.6198034299479103,8,2.6210528692910975,1.500716581376398,7.172620394308111,5.299133362537839,1.0,-0.09640706981410802,0.9763078509253363,1.64680309698964,1.7280385750920395,1.7699730402190448,1.861364739953329,0.6045402250309834,0.08428443048662118,1.0,2.6780804932467412,1.0000000000000002,2.8138435900807464,15,1.0704015385450387,1.0779421839747774,1.0070446885194022
34,0,0,44,1781860277.0091941,1781860284.9456627,7.936468601226807,44,15.018544445439083,,1.4571444358916128,0.3671999025970863,0.06841910225876159,0.5516022003895017,2.730644444625288,0.15964356416831554,23.242378923118352,5.1549865905330705,2.931847837215298,-0.030981157490091185,-0.035338728865222796,-1.5982397826316348,4,1.365322222312644,4.530087619846933,0.7267983796186712,1.3963701440357157,0.7118578969668062,2.0624656533534997,0.4145722490108663,0.5823806278996687,1.7560444876953345,0.15964356416831554,0.04853171899163906,0.7261377641308158,0.5272760524969002,3.41330555578161,10,0.9603115903130595,0.8942091531546451,0.9795071959519748,1.7975053125155522,0.4413404536718251,0.062138231999208864,0.664026126517624,2.730644444625288,0.23283415590849102,27.10595061042548,2.5992840451368453,2.671048002642981,-0.05175004793783526,0.025179129336768344,-1.896961937965654,4,1.365322222312644,4.5680099406086345,0.7848849164400629,0.7913255651321639,0.7945349417906332,2.61828292836136,0.5096815791297391,0.6414841592505375,1.5907578837351932,0.23283415590849102,0.05345701327087812,0.7831770327285883,0.6133662645935563,3.41330555578161,10,1.115812944271451,1.197218358044865,1.072956147525754,0.30183837964369575,0.33271786235723505,0.30746102624526256,0.3077212847985191,0.3367951710843562,0.335503113892808,0.33203365425732356,0.33189327788840384,0.361366449271948,0.33177902374995694,0.3605053194974139,0.36038543731307715,2.159314373914423,0.498902300223846,0.054942049963609574,0.7810557159975376,2.730644444625288,0.2840088210218084,31.95389378047056,1.4155852095735444,2.3678737860321077,-0.05501351057554928,0.010505933444727607,-2.1494311682803295,4,1.365322222312644,4.517304954312437,0.8521882765252395,0.315686387906756,0.8312174384869341,2.7811844976747304,0.6059117647781973,0.7289449628019584,1.497910245831605,0.2840088210218084,0.060745413566829866,0.8504107080118478,0.7231983723012122,3.41330555578161,10,1.0083712113195247,0.9971782741069968,0.9888999833723126,1.0799211149203,1.1725236329948294,1.0857493355719445,2.0361498327867205,0.7102976940728295,0.007647288875911072,0.8569800454067427,1.365322222312644,0.37967453814089874,43.99999999999999,-0.3807662793109037,1.915865114810397,2.7755575615628914e-17,0.26626284017821433,-2.4793377835783206,6,1.6496022746321828,2.047983333468966,3.248447513905718,4.3952028983887175,0.9999999999999999,-0.45565511459541935,0.8137120318567467,2.1718912382662854,1.1412679018604062,1.4025451968016682,1.7695318817914545,0.37967453814089874,0.11687876640013901,0.9999999999999999,2.7456006237565354,0.9999999999999999,4.778627778094254,14,1.0785515799003351,1.1711423782369814,1.085847353118895
34,1,17,68,1781860281.1991854,1781860288.2407162,7.0415308475494385,51,15.105763291766083,,3.0038495877902873,0.5709038237249644,0.021710855091707185,0.849182838303473,1.81269159501193,0.6549199798746376,66.51559021069407,1.7380617034847825,3.3220370863246607,0.05703050992844493,0.10171574641568384,-3.1097969122568365,5,1.480957185467263,6.431833998581498,1.1420276962636313,0.3342099881919627,0.8623426099383985,1.6852668510118343,1.6798490981638023,1.9480066029484528,1.611697297845282,0.6549199798746376,0.1498466617652656,1.1406028142918632,1.3009747799705187,2.961914370934526,10,0.9726614793420886,0.9235502665357556,0.9851051062281443,2.5279899023757144,0.5861897511980935,0.019604613345929497,0.8511237007208741,1.81269159501193,0.5655968908936452,64.54274798875416,0.85443639430944,3.088713186191768,0.07241267785996605,0.09412436837985262,-2.4713908380206395,5,1.480957185467263,5.560104024212407,1.1249640341854783,0.3988481859998761,0.8005725256777566,1.6384323497490587,1.5528422405510394,1.9396646659044647,1.722150504443219,0.5655968908936452,0.14920497430034343,1.1226310535060104,1.2603004822960149,2.961914370934526,10,1.0387932901845525,1.0413904356123032,1.0025001561449143,0.3246559585471792,0.3778603984092194,0.33818757698413393,0.3384065414968187,0.337250431357244,0.3266475972870187,0.33313453094018364,0.333074482575042,0.33809361009557676,0.2954920043037619,0.3286778920756825,0.3285189759281393,2.159314373914423,0.6008596659871531,0.016413263644958515,0.884504555960573,1.2084610633412867,0.4900693582473825,62.827406834969246,0.2365129271590769,2.6664424531624924,0.07647426526590759,0.015646229292558753,-2.3633397827934473,5,1.480957185467263,5.02978223595594,1.1099143831578062,0.21238817316820446,0.77143215366951,1.6974272465188402,1.481442723819642,1.9203797984991797,1.8202680575673011,0.4900693582473825,0.14772152296147537,1.1072766703460402,1.2260616246926133,2.961914370934526,10,0.8644663443488521,0.782013689573647,0.9046201679056558,0.9850584516172592,0.9718804428203536,0.9866221047337138,2.2805039241512985,0.6380462334066908,0.007490280791087562,0.795937918180917,1.2084610633412867,0.5612782191297764,51.0,0.25084364104466994,2.700386699794671,1.523835523995313e-17,0.18307275495065536,-2.0501282474934297,8,2.5173139448440156,2.3695314967476206,3.5333720385620446,4.750514947288101,1.0,0.12702818173733374,0.6534855774471237,1.5640448810856604,1.3494853705570151,2.0650576189131087,1.8395252803511917,0.5612782191297764,0.15885058607023914,1.0,2.233201002444085,1.0,4.1466801193083365,14,0.9842436292803552,0.970781990428006,0.986322859044369
38,0,0,32,1781860287.5004194,1781860289.6053853,2.104965925216675,32,15.486051010914032,,1.4273870277817484,0.5034753156780678,-0.00043999108359747506,0.6418608623309955,0.967878188182127,0.5990358697036788,32.0,-0.29488777468670735,2.3511862906562206,4.163336342344337e-17,-0.08624685469700406,-1.4488063813240386,3,1.4518172822731905,3.7999926719802595,1.0,0.7595593150013573,0.9740462926540978,1.6057758390833674,1.1549713620191278,1.1857458631376157,1.1938349022929506,0.5990358697036788,0.13174954034862396,1.0,1.0,3.871512752728508,8,0.9374498501953541,0.8751369279649717,0.9812748648446167,1.3991948976007635,0.47510321842749864,0.003988092161706844,0.5776848701582276,0.967878188182127,0.6464942193019768,32.0,-0.7526407593326261,2.031418827173638,0.0,-0.21560832966348853,-1.683478101928712,4,1.935756376364254,3.71489692910235,1.0,0.5195545910174207,0.9743489224979721,1.4562681624706788,1.0972766986872275,1.1261640192243465,1.0610903377798493,0.6464942193019768,0.12512933546937183,1.0,1.0,1.4518172822731905,3,1.0537038480629013,1.0708885730682043,1.0163088756265766,0.3200417415203225,0.34176150671345,0.3333333333333333,0.3333333333333333,0.33722921458071625,0.3341082158228391,0.3333333333333333,0.3333333333333333,0.34272904389896125,0.3241302774637109,0.3333333333333333,0.3333333333333333,1.3767110017220203,0.44929792293390186,0.008345542180956551,0.5635603055555863,0.967878188182127,0.6206135196194479,32.0,-0.8555241360746311,2.0199968296994113,2.7755575615628914e-17,-0.12365005948153357,-1.5839569653713208,4,1.935756376364254,3.603953795070732,1.0,0.4394237650998769,0.9694283837576958,1.431032079697597,1.0657672254282793,1.0993769558274693,1.0444922114555952,0.6206135196194479,0.12215299509194104,1.0,1.0,2.4196954704553173,5,0.9776063402686606,0.9484107223797968,0.9701356091033121,1.0,1.0,1.0,1.7409477439359322,0.7209897682352345,0.00025727369976075344,0.860433081913153,1.935756376364254,0.3620343740557608,32.0,-0.7922969556845172,1.61015130464867,0.0,0.17630283196956942,-2.107411011852438,4,1.4338484726791005,1.935756376364254,3.06811519816998,3.717562316501108,1.0,-0.26412753981188336,0.9688402835260288,1.950249183928677,1.0288992317954915,1.0619905564319458,1.3841145906467824,0.3620343740557608,0.11799895071466066,1.0,2.2837138438220075,1.0,3.871512752728508,8,1.0,1.0,1.0
39,0,0,119,1781860291.5930498,1781860299.5306675,7.937617778778076,119,15.497781177140029,,2.259531034204019,0.36807280353049393,-0.00038419718918267747,0.5866369650432863,0.7880227717189845,1.5681884919131506,152.96756166148376,2.201901975776786,3.6354049732988196,0.01772132958289967,0.08649410522915679,-3.4393868136387393,8,1.041867642160674,7.074791786937559,1.133773211288006,0.044010086559723896,0.9163664665259545,1.015061087106091,3.5045576834965377,3.824406295423161,1.5514448817148179,1.5681884919131506,0.12748020984743869,1.1336347070869575,1.2851276491121317,2.083735284321348,16,0.9710484615307977,0.9719064572427126,0.9915315616748335,2.1182261869611723,0.3704530371165179,0.0016870965326095575,0.5633570628233003,0.7880227717189845,1.6798985784215075,152.81401527941117,1.6173067338767124,2.996222511830034,0.015364315321060227,0.032870256727209946,-3.6346875237417042,8,1.041867642160674,6.630910035571738,1.1332040367482878,-0.43167645830125023,0.924487293132945,1.0029898424572954,3.7777570711085846,4.0863266582132765,1.4857469240065975,1.6798985784215075,0.13621088860710923,1.1330998749966084,1.2839153267173296,2.2139687395914325,17,1.0367569240166243,1.0317036283206342,0.995125862601995,0.3258963193247819,0.35310416244647236,0.3335151548007774,0.33351422218197113,0.3378752655715005,0.3309499423985142,0.33334772419575626,0.3333568751040318,0.33622841510371754,0.31594589515501337,0.3331371210034663,0.333128902713997,1.974479152712904,0.36436432535658325,0.001292982592443478,0.5500846859995779,0.7880227717189845,1.7312265884327458,152.62098589449798,1.4571671002172124,2.840759630189108,0.01922044505482425,0.04244300732324124,-3.489529451288852,8,1.041867642160674,6.33028908147796,1.1324880984942294,-0.47898572590723065,0.9157314866090894,0.9935561962291182,3.8007910789697066,4.150551918929704,1.484841937453554,1.7312265884327458,0.13835173063099013,1.1323249832636255,1.2821598677229697,2.2139687395914325,17,0.9372586834024746,0.8947668386744326,0.9546636958605853,0.9994979820178751,0.9988665168827577,0.9993682176988066,2.266372550319513,0.517017672532569,0.007114272430205685,0.7162239875093056,1.3133712861983073,0.5725680329372232,119.00000000000001,1.6217460813032316,3.289871061991897,-6.530723674265627e-18,-0.08142114781355225,-2.8587998361254634,14,3.3712922098054494,1.8232683737811797,6.2961037964436555,6.148670898117361,1.0,0.5737506128487446,0.9774627877753929,1.8174264302683125,2.666715624901307,2.728201685273855,2.326372341115489,0.5725680329372232,0.09094005617579516,1.0,2.777378688311911,1.0000000000000002,4.167470568642696,32,0.9995282147882333,0.9988446685558018,0.999316131128348
39,1,59,179,1781860295.59769,1781860303.5382857,7.940595626831055,120,15.300642770113013,,1.6123385789609064,0.12683194876120907,0.0004073122811244678,0.21554511408406266,1.0200428513408675,0.7974314370700477,19.32377617826711,3.1995341753067246,0.6225692284427352,-0.0778683169327517,-0.031708723443255635,-1.7408883864223408,10,1.2750535641760845,2.363457614865076,0.4012872638799117,-1.3973431993627479,0.8549099640252903,1.0338433527617943,1.703828855252296,1.9929921593496513,1.8455866976030089,0.7974314370700477,0.06429006965644037,0.39365974314156943,0.15496799337028644,2.295096415516952,18,0.8437331751531271,0.7818441486221064,0.9511979487028633,1.1437255917689393,0.12269555696730128,0.0002488646799971327,0.18265474000431928,1.0200428513408675,0.9147564867100804,19.397586293099128,0.2897731084093027,0.6927228842079168,-0.07211956126081827,-0.029396511783084688,-1.1201371536882354,9,1.147548207758476,1.8128600378961521,0.40205292243993546,-0.581631307377147,0.863056116383243,0.987647657373156,2.003610119394726,2.3215293668169967,1.6772355412961222,0.9147564867100804,0.07488804409087087,0.3955316944646027,0.1564453213260398,1.7850749898465184,14,1.102009263279053,1.1285001775172132,1.0240387400731423,0.30954870070075285,0.3676594140779342,0.32946944739002143,0.32898579062474276,0.3411255356082248,0.28200846723297407,0.33009807711582295,0.33055020099879934,0.34932576369102236,0.35033211868909164,0.3404324754941556,0.34046400837645796,1.0936453533078372,0.1379102792033758,0.004390023379006663,0.19388636394627465,1.0200428513408675,0.6944365616804024,20.63116105046536,1.0149778717050975,0.8363704649472313,-0.07717597938363129,-0.05877879043642623,-1.4157005604176625,9,1.147548207758476,2.2520710253648937,0.41464001505789494,-0.6362435413801095,0.8505643805908545,1.075199156201491,1.9091271818177646,2.2445416542032564,1.8986253386195089,0.6944365616804024,0.07240456949042763,0.407394416129368,0.16597021029338865,2.040085702681735,16,0.7670372535957848,0.9528713403618447,1.2422751775026448,1.0019080061316197,1.0332747943427858,1.0313070541598661,2.114358985764955,0.5071155076174031,-0.017715044731769044,0.730587246179362,1.2750535641760843,0.45911759988296064,120.0,1.4356082156030148,3.003254790424642,0.0,-0.12368889504652533,-2.764774008270993,14,3.126943685471167,1.7850749898465184,5.635686869337202,5.768028798695635,1.0,0.6413439497961355,0.9679282262785771,1.7250072958430476,2.44445437206626,2.52545003410483,2.4062060555514106,0.45911759988296064,0.08146613013241387,1.0,2.6410851132244675,1.0,3.442644623275428,27,1.0047552521070462,1.034889706725382,1.0299918358775846
39,2,120,184,1781860299.6633625,1781860303.8857346,4.222372055053711,64,15.300642770113013,,1.9081177269811336,0.1956481299368344,0.01142912267097095,0.40547447620644317,0.9562901731320633,0.19987525679419096,30.896125535353704,6.611044402453828,2.8617081643976547,-0.02718175909878519,-0.07729626944656695,-1.7408883864223408,4,0.9562901731320633,4.602596550819996,0.6948035416503731,1.7609253929962108,0.6325964920521668,1.0260921383535524,0.34947436657415043,0.5524443637688259,1.7279451349881656,0.19987525679419096,0.032496727280519166,0.6942716424154145,0.4820131134621972,2.6297979761131742,11,0.9464433687084269,0.9014415498176015,0.9806675478932657,1.6292153461196834,0.1708595220026319,0.006447065733429525,0.3538069502906712,0.9562901731320633,0.25095559201815415,31.180977774744324,6.616259674089774,2.8517428700580023,-0.02967364529401458,-0.10954596813835918,-1.1201371536882354,5,1.1953627164150793,3.9718800237462375,0.6979991244481472,2.168280456154647,0.43064152453893856,0.7026819465623877,0.3117568065857093,0.7239357767913538,1.3758926762348451,0.29130338403102896,0.04258445745831493,0.6973680896810127,0.486322252505345,1.9125803462641267,8,1.1102864566436135,1.1726347708793754,1.0561551605558086,0.3046067604718357,0.36502315489285503,0.33199444851698,0.3320532546680505,0.33820076075396444,0.3150022299620111,0.33352137762001444,0.33353421014661905,0.3571924787741999,0.3199746151451339,0.3344841738630055,0.3344125351853306,1.2387435137329823,0.17807145425418724,0.010379630981988828,0.31392967705716845,0.9562901731320633,0.32535297237976796,31.36126162988706,4.9409055278217,2.618876534970255,-0.033656164766965126,-0.11422024634736733,-1.4157005604176625,4,0.9562901731320633,4.034577095387918,0.7000140805490882,1.7365912854038161,0.44592048040025206,0.7111307612971896,0.4103724957487922,0.9202817851748982,1.3653762738349,0.3699492919330256,0.05413422265734696,0.6992045305489405,0.4888869755401642,2.1516528895471425,9,0.8629650632833785,0.8765871722276244,1.0157852380401322,1.0045992609510648,1.0074992981272641,1.002886760212678,2.187836936204251,0.5195506785447634,-0.041682445406448485,0.7742036990479381,0.9562901731320633,0.5713745786268988,64.00000000000001,1.8280160132129604,2.827848138912676,-1.3877787807814457e-17,-0.029815134753850496,-3.0940385890981843,6,2.8576632736665264,1.434435259698095,5.4942696334894245,5.92188672801086,1.0,-0.42540907150372825,0.8670941207465213,1.5094836296119396,1.532943358381338,1.7679088367725946,1.8685857796580243,0.5713745786268988,0.10399463745721145,1.0,3.064223454344334,1.0000000000000002,2.86887051939619,12,1.004459993864686,1.0071051269159779,1.0026333881562717
43,0,0,118,1781860310.9903982,1781860318.9572973,7.966899156570435,118,15.38454541119682,,1.5462186711412182,0.30275125276676484,-0.00746874313250721,0.4170758899449034,0.7822650209083128,1.0846987296948307,62.95370560417713,0.5110874750410281,2.219552580695804,-0.015595064598583619,-0.059810066143488105,-1.512078226594477,11,1.434152538331907,3.731630807290281,0.7304149366602632,0.5699818812233046,0.8989297001542702,1.2715617723081,4.012188746286162,4.463295345117208,2.095952724437404,1.0846987296948307,0.14877651150390694,0.7302484328340475,0.5332627736565824,3.1290600836332514,24,0.821939172828463,0.7642499935208911,0.9591629192272398,1.5226159113945628,0.267410844689984,-0.005584677785507467,0.3971115076282556,0.7822650209083128,1.9146078979074264,76.43778019141858,2.1394847293697943,2.645547254614668,-0.02612085201536906,-0.10904409930137461,-1.5548429166181226,11,1.434152538331907,4.20039017123279,0.8048464438837764,1.0755561202055015,0.8713122964642146,1.1534476351768819,4.462231788927726,5.12127718963162,1.9485109596587158,1.9146078979074264,0.17070923965438733,0.8044224632134236,0.6470954993223519,2.6075500696943763,20,1.0270903542162977,1.1451719986781252,1.1149671438127053,0.3152324394253155,0.3029556686835955,0.30085384889589367,0.30086876703803545,0.32377219786981487,0.3410123023348818,0.3315117726367551,0.3314291189170188,0.3609953627048696,0.35603202898152264,0.3676343784673512,0.3677021140449457,1.5597960760881526,0.27334291150163353,-0.004603709508426688,0.401206540272269,0.7822650209083128,2.086395065676851,94.00314598475083,1.7176488187421715,2.825809175710947,-0.012194254866158351,-0.12927198798000433,-1.5595852072443843,10,1.3037750348471882,4.385394382955331,0.8925451419279836,1.063906759907539,0.8549840194386991,1.0674814160189168,4.479905550541192,5.239753549408175,1.8398365372450245,2.086395065676851,0.1746584516469392,0.8924618370146165,0.7964881305275038,2.6075500696943763,20,1.12561782988465,1.1751951383796673,1.044044530193785,1.1019030464571857,1.2219700024331948,1.1089632671059815,2.1755366422974625,0.4585557068414821,0.0018889728124776386,0.6535853081219464,1.303775034847188,2.0095342109404393,117.99999999999999,1.0687762033809305,2.529201889447082,3.998684622590606e-18,0.06571965294690127,-3.288869373284792,12,2.463482236500181,1.5645300418166257,11.362230288651462,5.818071262731873,0.9999999999999999,-0.21445790511037577,0.9856577457193992,1.4442619537722958,5.229729313653917,5.305826831236343,1.8699682591093358,2.0095342109404393,0.17686089437454475,0.9999999999999999,3.3545890262316935,0.9999999999999999,2.868305076663814,22,1.1015736933409244,1.2221345461174482,1.1094442010601024
43,1,58,179,1781860315.0346859,1781860323.025476,7.990790128707886,121,15.307036383509452,,3.514677327615194,0.43601875794205724,-0.012367032199406955,0.7437804887211998,1.2755863652924542,0.9433996808721221,140.1448321374179,3.7557360888631885,3.027108642978743,0.015664537997996754,-0.028908424604059266,-4.299241707808437,11,1.391548762137223,7.32635035078718,1.0762071144541838,-0.30557051702257765,0.9217244898085621,1.619225265105036,3.545214201023617,3.8462840471559363,2.3444541688347638,0.9433996808721221,0.12407367894051408,1.0760931072407767,1.1579763754511099,2.9096019571960112,23,0.9230420520949666,0.8565915418340496,0.9620248372106943,2.835947780930759,0.37310749895085943,-0.0015903313817069145,0.6325334756978557,1.2755863652924542,1.2322921406868057,118.27813869343328,2.8180576988843917,3.288568967701497,-0.007354950240593209,-0.06669863159209799,-3.2783746591356953,11,1.391548762137223,6.566943626837192,0.9886886660916703,0.27987381213117635,0.8958679772187635,1.4383141665477857,3.7045313468550654,4.13513089100008,2.193063493824052,1.2322921406868057,0.1333913190645187,0.9886613086214534,0.9774511831650847,2.783097524274446,22,0.9088015071329776,0.795669677742142,0.8755153589613469,0.3697580531057407,0.3645942240254315,0.36566875249094144,0.3656984253078848,0.3360366759370528,0.32680251437719005,0.335932132649979,0.33598568868520845,0.29420527095720655,0.3086032615973784,0.2983991148590796,0.2983158860069068,2.3193451892939088,0.3390516778797013,0.005192635053758879,0.5511219832818947,1.2755863652924542,1.07792931114774,93.32466691299548,3.495078294132001,3.2707346579573278,-0.026805936680129233,-0.01694968643151619,-2.930503499069302,11,1.391548762137223,6.20123815702663,0.878224480955966,0.2276140685981615,0.8954351629244718,1.4147189948370338,3.6956417983358008,4.127202003399012,2.2190427962206316,1.07792931114774,0.13313554849674233,0.8778152884913071,0.7705596807090767,2.5300886584313145,20,0.8963458355675833,0.8464293761709523,0.9443111604741009,0.9186788052345296,0.8160366802642556,0.8882720224027912,2.12153577898118,0.44966132102710016,0.009187767537605643,0.6373522874158715,1.2755863652924542,1.4545097638377935,121.00000000000001,1.6839954554834762,3.2108184821929595,-4.128928603977855e-17,0.03670670424644849,-3.3162716144234214,11,3.174111777946511,1.391548762137223,8.525969864045639,6.527090096616381,1.0,-0.18912571093906994,0.9539789244890099,1.4779670456938099,5.045141157078426,5.288524754129982,2.1672868891587895,1.4545097638377935,0.17059757271387038,1.0,3.35297831866987,1.0000000000000002,2.65659309135288,21,0.9187507121539806,0.8157428781809818,0.8878827165951247
43,2,118,239,1781860319.0357735,1781860327.0300267,7.994253158569336,121,15.362794258233004,,3.514677327615194,0.4669534966236737,0.022845022054547557,0.7746052893483689,1.2802328548527502,1.1958346775138786,141.25326025168675,3.7392929116377225,3.027108642978743,0.033717079745240616,-0.019881762747165774,-4.299241707808437,11,1.396617659839364,7.32635035078718,1.0804546802756896,-0.3200610975948112,0.9470967317432133,1.5195891197516946,4.198355029186084,4.432868247215518,2.173644767691334,1.1958346775138786,0.14299574991017802,1.0799284581226183,1.166245474663096,3.4280615286966207,27,0.9227292479901608,0.8415331140510515,0.9595615774622411,2.835947780930759,0.4280659235612205,0.017939480618419035,0.6751674263090681,1.2802328548527502,1.3739674229037675,125.13743550408563,2.2678948923486706,3.288568967701497,0.01748614232668299,-0.006234638895901255,-3.2783746591356953,12,1.5235829016429425,6.566943626837192,1.0169531365072568,0.2303149330891241,0.9213822348364528,1.4088543759554706,4.239717481287141,4.601475176086611,2.1318773282395562,1.3739674229037675,0.1484346830995681,1.016802791439165,1.0338879166784782,2.9202005614823063,23,0.9767912957374273,0.9376050035008886,0.9598826357200951,0.34312423477251613,0.3645942240254315,0.3557538230935388,0.35569357199431567,0.3351607658823592,0.32680251437719005,0.33484510995603145,0.3349020152034207,0.3217149993451247,0.3086032615973784,0.3094010669504297,0.3094044128022636,2.3193451892939088,0.39503324824426184,0.015305580849516309,0.5893407895908118,1.2802328548527502,1.1084337486436702,106.84222968226877,2.103350962213935,3.2707346579573278,-0.02327943772050901,-0.008231548258197953,-2.930503499069302,12,1.5235829016429425,6.20123815702663,0.9396774094005658,0.1762543261931383,0.9123009599687432,1.3560496290583857,4.359884861632615,4.7789984368557406,2.1679951964926225,1.1084337486436702,0.15416123989857228,0.9393890043625034,0.8824517015171753,2.6662700778751494,21,0.8963458355675833,0.8464293761709523,0.9443111604741009,0.9412270177290272,0.8697055291211261,0.9240124993644291,2.2198384374949653,0.46724886595676696,-0.005468165545156352,0.6530851772024996,1.2802328548527502,1.3069714484067645,121.0,1.843091831459783,3.291945443724554,-1.1928015967047137e-17,-0.07853758425767378,-3.537581366527889,13,3.3704830279822278,1.650548143446521,9.210907760245966,6.8295268102524425,1.0,-0.04254468345231624,0.966082381110386,1.6050568833297605,4.249516527074393,4.398710306868578,2.0802505304380583,1.3069714484067645,0.14189388086672833,1.0,3.459043782270215,1.0,3.047165803285885,24,0.9415464365174774,0.8698622555012273,0.9238654852952444
43,3,179,263,1781860323.1000512,1781860329.2324128,6.132361650466919,84,15.384940430776455,,2.743423130555163,0.4301789180848383,0.004746472151555301,0.7034631031189361,1.0989243164840323,0.5433791353928782,70.60918354592664,5.93110410361353,4.157961592450714,-0.02912613809290127,-0.06497487110873745,-2.680303991686611,10,1.8315405274733874,6.838265584137325,0.9168345098238223,1.2353109934821351,0.9547756300929985,1.7470815078309492,1.8996758500649797,1.989656826368667,2.0394659497301326,0.5433791353928782,0.09043894665312123,0.9163717512471026,0.8397371864836817,3.6630810549467747,20,0.8565679136797375,0.539789310240731,0.8753822199099979,3.491249220225061,0.4840864139774756,-0.0009677593046530077,0.8208353946075365,1.0989243164840323,0.42564743295135615,75.0704236509687,6.251278306759348,4.541150324511878,-0.023233259406533296,-0.03837970739989151,-2.08609148753885,10,1.8315405274733874,6.627241812050728,0.9453547057345139,1.6657509534185972,0.9421642663393539,1.763422178446028,1.8697983771634488,1.9845778957721312,2.1262199737055267,0.42564743295135615,0.0902080861714605,0.9450691695911672,0.8931557353117382,3.6630810549467747,20,1.0830516116212774,1.2697684208033673,1.1723988101569636,0.29825639024139156,0.3523400875919571,0.3220651904900563,0.3219906440675151,0.32302706412728377,0.3414671354630648,0.3320837513430456,0.33207421572181917,0.3787165456313247,0.3061927769449781,0.34585105816689815,0.3459351402106657,3.2658207991588184,0.49226696285329963,-0.00018400173996802985,0.8160279660802447,0.7326162109893549,0.44274525813337623,81.42388715238282,2.1432461102439575,3.6046176375645476,-0.007662312143724624,-0.0594421617547594,-2.3380145023216445,10,1.8315405274733874,5.942632139886192,0.9845465910302666,0.960607890294911,0.9073281482969764,1.5708352837321167,1.4964411331251934,1.6492832675079703,2.1179414928376925,0.44274525813337623,0.07496742125036228,0.9845167743019575,0.9692732788819315,2.9304648439574197,16,0.9691407463646765,0.8690262270116085,0.8966976471388645,1.0311072452063044,1.073854202127989,1.0414573334834165,3.392624315336718,0.6038487651406627,-0.017995133002782444,0.9179866924670044,1.8315405274733874,0.41856686911831803,84.0,2.815361633787357,3.681557558192529,-1.2556093730879747e-17,-0.04394986197087001,-2.8086003033074594,10,3.7255074201633986,1.8315405274733874,6.125517745869725,6.490157861499988,1.0,0.6533403181417048,0.9777950116818765,2.247283033188863,1.469916095339596,1.5032967828412587,1.8782394964319296,0.41856686911831803,0.06833167194732993,1.0,2.7646504413365895,1.0,4.212543213188791,23,1.0313163498383815,1.0743639499603905,1.0417404418428498
47,0,0,36,1781860321.4201221,1781860329.1054726,7.68535041809082,36,7.572121304029145,,3.826741122555073,0.7292187348202984,0.0004021316679212588,1.1735009545811372,0.8413468115587939,0.49699246810370784,36.0,4.659743594090581,3.623810079418555,5.0114233750441095e-17,-0.11359242983599818,-2.7146786468476938,7,1.4723569202278894,6.338488726266249,1.0,0.5132198071524863,0.7910291459401472,1.3008552377638316,1.7001003459383741,2.149225922538904,1.9549019813838335,0.49699246810370784,0.21492259225389038,1.0,1.0,2.524040434676382,12,0.9737986418019609,0.9245511384968582,0.9775788310872351,3.7284614575289767,0.7370876307903159,0.00012154000324797108,1.1708058396244323,0.8413468115587939,0.4773003719235443,36.00000000000001,4.626131229768153,3.6478607519262294,2.6599093298311043e-17,-0.09725187595019193,-2.7246446250253546,7,1.4723569202278894,6.372505376951584,1.0,0.579345915343427,0.8138367079413242,1.2757370683413694,1.7504538285586713,2.150866152236617,1.8604250447600863,0.4773003719235443,0.21508661522366168,1.0,1.0000000000000002,2.524040434676382,12,1.0082370907408376,1.0804021673719366,1.0715755027203704,0.3237671726710557,0.34019610684014073,0.3333333333333333,0.3333333333333333,0.3264340722512516,0.3420218310199341,0.3333333333333333,0.3333333333333333,0.34979875507769265,0.3177820621399252,0.3333333333333333,0.3333333333333333,3.369584111233414,0.8098845566999139,5.285032306418762e-06,1.2087822858595294,1.6826936231175877,0.5233122987737162,36.00000000000001,2.706243247032818,3.168488812905762,-3.180326372624146e-17,-0.04263627615634184,-2.7523844063461658,7,1.4723569202278894,5.920873219251927,1.0,0.2704502834340378,0.8618816865293678,1.364519768890437,1.9616161777101657,2.2759692059466046,1.8363132510374294,0.5233122987737162,0.22759692059466047,1.0,1.0000000000000002,2.944713840455779,14,1.0053666815789026,0.9341143409652599,0.929128006806688,1.0,1.0,1.0,5.558105392983821,1.0304003076918864,-0.0007870987592158762,1.4757747088262703,2.5240404346763814,0.3218783363820163,36.0,2.4535919669798316,3.270290059465008,2.7562828562742602e-17,-4.428074720592978e-05,-2.2878153335188127,9,3.270334340212214,1.8930303260072863,2.270030689259677,5.558105392983821,1.0,0.7295561372732635,0.9408862697959597,1.8594237036354262,1.3341269291181825,1.4179470696362706,2.0001271887340315,0.3218783363820163,0.14179470696362706,1.0,2.287771052771607,1.0,3.7860606520145725,18,1.0,1.0,1.0
48,0,0,119,1781860334.499969,1781860342.4589918,7.959022760391235,119,15.38652071196936,,2.2220628068470822,0.4646558974860182,-0.0003587318113100537,0.6552126736650655,1.3039424332177423,1.691963217346862,128.93364847143806,0.8035692849296159,2.125672584711564,0.0046959381825466655,-0.021140979956485277,-3.4920609310161237,10,1.2929849337789379,5.6177335157276875,1.0409015503759758,-0.5515714734160402,0.9868592908785603,1.5066140213794121,4.7691826156794646,4.832687557142678,1.9567486213310805,1.691963217346862,0.16108958523808925,1.0408909576606455,1.0834539857396956,2.5859698675578757,20,0.9586734796339489,0.9069544371134004,0.9850783503225194,1.7220159804306858,0.4294595964719611,0.0008618810491893502,0.5938441707747312,1.3039424332177423,1.6603676296378225,125.7160369537008,0.3652881229029141,2.263638092140409,-0.0005008735029660363,0.024827629285691592,-2.868070518838807,9,1.163686440401044,5.131708610979215,1.027831350623835,-0.501950935290507,0.9800854639834226,1.361004317756713,4.768438392588855,4.86532916548746,1.8841635187055652,1.6603676296378225,0.162177638849582,1.0278312285832487,1.0564370344509506,2.456671374179982,19,1.0075043178546899,0.9884746933892286,0.9811121162180411,0.3337807094932898,0.350490921821234,0.3378648333770939,0.3378631320287284,0.3362855060310913,0.3201677823528956,0.3336223948295988,0.33362407035078606,0.32993378447561883,0.3293412958258705,0.3285127717933073,0.3285127976204854,1.6963450435968896,0.40272474434943273,0.0009738508203212288,0.5672515514222725,1.3039424332177423,1.5128692605527425,121.89469584502773,0.4580792592787395,2.3164379151875525,-0.0032203815610176018,0.0012744262820955012,-2.962305471546555,9,1.163686440401044,5.278743386734107,1.0120895094646027,-0.43387724477333545,0.9759093142384767,1.3106534949845672,4.685688892796452,4.801356872439317,1.8717018615125232,1.5128692605527425,0.16004522908131058,1.0120843859633946,1.0243148043109016,2.456671374179982,19,0.9134838091931964,0.9396571360950948,1.0286522066822565,0.9874433852582698,0.9723201095233588,0.9846844123311885,2.7653061856150916,0.604891224715092,0.005351992918633435,0.7627046042073721,1.043153946574194,1.0148510060969451,119.00000000000003,0.3887134202347222,2.627083567254584,-4.664802624475448e-18,0.07626042775231336,-2.915549357980893,17,2.5508231395022705,2.1980743874241946,6.516098594408813,5.542632925235477,1.0,-0.14733122209811228,0.9710062154622452,1.6870709818981156,4.536886391807204,4.6723556652491975,2.3851058220203063,1.0148510060969451,0.15574518884163993,1.0,2.9918097857332064,1.0000000000000002,4.137551788092601,32,0.9874533168135614,0.972325082194976,0.9846795444797299
48,1,59,180,1781860338.528824,1781860346.5281477,7.999323606491089,121,15.333140799502823,,2.2927709183444938,0.35621756942850347,-0.016850730633303387,0.5332736534150166,1.0222093866335216,0.9071530202964925,111.18465555054445,2.0119582382392354,2.4915850660841214,-0.02190147865612622,-0.0030315819312212227,-3.065245965520217,12,1.5206420627606108,5.5568310316043386,0.9585830432627869,-0.7292170827509945,0.8675100721954484,1.3004465484344934,3.0762445641388814,3.5460620720560456,2.276350234720528,0.9071530202964925,0.11438909909858212,0.9583328106997178,0.9184017760636212,2.4076832660376337,19,0.9350312069209936,0.9148493540424707,0.9741516401489592,2.403763137098648,0.3648707099880532,-0.008857442912375819,0.553174262851205,1.0222093866335216,1.1684030776268501,125.12131532483616,2.025220608905853,2.63759489595264,-0.026059350003203044,0.04964891862526908,-3.326736255673535,9,1.140481547070458,5.964331151626175,1.0168876325484792,-0.7419788514659992,0.874892683583703,1.2580525804535192,3.0884187488509345,3.530054379012827,2.1812005294532226,1.1684030776268501,0.11387272190363959,1.0165536717298607,1.0333813675074612,2.787843781727786,22,1.074839512485461,1.058152220994673,0.984474620353135,0.31918373397340505,0.32086672490985996,0.32115826554845106,0.32118908402394514,0.34307128901726375,0.3443969039216251,0.34069230686089946,0.34070203903975377,0.33774497700933137,0.334736371168515,0.3381494275906495,0.33810887693630104,2.3795836917375515,0.3479262928055553,-0.004673055418543562,0.5295888825085369,1.0222093866335216,1.4515067059427622,123.26051007258208,2.332958841190501,2.472486707485991,-0.031165348800677024,0.025662803447749894,-3.324541498659026,9,1.140481547070458,5.797028206145017,1.0092977268508525,-1.0165101111066241,0.892896973031847,1.2151501428970757,3.4102909966558035,3.8193555355844717,2.0520677316933438,1.4515067059427622,0.12320501727691845,1.0088164463669447,1.0177106224604304,2.280963094140916,18,1.0733331853540606,1.0432255674456472,0.9719494204416294,1.0608237227806967,1.052905884309663,0.9925361412070621,3.828293355917092,0.4611890296827408,0.008540318790534584,0.8871233078896914,2.044418773267043,0.2167754155193601,121.0,9.540115941596856,4.985875561930221,-2.202095255454856e-17,0.036249408080588776,-3.9713674690307585,14,4.949626153849632,1.7740824065540457,6.679709667330556,8.95724303096098,1.0,0.6686334899309325,0.9711481462954836,2.0559510208758343,0.9770113756866217,1.006037420154179,2.3817332763996117,0.2167754155193601,0.03245282000497352,1.0,4.007616877111348,1.0,3.801605156901527,30,1.0607522359457082,1.0526786050770471,0.9923887684653683
48,2,120,232,1781860342.5910213,1781860350.52693,7.935908794403076,112,15.482906913646783,,2.2927709183444938,0.46210824468916184,0.007098998867597234,0.6440210343317675,0.8294414418025062,0.9927313233541635,138.404581548857,1.0572626292800242,3.0900790677938206,-0.042214300984661425,0.0666842874064143,-3.065245965520217,11,1.5206426433045948,6.155325033314037,1.1116452637422196,-0.4559446251243296,0.8168019678142365,1.2749934399692873,3.4515629987858536,4.225703579072222,2.2170702468395858,0.9927313233541635,0.1457139165197318,1.1108434386505084,1.2339731451928857,2.350084085107101,17,0.9210647629922534,0.8956977722170739,0.9539460120107445,2.403763137098648,0.46382776791755276,0.006309293546120839,0.6345867575678508,1.1059219224033416,1.1873585708904637,147.6317966121157,0.6636537101054043,2.63759489595264,-0.03053985440945223,0.1519614135082627,-3.326736255673535,9,1.2441621627037593,5.964331151626175,1.1481032362900143,-0.6298010659986901,0.8395000263006374,1.2504832518772222,3.495810986380434,4.164158280953445,2.1243591134575865,1.1873585708904637,0.14359166486046362,1.147696980248817,1.3172083584722538,2.764804806008354,20,1.0860677004352244,1.060075444161653,0.976067554294124,0.31784949191437134,0.3435526852488807,0.3252725230821419,0.3252259903812704,0.34520606676794574,0.3328925721655195,0.33594029373153006,0.3360157462985651,0.33694444131768286,0.3235547425855999,0.3387871831863281,0.33875826332016445,2.3795836917375515,0.4954515703211487,0.006878032102558328,0.6567523635873265,1.1059219224033416,1.2309275402183644,150.14457801837494,0.8538485071097783,2.472486707485991,-0.04217482014239339,0.08695152994757514,-3.324541498659026,11,1.5206426433045948,5.797028206145017,1.1578327122040457,-0.6851800035064265,0.8605152317608473,1.2901614755588389,3.6162270523661926,4.202397492681695,2.1213368339453083,1.2309275402183644,0.14491025836833432,1.1570643344238616,1.3387978739957336,3.317765767210025,24,0.968970951062022,0.9417907543095068,0.9719494204416294,1.0327964088337527,1.0415487295887373,1.0084743911579512,2.770448022572933,0.5488173790524634,-0.0022042506800082134,0.848907169407098,1.382402403004177,0.9068049301545936,112.0,2.233568058057007,3.571879619191038,-1.586032892321652e-17,0.003168414836894265,-3.088309200762515,13,3.568711204354144,1.7971231239054302,6.3676471125676,6.660188819953553,1.0,0.0814660963424892,0.9823275630587524,2.092811431199869,4.056852457803354,4.1298367371177145,2.3845392788991853,0.9068049301545936,0.1424081633488867,1.0,3.091477615599409,1.0,3.7324864881112783,27,1.0331761797531789,1.0416088299801312,1.0081618705427051
48,3,180,279,1781860346.6093433,1781860353.6629868,7.053643465042114,99,15.379045460962093,,1.755675542229644,0.3696885827237129,0.008400087202589848,0.499003192205535,0.9415742118956383,1.2271756715178543,67.54468701823465,2.1516723554184836,3.0900790677938206,0.05796363542431119,0.07363762484671602,-2.422184076263361,11,1.708782828995788,5.512263144057181,0.8259961052212983,0.1624066666367366,0.7786748365258199,1.2383550248689095,2.649676916090935,3.402802802660074,1.8733295035995705,1.2271756715178543,0.13611211210640295,0.823959818686052,0.6789097828091516,2.6408461902662177,17,0.8003014025056872,0.8232193460269217,0.83873744982226,1.0405744996159587,0.3055117753926233,0.0013615442471923357,0.387541300223747,0.9415742118956383,1.2189955862080668,53.52025400629227,0.41985127483432283,1.7599966217647813,0.05458557973071207,0.06958476410734307,-2.080354959725887,11,1.708782828995788,3.840351581490668,0.7352609239760974,-0.4072580887277046,0.7466867507393539,1.1527606124243788,2.435824246186376,3.262176868378169,1.7622544789717465,1.2189955862080668,0.13048707473512677,0.7332319147525198,0.5376290408116464,3.1068778709014326,20,0.8996259236866192,0.8645238737861083,0.9609815046717811,0.36177489400693974,0.4045109633515527,0.35748158051447415,0.3574810271829891,0.32546207318762194,0.28181969496725723,0.3182124413565946,0.31811805879936145,0.31276303280543827,0.31366934168119015,0.32430597812893136,0.32440091401764964,1.3293704654089644,0.35889029116478244,0.002969559644502937,0.47211798306523106,0.9415742118956383,0.6950914815138844,55.58962745971889,1.2752004351805626,2.3098795428938397,0.04935798247416172,0.07140143407858636,-1.9644865638839346,14,2.1748145096310028,4.274366106777775,0.7493406358139194,-0.09994542756863128,0.7550428618984238,1.4147871859520853,1.857720270701622,2.4604169702773,2.075527891799406,0.6950914815138844,0.098416678811092,0.7477132993655318,0.5590751780480894,3.883597338626791,25,0.6966923532362537,0.7754285300015124,1.1130142686359565,0.8901505943289026,0.9071963306814363,1.0191492725625655,1.9749550952792352,0.5004481180382203,-0.010898082227723482,0.6481767921179601,0.9415742118956383,1.0951936255496613,99.0,-0.3823271901475893,2.4150127817981413,1.4158147157467273e-17,0.0044964722458609935,-2.371830822858529,9,2.41051630955228,1.3980950419056448,8.240404162085822,4.786843604656671,1.0,-0.09016700021060664,0.9112740524556596,1.4147818967388492,3.0278294418195917,3.322633222860165,1.9424108725022866,1.0951936255496613,0.1329053289144066,1.0,2.37632729510439,1.0,2.951533977356361,19,0.8898879509947297,0.9074633039240814,1.0197500740511272
54,0,0,45,1781860355.8550153,1781860360.2559373,4.400922060012817,45,15.5730168955358,,2.578852775174018,0.44183383740068555,0.003834881912911554,0.7026751590389104,1.4157288086850726,0.7059710541993157,45.0,2.209607553569465,2.845525554079729,3.7007434154171884e-18,0.1175830515765236,-2.8614861494022192,6,2.0764022527381063,5.707011703481948,1.0,-0.18486865756067247,0.9401498864775891,1.5651973101864065,2.013242923845753,2.1414063361627007,1.6128817822686026,0.7059710541993157,0.1784505280135584,1.0,1.0,3.1146033791071597,9,0.9527364623206844,0.908090022969157,0.9627124378383884,2.597847548629418,0.4678730908188573,-0.00293014074355525,0.711474955854661,1.4157288086850726,0.7469198854073381,45.000000000000014,2.1750506831260967,2.866237207568425,-2.7755575615628914e-17,0.017004647338438313,-2.8595899883853706,5,1.7303352106150887,5.725827195953796,1.0,-0.13645853219234036,0.9660587372491,1.641575539504804,2.0540858463230234,2.126253577678035,1.564896110747146,0.7469198854073381,0.17718779813983623,1.0,1.0000000000000002,2.768536336984142,8,1.019041393089195,0.9876261600794314,0.969171779259595,0.3325941369693944,0.32939794106309733,0.3333333333333333,0.3333333333333333,0.3389271926705902,0.330483935766163,0.3333333333333333,0.3333333333333333,0.32847867036001543,0.3401181231707398,0.3333333333333333,0.3333333333333333,2.693197273254282,0.48094801223501876,-0.013798800522471738,0.7415513764033547,1.4157288086850726,0.6865869006923072,45.0,2.7178239816738037,3.0580862190193123,-3.454027187722709e-17,-0.04412569918760467,-2.8346589002645697,6,2.0764022527381063,5.892745119283882,1.0,0.059233971480007634,0.9756481636662144,1.721486333254005,1.9630852387004432,2.012083158465358,1.5674598458567075,0.6865869006923072,0.1676735965387798,1.0,1.0,2.4224692948611244,7,1.0032969079878298,1.0325447756990958,1.0291517570505866,1.0,1.0,1.0,2.3314426395790058,0.6229237803801785,0.010444007596247805,0.7768533118981492,1.4157288086850726,0.7267272321536513,45.00000000000001,0.6984626682359849,2.6888972764668226,3.700743415417188e-17,-0.05862529908811018,-2.2900638106636233,6,2.7475225755549326,2.0764022527381063,4.3301611083146225,4.978961087130446,1.0,0.4807781323326381,0.951935822095427,1.7414008564160914,1.917150889885242,2.0139497278977876,1.485504673376907,0.7267272321536513,0.1678291439914823,1.0,2.2314385115755133,1.0000000000000002,4.152804505476213,12,1.0,1.0,1.0
55,0,0,119,1781860367.3269956,1781860375.2958279,7.96883225440979,119,15.460620481072802,,2.2087847287682374,0.36593439587437243,0.002282358166847156,0.6024018131475114,1.3102220746671867,0.9378429240214126,134.55833384272313,1.5472707797085894,2.409147869786027,-0.05458669598585273,0.028369307692515073,-3.330837834355541,7,0.9094482635925177,5.739985704141568,1.0633636730673819,-0.7192422034148078,0.9129821571538238,1.3154342877418184,3.415790266299858,3.741354898926408,2.06326480269617,0.9378429240214126,0.1247118299642136,1.0619616724819696,1.127762593820702,2.0787388882114692,16,0.9456802104522265,0.8346064861133392,0.9600582868466284,1.9902177950143554,0.38320089770758103,0.014196226952530323,0.6191535741343457,1.3102220746671867,1.1039639874834466,140.981903873182,1.7926970821410677,2.726507159681157,-0.028220187206177774,0.06000526454196914,-3.3132386054384186,7,0.9094482635925177,6.039745765119576,1.088449301202056,-0.7974588463502051,0.9316952548293803,1.3097349088642731,3.937818334390851,4.226508951268595,1.9868402369907088,1.1039639874834466,0.14088363170895318,1.0880834077961543,1.1839255023212925,2.338581249237903,18,1.0193059073513222,0.9648569745395669,0.9465823435152638,0.3351023518415854,0.32186497792545593,0.3301348489057562,0.32988361399016797,0.34157180679944915,0.3386737768289105,0.337923002915247,0.337997967523284,0.3233258413589655,0.3394612452456337,0.33194214817899675,0.3321184184865479,2.0568771867707483,0.37760723571328186,0.02344847158297929,0.6013671960750353,1.3102220746671867,1.157718892348728,136.03562613738714,2.1149779865476157,2.777679243027177,-0.007877870425879873,0.0334208582993595,-3.276109856299144,8,1.0393694441057346,6.0537890993263215,1.0691849803298386,-0.543886827619154,0.9429325883883816,1.3168348565169399,3.7234455297834588,3.948792920761606,1.9325826098206222,1.157718892348728,0.13162643069205354,1.0691559574358036,1.14309446132047,2.208660068724686,17,1.052223137204283,1.0546697172012702,1.0023251532022834,1.023590826704012,1.005474427432399,0.9823011316641552,2.3893659170148167,0.5072286273103789,0.010572213885716523,0.7169312741046792,0.786133244800312,0.659537183670317,118.99999999999996,1.332370113012595,2.9250700396862674,1.1195526298741075e-17,0.011758761373267155,-3.3659999424310394,13,2.913311278313001,1.6889753466718187,4.802056020803534,6.291069982117307,0.9999999999999998,-0.2354562815734394,0.9588045426024131,1.6282332379382387,3.9506031061200773,4.120342500044111,2.3451367630791653,0.659537183670317,0.13734475000147037,0.9999999999999998,3.3777587038043073,0.9999999999999997,3.637793054370071,28,1.0245976253108402,1.006774524109726,0.9826047799049825
55,1,59,180,1781860371.3624718,1781860379.3562908,7.993818998336792,121,15.442860219844146,,1.9168277647892091,0.3883373497610748,0.014038457160670122,0.5520039653738723,1.0295240146562765,1.2247392125352534,135.2085008247544,1.10629607315847,2.421673302293175,0.043064779207935236,0.06636146299160997,-3.330837834355541,10,1.276269439656541,5.752511136648716,1.0570835476209357,-0.5143768961461566,0.9173927541421414,1.211391468891621,4.589879277504273,5.003178035558273,1.9908304454302106,1.2247392125352534,0.16139283985671848,1.0562059701794126,1.1155710514426345,2.552538879313082,20,0.9246152938437292,0.7854084403642908,0.9481295124804711,1.9902177950143554,0.4182107232965093,0.013929247645587199,0.6009856608381529,1.2869050183203457,1.2618933141165756,149.04313590750158,1.5591994700690677,2.726507159681157,0.049658216454536615,0.075754743070892,-3.3132386054384186,10,1.276269439656541,6.039745765119576,1.1098474912261616,-0.6164921727917227,0.9364090251959609,1.28129679889886,4.698201678077275,5.0172537338521375,2.0051031397056853,1.2618933141165756,0.16184689464039154,1.1087359989283105,1.2292955153195588,2.552538879313082,20,1.01668300138468,1.0636631627446929,1.046209252339252,0.32463883820753614,0.3217697927960854,0.3168426428018184,0.3169127471417646,0.33005478839487334,0.3378364156485138,0.3326577289169613,0.33267429004936744,0.34530637339759046,0.3403937915554008,0.3504996282812203,0.350412962808868,2.0568771867707483,0.4539844017741429,0.011956989251282227,0.6376733904652854,1.2869050183203457,1.2583434290228546,165.45956058726483,1.1396690653713692,2.8093559661854415,0.059566330503377334,0.06026189369360508,-3.276109856299144,10,1.276269439656541,6.0854658224845855,1.1693735010759896,-0.2745956529398263,0.9573326458279017,1.3115206902993621,4.728827786154509,4.939586889429658,1.9745931263410637,1.2583434290228546,0.15934151256224705,1.1678554008476736,1.3638862372890803,2.552538879313082,20,1.0499320421373746,1.05787988548421,1.0075698645510958,1.0499146389365117,1.1062261859129043,1.0536344050154707,2.5057771020023454,0.5657321088351353,0.0061282326546634016,0.7526570743592953,1.0295240146562765,0.7771029158174135,121.0,0.2712572504207853,2.4530195657871596,1.926833348522999e-17,-0.004426890404015393,-2.756723439760424,15,2.457446456191175,1.9144041594848116,5.39779324049342,5.209743005547583,1.0,-0.2732888238298942,0.9354315053569943,1.596107141529118,4.1748029346734015,4.462970202270605,2.397516693419168,0.7771029158174135,0.1439667807184066,1.0,2.7522965493564087,1.0,3.4459274870726606,27,1.0497346447871099,1.1057080094418474,1.0533214416926184
55,2,120,241,1781860375.4241867,1781860383.422865,7.998678207397461,121,15.50640415396588,,2.4231712153543654,0.36875746569954243,-0.00478594087013805,0.5532666434428448,1.0337602769310588,1.2379996846643513,108.04318754915127,1.2562072400392932,2.421673302293175,0.05481475986163747,-0.002421236050715409,-3.348470800886703,10,1.28152100445999,5.770144103179878,0.944943863605075,-0.333056591398329,0.9680372120036204,1.4568278219788515,4.842003819845225,5.001877778875215,2.175019888065346,1.2379996846643513,0.16135089609274889,0.9433526633588297,0.8899142474661975,2.3067378080279823,18,0.9466432600083405,0.8362778204005059,0.9537940061081367,2.480496946546089,0.3476280030745072,-0.00288071207824534,0.5345929249400492,1.0337602769310588,1.5425778775782373,100.85221877845079,1.5321784066618713,2.668143792055282,0.02337651029989531,0.0006574349971639805,-3.184465655525291,8,1.025216803567992,5.852609447580573,0.9129564126463844,-0.210501768132762,0.9651488037505207,1.3820481425603293,5.314436017823505,5.506338501557344,2.0872633394844997,1.5425778775782373,0.17762382263088206,0.9126570824566882,0.8329429501583542,2.3067378080279823,18,0.9370559629576065,0.9627164000876487,1.0273841031319524,0.3448546557460909,0.32531811946493366,0.33603456342293364,0.33569461242479687,0.3231481115205671,0.3299674783512529,0.32465940185840664,0.32477150642813857,0.33199723273334203,0.3447144021838135,0.33930603471865983,0.3395338811470646,2.505930370640292,0.36157316173769777,-0.0034269395525349097,0.5549453311013078,1.0337602769310588,1.5897336120185208,110.15714120052655,1.4793840516666954,2.8093559661854415,-0.0018503818666058818,0.008298558187207967,-3.304818609499422,8,1.025216803567992,6.1141745756848636,0.9541433837210037,-0.09457036748947216,0.964442084122723,1.3498376466286999,5.278859124261218,5.4734848376748095,2.033128189326958,1.5897336120185208,0.17656402702176804,0.9541415894852892,0.9103861727855141,2.050433607135984,16,1.014291730488195,1.0596225096554162,1.0446920523993652,0.9661488346655275,1.0097355202464953,1.0451138416950605,3.2430428943216776,0.5261143600989738,0.010436272296509171,0.7451372103719818,1.0337602769310588,0.7465105544084353,120.99999999999997,1.0881262071809932,2.639514071942458,-2.0185873175002847e-17,0.028363603972496744,-3.281319061540147,14,2.6111504679699618,1.794129406243986,6.402454505065097,5.9208331334826045,0.9999999999999999,-0.4605834606948372,0.9358912372202781,1.642166189667612,3.3828015896291452,3.614524268521327,2.393132755608378,0.7465105544084353,0.11659755704907505,0.9999999999999999,3.309682665512644,0.9999999999999998,3.2038025111499753,25,0.9674611817039355,1.011436789808856,1.0454546486583254
55,3,181,302,1781860379.4874182,1781860387.4854214,7.998003244400024,121,15.436920789382642,,2.1215948730801566,0.39895642645809043,0.039756544935865015,0.5710570066122862,1.0291280526255093,0.9945304774915714,133.16554352238552,0.7379534804419143,1.8061529692160876,-0.008434194006496688,0.021842485974796703,-3.348470800886703,9,1.1482007198714361,5.15462377010279,1.049067053149219,-0.6216960772071761,0.9604753451315262,1.2223929922992418,3.285505578785873,3.4207078770314094,1.9315368560925534,0.9945304774915714,0.11034541538810998,1.0490331483678896,1.100470546374647,1.9136678664523936,15,0.9821011407989779,0.9600933205565042,0.9924758592884098,2.060572696278225,0.3693811725799673,0.03976924454210195,0.5358345178238648,1.0291280526255093,1.0930470741226366,129.80725510992676,0.6673873563633195,2.0469536468424767,-0.022380699964362764,0.007302760843594927,-3.184465655525291,7,0.8930450043444503,5.231419302367767,1.0357544266443877,-0.567783690820442,0.9508610169771736,1.1688840238662364,3.501825802886466,3.6827945833965456,1.8596460643848687,1.0930470741226366,0.11879982527085631,1.035512596052095,1.0722863365825495,1.9136678664523936,15,0.9878408101126291,0.9564911299109532,0.9682644411116184,0.339635618663292,0.3279448311968315,0.3375808382165905,0.33764484606229717,0.33550592468345036,0.33283067718454096,0.33329694844913055,0.33329308195222473,0.3248584566532578,0.33922449161862767,0.3291222133342788,0.3290620719854781,1.8859264712432031,0.35820462194757063,0.03980859658002351,0.5177638627784633,1.0291280526255093,1.081321618584566,126.57580017830657,0.7963021902827299,2.0270984129979497,-0.029090688259268388,0.027270094838851424,-3.304818609499422,7,0.8930450043444503,5.331917022497372,1.02278100940971,-0.5958835742512328,0.9476225687737765,1.1677371787917668,3.4482863849665466,3.638881658790196,1.8565829469118635,1.081321618584566,0.11738327931581279,1.022367216349266,1.0452347250657472,1.9136678664523936,15,1.0148983777846983,1.034394993757429,1.0192104119973942,0.9873100327906897,0.9749434093267916,0.9874744274309224,1.7682853197645216,0.5243909020604688,-0.0001719111332919539,0.6875542054708167,1.543692078938264,0.6852051444696622,121.0,-0.5129268081005947,1.8808175427732605,-1.2845555656819993e-17,0.07538204009711803,-2.390764784716518,14,1.8054355026761424,1.7860900086889007,5.893053210271071,4.271582327489778,1.0,-0.3796753783127509,0.9490784276354691,1.65842122617324,3.420928903138774,3.6044744075172637,2.3716296616334067,0.6852051444696622,0.11627336798442786,1.0,2.466146824813636,1.0,3.0618685863238295,24,0.98711141555743,0.9745804676810156,0.9873054371787018
55,4,241,358,1781860383.4916706,1781860391.4149997,7.92332911491394,117,15.551710137726849,,4.620224647661246,0.5332152267091542,-0.005918880352772556,0.8601752472439405,1.340664667045418,0.8531196821365118,210.22228381094536,7.371045500555809,6.71675623381474,0.05188991822147944,0.021842485974796703,-3.485608825965306,10,1.3292059946775086,10.202365059780046,1.3404371139683526,1.5008293830741675,0.944773527490788,1.521462538361745,3.0566961604958394,3.235374480288498,2.1802608688034235,0.8531196821365118,0.1078458160096166,1.3394323771250174,1.7940790928907746,2.7913325888227676,21,0.987880632048179,0.9862377331302724,0.9934827741806949,4.5392295873689354,0.5063447662203088,-0.010294842990159566,0.840147991791519,1.340664667045418,0.8726794543605395,207.31564458034293,7.153592902659126,6.45995982152812,0.053945109757027564,0.007714683018347688,-3.6240556763570595,11,1.4621265941452593,10.08401549788518,1.331138079297853,1.4203819416650187,0.9433893034951197,1.4914858960573,3.00731549111544,3.1877778134369077,2.1833355174669276,0.8726794543605395,0.10625926044789692,1.330044552370363,1.7690185112900794,2.525491389887266,19,0.9926511997221334,0.9635507074592746,0.9706840708287012,0.3382718878472852,0.33313964227543413,0.3372156367110843,0.3372325386425803,0.33578599530387865,0.3292751529651526,0.3348762655727192,0.3348689404285823,0.32594211684883606,0.3375852047594133,0.32790809771619656,0.3278985209288375,4.703494698999619,0.5153624417239576,-0.00926952510791584,0.8489635025697863,1.340664667045418,0.9222951632502602,198.77768296168327,7.442031830846124,6.390718354656153,0.053057511280886316,0.05280535127121005,-3.9477915693250716,11,1.4621265941452593,10.338509923981224,1.3034395096160243,1.3126747943570785,0.9493262467335404,1.5446712142883599,3.060263205485527,3.223615923414462,2.1772036282955307,0.9222951632502602,0.1074538641138154,1.302359188444087,1.6961394557247411,2.7913325888227676,21,0.9883997914991861,1.0133444415489397,1.0252374092591803,0.9930626848707809,0.9723988511159638,0.9791918132967549,2.6966570679003223,0.5341543151187839,-0.01865399751172559,0.7975814576406584,2.145063467272669,0.6902135876964081,117.0,3.770158052580003,3.8555526135666534,1.3284719952779651e-17,-0.006552848067547276,-3.5370213694057395,14,3.8621054616342008,1.8608883925485118,6.178979845893451,7.392573982972393,1.0,0.563059348715255,0.9520361491495573,1.9498238977880693,3.1903726950553297,3.351104575078638,2.4346205993764882,0.6902135876964081,0.1117034858359546,1.0,3.530468521338192,1.0,4.120538583500276,31,0.9929911917055457,0.9723217167853558,0.9791846341711367
55,5,302,420,1781860387.569772,1781860395.5551527,7.98538064956665,118,15.808889877239336,,4.620224647661246,0.4041388360105675,-0.0034126707419102967,0.7571097708340364,0.803841858164712,0.4056681952263607,154.61520523256038,15.769930935173278,6.71675623381474,-0.019369405420687748,-0.06936035249790637,-3.485608825965306,11,1.4737100733019721,10.202365059780046,1.1446826413589393,2.792625761459886,0.9594334671332131,1.5999855102901062,1.932631785305669,2.014346853128203,2.2452880300239473,0.4056681952263607,0.06714489510427343,1.1445187528223935,1.309923175562127,3.7512620047686562,28,0.97298464102728,0.9687308579258214,0.991091921469941,4.5392295873689354,0.39974149485034605,-0.0043283830389601605,0.7522667102764262,0.803841858164712,0.5553104294360679,157.09624843404578,14.185604654625681,6.45995982152812,-0.005650344816052595,0.001111651875901965,-3.6240556763570595,10,1.33973643027452,10.08401549788518,1.153830203830518,2.534381423593138,0.9629751680426688,1.499265817315487,2.0374350282325,2.1157710975805997,2.2034714311813866,0.5553104294360679,0.07052570325268666,1.1538163687844933,1.3312922128750337,3.483314718713752,26,1.0526730385694851,1.0689079657472715,1.015422573375536,0.32035048862006943,0.33313964227543413,0.3316022348180242,0.3315745294710027,0.33722432226290777,0.3292751529651526,0.3342521851615638,0.3342681093098939,0.34242518911702285,0.3375852047594133,0.33414558002041206,0.33415736121910344,4.703494698999619,0.4279662190026071,-0.004278724238767475,0.782460102146722,0.803841858164712,0.4585058859932586,156.99605703469754,13.415320002403199,6.390718354656153,-0.00805327137913831,-0.023514359237155016,-3.9477915693250716,11,1.4737100733019721,10.338509923981224,1.1534622055429822,2.2090220557887426,0.964661200192872,1.6167597571601335,2.1409831435592164,2.219414591497153,2.2784044045588483,0.4585058859932586,0.07398048638323844,1.1534340919342443,1.3304102044361745,3.483314718713752,26,0.9883997914991861,1.0133444415489397,1.0252374092591803,1.00799135248589,1.0076698674958677,0.9996810637420358,2.379721453504779,0.5618262888176893,-0.002942184330198766,0.7639688048636882,2.143578288439232,1.0968032627565576,117.99999999999999,1.4194385438174892,3.362246525170815,-4.375031410599134e-17,0.03343254381221028,-3.1614850658091265,16,3.328813981358605,2.143578288439232,5.742893181118818,6.523731590979942,0.9999999999999999,0.30506706729426514,0.927964834460299,1.7928513314879855,5.316805446629186,5.729533328406157,2.3804244074947487,1.0968032627565576,0.19098444428020525,1.0,3.1949176096213368,1.0,4.01920929082356,30,1.0081236029896163,1.0077895963607983,0.9996686848439741
55,6,361,479,1781860391.65649,1781860399.639826,7.983335971832275,118,15.238106310240472,,0.8327281378966742,0.147267936304435,-0.005499932157161593,0.21938543016346596,1.2913649415458026,0.8696157621143116,10.496245722881678,1.9379936137571692,0.7937645320680955,-0.04215580776940407,-0.02611116516227227,-1.0838260549662369,13,1.6787744240095435,1.8775905870343323,0.2982469361781865,-0.2473144415709241,0.9792229879178064,1.892335539485759,6.028902521921754,6.156822905823986,2.3907253018200434,0.8696157621143116,0.20522743019413286,0.2952526423437804,0.0871741228109843,2.7118663772461855,21,0.7653472162898382,0.7624102280590463,0.9579989262240475,0.8201093350059507,0.13283500126156142,-0.0025947497258253208,0.2038603544417705,2.3244568947824447,1.1589342907264173,9.54540168066332,1.1700180363523591,0.8438913444483506,-0.030870046857818034,-0.015528781573484678,-0.8839667243699472,14,1.8079109181641237,1.7278580688182976,0.2844173598462171,0.030415430309427817,0.9656612939601794,1.9917313741022105,5.165537375980503,5.34922276401555,2.278069703063907,1.1589342907264173,0.17830742546718498,0.28273711250716393,0.07994027478888867,3.2284123538645066,25,0.9463247096407744,0.9823723040187762,1.0380922045158107,0.34144877238443005,0.3428309074696269,0.33989664870260006,0.3388142442490741,0.3231214103838947,0.3154911160091273,0.3241357939275326,0.3244521719935698,0.3354298172316752,0.34167797652124576,0.33596755736986733,0.3367335837573562,0.8650663876674405,0.13810060146120562,-0.0015115769003524898,0.21434173196073023,2.3244568947824447,1.3144722430507545,10.254982127778682,1.6387260762796334,0.9566588619169344,-0.02828235494041824,-0.02723441151182981,-0.9146174394184844,12,1.5496379298549632,1.8712763013354188,0.2947993015621208,0.160803349280128,0.9664526846837646,2.013187095032047,5.179914193886313,5.359718355566725,2.1851348026410635,1.3144722430507545,0.17865727851889085,0.2934394939345051,0.08610673660053846,2.970139365555346,23,0.9202528393303578,0.9966370273996276,1.0830034799184673,0.9536304496227683,0.9884403351791486,1.0365024895861392,2.494231249902645,0.5306591292179584,0.008016059382195783,0.7266942020771137,1.033091953236642,0.7304334068981053,117.99999999999999,0.5763406056309237,2.129629212081736,2.2110373795501e-17,0.09916772446506822,-3.4146591409515614,16,2.0304614876166682,2.066183906473284,5.8130620120059495,5.544288353033298,0.9999999999999999,-0.3763892967499781,0.9573104105294151,1.6096925853314912,3.608691098655919,3.7696143894018954,2.3869306861593382,0.7304334068981053,0.12565381298006317,0.9999999999999999,3.5138268654166303,0.9999999999999999,3.0992758597099264,24,0.9576107778841014,0.9938589934542765,1.037852764826089
55,7,422,536,1781860395.708416,1781860403.680773,7.9723570346832275,114,15.063582818560551,,0.752393576060282,0.13267350951697898,0.0038195132682907426,0.19847773162908844,0.7928201483452921,0.39988419879074333,11.855158946047355,1.4907472526598422,1.0341794575801095,-0.020897362744642402,-0.04917336952861498,-0.8183289375366688,10,1.3213669139088202,1.8525083951167782,0.322478871143132,0.7412535494797576,0.881724249361364,1.364507260490276,1.489245937414031,1.689015515329988,2.2577665004100314,0.39988419879074333,0.05824191432172372,0.3218010605390659,0.10355592256406754,2.3784604450358766,18,0.9243123461504573,0.9279421156197051,0.9713974525204369,0.8317512544001762,0.12211278160026065,0.005714406506443058,0.18942188112666664,0.7928201483452921,0.3787224191892057,12.032461535042236,2.633197208324315,1.1314297601300078,-0.024354702937757974,-0.04677625269839343,-0.9649584776822662,10,1.3213669139088202,2.096388237812274,0.32488137558518937,0.6520445830502002,0.8107184174522547,1.0847288481455117,0.8110560627199886,1.0004164766218029,1.9111234844134342,0.3787224191892057,0.034497119883510445,0.32396721538905515,0.10495475664693846,2.6427338278176404,20,0.9484864361369985,0.9424417996317641,0.9936270712211205,0.3459096589210481,0.3098301755584206,0.3314712519448212,0.3316063898788853,0.3280906196153896,0.35061883523558346,0.3339407506514769,0.33383854781062205,0.32599972146356226,0.33955098920599586,0.33458799740370193,0.3345550623104927,0.8355887818701602,0.1261469874433634,0.005747871105562003,0.19187184163085252,0.7928201483452921,0.22661291672817507,12.079149571710252,2.894760937572178,1.1077584927770712,-0.023487985523796412,-0.04483254203320043,-0.9224538870874834,10,1.3213669139088202,2.0302123798645546,0.32551106338099056,0.6979101288450299,0.8984272543492698,1.5081561908855763,0.9808615924845916,1.0917540487961142,2.3790209002018012,0.22661291672817507,0.037646691337797036,0.3246625431420403,0.10540576691945718,2.5105971364267585,19,1.1316484412909351,1.0959261427458062,0.9684333957069047,1.0074501142773817,1.009402762503819,1.0019382083527164,3.3557239628559827,0.45359884050200816,0.011018086255664892,0.6976287290432202,1.0570935311270562,1.1215072818634848,114.00000000000001,3.124019652403616,2.0935588887456156,-3.518140944261735e-17,0.10302272809813748,-4.516982203302756,13,1.990536160647478,1.7177769880814664,5.333038717731539,6.610541092048371,1.0,-0.9258241158888424,0.9780927836952948,1.689436063491465,5.9649308550024545,6.098532730674669,2.313801780412991,1.1215072818634848,0.21029423209222997,1.0,4.620004931400893,1.0000000000000002,2.6427338278176404,20,1.0067313477661033,1.0088920856823187,1.00214629048853
55,8,480,597,1781860399.7634096,1781860407.7587218,7.995312213897705,117,15.280491825675123,,2.407020278560177,0.39022206020313005,0.0025645698981333464,0.6164802586991717,1.0538270224603532,0.957472369073835,143.43614405866634,3.737001053944753,3.7920905428232023,-0.008618462857069506,-0.04244669516521934,-3.907896752015466,9,1.1754224481288555,7.699987294838668,1.107226241207898,-0.15055396732564388,0.9672833945001625,1.2986471204581254,3.4556474642863604,3.572528468838281,1.8194214104612811,0.957472369073835,0.11908428229460936,1.1071926983670692,1.225875671317352,2.6120498847307903,20,0.9703609771540371,0.9150698323311333,0.9802089849385417,2.5297608370968727,0.394961096248879,0.00045987416425491374,0.6235496092640936,1.3172837780754416,1.2191521966356353,145.95022785264004,3.631087755327491,3.6359981518460454,-0.009077774693009405,-0.04730345328870715,-4.072589314965356,9,1.1754224481288555,7.708587466811402,1.1168875703912007,-0.3123428331313047,0.9856158606593725,1.3321316393015485,3.4917186169915455,3.5426769762568573,1.65061728538258,1.2191521966356353,0.11808923254189524,1.1168506788738513,1.2473554389009822,2.350844896257711,18,1.0238748351480518,1.047028120102002,1.0226133939023927,0.32563712190591615,0.335227167321656,0.33124174175867366,0.3312417142825966,0.33341165450950594,0.3356015849899593,0.3341320593715311,0.334131117386765,0.3409512235845778,0.32917124768838474,0.33462619886979517,0.3346271683306384,2.508970114830173,0.3991935394757575,0.003009402289147071,0.6289694261708368,1.3172837780754416,1.368891229934724,146.3822312979667,3.2750459097699576,3.4689520683710606,-0.008267223895009826,-0.0625280975230003,-4.091934017555115,9,1.1754224481288555,7.5608860859261755,1.1185393073262573,-0.33904464572976417,0.9849521428292068,1.353088589457859,3.6059080299977975,3.660998208136363,1.6350796880452558,1.368891229934724,0.12203327360454544,1.1185087550140023,1.2510618350429734,2.350844896257711,18,1.0011169072939248,0.9819348781256129,0.9808393714774412,1.0087257046696825,1.010217483742092,1.001478874847249,2.5831104852684197,0.4157644835420388,-0.02480595039608414,0.5729792253627277,0.7903702668452649,1.0797278516023094,116.99999999999997,0.8324537989479714,3.3496174544716975,-1.518253708889103e-17,-0.021445504847913757,-2.9884533102995348,9,3.3710629593196115,1.1754224481288555,8.909011279372528,6.338070764771232,0.9999999999999999,0.126382744546304,0.9053549382334445,1.2768788103587003,3.291735452147236,3.6358507731455783,2.0554967369167843,1.0797278516023094,0.12119502577151928,0.9999999999999999,2.9670078054516216,0.9999999999999998,2.6120498847307903,20,1.008722944543462,1.0102204942857935,1.0014845996618122
55,9,536,656,1781860403.7677853,1781860411.689771,7.921985626220703,120,15.326137318668469,,2.407020278560177,0.5011232267248279,-0.00587906494212994,0.6993760205029729,1.5326137318668471,1.2490260576911505,172.57037760455842,2.128727673857286,3.7920905428232023,0.0007621837311833672,-0.02886426109930263,-3.907896752015466,11,1.404895920877943,7.699987294838668,1.1992024349700041,-0.11182361560773336,0.9851014255525739,1.3816029624719217,4.497612109344003,4.565633540547516,1.906867034220918,1.2490260576911505,0.1472785013079844,1.1992021927573127,1.4380858991139467,2.682074030766982,21,0.9634988263449307,0.8932056807529333,0.9728965509820988,2.5297608370968727,0.46896682598655737,-0.006870156930620715,0.6671580991238819,1.2771781098890391,1.2055753523533215,160.10587731208346,2.7750623269601347,3.6359981518460454,-0.003186270061893115,-0.06566015287609189,-4.072589314965356,11,1.404895920877943,7.708587466811402,1.155082527037511,-0.2546006562581856,0.9925062235142305,1.3766034211841547,4.442015112630016,4.475553913306345,1.777235226832963,1.2055753523533215,0.14437270688084983,1.1550781324007717,1.334205491950455,2.93750965274479,23,0.9461578537241383,0.9370764050153578,0.9904017615316141,0.34683272681325034,0.335227167321656,0.34352083443023185,0.34352224081388366,0.3281585084029153,0.3356015849899593,0.33088234475910794,0.33088250734855845,0.32500876478383434,0.32917124768838474,0.3255968208106602,0.32559525183755783,2.508970114830173,0.45027294762533115,-0.005887800704889649,0.6519391139429253,1.2771781098890391,1.3447500539258295,155.0316598223624,2.8001752189336946,3.4689520683710606,-0.004852945686122393,-0.1145896507975053,-4.091934017555115,11,1.404895920877943,7.5608860859261755,1.1366312060293289,-0.2916928903605725,0.9866937351112709,1.3847184534299195,4.335006928977991,4.39346757227472,1.7715377155736844,1.3447500539258295,0.14172476039595872,1.1366208459454958,1.2919069474378546,2.682074030766982,21,1.0011169072939248,0.9819348781256129,0.9808393714774412,0.9632089573487259,0.9478226301781647,0.9840259716719073,2.5991849430257328,0.49131776395205584,-0.008484054076009035,0.6700287389822338,1.5326137318668471,0.8357490089194078,120.0,0.5301991528486982,2.706219410026366,-1.4802973661668754e-17,-0.005921694634504119,-3.0832184673248313,11,2.71214110466087,1.404895920877943,5.263675730659239,5.789437877351197,1.0,-0.2664331496768601,0.9347503105101557,1.5217259247550945,4.6009133640992745,4.922077385123573,2.37989832684574,0.8357490089194078,0.1587766898426959,1.0,3.0772967726903273,1.0,2.93750965274479,23,0.9632054872622547,0.9478141824708274,0.9840207463568604
55,10,597,717,1781860407.805386,1781860415.742002,7.936615943908691,120,15.326137318668469,,2.651337451340046,0.44659926683763634,-0.004090753994243038,0.6217868742254526,0.7663068659334236,0.9003185647131282,140.50417093250948,1.728749906829509,2.924181807751746,0.044849933008925064,0.019308951444868216,-3.8240009435368982,9,1.1494602989001352,6.748182751288644,1.0820665834893182,-0.413245634165219,0.9378325209115926,1.3291127099466076,3.913440009605883,4.1728559442595765,2.064746025450497,0.9003185647131282,0.13460825626643796,1.081136704868233,1.1688565746133406,2.2989205978002705,18,0.9673666825257866,0.9243106045474825,0.9839389715074076,2.798970543681962,0.43522443890892976,0.0003265378993120914,0.6033811640407722,0.7663068659334236,1.1766306855410238,144.90187026656974,2.2684439815028794,3.3207028676749655,0.027478611517782303,0.018318054662258006,-3.9496977915007294,11,1.404895920877943,7.270400659175695,1.098870140441876,-0.4195277429418743,0.9321738393182917,1.2250013558976354,4.023829585575047,4.3166085721926235,1.9585013673863687,1.1766306855410238,0.13924543781266527,1.098526518325253,1.2067605114638025,2.5543562197780783,20,0.9904071236957052,0.9575477870894394,0.9668223947303095,0.3392182140715526,0.31381579710632596,0.33035373341446916,0.3302350001216704,0.3359641357038004,0.3381008876361398,0.33548384080214905,0.3355467474920409,0.324817650224647,0.34808331525753433,0.33416242578338173,0.3342182523862887,2.820801291073713,0.404913835700243,0.0007255589914285672,0.5767998663546431,0.7663068659334236,1.284693356337332,143.76262962784972,2.8938946947806077,3.4240882666199677,0.028250432698628293,0.015585495878813794,-4.06097094866359,11,1.404895920877943,7.485059215283558,1.0945418738291444,-0.4946137428589263,0.927344198468169,1.166656091872919,4.007230760024877,4.321190305222387,1.888604398816211,1.284693356337332,0.13939323565233505,1.0941772372964786,1.1972238266177544,2.5543562197780783,20,1.0773864501205643,1.109196281599546,1.0295249967877562,1.015529133982099,1.0115291337244676,0.9960611664168151,2.610268913241853,0.5567726818204967,0.017348621174928667,0.7346732285629005,1.5326137318668471,0.5484465151475376,120.00000000000003,0.15852949980822562,2.5218795874880415,-2.960594732333751e-17,-0.04412342107833461,-3.027886148150161,14,2.5660030085663763,1.7880493538446547,4.952169645061426,5.549765735638203,1.0,-0.136906372408748,0.9554155488075248,1.6482351736644782,3.280142915196425,3.433210731487931,2.4354512968858346,0.5484465151475376,0.11074873327380423,1.0,2.9837627270718263,1.0000000000000002,2.93750965274479,23,1.016084749855144,1.0120618718886571,0.9960408046995488
55,11,657,761,1781860411.807948,1781860418.6765077,6.8685595989227295,104,15.143149070139398,,2.651337451340046,0.38885148619615273,0.004301880460198843,0.5640344215009696,0.8736432155849653,1.0087697566530904,114.3356938482284,2.4582367958703575,2.924181807751746,-0.0012081025089764415,0.0012623655120821663,-3.8240009435368982,8,1.1648576207799537,6.748182751288644,1.0485140302435543,-0.4823726619820488,0.8700578326735262,1.2041851666851964,2.461639546491429,2.8292826684029353,1.8498231005770076,1.0087697566530904,0.1047882469778865,1.0485133342527926,1.0993802121059084,2.038500836364919,14,0.9670020801841425,0.9528075160156477,0.9905402257549533,2.798970543681962,0.35447318690965834,0.012122226688763177,0.5637435600378183,0.8736432155849653,1.0627849724949094,124.0478574038482,2.98435695407691,3.3207028676749655,0.007118083722849837,0.01759840431628104,-3.9496977915007294,7,1.0192504181824595,7.270400659175695,1.0921391210154439,-0.49413980117743805,0.8504628135448878,1.1518947750950144,2.2512262139340877,2.6470601395851237,1.7667401885908833,1.0627849724949094,0.09803926442907865,1.0921159244954268,1.192717192536501,2.3297152415599074,16,0.959335091063816,0.9870181480183721,1.028856504064558,0.33940261701665747,0.31381579710632596,0.3220790868450132,0.3220853623332611,0.32560084050297255,0.3381008876361398,0.33547969856222337,0.3354793322697289,0.3349965424803701,0.34808331525753433,0.34244121459276333,0.3424353053970099,2.820801291073713,0.36279667557812695,0.01052784403755697,0.5629996055957354,0.8736432155849653,1.0721871356367603,129.24948957681008,3.167896626320066,3.4240882666199677,0.009641941260469168,0.04562823903526511,-4.06097094866359,8,1.1648576207799537,7.485059215283558,1.114802024407551,-0.5356552584082908,0.833234784927188,1.117055072962019,2.150785386814359,2.581247717595353,1.7291503537190225,1.0721871356367603,0.09560176731834641,1.1147603269725306,1.2426905865919031,2.3297152415599074,16,1.0773864501205643,1.109196281599546,1.0295249967877562,1.0416065875263072,1.063220893809689,1.0207509308622107,2.149672471259721,0.6378584163994808,0.031858783036163484,0.825717919296017,0.8736432155849653,0.4328657858996336,104.00000000000003,0.7388432135829017,3.2274238637114796,1.2810265668751807e-17,-0.11322591870815961,-2.88186530698783,15,3.3406497824196393,2.184108038962413,4.177639712600878,6.109289170699309,1.0,0.15655113525267741,0.937754484046496,2.1012196786019457,2.6234644943937426,2.7976027190755244,2.397527735126962,0.4328657858996336,0.10361491552131571,1.0,2.7686393882796705,1.0000000000000002,3.3489656597423667,23,1.0415851556849365,1.0631818314136634,1.0207344311800652
56,0,0,116,1781860387.8891954,1781860395.8891647,7.999969244003296,116,15.778262635990188,,3.2082576050417453,0.428984112866602,0.0025127507493204505,0.71172371333569,1.0881560438613924,0.33451905892826045,142.46217265989426,9.074346239822543,4.312067928512279,0.006578651732355693,-0.03167792697819764,-5.237579067178953,13,1.7682535712747627,9.549646995691234,1.1082067397839344,-0.7854858259685111,0.9406482362823133,1.5644242892835112,1.5115956167290265,1.6069722542650438,2.1885253693679148,0.33451905892826045,0.05356574180883479,1.1081872131747061,1.2280788994439216,3.6725266480321994,27,0.6882298236557403,0.10581330616211351,0.4739717989635686,2.9368351641089223,0.46846742146277254,-0.0010591121745037498,0.7976607563340805,0.8161170328960443,0.6390144497505021,138.89824218817918,5.25346098016816,4.400441644256733,0.01723098361078584,0.01766755429327562,-4.407699775469852,14,1.9042730767574365,8.808141419726585,1.0942571176616895,-0.007105458856224093,0.900332760115756,1.6027429166619653,2.333450564200566,2.591764587018419,2.331871984849568,0.6390144497505021,0.08639215290061397,1.0941214433311661,1.197101732757074,2.992429120618829,22,1.0831230778706449,1.0742000980047302,0.991761804315483,0.3167239919058168,0.3674477323961165,0.3364715063747108,0.33653807920813766,0.3430510649485055,0.33891635918721974,0.3322361501001723,0.33226653816394186,0.34022494314567775,0.29363590841666376,0.33129234352511694,0.3311953826279204,2.5336300856477236,0.3798646230428848,0.0005849014071329172,0.6221451980731739,0.8161170328960443,0.6099640770385525,138.1102071020035,4.776645935829858,3.981024105001473,0.034777210789593734,-0.016328627377698145,-3.6503177796052855,17,2.312331593205459,7.631341884606758,1.0911485845832185,0.7107124585952909,0.8876679125582506,1.3680922116189074,2.2615721144268037,2.5477682390354452,2.1652174031855425,0.6099640770385525,0.08492560796784818,1.0905942321723774,1.1893957792476573,2.992429120618829,22,0.9223525669274254,0.7991229296800177,0.8663963849985101,0.9874124370287041,0.9846074251415926,0.9971592297383328,2.767347308851109,0.4642708250332458,-0.0038229192138636878,0.7072131328850461,0.8161170328960443,0.8956328404226107,116.0,3.160757573792261,3.6268429618330322,3.6369374944617196e-17,-0.007064040301007607,-3.044262078565662,15,3.63390700213404,2.040292582240111,7.490107387337527,6.671105040398695,1.0,0.324963300102695,0.8505660065173161,1.5523760966877032,3.051203977416453,3.587263015494537,2.2658023164873837,0.8956328404226107,0.11957543384981789,1.0,3.0371980382646546,1.0,3.944565658997547,29,0.987307406477607,0.9841245406974795,0.9967762160404701
56,1,56,173,1781860391.918858,1781860399.888539,7.969681024551392,117,15.139404899195258,,1.1835479156507427,0.22092299218176004,0.0072464824712872335,0.30353398959017097,1.5661453343995095,0.9318873642063782,18.851132752141698,3.7889105629359534,1.7640879979861375,-0.027865891383519945,-0.06284801321939876,-1.1649264084293707,16,2.070345969120719,2.929014406415508,0.40139854602794445,0.7137787175436211,0.9876074293804908,1.7559865229224854,4.753649564844931,4.813298709009119,2.208318006430416,0.9318873642063782,0.16044329030030396,0.4004301248042531,0.16034428485074972,4.270088561311483,33,0.6959297164974458,0.6831501242729026,0.853225928991005,1.298784074138585,0.2590291411177518,0.006155674954695149,0.3412960190047809,1.5661453343995095,0.7956518430980201,26.68614038183327,1.0121263613843636,1.3809591979606042,-0.025800342898510093,-0.04914421197576883,-1.5138429294973228,16,2.070345969120719,2.894802127457927,0.477584201926947,-0.0379718134497415,0.9875633483053803,1.7113166921453915,4.144914189384957,4.197112212089954,2.2367718482033574,0.7956518430980201,0.13990374040299847,0.4768867918453164,0.22742101223651814,3.623105445961258,28,1.2764042689611446,1.213053230518302,0.9503675755531565,0.28657749812089095,0.310907290582032,0.2911528285810599,0.2922189547614504,0.3657887419897096,0.30727574580982464,0.34641378911965054,0.3480141758083321,0.34763375988939943,0.3818169636081434,0.36243338229928956,0.35976686943021735,1.3237473242134785,0.2429234166531982,0.014786035054417139,0.34128073738629033,1.3051211119995911,0.7624131596722941,29.211362112830578,2.882857270332476,1.8411340636491778,-0.081418892076437,-0.029696994046141727,-1.7559105245574311,15,1.940949346050674,3.597044588206609,0.4996696525186662,-0.1808256555803353,0.9867498377175822,1.6813255534490925,3.6678914117765156,3.717144175326739,2.1966706905583457,0.7624131596722941,0.12390480584422464,0.49299160810420506,0.24304072566117008,3.493708822891213,27,0.9883195252018411,1.2280733684094878,1.242587378974105,1.189800527811824,1.2448217799071957,1.0462440979048495,2.1114732707908166,0.6922637623992759,-0.0194878970956577,0.8700216471573776,2.6102422239991823,0.7493168299930927,117.00000000000003,-0.28330315085464486,2.49824614043728,-2.4671622769447922e-17,-0.13478635016311288,-1.998581110995348,19,2.633032490600393,2.4585358383308535,6.400753796023568,4.496827251432628,1.0,0.3397648461829604,0.9638581879918531,2.1300218728937343,3.3850786251345566,3.5120089939653742,2.3921467239755247,0.7493168299930927,0.11706696646551247,1.0,1.8637947608322352,1.0000000000000002,4.787675053591663,37,1.190936351450677,1.2311551443468443,1.0337707324553296
56,2,116,231,1781860395.9564433,1781860403.9543347,7.997891426086426,115,15.139295608153837,,1.1835479156507427,0.2939242191780344,-0.00345111242265047,0.3754046165945087,1.5936100640161934,0.9813877593869386,23.988122403307997,1.6946963109691993,1.7640879979861375,-0.02905919193677458,-0.04584186933404418,-1.1649264084293707,15,1.9746907314983264,2.929014406415508,0.456719135491844,0.39467301498770857,0.9853208916540084,1.8978530063960173,5.001889813842026,5.076406941342334,2.320768453194865,0.9813877593869386,0.17504851521870118,0.4557937385357538,0.2077479320883991,4.344319609296318,33,0.6044244550177141,0.6744043615597992,0.8691652490637438,1.298784074138585,0.3407568375345844,0.011202893592985484,0.434524854270317,1.062406709344129,0.8436484986074535,47.23709922326335,0.02734653734808301,1.6274871637947774,-0.0326319688567858,-0.07866825872277206,-1.5138429294973228,14,1.8430446827317715,3.1413300932921002,0.6409035688386484,0.24801406036216658,0.9778464312173459,1.5000289189650644,4.049209069247056,4.140945796781293,2.115471682683216,0.8436484986074535,0.14279123437176872,0.6400722921347602,0.40969253915864584,3.817735414230098,29,1.4603191614850244,1.3366998247184336,0.9153477266977171,0.2633644982112334,0.31008019119401115,0.2676858985693287,0.2679149449299633,0.3845962231927526,0.3325569972609193,0.3756375294766402,0.37623363025867435,0.3520392785960139,0.3573628115450695,0.3566765719540311,0.35585142481136234,1.3237473242134785,0.3333643489852129,0.0015165200173156079,0.42930840739921644,1.3280083866801613,0.9844252190177717,42.58870522961762,0.3421500099890529,1.8411340636491778,-0.06189731409237488,-0.04073045824504377,-1.5345115050087244,13,1.7113986339652163,3.375645568657902,0.6085528466896414,0.13509508045599977,0.9862496831864219,1.5936588060730652,4.204959494915845,4.263585141371365,2.1780705743331334,0.9844252190177717,0.14702017728866776,0.6053968035282448,0.36650528972221613,3.817735414230098,29,1.0724870749735989,1.1524851367286295,1.0745911662916776,1.403277242037286,1.3324443829888726,0.9495232610303165,2.0831459261614653,0.650691993425534,0.03335022388568473,0.7874416725365946,1.5936100640161934,0.42409779912552564,114.99999999999997,-0.06914864317610814,2.83253235297845,7.723290606088046e-18,-0.06531901631632163,-2.3582938158023055,17,2.8978513692947723,2.2379828290314365,3.311377465697325,5.190826168780756,0.9999999999999999,0.3864687337347062,0.9741978037638686,1.9803047723233536,3.6182825166574677,3.7141148365126955,2.4850653853126716,0.42409779912552564,0.1280729253969895,0.9999999999999999,2.292974799485984,0.9999999999999998,4.607611706829428,35,1.4043025123403514,1.328225362360382,0.9458256683930713
56,3,174,292,1781860400.0331137,1781860408.018793,7.985679388046265,118,15.321826357914425,,2.7847680920558235,0.5461232649392468,-0.026580400420660257,0.7550456854272548,2.0775357773443286,0.29865292589427517,106.3055060262316,3.830644873139895,3.5108656229208215,-0.017257851243281854,0.03325070365457204,-3.7384416170173433,18,2.33722774951237,7.249307239938165,0.9491544230873971,-0.3787575103537473,0.9752803906952032,2.00819136701038,1.5368090901333498,1.5757612936705059,2.3568320533585467,0.29865292589427517,0.05252537645568353,0.948997516033016,0.9005962854368343,4.54460951294072,35,0.4092336457496926,0.5823803168293065,0.8354698428248559,1.9126551973225425,0.419355380199121,-0.02109885853629217,0.5640451492067393,0.7790759165041232,0.6772475478575014,103.27116709823876,1.9271963366094864,1.6274871637947774,-0.030907216508423114,0.1558096879258643,-3.366133970777389,13,1.687997819092267,4.993621134572167,0.9355102255926785,-1.0826452273553187,0.9564815382072712,1.4969143329153722,2.5413535326783236,2.6569812705863307,2.1708410580215767,0.6772475478575014,0.0885660423528777,0.9349995327037152,0.8742241261561657,3.1163036660164933,24,1.0868046949884191,1.0000260365345832,0.9201524810722678,0.32395686287165243,0.3878218694844758,0.33812821674576,0.33826143546702814,0.3520778395426314,0.2671476625018152,0.3332675870572742,0.3332719830663455,0.32396529758571607,0.345030468013709,0.3286041961969658,0.32846658146662633,2.213817148211491,0.4583118412728308,-0.017109737772894602,0.641122165130797,1.8178438051762875,0.7459092428225661,100.40125486879373,2.6738892590749828,3.143045058286549,-0.04077793316906223,0.021304794689722552,-3.3063897636740442,14,1.8178438051762877,6.449434821960593,0.9224196941243294,-0.47836267907175534,0.9788326605434269,1.6240639218240003,3.162668664310507,3.2310616429111194,2.128504429676317,0.7459092428225661,0.10770205476370398,0.9215179066490682,0.8491952522748808,3.505841624268555,27,0.6888411498220293,0.8896622268165316,1.2915346695626229,0.9856248918375823,0.9718331092256777,0.9860070674694595,2.6836065566191287,0.5085268608676007,0.0010733248401082673,0.7099055747045725,0.7790759165041232,0.4446134163109447,118.00000000000001,4.447239047032038,2.767528949189265,-2.140472356798501e-17,-0.06597764423851182,-4.460008944468793,15,2.833506593427777,1.9476897912603082,7.720987199243938,7.227537893658058,1.0,-0.8926024046487395,0.9264508746518274,1.7377269425105304,1.6004915348009416,1.72755143158824,2.2983862313853156,0.4446134163109447,0.057585047719608005,1.0,4.3940313002302815,1.0000000000000002,3.6356876103525755,28,0.9852497155231608,0.971043539187734,0.9855811413983678
56,4,232,352,1781860404.0820584,1781860412.0025313,7.920472860336304,120,15.294728551007905,,2.9295124466242064,0.6533352647152203,0.0006988491226856319,0.9015262256108902,1.5294728551007908,1.0974220713155838,153.19351506496326,1.9173303355910214,3.5108656229208215,0.008836942545179461,0.10235474111510945,-3.7384416170173433,17,2.1667532113927868,7.249307239938165,1.1298728360047252,-0.5004263952808644,0.970366664096095,1.8857011120731644,4.569779773522496,4.709333020811557,2.2673198353049355,1.0974220713155838,0.15191396841327603,1.1298382778025418,1.2765345339878136,4.078594280268775,32,0.41075639614356263,0.639707912107379,0.7681110386578608,1.9710984108699585,0.49697980092009014,-0.008210356672538834,0.6735767779663885,1.2745607125839922,1.5384963218480945,163.32112911124418,1.0903055633008476,3.1914166378438282,-0.024414461968552716,0.07169135099862015,-3.366133970777389,12,1.5294728551007906,6.557550608621217,1.166623079344982,-0.3653069611304961,0.9694948840360406,1.2855300641688319,5.113877601587131,5.274785546363981,1.870358010061849,1.5384963218480945,0.17015437246335424,1.1663675849864632,1.3604133433071544,3.058945710201581,24,1.050106874838596,1.0288148193909588,0.9797239157672311,0.32478903308069745,0.3578792703014434,0.3298081047748037,0.32982929490012103,0.3410631965102206,0.323729061150699,0.34053544303786143,0.3404931534968541,0.3341477704090819,0.3183916685478576,0.32965645218733486,0.3296775516030248,2.213817148211491,0.570544616232497,-0.006412796243304878,0.7743523205058562,1.5294728551007908,1.0977707744361738,153.05266436247663,0.8189298648858068,3.143045058286549,0.008868268653067592,-0.021639776923358618,-3.3063897636740442,12,1.5294728551007906,6.449434821960593,1.1293532971073779,-0.24071749277590673,0.9710037369941295,1.5776298793871557,4.099076428684186,4.221483679736825,2.1113585497311758,1.0977707744361738,0.1361768928947363,1.1293184774448712,1.2753602234984023,3.568769995235178,28,0.9045761741886321,0.8896622268165316,0.9835127789149679,1.0325259995365559,0.9995401793185997,0.9680532788203282,2.0422667425259258,0.5172533403939317,-0.00579481096216821,0.7078727716909721,1.0196485700671938,1.2144886318035863,120.0,2.0357956122328487,2.1166968010355034,1.4802973661668754e-17,0.06419230482438988,-3.585238846504683,15,2.0525044962111134,1.9118410688759881,7.037680031115885,5.701935647540187,1.0,-0.8712854605728327,0.9649340214124114,1.5644588343677674,5.162062387349312,5.349653212344406,2.323564503964766,1.2144886318035863,0.17256945846272279,1.0,3.649431151329073,1.0,3.9511382090103755,31,1.0323314476961858,0.9995399338401939,0.9682354790903916
56,5,293,414,1781860408.1443434,1781860416.141557,7.99721360206604,121,15.310416826366758,,2.9295124466242064,0.40108346430851,0.006668097577887015,0.5954083608050955,2.296562523955014,0.41517506175895863,64.00799889580081,6.013262396686827,2.176680781681008,0.006235851015359871,-0.01631267956517444,-3.675357806876559,17,2.1510502979192965,5.852038588557567,0.7273181741243491,-0.8353671235649109,0.9084710508043392,2.0127920148537166,1.7929659400829792,1.9736082272467885,2.5303469840721293,0.41517506175895863,0.06366478152408996,0.7272914412900039,0.5289528405736912,4.175568225372752,33,0.38719531656860434,0.6586160919886872,0.6961430801153555,1.586659392704318,0.33327368433948734,-0.003985396486952005,0.46266007062782755,0.7655208413183379,0.764398915039394,97.51231109191238,3.3681216115280366,3.1914166378438282,-0.007364699464703777,-0.07676191907906346,-2.8935141197138337,14,1.7714531865217735,6.084930757557662,0.8977120187054429,0.47676577163586853,0.9195197453577598,1.1863845690017285,2.7912543777705574,3.035556758690981,1.9651183524263334,0.764398915039394,0.09792118576422519,0.897681808732914,0.805832629729996,3.036776891180183,24,1.2098888607521394,1.22231138045387,1.0102674882831866,0.2913582919767581,0.3446273615904154,0.2952811101580014,0.29554778889384,0.3525111519504491,0.35834241362279695,0.36445865223244595,0.364788939672735,0.3561305560727929,0.2970302247867875,0.3402602376095526,0.33966327143342506,1.6590011153036577,0.3865656553904364,-0.01213159855571108,0.5237469659733947,0.7655208413183379,0.4255326128072549,84.99342330821376,1.6974828277449054,2.2181629682967694,0.0614535142922187,0.0365963911789276,-2.825639501125471,16,2.0245179274534557,5.043802469422241,0.838107979927584,0.03546438019191626,0.8944628430544381,1.5633811394578387,1.9569675265411586,2.1878690006377997,2.346599099024316,0.4255326128072549,0.0705764193754129,0.835851931623916,0.6986484515994316,3.542906373043547,28,1.039796758937213,0.861888108407955,0.828900552920457,1.2342768964713946,1.152326464186901,0.9336044995099746,2.572723882788189,0.5199999245924058,-0.0017094900608172398,0.724345706443989,1.0206944550911172,0.8142248528352919,121.00000000000003,4.035601887280098,2.6629867893130164,1.1469246122160708e-17,0.09168344477308484,-4.5056363801684105,17,2.5713033445399316,2.1510502979192965,6.076162099172863,7.168623169481426,1.0,-1.002794589555387,0.9734636988545196,1.6288832055827396,4.043863222229498,4.154097607325199,2.3319336692496933,0.8142248528352919,0.13400314862339352,1.0,4.597319824941495,1.0000000000000002,4.049035854906911,32,1.2342807267753448,1.1492668333087452,0.9311227246586723
56,6,354,475,1781860412.2219229,1781860420.2082722,7.98634934425354,121,15.275928316874234,,2.3461361306115216,0.5932507454139135,0.007625718273236866,0.8295553928926481,1.2729940264061863,0.8812155191425809,143.1157487514449,1.6131010152315106,3.214981868782135,0.024695680217891806,-0.029556296769586304,-3.291443388680014,17,2.146204804850099,6.5064252574621495,1.0875544965976613,-0.004398117707084002,0.9128970200438442,1.624981142686296,4.849716052586857,5.312445923368155,2.4519820039762936,0.8812155191425809,0.17136922333445662,1.0872740714504179,1.1821649064483684,3.9136675853148866,31,0.586026325745993,0.677066321384099,0.4425901037614059,1.5307642218232946,0.3150690070083623,0.0020276718765069018,0.43119472263757574,0.7637964158437117,1.798972665848327,111.41154644994796,4.210209482534728,3.5770834110422096,0.025408811556932736,-0.0904339087978916,-3.2076110003485736,14,1.7674627804647873,6.784694411390783,0.9595606193623073,0.44987153931360885,0.7367084085182577,0.9139577121881967,3.4088199788376223,4.62709525155792,1.73746409762451,1.798972665848327,0.14926113714702968,0.9592241523889184,0.9201109745262391,2.7774415121589517,22,0.8269151078572479,0.9659280245749302,1.1681102635528102,0.3580580621902452,0.3193763546162784,0.35086612253791344,0.35085661103386323,0.29608362111520375,0.33303555832140913,0.30957282132435937,0.3095356949697603,0.3458583166945511,0.3475880870623126,0.33956105613772736,0.33960769399637647,2.4562325113319057,0.5900198965242887,0.008646879100651986,0.8470209882507397,1.018395221124949,0.8991180412568419,134.0418161587287,2.81132893231816,3.0482082605123377,-0.0143872585880403,0.0365963911789276,-4.032954374625064,15,1.893710121926558,7.081162635137401,1.0525129949875167,-0.3684598824316302,0.9525629067536393,1.8056676674915428,4.816546551662623,5.056407841952976,2.4387233986547665,0.8991180412568419,0.16310993038557986,1.0524146575413673,1.1075766114079135,3.787420243853116,30,1.0427683624905226,1.0883338169474999,1.0436966215086827,0.882310378343546,0.9677795441793772,1.096869727403968,2.71110052747259,0.5584132357557576,-0.0067379170891590364,0.79783653120194,1.2729940264061863,0.6117446946057145,121.00000000000001,1.4542637690962001,2.9119824093129574,1.101047627727428e-17,-0.012896258135936632,-2.939099701424333,17,2.924878667448894,2.146204804850099,4.42923024069839,5.85108211073729,1.0,0.3775913054441105,0.913626524057924,1.8993381533104132,3.911761323230832,4.281575917757425,2.5257464815765114,0.6117446946057145,0.13811535218572338,1.0,2.9262034432883963,1.0000000000000002,4.418656951161968,35,0.8822284809103546,0.9679387057740204,1.097151958611927
56,7,415,493,1781860416.2934964,1781860421.4758976,5.182401180267334,78,15.429254601035163,,2.3461361306115216,0.9017420406073113,-0.025216839808549708,1.1041190095408153,1.1868657385411665,0.6336589050873223,162.32857282458497,-0.33635387323091726,3.214981868782135,0.03326710320174855,0.04073785332433404,-3.291443388680014,10,1.9781095642352775,6.5064252574621495,1.4426141372637176,-0.12300611479084618,0.8952212425095744,1.6666837669995034,2.842151717631689,3.174803705131352,2.090717430002417,0.6336589050873223,0.15874018525656758,1.4422305116997438,2.080028848877705,4.1540300848940825,21,0.6726572504733044,0.7303765174256878,0.533863531098874,2.1962922358088988,0.4997994351457671,-0.011700248340591883,0.6781789013814976,0.791243825694111,1.7476419866699189,132.82557322800133,0.9338672874303886,3.5770834110422096,0.08295146876481602,-0.07547976066201037,-3.2076110003485736,9,1.7802986078117498,6.784694411390783,1.3049490275338556,0.26422121204669724,0.6987104261733998,0.8819075476584114,2.6058501364579296,3.72951374252319,1.4229270421713431,1.7476419866699189,0.1864756871261595,1.3023098779827003,1.6960110182913155,2.5715424335058605,13,0.8086246821000016,0.9424868573265056,1.1655430240873472,0.36348944260124716,0.3193763546162784,0.34944812189591773,0.34961915421864187,0.2939265349701402,0.33303555832140913,0.31610114933890227,0.31570021184358726,0.3425840224286127,0.3475880870623126,0.3344507287651801,0.3346806339377709,2.4562325113319057,0.894359366083818,-0.0002923866073222014,1.1057931294528607,1.1868657385411665,0.6410848836819714,148.6941361631573,0.3404404675523822,3.0482082605123377,-0.016112889098954388,-0.07744934509685518,-4.032954374625064,11,2.175920520658805,7.081162635137401,1.380700937572955,-0.14569740147596566,0.9313155254430933,1.8217546551481092,2.885178990404338,3.097960800161312,2.131675295606655,0.6410848836819714,0.1548980400080656,1.3806069150267652,1.9060754538197215,3.5605972156234995,18,1.0427683624905226,1.0883338169474999,1.0436966215086827,0.9045724659325891,0.957082633469684,1.0580497080274918,2.247113090634694,0.5741564931257206,0.0009639451071229928,0.7922230157009308,1.1868657385411665,1.094288031092626,78.00000000000004,0.18566266723386393,2.3641367468080103,-3.2025664171879517e-18,-0.07209502452333215,-2.485570253055045,9,2.436231771331342,1.7802986078117498,5.124249391988105,4.849706999863056,1.0000000000000002,0.21109460355882392,0.865756975251732,1.5163685243513154,3.697663495200642,4.27101785015996,2.0112765286560745,1.094288031092626,0.213550892507998,1.0000000000000002,2.4134752285317123,1.0000000000000004,3.5605972156234995,18,0.9029831690690416,0.9572720198518391,1.0601216641045128
60,0,0,120,1781860421.2693563,1781860429.2683346,7.99897837638855,120,15.499442001404235,,2.4383968105040323,0.4077023355095759,0.002829819130536188,0.6095950841458723,1.033296133426949,1.4999840618183642,144.03578144670624,0.7341990120139323,3.0067339464236316,0.01134407744973655,-0.0673905044289991,-3.191802987655633,9,1.1624581501053177,6.198536934079264,1.0955812059005723,0.10852197119086608,0.9534368139526719,1.2926833943883478,4.665589073546431,4.893443388455135,1.9672245080140645,1.4999840618183642,0.1578530125308108,1.0955224738130052,1.2001694906293665,2.1957542835322665,17,0.8984468302816174,0.7811688137275217,0.9712065559521436,2.214628018304952,0.41051312972957565,0.002751120002190061,0.5978739891109586,1.033296133426949,1.8676136554420573,140.23388843535525,0.6451549351995061,2.723694276103198,0.006062015823224261,-0.005588786771106955,-3.170514483990542,9,1.1624581501053177,5.89420876009374,1.0810253174469568,0.04668541970581669,0.9719667666158731,1.278999246827767,5.015607160358857,5.160266104387347,1.8809739009453978,1.8676136554420573,0.16646019691572086,1.0810083204700383,1.168578988925453,2.3249163002106354,18,0.9905404029151884,0.9946668566159262,1.004165861067952,0.3349851159604475,0.3454661311268781,0.3360279342550376,0.33601790970988227,0.33181629173405275,0.32850485817202013,0.3315634681780619,0.3315661384463154,0.3331985923054998,0.3260290107011019,0.33240859756690044,0.3324159518438024,1.9726306387132446,0.40398470239417233,0.00241770558129374,0.5857650084332353,1.033296133426949,2.063404185583554,140.94968999705705,0.43390939801939643,2.8850800888968555,-0.001970399239999117,-0.013658236898990928,-2.964705700002649,10,1.2916201667836862,5.849785788899505,1.083780766564657,-0.06097046582118379,0.9749961866180492,1.2372568854683084,5.1317433964992745,5.263347146310034,1.7874751447102208,2.063404185583554,0.16978539181645272,1.0837789753922662,1.1745768675023105,2.3249163002106354,18,0.950903224870317,0.9437365383333699,0.9924632850646558,0.9867140031471693,0.9892290600894206,1.0025489219107353,1.7143245023125313,0.42477220471458355,0.0008192784594358722,0.5538817847910749,1.033296133426949,1.6474643447881137,119.99999999999997,1.0592282349457403,2.4160799086105875,1.4802973661668754e-17,-0.051926852598783754,-3.1199581263180742,13,2.468006761209372,1.679106216818792,11.313500647931741,5.536038034928662,0.9999999999999999,-0.1039079600639921,0.9613074437367664,1.2608231979568087,4.339533218215959,4.514199121716412,1.8951842055487342,1.6474643447881137,0.14561932650698103,0.9999999999999999,3.0680312737192907,0.9999999999999998,3.099888400280847,24,0.9867513869501464,0.9892804586839142,1.0025630283040035
60,1,59,180,1781860425.2698486,1781860433.2649307,7.995082139968872,121,15.344247421775252,,1.6605584226442722,0.34493762459907734,-0.010258129427095496,0.4593951529515153,0.7672123710887626,0.9884519542129925,89.53949097442936,0.338216087918068,2.4968689145108085,0.041639561008315465,0.005517823160222356,-2.2696391991849842,10,1.2681196216343185,4.766508113695792,0.8602300815346451,0.14233381207169807,0.9144186960734675,1.1104285842415447,2.40892204976888,2.634375325124957,1.8515874490777975,0.9884519542129925,0.08497984919757925,0.8592217060434035,0.738261940136137,2.0289913946149096,16,0.8369251428770663,0.6950180247456845,0.9594314930139023,1.389220560080128,0.31054709064493446,-0.0004052031683152935,0.41949166905472085,0.7672123710887626,0.923406015092624,82.00812444285803,0.9236824578557599,2.7152381918974964,0.01715627839117705,-0.024250651797700078,-2.3568757028941136,10,1.2681196216343185,5.07211389479161,0.8232576113034574,0.09964232252248573,0.915982815971867,1.085975814472358,2.2529209261401553,2.4595668028442033,1.744465929674969,0.923406015092624,0.07934086460787752,0.823078827744244,0.677458756680839,2.2826153189417733,18,0.9515552231858704,0.953183539150482,1.0017112154133945,0.34426503786374085,0.3110001100637509,0.3398527786478535,0.33961768628213823,0.32758719493952404,0.3309399547655412,0.32524599261320575,0.3253317800751582,0.3281477671967352,0.35805993517070783,0.3349012287389406,0.3350505336427036,1.3124991264200052,0.317861082758406,0.006961732609802699,0.4283754289772309,0.7672123710887626,0.8033361787344159,86.94937265042171,1.5684004922960098,2.8850800888968555,0.007112268534830563,0.0033146727302123423,-2.602685127104896,10,1.2681196216343185,5.487765216001751,0.847696795213392,-0.08901524550726357,0.9040886296932737,1.1240601416216751,1.9959870101944683,2.207733782551428,1.8676864912167987,0.8033361787344159,0.07121721879198155,0.8476669583340759,0.7185392722513441,2.7898631675955006,22,1.0641152335852966,1.1513177120654725,1.0819483414276168,0.9570202542031209,0.9854303091808952,1.0296859495428656,2.117607858118424,0.4685201735440787,0.006792228142801671,0.6461909232569177,1.0229498281183502,0.5412091645515903,120.99999999999999,0.4283992757366075,2.0992973613859154,-8.25785720795571e-18,-0.0329605234940482,-2.9349446639645764,14,2.132257884879964,1.7753674702880458,6.297352548125138,5.034242025350492,0.9999999999999999,-0.3641467301745103,0.8649993185562529,1.4738007905865473,2.3045418219216516,2.6642122976097835,2.444693980730174,0.5412091645515903,0.08594233218096076,0.9999999999999999,2.9019841404705287,0.9999999999999999,3.297111016249228,26,0.9579353290949871,0.9865520765734194,1.029873360559181
60,2,120,241,1781860429.3250651,1781860437.3218958,7.996830701828003,121,15.304327519521273,,2.332258979809499,0.4089827234846894,0.0065267717662725174,0.5804084826049365,1.2753606266267727,0.5429815108211844,112.82672125203345,1.643725370287938,2.909892844587892,-0.01361735724385466,-0.02646552783325345,-2.847828285867797,13,1.6442665930064178,5.757721130455689,0.9656356671914841,-0.07996954723551479,0.9561065168993007,1.4486391392839433,2.5398622432973155,2.656463687261761,2.184995918725084,0.5429815108211844,0.0856923770084439,0.9655396466919605,0.9322668093340358,3.0355690947810787,24,0.9569670391966746,0.9062387162065495,0.9556102048308358,2.3911302160850694,0.3843487409066355,0.0015802437920743207,0.5576691803588014,0.7652163759760637,0.5951488834667558,112.83865520907429,2.0289701162241345,3.220412313838832,-0.016819024207551395,-0.038464620266860435,-2.992908792325166,11,1.3913025017746612,6.213321106163997,0.9656867346590621,0.1421053318549566,0.9639051175234062,1.3795076160249535,2.810275411527176,2.9155104174026083,2.1093270430748565,0.5951488834667558,0.09404872314201962,0.9655402580530693,0.9322679899211876,2.5296409123175656,20,1.016851708813832,0.9325291575997042,0.9170748787819899,0.33905421011834447,0.3445336645297608,0.3514517308976844,0.3514478835239023,0.34476785293936263,0.37179610493524645,0.35147031735889606,0.3514481060539336,0.3161779369422929,0.28367023053499285,0.29707795174341955,0.297104010422164,1.908580329289581,0.3660960648386521,-0.0018588674990497175,0.4936869202004041,0.7652163759760637,0.632822369214745,80.61603543904934,0.8468973163810691,2.2173411270581287,0.001021188278316724,-0.05144231702489378,-2.523252459527315,11,1.3913025017746612,4.740593586585444,0.8162402996477219,0.02455191555088173,0.9567244759868818,1.4597550201111789,3.0991174666515517,3.2392998657787504,2.21056674802559,0.632822369214745,0.10449354405737904,0.8162396608493753,0.6662471839435031,3.162051140396957,25,1.0791285241826656,0.823345465884044,0.7629725722500457,1.0000528848191022,0.8452880598556668,0.8452433593135122,1.8532049481755497,0.4700526956815455,-0.003604325731210645,0.6417117510061409,0.7652163759760637,0.8284715029583832,121.0,0.846397621562879,3.2015161862892065,8.25785720795571e-18,-0.065712005587295,-2.5527024632897684,13,3.2672281918765016,1.6442665930064178,6.38244729563241,5.754218649578975,1.0,0.15169261963762798,0.9169589380824185,1.4611512380388065,3.6897922922493533,4.023944954357058,2.3679596098212397,0.8284715029583832,0.12980467594700185,1.0,2.4869904577024733,1.0,3.541497277244592,28,1.000000633180741,0.8453714600388472,0.8453709247662587
60,3,180,301,1781860433.3260732,1781860441.3247688,7.998695611953735,121,15.441779983469583,,2.332258979809499,0.45384437876035005,0.014523631518994273,0.6415853655427399,1.2868149986224653,1.0241509328217278,134.90727341875504,0.8321623269948493,2.909892844587892,-0.017791220956720612,-0.11297538049972283,-2.847828285867797,11,1.4037981803154167,5.757721130455689,1.0559053669513443,-0.08779565455966964,0.9918125253958376,1.4129557181401833,3.600463773698098,3.6301858279730173,1.8712371770577678,1.0241509328217278,0.11710276864429088,1.055755471884244,1.1146196164135225,2.8075963606308334,22,0.9225978507308424,0.7904968459663364,0.9287880175493237,2.3911302160850694,0.4611733212970461,0.0172734342316709,0.6433658076627184,1.5441779983469583,0.6819024471820061,141.19383565936369,1.2188137963271384,3.220412313838832,-0.013292918333033647,0.03011862926400684,-2.992908792325166,12,1.5314161967077273,6.213321106163997,1.080227385227941,-0.05502301111697576,0.9756995199161154,1.412611485737156,3.1314945053311316,3.209486569800053,2.001516219155878,0.6819024471820061,0.10353182483225977,1.080145593019101,1.1667145021185854,2.8075963606308334,22,1.0056759383367122,1.0689413454158565,1.0629083432022635,0.32524373205223794,0.3205584283684255,0.32789397935426606,0.3278730935546312,0.32708979541976857,0.34592374371953377,0.3354467805884016,0.33544763584365717,0.34766647252799354,0.3335178279120407,0.33665924005733244,0.33667927060171166,2.2559570373902185,0.4991248168214904,0.012458347768917669,0.651447537701147,1.5441779983469583,0.5893569777418702,142.21635962449665,0.63234142003691,2.6942640029463205,-0.006643081328293289,-0.10026636119484919,-3.2962278238534757,12,1.5314161967077273,5.990491826799796,1.08413182550762,-0.14261158358419262,0.9467239570701551,1.4169214866849125,2.9017172353534297,3.065008774398643,2.094679736276342,0.5893569777418702,0.098871250787053,1.0841114723813923,1.1752976845489504,3.0628323934154547,24,1.0791285241826656,1.04042757387343,0.9641368479824517,1.0230342784854103,1.0267319964835224,1.0036144614856761,1.4909289092352238,0.42991961353642105,0.016608475370570662,0.5620970920240969,0.7720889991734792,1.1534657740644472,120.99999999999999,0.2591411526141685,2.8981535468869626,-9.175396897728567e-19,-0.0929193421488121,-2.2749666949423837,14,2.991072889035775,1.7866522294923486,9.493915596888108,5.173120241829347,0.9999999999999999,0.2609998635672579,0.964449330360872,1.312352170876767,3.632456781732258,3.766353158618594,2.0648207986948752,1.1534657740644472,0.12149526318124497,0.9999999999999999,2.182047352793572,0.9999999999999999,2.6799783442385228,21,1.0231020551485537,1.0268584925698188,1.0036716155562013
60,4,241,362,1781860437.3922825,1781860445.3907876,7.998505115509033,121,15.444907398031045,,1.8787365816051287,0.3454439368156222,-0.010214118436180438,0.5168933881801975,1.287075616502587,1.4566888732609697,85.67489749013704,1.7390090082079661,1.9359632658673382,-0.0031109014534009796,-0.03614195535713038,-3.106486345112712,9,1.148794765142805,5.04244961098005,0.8414612314603207,-0.6725544469858583,0.9858907962167698,1.482227489798721,4.19858060630418,4.258667006950159,1.9354244215805458,1.4566888732609697,0.13737635506290835,0.8414554809036938,0.7080473263428666,2.4252333930792553,19,0.8968580034374118,0.7779641947016216,0.9521869057697577,1.9226079391688016,0.3406193418732805,-0.0048384747207936025,0.5180140715038611,1.287075616502587,1.1637767163206791,90.19066690428865,2.377536128888374,2.1344647774793364,0.00205827729352637,0.0455669306297476,-3.06510666139869,10,1.2764386279364501,5.199571438878026,0.8633524265513693,-0.8320894794542537,0.9869501498946655,1.4204265873193618,4.297521480352834,4.354345030305225,1.9720158879293708,1.1637767163206791,0.1404627429130718,0.8633499730275783,0.7453731759267203,2.680521118666545,21,0.997236064327056,1.1570432819036898,1.1602501386514468,0.31702962554504416,0.31063887946955043,0.3130229657551817,0.3130239182105444,0.31615337605362015,0.32031833138755356,0.32116647439839413,0.32116873379186056,0.36681699840133575,0.36904278914289607,0.3658105598464242,0.3658073479975951,2.2559570373902185,0.3873605563612797,-0.0010050780085843738,0.5654959998526798,1.287075616502587,0.9973860292212645,117.00749074796641,1.6891116680480396,2.6942640029463205,-0.006006826677586606,0.013560089706253806,-3.2962278238534757,9,1.148794765142805,5.990491826799796,0.9833636437088354,-0.4809781913401546,0.9751565609435185,1.3389022661499161,4.022102148399007,4.124570668434409,1.963738201057472,0.9973860292212645,0.1330506667236906,0.9833452973404524,0.9669679738015828,2.29758953028561,18,1.0311598211226225,1.1880122339260193,1.1521126110525055,1.0260156906492974,1.168638086869729,1.1390060576268335,2.1030841340470214,0.44002320552323465,0.004776181729379862,0.6066914520693688,1.0296604932020696,1.0678750137537016,121.00000000000003,1.9997268722556774,3.57178856318903,1.1641284813993118e-17,0.026241650583497755,-3.0153585260334554,15,3.545546912605532,1.9146579419046752,7.5845747166246635,6.587147089222485,1.0,0.14021168145842236,0.9529155106645348,1.3822030805565084,4.159156678438753,4.364664686314405,2.1607602558361547,1.0678750137537016,0.14079563504240014,1.0,3.0416001766169534,1.0000000000000002,3.06345270704748,24,1.0260197866919478,1.1686242702755634,1.138988044317737
60,5,302,423,1781860441.4598022,1781860449.4551642,7.995362043380737,121,15.40845235996003,,2.0825743997126858,0.37643423093306116,0.0034035806915352572,0.5892850044437846,1.0272301573306688,0.7834222256425157,122.37036045040097,2.2479433970634313,3.351494808662222,0.06252044555569236,0.05624410018644178,-3.106486345112712,10,1.2734258148727298,6.457981153774934,1.0056467038570356,-0.1308015169843997,0.9629292980286934,1.370946875001683,3.5178668874526657,3.653297178364429,2.15081205548497,0.7834222256425157,0.1178482960762719,1.0037013932769239,1.007416486866038,2.4195090482581865,19,0.9737852459418218,0.944216885670097,0.9884346771235091,2.1650869210874237,0.363346053143838,0.00491786377131056,0.5656911486558601,0.7704226179980016,1.0109936947828817,133.30965244746167,1.1049293946249144,3.0493653691152143,0.0578814351778638,0.07724537985957072,-3.06510666139869,9,1.146083233385457,6.114472030513904,1.0496345387110007,-0.200753690282756,0.9556807574377406,1.2793728313036257,3.6223160368820606,3.7902992277398053,2.060031167454591,1.0109936947828817,0.12226771702386469,1.048037405972137,1.0983824043168058,2.164823885283641,17,1.0907395829459785,1.112968582448263,1.0203797495294396,0.3121382936191825,0.3532375886819336,0.3224587809755385,0.32235395635168324,0.34046159220365646,0.3344483832783156,0.33656339997380186,0.33659314063188,0.34740011417716116,0.3123140280397507,0.3409778190506597,0.34105290301643687,2.1131192591469956,0.3542794460535576,0.003468716257140699,0.5451954421059018,0.7704226179980016,1.1722992997843538,136.8296073933465,0.6870403650773493,2.970441957550717,0.056048804341367255,0.0933174284695384,-2.7393640533728365,8,1.0187406518981839,5.709806010923554,1.0634017122413828,-0.1627502885916179,0.9548617600092414,1.2044162319749097,3.7507771617600256,3.9280839581676457,1.9422207965259393,1.1722992997843538,0.12671238574734342,1.0619236004203918,1.1276817331298081,2.164823885283641,17,0.9468085900095519,0.8841472086963209,0.9338183219138319,1.0437408432655872,1.0574307141492483,1.0131161590273972,2.363224854158359,0.5856991524371317,0.01415939247136205,0.7345142037316382,1.5408452359960032,0.8580789538157498,121.0,0.15822475197255903,2.1754309500027715,-7.340317518182853e-18,0.052975445676736406,-2.792509556918406,15,2.122455504326035,1.9101387223090946,7.643251473199466,4.9679405069211775,1.0,-0.43158112972736745,0.9622631679398638,1.8427272679011788,3.348919113211454,3.480252829775506,2.3575973490691595,0.8580789538157498,0.11226622031533891,1.0,2.8454850025951424,1.0,3.8202774446181893,30,1.0441725128531136,1.0580074985782193,1.0132497126239253
60,6,363,483,1781860445.5339868,1781860453.4551368,7.921149969100952,120,15.382288545536563,,2.0825743997126858,0.38694975629786765,-0.0021446867604090884,0.5599259357074219,1.2818573787947134,1.2184683822127902,121.31317345720095,1.5539914025717199,3.351494808662222,0.00973774511598009,0.025670124997295152,-2.882966624165403,10,1.2818573787947136,6.234461432827625,1.0054566684563493,0.1279105093087198,0.9744144693659256,1.3308939098533052,5.249828546383049,5.387675071983728,2.002071131567888,1.2184683822127902,0.17379597006399122,1.0054095128172387,1.0108482884633974,2.0509718060715416,16,0.9576042853683524,0.9296330385372983,0.9880060141999437,2.1650869210874237,0.35303937782539874,-0.00339579016114788,0.5282220694987229,0.7691144272768281,1.1889482279963273,121.32617120531803,0.9699904496910854,3.0493653691152143,0.009965588445759592,0.03304226596494363,-2.744583033789889,9,1.153671640915242,5.793948402905103,1.005510530382941,0.08892983598545297,0.9631275457379512,1.2480849924376523,4.788350822678382,4.971668439832165,1.9608065536905754,1.1889482279963273,0.16037640128490854,1.005461144827543,1.0109521137579134,1.9227860681920703,15,0.9993204255996636,1.0091424151993231,1.009828668911441,0.3323956628077947,0.3538136495505849,0.33119183385662554,0.33118760374892425,0.33216977522456764,0.32881397243801297,0.33120957567564435,0.33120461162636267,0.33543456196763777,0.31737237801140217,0.3375985904677301,0.3376077846247132,2.1131192591469956,0.3532935805988557,-0.002361669929426553,0.5228217977168249,0.7691144272768281,1.2703445409985978,126.0520674722606,0.7456153744944771,2.970441957550717,0.0038058955473082114,0.019095660464129742,-2.621896984347535,8,1.0254859030357708,5.592338941898252,1.0249067741029774,0.08219380380868548,0.959320929252327,1.2056333695965733,4.465298571394555,4.654645213333048,1.918899620049814,1.2703445409985978,0.15014984559138864,1.0248997076598543,1.0504194107612546,1.794600330312599,14,0.9293422479762253,0.8970043366459418,0.9652034421111234,1.0000535696149635,1.0193445488570774,1.01928994588714,1.8515757236904606,0.5840957774449417,-0.00827697979949277,0.7148341213393009,1.0254859030357708,0.7353681467919171,120.0,0.828289235075752,3.373577167296604,-2.960594732333751e-17,-0.04799347157501051,-2.529814767191448,16,3.4215706388716147,2.0509718060715416,5.57009659021511,5.903391934488052,1.0,0.30437535480724226,0.9517838487435433,1.631198532582011,3.8953107766609896,4.092642233636574,2.415644527511984,0.7353681467919171,0.132020717214083,1.0,2.4818212956164376,1.0,3.8455721363841406,30,1.0000513542090523,1.0193853296533892,1.0193329826143063
60,7,423,544,1781860449.5384192,1781860457.5375674,7.99914813041687,121,15.332720410158927,,1.471550940377446,0.3745491520984497,0.0035927263792621825,0.48170033163909337,1.2777267008465774,1.1661975171112364,101.16173398744311,0.05162793978114033,2.271902078287852,-0.0594909417587178,-0.04202157054209049,-2.24320198812635,11,1.3938836736508116,4.515104066414202,0.914356269911229,-0.00709362802998257,0.9715226922777046,1.2992503116771097,3.1395373694756326,3.2315636005527417,1.7671946462300032,1.1661975171112364,0.10424398711460457,0.9124188819695902,0.832508216174637,3.0412007425108616,24,0.9348069818514924,0.8604368136840441,0.9637700517506779,1.3981071207422877,0.3221543238740876,0.0039621637167652065,0.4329344555592735,1.2777267008465774,1.1515047253255126,81.72596950493293,0.5735437830475947,2.09570500309724,-0.05039406689640408,-0.003572402471884224,-2.1911069403989436,10,1.2671669760461923,4.2868119434961836,0.8218401520843077,-0.189405904981353,0.9762354387518993,1.3256538517158054,2.9976059531310697,3.0705768651089524,1.7746877106898837,1.1515047253255126,0.09905086661641782,0.8202936508346257,0.6728816735995988,2.5343339520923847,20,0.8755513964524488,0.8830832093362238,1.008602365222981,0.3624981713423071,0.33295698534273704,0.3506612756222546,0.3506073662146899,0.317385780130216,0.3161220562013045,0.31518077315251525,0.31520719499023475,0.3201160485274769,0.3509209584559583,0.3341579512252301,0.33418543879507545,1.589124797157983,0.32571016173752226,0.005349681544384203,0.44903852563312757,1.2777267008465774,1.3792907537061596,91.86376636260324,1.1181498877484826,2.4238369341498878,-0.05345055724530225,-0.05169280363363424,-2.3348697945390486,10,1.2671669760461923,4.758706728688937,0.8713235223972043,-0.13571736641352097,0.9847820963584364,1.2883044275141773,3.3459071262200757,3.3976116529663716,1.6606499683645735,1.3792907537061596,0.10960037590214101,0.8696825389835294,0.7563477186128381,2.5343339520923847,20,0.9494381259966566,1.053952834462174,1.1100805893546828,0.8988183043400542,0.9529365643020061,1.0602104559960954,1.800529794733647,0.5212124192471723,-0.0032672491493873374,0.6717149911032672,1.0221813606772618,1.157329034855978,121.0,0.07054710062907121,2.970645398123346,-2.5691111313639987e-17,-0.037508239679462006,-2.2600396095215,15,3.008153637802808,1.9007504640692885,7.394573201227874,5.230685007644846,1.0,0.25246570580481875,0.9799954781300475,1.502569324504957,4.75476986840205,4.851828375243873,2.1582040118793335,1.157329034855978,0.15651059274980234,1.0,2.222531369842038,1.0,3.5480675329293385,28,0.8990318668810331,0.9531614877436467,1.060208789984723
60,8,484,605,1781860453.5999115,1781860461.5981157,7.998204231262207,121,15.29774088365952,,2.500239787209513,0.4802709662033587,0.01848591068673183,0.6441285017890455,1.019849392243968,1.1690657516979794,138.71178378816316,0.544136010013696,2.271902078287852,-0.039227832827465677,-0.07192835033302468,-3.568922737045338,12,1.5171313273050764,5.84082481533319,1.0706906081658565,-0.33569808396503437,0.962223671268958,1.2357352691890446,3.1096810403738724,3.2317652675005366,1.78434841588095,1.1690657516979794,0.1042504925000173,1.0699717545553398,1.144839555546232,2.402124601566371,19,0.9583110222175636,0.8962257178298432,0.9700930326040459,2.8241088724291066,0.4637596497207804,0.02383737289340841,0.6633601241108996,1.019849392243968,0.8997038091993376,138.69169832774259,2.2057293949281904,2.422632482406851,-0.038115551879543096,-0.06680920228276134,-4.110992320870642,10,1.2642761060875636,6.533624803277492,1.0706130873821345,-0.7635863424611148,0.9687872874250277,1.2909291651758592,2.5748319618256637,2.657788758427452,1.861248330909224,0.8997038091993376,0.08573512123959523,1.0699343847072227,1.144759587578823,2.402124601566371,19,0.9494313751147211,0.9076714624885897,0.9560158704244573,0.3500049024622624,0.31249393353640986,0.33325420248286297,0.3332457440472517,0.33230563584163963,0.3495598960043053,0.3332300740121749,0.3332341051018425,0.31768946169609785,0.33794617045928493,0.3335157235049622,0.33352015085090586,2.5649314202089597,0.4329894753234797,0.01981010172606863,0.6232111337016687,1.27481174030496,1.0703864224262498,138.92957717834778,1.933245507529521,2.4238369341498878,-0.038112806017604965,-0.0433734674954951,-3.8927156988164313,10,1.2642761060875636,6.316552632966319,1.0715308319353196,-0.6907862584651414,0.9767984567021438,1.2385609962318183,2.9425773460390245,3.0124713300364148,1.7085281288823955,1.0703864224262498,0.0971764945173037,1.070852808655542,1.146725737805463,2.6549798227838837,21,1.1186133825013174,1.0814487392917966,0.9667761500167132,0.9999275974000978,1.0007847493599504,1.0008572140243766,2.0739290034710858,0.5536543606088672,0.03123464950052639,0.7357374453344108,1.27481174030496,0.8807881842393271,121.00000000000003,0.3076650130127119,2.3143875320406915,-1.4680635036365707e-17,0.030724604337972295,-3.144953214056139,16,2.283662927702719,2.022841769740102,9.031768949744027,5.459340746096831,1.0,-0.3020579246240581,0.9787881502570396,1.7446966747443762,2.9590278842300686,3.0231545850376285,2.2439265190612008,0.8807881842393271,0.09752111564637511,1.0,3.1756778183941115,1.0000000000000002,3.9192559288714475,31,0.9999650739863384,1.0008234367836826,1.000858392777582
60,9,545,665,1781860457.6615198,1781860465.6009846,7.939464807510376,120,15.389682248477287,,2.500239787209513,0.43587047928301087,0.008374814961823148,0.6003018602875094,1.5389682248477285,1.033470561108522,109.1027121900182,1.4790180396137282,2.082115242293505,-0.036506458345808124,0.05824008405506895,-3.568922737045338,12,1.5389682248477288,5.651037979338843,0.953514167828749,-0.5853298031527282,0.9655687194546934,1.4673317641389974,4.95381503660541,5.130463463442649,2.1695900393134764,1.033470561108522,0.16549882140137578,0.9528150642958986,0.9078565467491974,2.436699689342237,19,0.9736731722888029,0.9262209094206457,0.9814463595662267,2.8241088724291066,0.4130016843551343,0.009041016952843187,0.6166479410534086,1.5389682248477285,1.1972665118359593,111.23969627472754,4.265392762264219,2.422632482406851,-0.024882932732562146,0.013639482925008394,-4.110992320870642,11,1.4107208727770848,6.533624803277492,0.962807077745102,-0.9905972350022602,0.9748480405350899,1.5015451720129762,5.29940116147779,5.436130495342609,2.1545385563616586,1.1972665118359593,0.17535904823685836,0.9624854848851954,0.9263783086146896,2.6931943934835254,21,0.9338098651898588,0.8237216609538901,0.8821085444266689,0.36264317942302665,0.3082505066207767,0.3405306549056046,0.3404149776188135,0.33863977848903826,0.3563934914335846,0.34384945268183525,0.34386995658779385,0.2987170420879351,0.33535600194563864,0.3156198924125603,0.31571506579339265,2.5649314202089597,0.35235777778069,0.009806295455555366,0.5375588687450249,1.5389682248477285,1.325837718299275,93.72422426088283,5.228392121204239,2.2552369010652034,-0.01200050011844597,0.04525056525459216,-3.8927156988164313,10,1.2824735207064406,6.147952599881634,0.8837619601306812,-1.1539079106250605,0.9744124288319933,1.4368105800774544,5.374418153476901,5.51554762075346,2.0554059057986325,1.325837718299275,0.17792089099204708,0.8836804796819554,0.7808911901709308,2.6931943934835254,21,1.1561813647626393,1.0879333358507932,0.9409711737346179,1.0097459589274,0.9268472246648408,0.9179013953661986,2.99327632497412,0.5874578751769368,-0.00047622926536935724,0.870952372269042,2.564947041412881,0.9414657585311415,120.0,5.001026613725299,3.3517115210981605,3.7007434154171884e-18,-0.04069246237752014,-4.527688100541789,18,3.3924039834756807,2.3084523372715933,5.38874616621427,7.87939962163995,1.0,-0.7480826213226395,0.9943459229066516,2.1175023263468034,5.385375540056101,5.4159980103440075,2.3403423400783496,0.9414657585311415,0.17470961323690345,1.0,4.486995638164268,1.0,4.6169046745431865,36,1.0101493153830885,0.9274417594719375,0.9181234351678147
60,10,605,726,1781860461.6635373,1781860469.663185,7.999647617340088,121,15.527098264526447,,3.2118158964346297,0.5168017890928674,-0.008679055196163714,0.7465073110108016,0.7763549132263223,0.6448635643829069,148.35256679571236,1.4619264042598958,2.62667692761209,-0.0016588257431338475,0.18077157612340755,-4.287037321708518,9,1.1549081353780002,6.913714249320608,1.1072733497375185,-0.5730973732516774,0.9464010046852008,1.4748574788501674,2.9495387868808964,3.116584589702538,2.21717008046776,0.6448635643829069,0.100534986764598,1.1072721071787635,1.2260515193360992,2.5664625230622224,20,0.9662319901211447,0.8839793378406516,0.968213763738494,3.1736805123205105,0.47995232876959953,-0.013872545102331772,0.7114868279025324,1.0351398843017632,0.49012740333978283,134.2145883145165,2.5120012050527976,2.827390167556328,-0.0047684458328746075,0.10185732094875524,-4.189596921550463,10,1.2832312615311112,7.016987089106792,1.053191090768285,-0.6111440063678361,0.9598679892277887,1.5897208590056815,2.596514264790273,2.705074337231687,2.2901474404324054,0.49012740333978283,0.08726046249134475,1.0531802958648766,1.109188735598029,2.823108775368445,22,0.8935848056354659,0.7690308703125286,0.860613190222766,0.375570537285281,0.34349985272659433,0.3552245457662178,0.35522552092112186,0.3356041255624753,0.34863084367848346,0.33787440735557966,0.33787225091010337,0.2888253371522436,0.3078693035949222,0.3069010468782026,0.30690222816877477,2.7349670338201664,0.40112347515994723,-0.014944991302649166,0.6155463427277983,1.0351398843017632,0.4830059643451233,110.73524463862836,2.995774488786118,2.3855672688836234,-0.0001828631211153139,0.011580399622220138,-3.811001301079646,10,1.2832312615311112,6.1965685699632695,0.9566437743815847,-0.7286581975543032,0.9649508557441394,1.5577033254495625,2.379261891777744,2.4656819335560183,2.2534295445258166,0.4830059643451233,0.07953812688890381,0.9566437569043784,0.9151672776241234,2.823108775368445,22,1.0149373890881204,0.8962720104569247,0.8830810846984251,0.9511572648415555,0.8639635141659999,0.9083287760094222,2.3396028529496857,0.5809343028213464,-0.020199154718322506,0.8093176065939459,2.587849710754408,0.4496383039298559,121.00000000000001,1.0329897115173292,3.187086671603831,2.6608651003412843e-17,-0.002268144603487299,-2.8266530545346167,17,3.1893548162073184,2.1814931446028893,4.7872338823898355,6.013739726138448,1.0,-0.021032116554493142,0.9782417013473296,2.0802774644139976,2.848305191940692,2.9116579144169883,2.4448470098388757,0.4496383039298559,0.09392444885216092,1.0,2.8243849099311293,1.0000000000000002,4.49130941535889,35,0.9511485831141288,0.8639644679046657,0.9083380696168248
60,11,666,787,1781860465.7285275,1781860473.726445,7.997917413711548,121,15.443798442476572,,3.2118158964346297,0.4833351035763621,-0.024527602718496945,0.7170833739937421,0.7721899221238286,0.7079573569942195,134.39724073278632,2.378676531859102,2.62667692761209,0.05091177095436982,0.15516194653385057,-4.287037321708518,13,1.6592510723321938,6.913714249320608,1.0539074901487429,-0.8466111556052164,0.9479999275403935,1.544092774673478,4.070209720575585,4.293470497551443,2.331571318916159,0.7079573569942195,0.13849904830811105,1.05267705844191,1.1081289893699127,2.6803286553058516,21,0.9280330673943974,0.7915915663043407,0.9496951303380874,3.1736805123205105,0.46267108666515383,-0.01865205483029427,0.7036641260114912,0.7721899221238286,0.8556189833411652,137.85348965052765,2.350779878704425,2.827390167556328,0.041410202669245555,0.1856044781269357,-4.189596921550463,11,1.4039816765887794,7.016987089106792,1.0673729612624225,-0.757848799685743,0.9481434097667583,1.462524658905322,3.9692337589371323,4.186322151322612,2.250312209299651,0.8556189833411652,0.13504265004266489,1.0665693758724768,1.1375702335490048,2.6803286553058516,21,0.9996011527337254,0.9416798326904973,0.9420555689788633,0.339987918514276,0.34349985272659433,0.32961595906070396,0.32949714974960903,0.33985231526241017,0.34863084367848346,0.33382736681406694,0.3338455669209339,0.3201597662233138,0.3078693035949222,0.33655667412522927,0.33665728332945716,2.7349670338201664,0.4438262529739999,-0.009869322316511043,0.6555373487986056,0.7721899221238286,1.112433439513283,140.11683068024047,1.7599404301161279,2.3855672688836234,0.03431773873085454,0.025497053917584084,-3.811001301079646,11,1.4039816765887794,6.1965685699632695,1.0760995939969193,-0.7043588677232765,0.9487461273748969,1.3477833546058469,3.937418316984608,4.150128473123915,2.0966820447555077,1.112433439513283,0.13387511203625532,1.0755522437374836,1.1568126290087353,2.935598051049266,23,1.0149373890881204,0.8962720104569247,0.8830810846984251,1.0127767107071033,1.0210569751668095,1.0081758045699185,2.3652557994396175,0.5843914792791807,-0.010144059103422538,0.7501805812815062,1.2869832035397144,1.017245111317571,121.0,0.592543951080323,3.42690506245991,1.6974484260797847e-17,0.04419897167873538,-2.0307122060929994,17,3.3827060907811743,2.1697898638190227,6.878762312654272,5.457617268552909,1.0,0.4196092260470991,0.9922851229533118,1.7638959669834948,4.548974289097878,4.584341923376708,2.243837383089727,1.017245111317571,0.1478819975282809,1.0,2.074911177771735,1.0,3.9566756340229237,31,1.0131971313701176,1.0217304871538015,1.0084222068139344
60,12,727,801,1781860469.7995622,1781860474.6571565,4.85759425163269,74,15.365157981500138,,2.0874560228033663,0.41735079981305134,-0.017630204618323188,0.569805173615385,0.8305490800810885,0.5039483882512369,49.73176683147504,0.8148348203717042,2.900709861806514,0.05089045501707627,0.024219927171715283,-1.6927909721296266,11,2.2840099702229932,4.59350083393614,0.8197871084178142,0.47080821538705153,0.8368948005412005,1.4354416141423012,1.6867330868602501,2.015466084589699,2.0153087692798466,0.5039483882512369,0.10607716234682625,0.8182060038377843,0.6694610647161963,2.6992845102635377,13,0.8541221152926325,0.6813967807744646,0.9423019962062612,2.138315379553571,0.3909871843395243,-0.006044312429851219,0.5953789535708652,0.8305490800810885,0.7856735243639054,63.26779529300963,0.3074048337285733,2.782496575668711,0.06570066103010909,0.06071239268955483,-1.6269937071036833,6,1.2458236201216328,4.409490282772394,0.9246459899130544,0.46060992443943055,0.8497099307451349,1.2079409625944546,1.9202164767352223,2.2598493994901645,1.759743664402189,0.7856735243639054,0.11893944207842971,0.9223088581394516,0.850653629802499,2.6992845102635377,13,1.1595826250625065,1.2696254202106583,1.0948986236683393,0.29161252009145505,0.3147062991629492,0.29002376836740945,0.29009577117438234,0.3381488115487424,0.30209951369426014,0.32712067760856034,0.32700554409030425,0.3702386683598027,0.3831941871427907,0.38285555402403026,0.38289868473531335,2.5298415547521147,0.4835059863704002,0.004561354849650001,0.6796354384622459,0.8305490800810885,0.9630797764177126,86.66357690078418,0.31682478082249377,2.9240975414209927,0.06949398477491808,0.02973932791013513,-2.6690628842891058,8,1.661098160162177,5.593160425710098,1.0821873301689335,-0.01147926341828487,0.8845152128510926,1.1461948559192399,2.139931807932713,2.4193273070284307,1.5612925838848173,0.9630797764177126,0.12733301615939108,1.079953704405086,1.166300003658268,3.114559050304082,15,0.9599411085757725,1.217624776377227,1.2684369546208618,1.1279098932131506,1.320083371715311,1.1703801692480091,2.0434817732045394,0.586949972071208,0.002955000402938384,0.7746891178713098,1.2458236201216328,0.9798618388626096,74.0,0.1253030226738816,2.920228017141743,3.450693184645757e-17,-0.08499761227716852,-1.723754184144232,10,3.0052256294189115,2.0763727002027212,7.808630152323992,4.643982201285975,1.0,0.5870533886154572,0.9826061632395842,1.6218420799470432,2.3427345130898893,2.3842049854094713,1.7299033972856162,0.9798618388626096,0.12548447291628798,1.0,1.6387565718670636,1.0,3.737470860364898,18,1.127233060883658,1.319904399796112,1.1709241376946622
63,0,0,83,1781860475.4903316,1781860483.4855375,7.995205879211426,83,15.514147218364105,,1.7235760234920725,0.40208430749672797,0.0021305512016781885,0.5918576351611058,1.1351815037827393,0.5111308616952405,49.982437856379036,0.9615466970455704,2.0255004678109163,0.006090342146478969,-0.0537125737029058,-1.7111267253451488,8,1.4953394909266606,3.736627193156065,0.7760142050648288,0.6199537340836333,0.9754026190453338,1.8424080355629775,2.4822213708870655,2.5448172092428014,2.1161437574266118,0.5111308616952405,0.12118177186870482,0.7759903054774183,0.602160954194937,2.9906789818533213,16,0.9352388304571457,0.8165095574605697,0.9598380453093223,1.7060127657420048,0.34191874756479923,0.004610437626837037,0.5023753270949368,1.1351815037827393,0.6365043978115895,41.60015620821618,0.9762138965012905,1.998675177316385,-0.0048784799869407884,-0.008153521042056768,-1.8447107340276265,8,1.4953394909266606,3.8433859113440114,0.7079595336626306,0.37113455434517534,0.9504698532957249,1.611995877170981,2.321656952768231,2.442641336511576,2.07005863974677,0.6365043978115895,0.11631625411959885,0.70794272489858,0.5011829017368266,2.616844109121656,14,0.9427082827173353,0.9315974389902989,0.9882139109937492,0.3479101031068807,0.32650605031246205,0.3536527993379701,0.35365643239713357,0.32797773583989853,0.3358346147129491,0.3226382574747803,0.3226438483340344,0.3241121610532209,0.3376593349745888,0.32370894318724963,0.32369971926883195,1.6569745130247129,0.3184593945361766,0.005674554135596473,0.4804102437044703,1.1351815037827393,0.7244942022555064,41.87671732107345,1.0582347675332704,1.8650831152788903,-0.008378110899281132,-0.024465326509704784,-1.999185408632394,8,1.4953394909266606,3.864268523911284,0.710308920755258,0.1728474781581608,0.9211995097477227,1.4102521918722577,2.3996016018998656,2.604866347092406,1.981242975641298,0.7244942022555064,0.1240412546234479,0.7102595090262845,0.5044685701622588,2.243009236389991,12,1.0285708776041356,1.0341595037869993,1.0054333894771368,0.9123022865328698,0.91532979179926,1.0033185330247236,2.781937385610292,0.6788551666606641,0.00881875707887227,0.8616582998150246,3.0271506767539718,0.4646703118570168,82.99999999999997,0.4409344039971854,1.8172644739431059,-1.33761810195802e-18,0.0722034956026092,-3.332024990615594,13,1.7450609783404971,2.4299266727558235,3.647717313567,5.1492894645587,0.9999999999999998,-0.591781962428274,0.9786015794817043,2.1105541118437885,2.6178753183629317,2.6751186317821336,2.147217406878714,0.4646703118570168,0.12738660151343492,0.9999999999999998,3.404228486218204,0.9999999999999997,3.925266163682484,21,0.9123087233197161,0.9152943071747608,1.0032725587059834
63,1,47,124,1781860479.5194523,1781860487.4843528,7.964900493621826,77,15.202674954919036,,1.9152666064114303,0.4194283011886639,-0.016407854230529664,0.6389939134639987,1.2002111806515028,0.9347041011153324,85.41193711608273,-0.12099439017195834,2.803217270521351,0.019907693999563252,0.030792830254076954,-1.943443823432046,6,1.1846240224612234,4.7466610939533975,1.0532074518215786,0.2145234259634082,0.9541515700408999,1.4485373148419043,2.823256826467585,2.9589185985897033,1.8282944306145104,0.9347041011153324,0.14794592992948516,1.053019287711352,1.108849620292123,1.974373370768706,10,0.9630985526079308,0.900159518848427,0.9794175047707355,2.173602289045856,0.3841856697522255,-0.012230263538225367,0.591260985288497,1.2002111806515028,0.9828153063759516,86.32240701286163,0.501920547828878,3.0566713891209387,0.012494180714237023,0.08262858824543005,-2.1446068932018107,6,1.1846240224612234,5.2012782823227495,1.058806035563764,0.10944656289879517,0.9434539581711276,1.3078083825688076,2.777441122519232,2.9439074355077834,1.68889507171099,0.9828153063759516,0.14719537177538916,1.0587323157411106,1.1209141163945349,1.974373370768706,10,1.0006524810872495,0.9371054214431626,0.9364943765741325,0.3403956463324152,0.3061447540290447,0.3341108375153065,0.3340898085957637,0.34061774805382916,0.33546613690342053,0.33588688600391714,0.33590237220522295,0.31898660561375564,0.3583891090675348,0.33000227648077646,0.3300078191990133,2.3036078317536424,0.3454844465268693,-0.008379994567000067,0.5669980731001634,1.2002111806515028,0.9695610803063741,83.32423157085418,1.1615513761370098,3.22490155930861,0.014632270497003837,0.045909788973866696,-2.3317889216463428,6,1.1846240224612234,5.556690480954953,1.0402561595797262,0.14267151649738083,0.9363362961641291,1.2692204641578286,2.8613074237597402,3.055854435507417,1.6659145835219242,0.9695610803063741,0.15279272177537084,1.0401532455382059,1.0819187742036631,1.974373370768706,10,1.0957762054991609,1.170652458848057,1.0683317021971541,1.0053157464206148,0.9877029998036451,0.982480383223202,2.31854177350759,0.5833092633778327,0.001699249301722348,0.7673741781396684,0.8001407871010019,0.6215507000069916,77.00000000000003,0.30460233535769676,1.5253678851211216,-1.2976632755358972e-17,0.15637044125351834,-2.804870392804118,9,1.3689974438676031,1.7769360336918354,4.07891565122744,4.33023827792524,1.0000000000000002,-0.8335942650410213,0.9421856207117097,1.7697660580151517,2.8714304592871867,3.047627130117058,2.062233231079122,0.6215507000069916,0.15238135650585288,1.0000000000000002,2.961240834057636,1.0000000000000004,3.553872067383671,18,1.0054253783348788,0.9877817601982302,0.9824515886341871
63,2,83,127,1781860483.568163,1781860487.6935983,4.1254353523254395,44,14.93054631017261,,1.9152666064114303,0.5235152134450859,-0.051866964243262134,0.7244318341782419,1.3573223918338737,0.4181496361425355,77.01756214362095,-0.94891528267667,2.803217270521351,-0.011488599958130863,0.32904289746663024,-2.393581567048179,4,1.3573223918338737,5.1967988375695295,1.323026507530272,-0.007058055167337579,0.4732281281254353,1.0534097217606477,0.49684150755956225,1.0498985120087112,1.1313949021690215,0.5049108975856046,0.0874915426673926,1.322976625530002,1.7502671516987511,1.6966529897923421,5,0.9871528622848206,0.969352704421713,0.9931651633520462,2.173602289045856,0.5342579581787124,-0.05078735076166761,0.7488747172580039,1.3573223918338737,0.4122465567742088,85.39984379178381,-0.842132970673882,3.0566713891209387,0.009202587248092768,0.4257035896361864,-2.1446068932018107,4,1.3573223918338737,5.2012782823227495,1.3931638599685103,-0.003348404153581433,0.46711130385527844,1.0519492321696948,0.5051044968348107,1.0813364880403395,1.151265379338026,0.5252845646120495,0.09011137400336162,1.3931334656486793,1.9408208531103002,1.6966529897923421,5,1.056795722900732,1.03826203493424,0.9824623741704592,0.32309574755707027,0.32572074802854345,0.32213182362768944,0.3221330171861157,0.3414462041057265,0.32600150703834446,0.33920893668381674,0.33921558247680605,0.3354580483372033,0.3482777449331121,0.33865923968849393,0.33865140033707825,2.3036078317536424,0.5169512741833046,-0.05254320217409091,0.741728557926125,1.3573223918338737,0.38643068265555813,85.12328267892659,-0.6173780916569602,3.22490155930861,0.0158041637418258,0.43316433290265377,-2.3317889216463428,3,1.0179917938754053,5.556690480954953,1.3909062013251272,0.023644910309696104,0.4579459064965977,1.0403198162146376,0.4744993382851339,1.0361471334358552,1.1509206496150308,0.5091559312919255,0.08634559445298794,1.3908164110669377,1.9343702892931167,1.6966529897923421,5,1.0008619623143455,1.0692525638636687,1.0683317021971541,1.0530128096746645,1.0513063747464653,0.9983794737229014,1.4066994709808265,0.46345845924503,0.014149895426569123,0.5962492727241818,1.3573223918338737,0.34072637244974935,44.00000000000001,0.4304931298269339,1.5748732191794468,-5.046468293750712e-18,0.27367126856265567,-2.8142231627767886,5,1.3012019506167911,1.6966529897923421,2.8108617350876908,4.389096381956236,1.0,-0.9846480079912012,0.5390323641266798,1.2855956235672605,0.7840835702557226,1.4546131595012217,1.537420159366798,0.5422214518862459,0.12121776329176848,1.0,3.0878944313394445,1.0000000000000002,2.7146447836677474,8,1.0530295386666955,1.0512781437160752,0.9983368035878294
64,0,0,36,1781860492.4930723,1781860494.835268,2.342195749282837,36,15.318860482103725,,1.5428149197050387,0.5488695631791741,-0.016669782629730897,0.6410923603043751,0.8510478045613181,0.2683966276436287,36.0,-0.24314087513423965,2.2594130823925407,-6.1679056923619804e-18,-0.07474353529589127,-2.1679245796009097,4,1.7020956091226362,4.42733766199345,1.0,0.29712084927005544,0.9511240650975762,1.614594113710137,0.6756237237907232,0.7103423712882406,1.375541715212773,0.2683966276436287,0.07103423712882406,1.0,1.0,3.4041912182452725,8,0.9374774105708648,0.9073319999896134,0.9825224264058942,1.5000782367512389,0.4698854106539655,-0.013435422199234564,0.6001696491241207,0.8510478045613181,0.2849723159950664,36.0,0.23919894875181402,2.497928067239897,3.0839528461809902e-18,-0.31539308860895815,-1.9288100300059292,4,1.7020956091226362,4.426738097245826,1.0,0.7088073344102868,0.8973432328262002,1.4066229124690122,0.5366831712454535,0.5980801454925551,1.3926981219788523,0.2849723159950664,0.05980801454925551,1.0,1.0,2.553143413683954,6,1.0042016559903995,1.005838811712281,1.0016303057380114,0.3322214470967624,0.3362326670355682,0.3333333333333333,0.3333333333333333,0.33361732733009564,0.33618713329282146,0.3333333333333333,0.3333333333333333,0.33416122557314193,0.32758019967161023,0.3333333333333333,0.3333333333333333,1.5116332139743975,0.4601565686674987,-0.011821053842119197,0.5827650465119893,0.8510478045613181,0.28356450857418747,36.0,0.09788307323813861,2.46566509107576,-4.625929269271486e-17,-0.2386222642699194,-1.8477413608203446,4,1.7020956091226362,4.313406451896104,1.0,0.6119179944448949,0.8875518195511732,1.308757360586091,0.5199694758751144,0.585846893016408,1.3526980013307623,0.28356450857418747,0.058584689301640805,1.0,1.0,2.553143413683954,6,0.999864576683913,0.9742664285411546,0.9743983848016143,1.0,1.0,1.0,1.9297424082799908,0.6426420334747561,0.004414546368953345,0.7883180392378262,1.7020956091226362,0.5853691517995098,35.99999999999999,0.04146734179312617,1.9754082962985344,9.418102871657415e-17,0.140934241872883,-2.393593544333141,5,1.8344740544256517,2.127619511403295,4.2442398442743015,4.369001840631675,0.9999999999999999,-0.5001950084895411,0.9379355806427055,1.7254283993040136,1.2936086918463916,1.3792084643595317,1.4271553698707655,0.5853691517995098,0.13792084643595318,0.9999999999999999,2.5345277862060245,0.9999999999999998,4.25523902280659,10,1.0,1.0,1.0
66,0,0,119,1781860504.6878586,1781860512.6751177,7.987259149551392,119,15.469088039064546,,2.528279001246794,0.3583297495200943,0.019908073028877836,0.5537232497037539,0.7865637985965024,1.4972809538812193,126.14324772600212,1.1214602982683024,2.633023090315501,0.010294347882536196,-0.007466665632604288,-3.0701549874767617,10,1.2999233646272728,5.703178077792263,1.0295762680904916,-0.1619268244371722,0.9111277909727835,1.22312888447509,3.4962663654311594,3.8372952730355223,1.8261553699331627,1.4972809538812193,0.12790984243451742,1.0295248021377714,1.0599213182168172,2.7298390657172726,21,0.9629746021553471,0.9306845036109673,0.9835264507571665,2.2090396097530745,0.32911431732362517,0.018335118550327576,0.5203032926068737,0.7865637985965024,1.435337537106541,129.48962472779692,1.2753707332183852,2.5773529053856596,0.006491736613784158,0.06062523768070788,-3.2248132610893396,10,1.2999233646272728,5.802166166474999,1.0431433779477663,-0.2686029002867108,0.9050836945336728,1.1593732208288707,3.0797274740432328,3.402699101357697,1.7501913713685389,1.435337537106541,0.1134233033785899,1.0431231779190862,1.0881059643120137,3.249808411568182,25,0.9566432962775253,0.9016656075367937,0.9425306287571764,0.34985721755459426,0.32384361841389225,0.3311225021373994,0.3311135827330668,0.33468856182791035,0.32946446005369984,0.3354858266447189,0.33548706350298335,0.31545422061749545,0.3466919215324079,0.3333916712178817,0.3333993537639499,2.064027273992096,0.3065795714229549,0.019244642877201044,0.5055963498412201,0.7865637985965024,1.2284444180905139,127.8780809214442,1.7739241010749511,3.084872134027049,-0.00013262397823079588,0.055109151372033524,-3.020685160309569,8,1.0399386917018183,6.105557294336618,1.0366319125074932,-0.07231466810092224,0.9165009616815384,1.145666524415331,2.7300477683187063,2.978772399005219,1.7417059307334264,1.2284444180905139,0.09929241330017397,1.0366319040237104,1.074605704439823,3.1198160751054544,24,1.0173566540150987,1.0705535073700732,1.052289286303901,1.0131773723596378,1.0068529594510636,0.9937578423274052,1.7573101409785243,0.6908003187263229,-0.008629585907540031,0.8135838843499946,0.7865637985965024,0.5511679776995951,118.99999999999999,-0.995074162337072,2.1235453902325983,1.679328944811161e-17,0.08586680246938094,-1.9543740559032439,17,2.0376785877632178,2.2098697198663637,4.419907595285762,4.077919446135843,0.9999999999999999,-0.10578274923405633,0.9570653276332513,1.884658649174567,3.580417122661008,3.7410373349488104,2.5207442136741225,0.5511679776995951,0.12470124449829369,0.9999999999999999,2.0402408583726253,0.9999999999999999,4.159754766807273,32,1.013208400373724,1.0069032837977108,0.993777078265747
66,1,59,134,1781860508.719086,1781860513.6606266,4.941540718078613,75,15.575677115923435,,2.528279001246794,0.5392218694976716,-0.005797243211466815,0.7413284466945469,0.841928492752618,1.264885042721235,128.26300380967223,-0.4369386923451968,2.633023090315501,-0.006771628349636541,-0.06607523354484504,-3.0701549874767617,6,1.2460541692738747,5.703178077792263,1.3077359764604486,-0.09053459085661168,0.9088438889634508,1.2891442615136415,2.965334332296744,3.262754328115414,1.6882363504808702,1.264885042721235,0.17172391200607443,1.3077184441531966,1.7101275291784575,2.6997840334267287,13,0.9670134393978372,0.9238239390708273,0.9826268167991705,2.2090396097530745,0.483461601131486,-0.005126152364532918,0.6750285801188721,0.841928492752618,1.3847560748011147,130.67215576057714,-0.3349006280474458,2.5773529053856596,-0.009387551061421412,0.07950997590192779,-3.2248132610893396,6,1.2460541692738747,5.802166166474999,1.3199603820346384,-0.15541975767471033,0.9097788497049761,1.1898830887064114,2.962294800213099,3.2560603064950504,1.5366612040733043,1.3847560748011147,0.17137159507868685,1.319926999506449,1.7422072840260978,2.0767569487897912,10,0.976298920664596,0.957413719675405,0.980656333230057,0.34086501392450813,0.32384361841389225,0.33063302485016727,0.33063520782434996,0.33278614518681976,0.32946446005369984,0.3337237039052234,0.3337219412527154,0.32634884088867205,0.3466919215324079,0.33564327124460935,0.3356428509229346,2.064027273992096,0.4561686582572892,-0.0076022411720093296,0.6553945149047735,0.841928492752618,1.4321520947236106,132.17972261139397,-0.11865613695363786,3.084872134027049,-0.00865680905413869,0.02163100808682266,-3.020685160309569,6,1.2460541692738747,6.105557294336618,1.3275527490405994,0.003441245282295257,0.919758931812151,1.1538045082832458,2.931622132883906,3.18738098808988,1.4356866270418858,1.4321520947236106,0.16775689410999367,1.3275245237441957,1.7623213611422535,2.6997840334267287,13,1.0173566540150987,1.0705535073700732,1.052289286303901,1.009347762693871,1.0151534965290068,1.0057519658235938,1.7334039673568382,0.7494341888769765,0.010791388135858542,0.8798509496359215,2.1048212318815454,0.6088546991159695,74.99999999999999,-1.1497079991194397,2.1158079308810955,-3.7007434154171884e-18,0.10584960544854152,-1.7805722585517096,11,2.0099583254325544,2.2844326436687705,4.834539313442624,3.896380189432805,0.9999999999999999,0.022044351183409118,0.9491306191600241,2.132738697852152,2.271109903466603,2.3928317742783642,2.0826149428144305,0.6088546991159695,0.1259385144357034,0.9999999999999999,1.8864218640002515,0.9999999999999998,4.568865287337541,22,1.009335767502429,1.0151455228604842,1.0057560185075292
69,0,0,115,1781860514.2584884,1781860522.1616511,7.903162717819214,115,14.929244284033736,,3.961920758428363,0.4545599792501006,0.0009120789603474732,0.7080069668413967,1.3095828319327838,1.158826437147618,140.5053968420723,5.101416408444152,4.233252975614088,-0.028741433583107212,-0.11925439571322102,-4.46087868061951,12,1.557834186160042,8.694131656233598,1.1053443171683115,0.3675504126388951,0.9506558295247424,1.4640314996675938,4.587715897869445,4.825843123649664,2.1621959935627713,1.158826437147618,0.16640838357412632,1.1049705830889205,1.2209599894918688,2.5963903102667367,20,0.9606284248801042,0.8876216114434687,0.9684040098833759,3.5187959295347606,0.4581614681179679,-0.0014287622553756198,0.6810254255372943,1.3095828319327838,0.9063554079757546,136.08922658917115,2.910823878858891,3.6303391272884444,-0.03506086739894072,-0.17046527385879842,-4.090152456558023,11,1.4280146706467052,7.720491583846467,1.087834812384799,0.24873576360612695,0.9486557422328068,1.4426825943191457,4.276817165344567,4.508292075772842,2.1966784559073473,0.9063554079757546,0.15545834744044285,1.0872696604860748,1.1821553146135044,2.2069317637267263,17,1.1125199252979268,1.1304476827065906,1.0161145495024395,0.30835954004959243,0.37984132734340176,0.33859789185631767,0.33865039418403337,0.34305613246087563,0.33730358440675207,0.33323424062560103,0.33322543128581983,0.3485843274895319,0.2828550882498462,0.32816786751808125,0.3281241745301469,2.9351355504682446,0.47088406762793217,0.00025462629157013087,0.6567715855663878,0.7857496991596702,0.891098607183268,131.98258074660137,1.2332564707073468,2.842196815765493,-0.0379056357109718,-0.15722842088267963,-3.632031236456098,11,1.4280146706467052,6.474228052221591,1.0712957645710348,0.07801266873175844,0.9450916093380782,1.432011308220418,3.808692354241441,4.029971609745818,2.2150519598398133,0.891098607183268,0.13896453826709718,1.0706249473878258,1.1462377779691848,2.5963903102667367,20,0.8880118094727676,0.7446664380311793,0.8385771789153393,0.9841592302854837,0.9691964285983731,0.9847963609681635,2.7410496002439086,0.6979815880599184,-0.015163196413137306,0.8646157135364868,2.6191656638655676,0.48389728437171436,114.99999999999997,0.7250320340931484,2.3844641204608203,9.654113257610057e-18,0.002937327341882811,-3.3399509372520555,19,2.381526793118938,2.4665707947534,4.332515088883592,5.724415057712876,0.9999999999999999,-0.4680073327977301,0.9641190592998252,1.9460513393797447,3.1227827176629686,3.239001124955289,2.388242619622626,0.48389728437171436,0.11168969396397548,0.9999999999999999,3.3428882645939386,0.9999999999999998,4.284044011940115,33,0.9839806390561429,0.9689171492646598,0.9846912742044068
69,1,59,176,1781860518.2832396,1781860526.2589998,7.975760221481323,117,14.614503338025617,,1.1334632626064853,0.25727324441992594,0.01578691554788835,0.3453170774749045,1.007896781932801,0.759155946527907,44.06016455431006,3.9066276242058695,1.4181393579810095,-0.0014856337181097645,0.07839856982433999,-2.6023521154502625,13,1.6238337042250686,4.020491473431272,0.613663265177484,-1.2424282950896508,0.8666120841150483,1.2789385671155342,2.3110172948429595,2.6667263671990953,2.2873187266272725,0.759155946527907,0.08889087890663651,0.6136614668697609,0.37658039592074666,2.373295413867408,19,0.9414854365054246,0.9198193764140481,0.9775370602243495,1.339534326397501,0.27811842962778077,0.013510997034189787,0.401584854369847,1.007896781932801,0.9143141784310225,60.95534949316341,2.889236039325925,1.7381343550685031,0.01110529086145049,0.07675460990069978,-2.922082467479641,10,1.249102849403899,4.6602168225481435,0.7217935252577158,-0.8672921629280653,0.9410201717418645,1.2244500297425904,2.887480450717626,3.0684575500361366,2.020578682502998,0.9143141784310225,0.10228191833453788,0.7217080889243541,0.5208625656188435,2.123474843986628,17,1.2121418912337558,1.3299730746728844,1.097209067924545,0.2823172058572751,0.29839205371232647,0.2918561684429453,0.2919383474884936,0.34220851183566703,0.34587106517057115,0.34328255354785825,0.34333957438193036,0.3754742823070578,0.3557368811171024,0.3648612780091964,0.3647220781295761,1.4731963268185595,0.30454905892298284,0.012544545605063791,0.42890917620744556,1.007896781932801,0.9998100091086831,68.8595073940447,1.9487986308806233,1.9654445074888642,0.02799068018088282,0.14319653230578797,-2.827702895475177,11,1.3740131343442887,4.793147402964041,0.7671654308163907,-0.6066544471503478,0.9330640236592447,1.2315124695620598,3.233922304683157,3.4659168317309237,2.0589204359505087,0.9998100091086831,0.11553056105769746,0.7666546289319002,0.5877593200627096,2.123474843986628,17,1.1591162059027824,1.1921794722458021,1.0285245484228807,1.1762045509583472,1.2501407112816352,1.0628599509014367,2.541750222580107,0.5836470769559777,-0.004575289235593173,0.756358116776967,0.7559225864496009,0.6087212204816462,116.99999999999999,0.44672672019089665,2.2139561543484767,-1.897817136111379e-18,0.1308082008908922,-3.094241568811258,15,2.0831479534575847,1.8736542741058484,4.078320498241375,5.308197723159735,0.9999999999999999,-0.4261977370972031,0.8038756923099686,1.5390726959376535,3.5995419640226456,4.477734553310375,2.56429091249744,0.6087212204816462,0.14925781844367916,0.9999999999999999,3.2250497697021507,0.9999999999999999,3.4974879783309167,28,1.1760687738888522,1.2493119909296986,1.0622780050512322
69,2,116,236,1781860522.3129146,1781860530.261615,7.948700428009033,120,15.051798261668425,,2.086192060097632,0.3674551982455882,-0.009570966624027216,0.5253499415367653,0.7525899130834213,1.1329457653149604,102.34051736927844,2.0030521239766212,2.3072841082266584,0.014047692198081862,0.08688867737153136,-3.407430255365899,12,1.5051798261668425,5.714714363592558,0.9234920924101013,-0.6978648068324752,0.8936030336235729,1.2534056861579352,4.915890511726421,5.501201682129945,2.1732324470256197,1.1329457653149604,0.17745811877838533,0.9233852430529174,0.8526403070878952,2.634064695791974,21,0.9363633128765927,0.8864664201655662,0.9747495471303554,1.4653088363878148,0.3467141894991068,-0.02305232885431683,0.5033972106890553,0.7525899130834213,1.0400294392424156,103.46833544251845,0.8687190641928506,2.0451456358083684,0.012118799223972283,0.04039270216561014,-2.922082467479641,10,1.2543165218057022,4.96722810328801,0.9285667066439836,-0.5541854213099062,0.9013623508254058,1.2318397681972513,4.031277768756401,4.472427503838865,2.1106748951715892,1.0400294392424156,0.14427185496254402,0.9284876215615493,0.8620892633930227,2.1323380870696935,17,1.009525690525504,1.0630384323316404,1.053007805852153,0.32546106769941413,0.36563549915057125,0.3280243725986967,0.328018548162083,0.3285613091084188,0.31781027211283136,0.3298268754722247,0.32983109043863196,0.3459776231921671,0.3165542287365974,0.34214875192907857,0.342150361399285,1.4142027420479848,0.36829094340283586,-0.024976827052866687,0.5174350474783992,0.7525899130834213,1.0693923511449903,111.34361088986829,0.5799826785441313,2.119893828638395,0.013153951003297533,0.1345279879086788,-2.827702895475177,10,1.2543165218057022,4.947596724113572,0.9632566761160992,-0.47092279225403,0.9030070995369949,1.21971642751175,3.8839218254438674,4.301097773688931,2.0908706614016253,1.0693923511449903,0.13874508947383649,0.9631668586777883,0.9276903976552385,2.1323380870696935,17,0.8691997162506229,0.8657644825844388,0.9960478200786786,1.005495027272663,1.0430589325374964,1.0373586186365564,2.1435236196845304,0.4772495010433255,-0.035250070389157985,0.6382668429327027,0.7525899130834213,0.4939051957962164,120.00000000000003,1.0428765725489155,2.4970945714369677,-2.960594732333751e-17,0.14401673361769912,-3.5846801161718447,15,2.3530778378192685,1.8814747827085532,4.540460993819956,6.081774687608812,1.0,-0.5892255143296383,0.7894361735604729,1.5619990832275927,2.662087722029296,3.372138003282634,2.5885337399867754,0.4939051957962164,0.10877864526718174,1.0,3.728696849789544,1.0000000000000002,3.1357913045142554,25,1.0055257310499812,1.043082360178666,1.037350241738188
69,3,176,252,1781860526.325879,1781860531.773207,5.4473278522491455,76,15.57009748238561,,2.086192060097632,0.46766307073181984,-0.027823829080634136,0.6334349602321407,1.638957629724801,0.46215018180372375,77.14494809017553,1.392171747397187,2.3072841082266584,0.011638169205627996,-0.09687738869809603,-3.407430255365899,7,1.4340879260092008,5.714714363592558,1.007504395250799,-0.2948597514621641,0.885957295483768,1.5079329042599177,1.7233459983126,1.9451795330288288,1.92286448724866,0.46215018180372375,0.09725897665144144,1.0074371739553885,1.0149296594672197,3.277915259449602,16,0.870743343454671,0.8167291791327945,0.9693709489409901,1.4653088363878148,0.4517605920139789,-0.021047348028256013,0.5989735585368324,1.638957629724801,0.4990424522547004,74.30162464982885,-0.3275812129493665,2.0451456358083684,0.011375621294022895,-0.013239887879906858,-2.5194927762061434,8,1.638957629724801,4.564638412014512,0.9887633467715117,-0.26132785723909674,0.8939575599372228,1.465729205125284,1.9054457851104065,2.131472309764028,1.9152045885229525,0.4990424522547004,0.10657361548820139,0.988697906925556,0.9775235511589755,2.4584364445872016,12,1.0481945352392201,1.0295708735386924,0.982232628510816,0.32491105304775963,0.3857226391722825,0.33635000361530215,0.33634247048143323,0.340569990243482,0.3080966542031261,0.3300934038888129,0.33008618817344665,0.3345189567087583,0.3061807066245914,0.3335565924958848,0.3335713413451202,1.4142027420479848,0.4612694697205055,-0.01981569765494039,0.5960126797119346,1.638957629724801,0.5483319414145265,75.86888035063187,-0.24365797042343829,2.119893828638395,0.00046843860578551724,0.10388209392039993,-2.416358660344899,7,1.4340879260092008,4.536252488983294,0.9991369983419103,-0.22199168929819985,0.9205903925875827,1.5145096282042125,1.9345678906154837,2.10144262442043,1.8650062204720512,0.5483319414145265,0.1050721312210215,0.9991368885297726,0.9982745220209551,2.4584364445872016,12,0.7987518048312304,0.7937846409057577,0.9937813424703031,0.9813985441972964,0.991694927636712,1.0104915413827489,1.9712104997680768,0.44120639055746397,0.010712488235879822,0.6073501605791114,1.2292182222936008,0.7372012423892066,76.0,0.5835286166577753,2.3388188873019935,-3.2868444807981606e-18,0.10487502902766929,-2.5844626949655285,9,2.233943858274324,1.843827333440401,6.796058035849958,4.923281582267522,1.0,-0.06402837924882598,0.9583019658675743,1.4469922193489628,2.079032863153707,2.1694966067105033,1.777130182299452,0.7372012423892066,0.10847483033552516,1.0,2.689337723993198,1.0,3.482784963165202,17,0.9813990713125479,0.991760989528481,1.0105583126363415
70,0,0,116,1781860515.7311544,1781860523.6984076,7.9672532081604,116,15.051798261668425,,1.7705269921656908,0.42997797286473793,-0.006511140848303636,0.5852422798489025,1.038055052528857,1.4386554943000824,143.56151298479853,1.214906408721041,2.4263179258383842,0.006813153632061431,-0.03151592212123493,-3.6242961930125364,11,1.4273256972271782,6.050614118850921,1.1124743816686085,-0.4215360871294794,0.959860958169358,1.1233452107143453,3.390626707083371,3.5324144379723053,1.6425927296194074,1.4386554943000824,0.11774714793241017,1.1124535184925881,1.2375528308065389,2.8546513944543563,22,0.9808182340410444,0.969638114269535,0.9863999071235187,1.9438453409272503,0.37116290174775185,-0.006892530274407181,0.5585367805920908,1.038055052528857,1.5209632547621634,144.60097579248585,1.8421753573631197,2.4067385455524097,0.0071478653383187365,0.011184032592579246,-3.6903492386412458,8,1.038055052528857,6.097087784193656,1.1164945750616613,-0.633031424413194,0.9619987835121474,1.1204021071254744,3.6273741936593473,3.770664013125068,1.6153833750676425,1.5209632547621634,0.12568880043750227,1.116471694295572,1.246509044163225,2.5951376313221424,20,0.9480265796494659,0.9423197347332651,0.9939802901746586,0.34597930186561826,0.3288675971156827,0.33322900171254,0.3332288009130713,0.3279975741771721,0.33139356924846286,0.3344332047513992,0.3344324214531012,0.32602312395720967,0.3397388336358545,0.3323377935360608,0.3323387776338276,1.9993586622699473,0.3846397172924819,-0.005873992525308841,0.5688798782368393,1.038055052528857,1.6050327122303234,142.79464032988685,2.211853216543699,2.4771479180893143,0.006115358157944815,0.0017743286834564329,-3.773478782588515,10,1.2975688156610712,6.250626700677829,1.1094991116291717,-0.706850062800113,0.9662755431867367,1.1537197271680417,3.861455257920229,3.9962258024096413,1.6627487049429237,1.6050327122303234,0.13320752674698805,1.1094822581278718,1.2309508811005214,2.5951376313221424,20,1.0076808179186216,1.0330565753984808,1.0251823365381443,1.0036137401986938,0.9973255383778149,0.9937344402841337,2.2481441546364183,0.6853146576177278,-0.004723024336350701,0.8799031845212737,2.854651394454357,0.7159694617104374,116.0,0.06543120253218904,2.533317536059941,2.2970131543968756e-17,-0.07054326768948267,-2.79135813153092,16,2.603860803749424,2.076110105057714,5.20784948836299,5.324675667590862,1.0,0.08437582416549937,0.977939048848661,2.1223578868447,4.033379781545198,4.124367245886892,2.4506292866814303,0.7159694617104374,0.1374789081962297,1.0,2.7208148638414373,1.0,4.02246332854932,31,1.003611994331618,0.997329092573016,0.9937397103720484
70,1,56,176,1781860519.7680197,1781860527.6958861,7.927866458892822,120,14.690619209902314,,1.7705269921656908,0.3696659506776202,-0.001984337388469875,0.5121741035482267,0.9793746139934877,2.0063274634834696,131.4724033755739,2.1291110983665584,2.4263179258383842,0.029768848734079204,-0.0002650907742893882,-3.6242961930125364,12,1.4690619209902316,6.050614118850921,1.0467107343784698,-0.48596256507328794,0.945122378602219,1.0532486688979257,4.720149579485796,4.994220522496381,1.6982587568545875,2.0063274634834696,0.1611038878224639,1.0462873300906226,1.0947171771081634,2.693280188482091,22,0.9671682648273934,0.8659532712819668,0.9372745140904377,1.9438453409272503,0.33304534912875394,-0.0012918166800600897,0.5154971114591906,0.9793746139934877,1.9977582866091115,136.68677034556322,2.5494115293083777,2.4067385455524097,0.010348230767713303,0.0391163014772898,-3.6903492386412458,9,1.1017964407426737,6.097087784193656,1.0672658616981807,-0.7299720385926004,0.9549686858505769,1.0524473971644897,4.72329568715794,4.9460215367700435,1.6550848301477004,1.9977582866091115,0.15954908183129174,1.0672156921945715,1.1389493336663383,2.0811710547361613,17,0.9916565812329468,1.0723733197972336,1.0813958582959537,0.32636757221715834,0.3288675971156827,0.32557358851894297,0.32549109433882906,0.3236445508901641,0.33139356924846286,0.331967147258852,0.332001729886087,0.34998787689267746,0.3397388336358545,0.342459264222205,0.3425071757750839,1.9993586622699473,0.37747014830679715,-0.0002509829138623667,0.5529725404406883,0.9793746139934877,1.9201871616247246,145.46352507911135,2.1950531242250086,2.4771479180893143,-0.00523021534363457,-0.014092980505039166,-3.773478782588515,7,0.8569527872443017,6.250626700677829,1.1009977485562483,-0.6684984940166951,0.9656227110261444,1.1070640777104432,4.791035712501544,4.96160214314991,1.723023583903814,1.9201871616247246,0.16005168203709386,1.1009853255940276,1.2121686871733872,2.448436534983719,20,1.0076808179186216,1.0330565753984808,1.0251823365381443,1.019637829865112,1.0518643904134735,1.0316058894682485,2.655956348206363,0.6093455544580728,-0.0009558658638623936,0.8231067661857976,1.2242182674918596,0.5125425133114563,120.00000000000003,1.3913150416636393,3.6934201944478877,2.960594732333751e-17,-0.029080847069650285,-2.2604229902182498,15,3.722501041517538,1.8363274012377893,4.736259863824381,5.9538431846661375,1.0,0.43416961838776646,0.9840495872578405,1.9823308904017818,3.3012092153951613,3.3547183578363504,2.482777980009278,0.5125425133114563,0.10821672122052743,1.0,2.2313421431485994,1.0000000000000002,3.6726548024755785,30,1.0200024997933752,1.0522781782119712,1.0316427444296794
70,2,116,236,1781860523.7731025,1781860531.6982055,7.925102949142456,120,15.322162189807154,,1.3067534456407972,0.28540624707045864,-0.003910948647063025,0.3834985413635984,0.7661081094903577,0.4366303556145177,42.85535223593091,1.8366631464585197,1.930150613942066,0.0033463126258480766,0.006906144344011275,-1.857243123179533,16,2.0429549586409537,3.787393737121599,0.5976018200268672,-0.07421177779022273,0.8579484206674365,1.6328058614483836,2.5967800333365676,3.026732109742001,2.602791918373667,0.4366303556145177,0.0976365196690968,0.5975924509992027,0.3571167374912344,3.0644324379614307,24,0.8469687904732656,0.5350278036603148,0.7629101673577794,0.8680555393571391,0.2352007621726261,-0.0019724889905495683,0.30283789567289454,1.7875855888108345,0.34493702171014223,30.651070477298685,1.443542751090189,0.9905348934427913,-0.007664593726429251,0.03231381643569547,-1.8472907685364222,13,1.659900903895775,2.8378256619792133,0.5053964654712401,-0.7589822653175302,0.8819653013708578,1.6073782590365342,2.3149055915199535,2.6247127726247794,2.512275111269282,0.34493702171014223,0.08466815395563805,0.505338343403537,0.25536684131383114,2.5536936983011924,20,0.9306039650556747,1.1096432307378503,1.19239039635025,0.3289206224360955,0.3920064621215931,0.3557364111289828,0.35584598527520633,0.30609483542761096,0.29372335571209796,0.3008490248840421,0.3009118010194077,0.3649845421362936,0.3142701821663089,0.3434145639869752,0.343242213705386,1.0656624449736796,0.2921200438214666,-0.0011067290154303862,0.36807502773189243,1.276846849150596,0.7439658384161446,39.9379573662816,-0.009200150087699033,1.4061219394472797,-0.023433430012252,-0.032821055586456746,-1.6302181077521065,13,1.659900903895775,3.036340047199386,0.5769023412898235,-0.058825083192180556,0.9621635398650848,1.673331314599316,3.1590777355181876,3.2833064283034,2.248401531701444,0.7439658384161446,0.10591311059043225,0.5764262188203629,0.33226718574354097,3.0644324379614307,24,0.7492819228602166,0.8016964324144946,1.069952988261344,0.8457077079325466,0.9653624235345986,1.1414847168586948,2.3651388881153985,0.6129208286963729,0.002621446893320314,0.7968726267910909,0.7661081094903577,0.7858231948753663,120.00000000000003,0.412061942568553,3.2679874598778054,0.0,-0.06057864798478718,-2.0339317750917116,17,3.3285661078625925,2.1706396435560134,5.781075393910672,5.3019192349695174,1.0,0.4560577013957385,0.9553209800944233,1.8033880030408445,4.02556848687707,4.213838668631757,2.5081942597446196,0.7858231948753663,0.1359302796332825,1.0,1.9733531271069245,1.0000000000000002,3.958225232366848,31,0.8456237065220411,0.9645808240324174,1.1406738205101108
70,3,177,295,1781860527.855115,1781860535.8529174,7.997802495956421,118,15.369774966745208,,2.769844294971829,0.4065477143912238,-0.017414274058849186,0.5900448092079421,1.0420186418132344,1.3538005118948473,134.89391356996623,1.073536166639725,3.0419058246667987,-0.011751557445372806,0.030034109999595028,-3.170591228570127,12,1.5630279627198516,6.212497053236926,1.069190702853102,-0.36390952476474087,0.9624276678121264,1.1247077207311222,2.8874334574289717,3.0001563275845284,1.5688176534750191,1.3538005118948473,0.10000521091948428,1.0691261197656328,1.1430306599651183,2.8655512649863946,22,0.9529363487367392,0.9025941440937846,0.9583933920440099,3.1466296590545753,0.4049594792231297,-0.015639129290314382,0.5946447627698546,1.0420186418132344,1.172851711950271,142.46886902214757,1.2423010540890704,3.1729149067859903,0.006636446060793131,0.06708354633798164,-3.6492658866274197,11,1.4327756324931973,6.82218079341341,1.0988008449204345,-0.39691467134431724,0.9423398828693925,1.0817564196410328,2.817568092148892,2.9899701194536035,1.634528084502856,1.172851711950271,0.09966567064845346,1.098780803609866,1.207319254381543,2.214289613853123,17,1.0700809345167723,1.066767663284457,0.9969037190314846,0.318791286484451,0.31991163254477534,0.32945202976516713,0.3294512682003886,0.34113247775708544,0.3513072081055297,0.33857586649484167,0.3385893605357493,0.3400762357584637,0.32878115934969504,0.3319721037399913,0.33195937126386216,3.089046604217173,0.44503031170828045,-0.007603527056818995,0.6275179729875235,1.0420186418132344,1.3326847681851004,136.96549164487962,0.7815502606054303,3.197470341734692,0.014962592574107309,0.007390880961099735,-3.187267741629381,11,1.4327756324931973,6.3847380833640734,1.0773692521438885,-0.23793298523486595,0.945866979790959,1.1020248762735643,3.256576525633532,3.4429540254732762,1.678312586746747,1.3326847681851004,0.11476513418244254,1.0772653462766466,1.1605006262885436,2.605046604533086,20,1.0981382743447448,1.0277249274568918,0.935879343673848,1.0276939763770099,1.0076492895691687,0.9804954711532844,1.93445132945627,0.5309182692642795,-0.014126808354096807,0.6674740716652919,1.5630279627198518,0.6573964819593975,118.00000000000004,-0.18585087961488922,1.981231923186539,-9.40866970021319e-18,0.0038615517368853084,-2.6971002395609904,17,1.977370371449653,2.214289613853123,7.39954196121839,4.678332162747529,1.0000000000000002,-0.16734856776600213,0.9316300435800418,1.6134553221164865,2.483060369197589,2.6652858463599505,2.2135791330297336,0.6573964819593975,0.08884286154533168,1.0000000000000002,2.700961791297875,1.0000000000000004,3.2563082556663576,25,1.0277373111515917,1.007612971342238,0.9804187902969055
70,4,237,330,1781860531.856986,1781860538.1584656,6.3014795780181885,93,15.1153443500855,,2.769844294971829,0.41859022584068667,-0.009605677658848366,0.6117139195788903,0.9857833271794891,0.8375124249997047,143.54419345980352,0.005479249104159756,3.0419058246667987,-0.010694062214860483,0.047750032065946316,-3.170591228570127,7,1.1377140908666505,6.212497053236926,1.2423711004288063,-0.2284394143746953,0.6303197105409248,1.1056351242837523,1.984661279653448,3.148658127714681,1.951120942458164,0.8375124249997047,0.13119408865477836,1.242325073486818,1.5433715882140282,1.7878364285047366,11,0.9622318012896991,0.8975081304443189,0.9573771530991556,3.1466296590545753,0.44894062321305883,-0.013483564724797923,0.6534450747836851,0.9857833271794891,0.8645919883934544,154.73838597682493,-0.004494870117834893,3.1729149067859903,-7.759167283611947e-05,-0.15892242536099754,-3.6492658866274197,8,1.300244675276172,6.82218079341341,1.2899044974935283,-0.23234791597923637,0.6421450837126309,1.1550308935638027,2.0009489119316983,3.1160386689609094,1.9782719022351314,0.8645919883934544,0.12983494454003788,1.2899044951598408,1.6638536066335639,1.4627752596856936,9,1.0697421935847289,1.042493387865796,0.9745276891176728,0.32131243725898423,0.31991163254477534,0.3277507125821404,0.3277582215760613,0.34372147145948134,0.3513072081055297,0.34029052838599744,0.34031093178370325,0.3349660912815345,0.32878115934969504,0.3319587590318623,0.3319308466402355,3.089046604217173,0.4840528462206525,-0.013265094295387895,0.6818468088669144,0.9857833271794891,0.6909651045018467,147.25383191309135,-0.2297127519819968,3.197470341734692,0.021356322957822627,0.007166472785293536,-3.187267741629381,7,1.1377140908666505,6.3847380833640734,1.2583221116629506,-0.1655631855982431,0.6781291656979198,1.2908726819017202,1.9076160800012423,2.8130571231779333,2.100089035463243,0.6909651045018467,0.11721071346574723,1.2581408681740007,1.582918444169628,1.7878364285047366,11,1.0981382743447448,1.0277249274568918,0.935879343673848,1.0382602243792662,1.0128391679657058,0.975515717720229,1.8948807885044754,0.4807273207408438,-0.009054405090092425,0.6078188798736044,0.9857833271794891,0.826352630016398,92.99999999999999,-0.25843822872970357,1.9868551245225095,-7.386564478352856e-18,0.06817561327324162,-2.595778515541519,11,1.918679511249268,1.7878364285047366,6.312840471848357,4.582633640064028,0.9999999999999999,-0.250785745377799,0.7641260272666284,1.334101161411735,2.4005835919153378,3.1416068897725116,2.0177296587945186,0.826352630016398,0.13090028707385465,0.9999999999999999,2.663954128814761,0.9999999999999999,2.600489350552344,16,1.0382986890375496,1.012730802126365,0.9753752102539157
71,0,0,81,1781860530.261615,1781860538.2611241,7.99950909614563,81,14.508217787363131,,1.8752720457520984,0.365694125563867,-0.012136638007129413,0.5218387754743998,1.0881163340522348,1.1262515693468604,73.35175727775588,1.3118028928440468,2.170490933569624,0.08059382922755846,0.17138930587853154,-3.128139214720165,6,1.0746827990639356,5.298630148289789,0.9516182272017835,-0.6720259975927828,0.9708036062933796,1.1440962648236177,2.690442100580399,2.7713556924791027,1.5355637560892657,1.1262515693468604,0.13196931868948109,0.9481992855054808,0.8990818850331043,3.0449345973478175,17,0.9629371233634435,0.9359141023906001,0.9906044426442784,1.9892122156434318,0.3750770117281932,-0.012809849492880342,0.5332377725485439,1.0881163340522348,1.1824013255176558,70.00787926420678,1.0856455049124554,1.74680762598807,0.09152175629433197,0.1615461442722272,-3.0048022622161192,8,1.432910398751914,4.7516098882041895,0.9296745697989958,-0.7615912920974311,0.9774830825749551,1.1930786594789533,2.703910471114791,2.7661966936470748,1.5829283076500151,1.1824013255176558,0.13172365207843212,0.925158674961084,0.8559185738557487,2.865820797503828,16,0.970312548625642,0.9609588325859316,0.9903600998946587,0.3411488975089959,0.3596353375972608,0.3388054856551554,0.3391073167162994,0.3310210562027817,0.3225072855531069,0.33099286575057113,0.33086723497752174,0.3278300462882223,0.3178573768496323,0.33020164859427353,0.33002544830617886,1.9623122279732184,0.37402914000123894,-0.013717217149404565,0.526377517000666,1.0881163340522348,1.2406416392433302,69.67358063699677,1.105669017617922,1.7159228270357927,0.0927295768170224,0.14751337353526017,-2.9671783695374954,8,1.432910398751914,4.683101196573288,0.9274522425360485,-0.7122857218340017,0.9786565473733101,1.18288769400962,2.7567133194451303,2.8168342886419966,1.556219385946153,1.2406416392433302,0.13413496612580936,0.9228049023322759,0.8515688877684813,2.50759319781585,14,0.8967619469982901,0.8838324369714365,0.9855820041537978,0.9769406924168397,0.9746053785279055,0.9976095643194502,2.877349271530153,0.5368629220902431,0.001042868460927915,0.7357774204189893,1.4508217787363131,0.29211904160826146,81.0,2.5344031681493817,3.696608707074574,4.4631650912786e-17,0.006536770677511627,-2.9969457622129747,10,3.690071936397062,1.7911379984398927,5.483739464817635,6.693554469287548,1.0,0.3174525948532483,0.9776307063734906,1.611949854968982,1.0936470420088986,1.1186709202964473,1.9225065602640687,0.29211904160826146,0.053270043823640346,1.0,3.0034825328904864,1.0,3.0449345973478175,17,0.9757006666250396,0.973218305939065,0.9974558173721852
71,1,37,85,1781860534.3257515,1781860538.50977,4.18401837348938,48,15.03738997938514,,1.8752720457520984,0.48689720451511787,-0.025934527283686996,0.6505955401914121,1.2531158316154283,0.7348372421110888,78.66280551617717,-0.6551069812958112,2.170490933569624,-0.04756165855677269,0.28063410669858035,-3.128139214720165,3,0.9398368737115712,5.298630148289789,1.280159540156496,-0.39282253266761424,0.46252813173699914,0.9975377594333473,1.0013839644592406,2.165022829419257,1.3547912720075383,0.9582643778564602,0.16654021764763513,1.2792757079257855,1.6365463368890196,1.5663947895192853,5,0.9826068619502601,0.9681462091125975,0.9967061828323535,1.9892122156434318,0.46858729296603574,-0.027772131869971847,0.6426155685195464,1.2531158316154283,0.6772092765371435,73.53580946247479,-0.5902761829292027,1.74680762598807,-0.05739813610046709,0.19141707830184151,-3.0048022622161192,3,0.9398368737115712,4.7516098882041895,1.2377382721998318,-0.5606144200966552,0.47914792988647975,1.0205383930678105,0.9682593885945261,2.020794264568621,1.4013868380799712,0.8518317146349683,0.1554457126591247,1.2364066824635078,1.5287014844404174,1.5663947895192853,5,0.9357357358805279,0.9232917980200263,0.9867014399650005,0.3497692792890686,0.3604378181466762,0.3409546975532545,0.34104538353266056,0.3272916139439585,0.32322691957302896,0.3296563162716356,0.32961682037002604,0.32293910676697285,0.31633526228029474,0.32938898617511,0.3293377960973133,1.9623122279732184,0.46784368108709484,-0.02572500343112576,0.6368044068825991,1.2531158316154283,0.6908909774844605,73.41659218527855,-0.5917741188401044,1.6831204429013233,-0.05829135989033183,0.20485861653248152,-2.9671783695374954,3,0.9398368737115712,4.650298812438819,1.2367345459690624,-0.5809630262502348,0.49311068721913853,1.0260457007678732,0.9912778649386307,2.0102542707578888,1.4017392609118353,0.8203601719422569,0.15463494390445298,1.2353600505745033,1.526114454555439,1.5663947895192853,5,0.8967619469982901,0.8776417078175897,0.9786785788082321,0.9668625146897876,0.966078451298246,0.9991890642365082,1.2893349926727078,0.5623772998750521,-0.021980620216921314,0.6576679160707646,1.2531158316154283,0.8356260169417679,48.0,-0.25080494943246556,1.9422930307105104,-3.700743415417188e-17,0.015415135368100635,-2.3027399029114344,6,1.9268778953424097,1.8796737474231424,5.968051484098439,4.245032933621944,1.0,-0.13584389855180748,0.8186162891140901,1.4604731308693446,1.4900578390925407,1.8202152325909462,1.4129725176482535,0.8356260169417679,0.14001655635314972,1.0,2.318155038279535,1.0,3.1327895790385707,10,0.966489611897825,0.9656714677850899,0.9991534889742595
73,0,0,87,1781860538.6497507,1781860544.459907,5.810156345367432,87,15.381019349562788,,1.404419615931564,0.389086358808987,-0.008171193441738334,0.5178229347281258,1.0730943732253106,0.6642846987873225,87.0,0.2803058465364465,2.8586540325514718,-7.273874988923439e-17,0.03764775304296108,-2.3169660641433634,7,1.2375532809993048,5.175620096694836,1.0,0.11016323712711021,0.9732106929668874,1.3312097483506402,1.9278942124423164,1.9809628340241747,1.7614623012628041,0.6642846987873225,0.09004376518291703,1.0,1.0,2.6518998878556532,15,0.9745002927833563,0.9288242137189047,0.9821911343848899,1.3138345479152407,0.4060639486643406,-0.008785417657384007,0.5346659949279536,1.0730943732253106,0.733613200110134,86.99999999999999,0.14454470159060984,2.4933363132953703,1.0208947352875003e-17,0.02134154588603476,-2.4843852895299423,8,1.4143466068563484,4.977721602825312,0.9999999999999999,-0.15235539742138146,0.9764652067483467,1.322902493444039,2.0288195813006515,2.077718250767655,1.7150343390632594,0.733613200110134,0.09444173867125705,0.9999999999999999,0.9999999999999999,2.6518998878556532,15,1.0048573407120769,0.9903205145736729,0.9855334428585627,0.33386998980219046,0.34874939517411496,0.3333333333333333,0.3333333333333333,0.3354917100961973,0.3354143785474234,0.3333333333333333,0.3333333333333333,0.33063830010161216,0.31583622627846164,0.3333333333333333,0.3333333333333333,1.4342790326178936,0.42453688390611116,-0.008110171431592332,0.5566244593107784,1.0730943732253106,0.791382536720036,86.99999999999999,0.06390668508197939,2.09438117270804,-3.062684205862501e-17,0.0342090339759499,-2.5927905976543344,8,1.4143466068563484,4.687171770362374,0.9999999999999999,-0.29833094667989435,0.9794292394636102,1.337644920892483,2.1083654739117024,2.152647061125478,1.7058675464316524,0.791382536720036,0.09784759368752173,0.9999999999999999,0.9999999999999999,2.298313236141566,13,0.961763326872484,0.9056251584917553,0.9416299552996246,0.9999999999999999,0.9999999999999999,1.0,2.956895773849483,0.5129410319607935,-0.007337593156189165,0.742407156057504,1.4307924976337476,0.3167025574435203,87.0,4.136745674963684,4.2786282138959075,1.658953944842188e-17,-0.023042606822188234,-2.821356834455449,10,4.301670820718096,1.7679332585704353,6.216460639247736,7.099985048351357,1.0,0.8685879401163259,0.9330813831213864,1.7039098569209332,1.0458046957426383,1.1208075894132243,2.157848191646409,0.3167025574435203,0.050945799518782926,1.0,2.7983142276332607,1.0,3.1822798654267834,18,0.9999999999999999,0.9999999999999999,1.0
74,0,0,118,1781860546.6224558,1781860554.6202648,7.997808933258057,118,15.349975296894728,,2.6005262283923622,0.36988591524750014,0.017261795105403082,0.5276817669294608,0.7805072184861725,0.3998807588195406,87.70870571530807,4.451685912496723,2.0556792626277756,0.06743201304500254,0.08724664936546153,-3.777546948765923,11,1.4309299005579832,5.833226211393699,0.8621450668138305,-1.1136955875530687,0.9276470547612804,1.4679900203729457,1.7585540330828988,1.895714565207608,2.260559880714593,0.3998807588195406,0.06319048550692026,0.8595039498734854,0.738747039848123,2.9919443375303283,23,0.943164857454795,0.9629858709348896,0.9776864746380017,2.56148634771765,0.34086604222822076,0.018231056136113182,0.5173691550956022,0.7805072184861725,0.39478940734560675,96.47213983003493,4.037775183130743,2.18663205996897,0.06744227980565813,0.2006031434596045,-3.7551484849833785,8,1.0406762913148968,5.941780544952349,0.9041905258485041,-1.0192213052379662,0.907496686512507,1.357624872581468,1.3099140174920532,1.4434366945470936,2.208072424686536,0.39478940734560675,0.04811455648490312,0.9016718061073051,0.8130120459288097,2.211437119044156,17,1.0707591016101334,1.0860628195992839,1.0142924005652976,0.3167742827941614,0.3326797262585127,0.32335374095424835,0.3232944777473573,0.3391889464578707,0.3388707815448529,0.339123194370301,0.33915552767138035,0.34403677074796785,0.3284494921966344,0.3375230646754508,0.33754999458126234,2.550470407202729,0.3711664418136765,0.015796720139877415,0.530408627360261,0.7805072184861725,0.5413163504421733,95.56389320503754,3.6937458434418,1.9913090114017928,0.06731043320959894,0.1474367312895749,-3.76774402302198,11,1.4309299005579832,5.759053034423773,0.8999241644369854,-1.0713196513338303,0.8919314416187936,1.3119553353092182,1.8351262136095514,2.05747451875777,2.1582946336722677,0.5413163504421733,0.06858248395859233,0.8974033693488912,0.8053328073187423,2.731775264701604,21,1.0186096560676179,0.9872843647268389,0.9692470112037702,1.048768427325181,1.0438198849327904,0.9952815681103105,2.1655385500034843,0.486252276076413,0.0077381532874974575,0.6457224862719552,1.561014436972345,0.642249703221077,117.99999999999996,2.4054681702948795,2.1121405741123205,2.7285142130618255e-17,0.08474123414525997,-4.030872875965318,12,2.027399339967061,1.5610144369723453,5.891000990250819,6.143013450077638,0.9999999999999998,-0.9633626341584745,0.9322109808134996,1.4774036736958225,3.0489498818166454,3.270665058199551,2.2392933287129586,0.642249703221077,0.1090221686066517,0.9999999999999998,4.115614110110578,0.9999999999999997,3.902536092430863,30,1.049060689296456,1.0440945262450327,0.9952660860309678
74,1,59,133,1781860550.6558578,1781860555.6165576,4.960699796676636,74,15.322498036422086,,2.6005262283923622,0.44109935566461683,0.013089287624859105,0.6525323863006355,0.8282431371038966,0.559440058887301,114.69400483275136,0.556820063433539,2.2828962032996234,-0.054007326059690594,0.06125625083345513,-3.777546948765923,6,1.242364705655845,6.060443152065546,1.24495742265604,-0.5653295932007004,0.8514927599237118,1.2055756524073522,1.380413673716117,1.6211690089294395,1.7283071381321304,0.559440058887301,0.08532468468049681,1.2437854288253467,1.5470021929582518,2.48472941131169,12,0.980038440823268,0.9925958512304152,0.9905558222723522,2.56148634771765,0.4160506397829376,0.010031744258697389,0.6322901046595593,0.8282431371038966,0.651375914087668,110.94248603350478,0.8341229759086723,2.18663205996897,-0.03233348339443899,0.2011522543326238,-3.7551484849833785,4,0.8282431371038966,5.941780544952349,1.2244275332728152,-0.6614499633220259,0.8405289833672861,1.135070753371756,1.5366782322128945,1.8282275360175317,1.6492364761193627,0.651375914087668,0.09622250189565956,1.224000543336535,1.498177330088133,1.6564862742077933,8,1.000273321249635,0.9989927238743015,0.9987197525435011,0.3334149038314731,0.34121663907961786,0.3378279368932461,0.33773977770375035,0.3335060332096353,0.3345356662583827,0.33225700727849283,0.3323673535926268,0.3330790629588916,0.3242476946619994,0.32991505582826103,0.32989286870362283,2.550470407202729,0.4230850010201193,0.014765473150262859,0.6303173481566815,0.8282431371038966,0.6133640512029344,109.3840164261407,0.6142962933503191,1.9913090114017928,-0.047010237616084354,0.12256673939993568,-3.76774402302198,5,1.0353039213798707,5.759053034423773,1.2157970160092666,-0.6717917016769668,0.8444643583619529,1.1765305059326738,1.5203520973574707,1.8003745004781124,1.7031496469787615,0.6133640512029344,0.09475655265674277,1.2148878226800677,1.4759524216963158,2.0706078427597414,10,0.9804201435215584,0.9502692938322419,0.9692470112037702,0.9835095650585177,0.9765771856000011,0.9929513858280532,1.552409049488422,0.5210240893517407,-0.019759918041217902,0.6424904006323776,0.8282431371038966,0.5262408816950368,74.0,-0.490780875326601,2.2643056309981047,-9.00180830777154e-18,0.05374985134752086,-2.0966926941376784,8,2.210555779650584,1.6564862742077933,5.196802887238596,4.360998325135784,1.0,-0.15460064592790626,0.9550995236570895,1.8040119432057717,1.8375982504033097,1.923986144781143,2.036161469353133,0.5262408816950368,0.10126242867269174,1.0,2.150442545485199,1.0,3.9341549012435086,19,0.9840930074992944,0.9767664056230579,0.9925549700887984
75,0,0,99,1781860548.931343,1781860555.6446424,6.71329927444458,99,15.336224359208746,,1.6924553568079823,0.46639414755381925,0.015446883013192088,0.6244304859241563,1.2519366823843874,0.5269487626433017,99.0,0.3294612185592807,3.0672360048279272,4.485749594445077e-18,0.0721100164102196,-2.3413040989606864,9,1.3942022144735224,5.408540103788614,1.0,0.29456194937701163,0.8311437004161812,1.5721501525106218,2.4399395723835147,2.935641058413552,2.2111046036749413,0.5269487626433017,0.11742564233654208,1.0,1.0,2.6334930717833203,17,0.9011334060233321,0.8961744703571195,0.954215666954719,1.5141197997817621,0.41098286555142144,0.008559236910990165,0.5584743613089912,1.2519366823843874,0.7469448153726832,99.00000000000001,-0.2455340222258262,2.286899716985514,1.794299837778031e-17,-0.1222154598877304,-2.628784994216649,10,1.549113571637247,4.915684711202163,1.0,0.09497722619887802,0.7987023392150706,1.3311924455442543,2.765307213948444,3.4622500500825697,2.0103535345857098,0.7469448153726832,0.13849000200330278,1.0,1.0000000000000002,2.3236703574558706,15,1.0371821334105098,1.070846403659091,1.0324574336215038,0.3217473675266985,0.35577072300421353,0.3333333333333333,0.3333333333333333,0.33371062107055655,0.3233509727588227,0.3333333333333333,0.3333333333333333,0.3445420114027449,0.32087830423696373,0.3333333333333333,0.3333333333333333,1.5025928805241162,0.4539155624716837,0.010683791189195609,0.5970883780605566,1.2519366823843874,0.9245812047362089,99.00000000000001,-0.4053503999952146,2.5363218799758864,-5.607186993056346e-18,-0.13343684580164014,-2.341772535007069,9,1.3942022144735224,4.8780944149829555,1.0,0.1464621957559848,0.8901556313058533,1.4352091344692128,2.9798984309733196,3.3476150980495687,1.9874990468981912,0.9245812047362089,0.13390460392198275,1.0,1.0000000000000002,2.6334930717833203,17,0.9088745977419651,0.9019244234809154,0.9923529887639978,1.0,1.0,1.0,2.1228225817477644,0.5004632481831371,-0.014796929382025727,0.6672954725633121,0.9389525117882905,1.0273789152838695,99.0,0.11031157256556501,2.1752029028503035,-8.971499188890155e-18,0.042520224149600806,-2.6837671085064976,12,2.1326826787007027,1.8589362859646965,7.001654444928986,4.858970011356801,1.0,-0.2976351503997738,0.8453083593733962,1.4490899222827844,3.100881342274795,3.6683434014226393,2.042939894348263,1.0273789152838695,0.14673373605690557,1.0,2.7262873326560984,1.0,2.6334930717833203,17,1.0,1.0,1.0
76,0,0,118,1781860556.7559116,1781860564.718521,7.962609529495239,118,15.064448467086171,,3.9918048509209627,0.25726733341519703,-0.001612710695339813,0.6554484000723657,0.7659889051060764,0.2058598198397794,127.8323614727784,27.573752977428445,6.7560571722275204,-0.011762731066869626,-0.1376924411414299,-1.506850002085769,8,1.0213185401414353,8.26290717431329,1.0408290432280105,4.869947081795295,0.6621559294044742,1.0464489111129107,0.413634185531029,0.6246779152201216,2.166609234337103,0.2058598198397794,0.020822597174004052,1.0407625739739028,1.0831867353847837,2.2979667153182293,18,0.9534404128279138,0.8898217763833538,0.9766847420306544,4.255504852391387,0.25369961681680425,-0.00012355908343205264,0.718949743806565,0.7659889051060764,0.16548410138330472,117.09043018460815,31.367583102230235,7.049307809483475,-0.017823393160837878,-0.11308907535516322,-1.8716778255269901,10,1.2766481751767942,8.920985635010465,0.9961384347697326,5.137945815346595,0.6965223626771128,1.0363500483634738,0.3774203949116901,0.5418640019841704,2.146781803127859,0.16548410138330472,0.018062133399472345,0.995978969598117,0.9919741078817269,2.2979667153182293,18,0.8995661675127435,0.9239380674706746,1.027092948621354,0.3541698247199097,0.31596439170386365,0.3495559401245658,0.34960379555035725,0.3185991918719493,0.3411285810310757,0.33454687811191985,0.3345604816767428,0.32723098340814094,0.3429070272650608,0.3158971817635144,0.3158357227729,4.447777710150026,0.286099920387683,0.0006361693161139238,0.7235630617691731,0.7659889051060764,0.2618747682718584,104.39962563879355,26.99047391747154,6.5333734856251695,-0.026443436506377288,-0.11317923381754809,-2.4341209856078883,10,1.2766481751767942,8.967494471233058,0.9406075643748925,4.309919232886216,0.793709953758466,1.1288033592779145,0.6339038721999584,0.7986593455181258,2.126503779833417,0.2618747682718584,0.026621978183937526,0.9402357868242415,0.8840433348250004,2.808625985388947,22,1.0796424850012754,1.0852711136717237,1.0052134190240223,0.9570624890330931,0.9037099516916892,0.9442538622579334,3.1374494851467754,0.49947066688853636,0.002863834720301244,0.7535982900922086,1.2766481751767942,1.3630527761839029,118.0,1.2796481894659824,3.1669438300631194,1.787647243040506e-17,0.07271661047640354,-3.28496887660497,13,3.094227219586716,1.6596426277298324,8.7182466387203,6.4519127066680895,1.0,-0.2506076778058812,0.9786389500898148,1.59711164717427,4.590154166586262,4.690344857176387,2.133848796821316,1.3630527761839029,0.15634482857254625,1.0,3.3576854870813735,1.0,2.9362908029066266,23,0.9569703931562505,0.9034104514675005,0.9440317672607402
76,1,59,133,1781860560.8104951,1781860565.677783,4.867287874221802,74,14.899519015580484,,0.9562637572788382,0.1256293163628662,0.013268843998619238,0.21156196001880456,1.6107588124951875,0.061488770362714176,7.972997214764131,6.620109044622026,1.4454696514555865,-0.08671939868086583,-0.1338761875234294,-0.661001798862824,6,1.2080691093713907,2.1064714503184105,0.3282426017519979,1.9113524971754254,0.8876055503401016,1.7156745201065222,0.23421492259813886,0.26387275576228125,2.07610664576236,0.061488770362714176,0.013888039776962171,0.31658008701961937,0.10022295149734976,2.214793367180883,11,0.9062570520483698,0.9165606857751283,0.9857723569612362,1.7326028385608168,0.14369982066710588,0.016327549094083613,0.3261633182557723,0.8053794062475937,0.022764414747853297,17.656763073377768,7.929575489433223,2.2712450240444046,-0.0686356719591126,-0.10675900895919654,-1.3966260975027673,5,1.0067242578094922,3.667871121547172,0.4884720118870649,1.3852580662535425,0.7626781139458811,1.0822527237603432,0.044984772187756254,0.058982644663838256,1.8379810617865384,0.022764414747853297,0.0031043497191493817,0.4836259411277666,0.23389405093171795,2.61748307030468,13,1.1738444343786958,1.5985389057257822,1.3617979170910093,0.2650844068175491,0.19551863560249585,0.2227287650642101,0.21753798721180878,0.31116785558335797,0.340444755205345,0.3314523081261615,0.3323235355287242,0.4237477375990929,0.4640366091921591,0.4458189268096284,0.45013847725946704,2.4128071903512356,0.21625629074817912,0.023655291773177697,0.44618381677755403,0.8053794062475937,0.01852374504247211,31.943757359959562,6.8385181277565685,2.985162752959974,-0.0504185124651894,-0.11317923381754809,-2.014257717389131,6,1.2080691093713907,4.999420470349104,0.6570178055092649,1.0585989940544802,0.8015964860986136,1.438204258211676,0.05623774652409698,0.07015717695795703,2.1474517395245116,0.01852374504247211,0.003692482997787212,0.6550804304488174,0.4291303703570079,3.020172773428477,15,1.7412394176967094,2.373362558316848,1.3630305713250528,1.4881432491694895,2.001622586472403,1.3450469822642939,3.1065743264151515,0.4851104055418474,-0.02112146585803921,0.749064603660187,1.6107588124951875,0.222871345359459,74.00000000000001,2.2046012120131886,3.440623086594606,0.0,0.10969542904001098,-2.794348514036277,10,3.330927657554595,2.0134485156189843,3.7655925103449683,6.2349716006308835,1.0,-0.05642933069328007,0.9474133323324953,1.9459079872082852,1.065403222669111,1.124538980305596,2.1235726387478535,0.222871345359459,0.059186262121347165,1.0,2.904043943076288,1.0000000000000002,2.8188279218665784,14,1.5276574900233535,2.0692407934306374,1.354518802116438
78,0,0,35,1781860574.3210292,1781860576.5642025,2.243173360824585,35,15.135471415554774,,1.6345006625661096,0.3441461047207236,-0.03007039546987093,0.47356849154450154,0.8903218479738102,0.41822533281599056,34.99999999999999,0.8649456442420704,1.2828174670507089,-4.123685520036296e-17,0.05583722552899596,-2.8250079135819193,2,0.8648840808888442,4.107825380632628,0.9999999999999999,-1.0460176403345796,0.928190574032249,1.1378471884292856,0.6036623104888564,0.6503646205610819,0.9860534957429693,0.41822533281599056,0.07226273561789799,0.9999999999999999,0.9999999999999998,1.2973261213332663,3,0.9758067545506651,0.9669549414001649,0.9927592235101191,1.6367338310729833,0.3603403343620821,-0.030143038233554798,0.4821480748277845,0.8903218479738102,0.40985173278913406,35.00000000000001,0.2560240829479561,1.287743454221693,3.489272363107635e-17,0.06678161576257718,-2.675712788943923,3,1.2973261213332663,3.963456243165616,1.0,-0.7370312091854498,0.941773682078078,1.1762789554406663,0.5931373666084987,0.6298088148945794,0.9953773848895756,0.40985173278913406,0.06997875721050882,1.0,1.0000000000000002,2.1622102022221106,5,1.0616832027893026,1.0768820828197383,1.014315833565516,0.3186169185599558,0.33896834940528275,0.3333333333333333,0.3333333333333333,0.33827023055959227,0.32705533857892655,0.3333333333333333,0.3333333333333333,0.34311285088045207,0.33397631201579075,0.3333333333333333,0.3333333333333333,1.5583588630468446,0.3684881451404011,-0.026897735658078174,0.4881260465872432,0.8903218479738102,0.4383865268611616,34.99999999999999,-0.06182357026228402,1.4793526818138827,-4.282288809268461e-17,0.01757579692103719,-2.5679761423538108,2,0.8648840808888442,4.0473288241676935,0.9999999999999999,-0.5223955735451284,0.935826964398233,1.1726563889587636,0.638196242222761,0.6819596640209462,1.0124423977905592,0.4383865268611616,0.07577329600232735,0.9999999999999999,0.9999999999999998,2.1622102022221106,5,0.9648550938538731,0.9852728509955266,1.0211614752015248,1.0000000000000002,1.0,0.9999999999999999,1.3338613857763446,0.5938990613876348,-0.013585595264226372,0.6696464198855728,0.8903218479738102,0.3762384340236203,34.99999999999999,-0.15136464376162584,1.6075153596994358,1.8239378261699e-17,0.07324407818185995,-2.441188962102844,4,1.534271281517576,1.7297681617776883,3.4970855354419004,4.04870432180228,0.9999999999999999,-0.5805750351723481,0.938252816484299,1.547748524520778,0.9084881971951176,0.9682765468259275,1.3386045831444786,0.3762384340236203,0.1075862829806586,0.9999999999999999,2.5144330402847044,0.9999999999999998,3.891978363999799,9,1.0000000000000002,1.0,0.9999999999999999
80,0,0,82,1781860575.0626922,1781860582.787831,7.725138902664185,82,15.328153665114716,,2.1167917461538837,0.4253460671929282,-0.00324789448766701,0.5690937655886953,1.1215722193986377,1.3083538218893755,82.00000000000001,0.5139463812352125,2.9764125265950656,-1.4554753066732236e-17,-0.015615850759209786,-2.4980001967524963,7,1.308500922631744,5.474412723347562,1.0,0.23745884765889694,0.9628111314796133,1.3514077713723964,3.494015108226543,3.628972488983449,1.633858920454612,1.3083538218893755,0.1728082137611166,1.0,1.0000000000000002,2.430073142030382,13,0.9556418233930175,0.963436073424301,0.9908960349401482,1.895980185248423,0.4312171347469933,-0.002507478452972578,0.5583274652032634,1.4954296258648503,1.2385504227131912,81.99999999999999,0.5279863966523664,3.101139429825035,-2.3693784062122243e-17,0.019366292194805963,-2.2894757340556913,6,1.1215722193986377,5.390615163880726,0.9999999999999999,0.46768424578483353,0.9666057874349241,1.3423705188798047,3.227999625932618,3.3395202758911062,1.5560446875880043,1.2385504227131912,0.15902477504243362,0.9999999999999999,0.9999999999999998,2.430073142030382,13,1.0043901139893578,1.0236972273515785,1.0192227234152418,0.33024146508177243,0.34083536702245,0.3333333333333333,0.3333333333333333,0.33169126275749394,0.3356181549889737,0.3333333333333333,0.3333333333333333,0.33806727216073357,0.3235464779885764,0.3333333333333333,0.3333333333333333,1.8213268934385716,0.4363153796135497,-0.002550104091627031,0.5606381010618323,1.4954296258648503,1.2306139319839755,82.00000000000001,0.1273326275651443,2.839386352210647,-1.7939579361321128e-17,-0.0007264501431853889,-2.3573365441497187,6,1.1215722193986377,5.196722896360366,1.0,0.32058701341908785,0.9662380808178456,1.352652344051019,3.20023634762643,3.312057774536974,1.5418120107850732,1.2306139319839755,0.15771703688271305,1.0,1.0000000000000002,2.056215735564169,11,0.9846928677647099,0.9492749558682541,0.9640315137278735,0.9999999999999999,1.0,1.0000000000000002,1.8168509887786846,0.5403571312397416,0.002087400876512796,0.7198260187901795,1.8692870323310629,0.6748569125122277,82.00000000000003,0.11866252427190149,1.797101798160931,-5.043391178937449e-17,0.16344257862124204,-2.8962180079014392,9,1.6336592195396884,1.6823583290979565,4.644827085958071,4.69331980606237,1.0000000000000002,-0.6345244895599009,0.9756573236928353,1.819671586720612,2.9768623494476207,3.0511351446430814,2.0824223659492844,0.6748569125122277,0.14529214974490864,1.0000000000000002,3.0596605865226802,1.0000000000000004,3.177787954962807,17,0.9999999999999999,1.0,1.0000000000000002
84,0,0,109,1781860589.4270585,1781860597.3435853,7.916526794433594,109,15.566254775959042,,2.598193873390282,0.3693056979625738,-0.0003648869239936807,0.6049990489076921,0.8647919319977246,1.5144716621608865,152.00544918202837,2.8626101018926065,4.531685900660593,-0.023709558946740972,-0.026785734857886115,-3.282902000214279,7,0.9996677379056266,7.814587900874871,1.180908720155673,0.26873191321399964,0.7943496248384326,1.1233885467070466,3.0226485538432173,3.805186607166852,1.7965602644552816,1.5144716621608865,0.13589952168453043,1.1806706831942004,1.39398326215426,2.284954829498575,16,0.9893736192804578,0.9791322541205905,0.9873344507975753,2.7247951399892116,0.3807606151514112,-0.0018421319174284493,0.6191183123968041,0.8647919319977246,1.5184794010987623,152.18067541702175,3.147839303764565,4.759743719317854,-0.030439472544923164,-0.0410216988302669,-2.9397587932579348,9,1.2852870915929484,7.699502512575789,1.1815891779621475,0.5008752461642628,0.7984777547286684,1.160284145772278,3.143641621957535,3.937043459683832,1.8579699463357742,1.5184794010987623,0.1406086949887083,1.1811970301302193,1.39522642398845,2.427764506342236,17,0.9992718441701814,0.9937111630563794,0.994435266893345,0.33411482710910784,0.3368862489325124,0.33356612634008087,0.33358867349943705,0.3338715394499195,0.33192492720156364,0.33375833228349505,0.3337373884448374,0.3320136334409727,0.33118882386592396,0.33267554137642413,0.33267393805572554,2.574456834198239,0.4051207808060088,-0.0004891867372002457,0.6515273174045733,0.8647919319977246,1.4555172421475315,151.1948569773295,3.061460732148383,4.67752108499629,-0.02756692094501565,-0.0293656501791016,-3.0049063933840974,8,1.1424774147492875,7.6824274783803865,1.1777558234237382,0.5742457600148501,0.8165821241075569,1.2140961421754652,3.2294776325146315,3.954871821427795,1.926246206001008,1.4555172421475315,0.1412454221938498,1.1774331592401066,1.3863488444781382,2.427764506342236,17,0.9852730061061572,0.9830879856787216,0.997782319809947,1.0005762154134867,0.9973301097043985,0.9967557636698903,1.8765982597790305,0.5063731850934073,-0.010566756748147372,0.6537898639098912,0.8647919319977246,0.9485228706053171,109.0,-0.1324155327543033,2.1697141605701904,-1.83339582048191e-17,-0.040395738144432244,-2.6236133257560263,13,2.210109898714623,1.8565257989675923,7.716539511394776,4.793327486326216,1.0,-0.18767209849228478,0.8996533485732533,1.4652881874466903,3.0964099533724894,3.4417811685834763,2.072085109411714,0.9485228706053171,0.12292075602083843,1.0,2.583217587611594,1.0,3.2846225674042016,23,1.000445803341703,0.9972578941781336,0.996813511383704
84,1,49,169,1781860593.4491563,1781860601.341676,7.89251971244812,120,15.838200753713815,,1.6835964855625978,0.16403182200004127,-8.653657240801435e-05,0.28457242567547886,1.3198500628094847,0.5690550318443516,22.334498981533294,3.929886546627581,1.9379511906583797,0.03354105939393216,-0.012703113521487248,-1.497731996621123,10,1.3198500628094847,3.435683187279503,0.43141722826761425,0.33641514679171497,0.9619330852958521,1.738041967617284,3.4770452927535467,3.6146436232455263,2.4177217874527908,0.5690550318443516,0.1166014072014686,0.4301114067085916,0.1849958221808435,2.1117601004951756,16,0.9522745146186617,0.9225741178470857,0.9405389693574387,1.9043553520446854,0.17180908924869887,0.0006503082046714247,0.31518028502367645,1.5838200753713818,0.5135847409100881,25.068433267857625,5.892920229328292,2.0723354647420975,0.035364458415172974,0.007987559218646322,-1.8805380781643624,11,1.4518350690904331,3.9528735429064596,0.45705974507221725,-0.028883704546928388,0.9568481422487711,1.8194588747867664,3.6018510553832965,3.7642870340096772,2.436022518040446,0.5135847409100881,0.12142861400031217,0.455689549634926,0.2076529656464817,2.3757301130570725,18,1.0111744272097154,1.1299431152602146,1.1174561824889455,0.3183580322860755,0.2868192292679862,0.3060182793359212,0.3058183162716459,0.32191550094448446,0.32999554416657273,0.3242073509729013,0.324004917419815,0.35972646676944015,0.3831852265654411,0.3697743696911775,0.3701767663085392,2.2863292525070924,0.20926243802685457,-0.0019265408610035831,0.38730488679028807,2.1117601004951756,0.6438588564635621,32.61032204511632,7.572968458150257,2.7725315690105745,0.026462962923007777,0.002747520063810912,-1.817478117176519,12,1.5838200753713816,4.590009686187093,0.5212990348248332,1.000120947708279,0.9584442820100761,1.905901922987799,3.997200281292082,4.170508767509199,2.445153988426839,0.6438588564635621,0.13453254088739353,0.5206269252570771,0.27105239530263814,2.9036701381808663,22,1.1505349380122811,1.3359816478950806,1.1611830321321541,1.0594378599750693,1.2083407909279507,1.1405489992177409,2.03981199664501,0.46241460224337777,0.013447987733533354,0.6441096297750456,1.0558800502475878,1.383357575047367,120.00000000000003,0.5521025356654246,2.2759264511345263,-4.163336342344337e-18,-0.048850197369421165,-2.934292017046184,13,2.3247766485039474,1.71580508165233,8.966318101719573,5.21021846818071,1.0,-0.42191991058189654,0.9698959441267224,1.4918215067411305,4.638816007743604,4.782797614356779,2.1512767396037775,1.383357575047367,0.15428379401150902,1.0,2.885441819676763,1.0000000000000002,2.507715119338021,19,1.0594686458610107,1.210446682270418,1.1425035436388116
84,2,109,195,1781860597.455883,1781860604.3201287,6.864245653152466,86,15.919655972095176,,1.7131821516073273,0.2244044544711464,-0.010753409596343404,0.3578519187242133,0.740449114981171,0.26326190089050205,42.994550817971664,4.330228014799161,1.4904069521123664,0.030050487502264713,0.031351067849150704,-2.786991283868688,5,0.9255613937264637,4.277398235981055,0.7070619756557943,-1.4258326942717077,0.8896620044167134,1.1223961988469595,0.5929526899865649,0.6664920914266995,1.7318280236227455,0.26326190089050205,0.030295095064849977,0.7064231066571588,0.49903360561915155,1.8511227874529275,10,0.9736293741158882,0.9506165133528105,0.9848791866525065,1.685458799794121,0.2324408406336507,-0.011765558373645372,0.38989408518006313,0.740449114981171,0.2647770017536941,42.81932458297833,3.9757371409256015,1.7451741921763713,0.03858026171391422,0.09702756744505474,-2.673587484649043,6,1.1106736724717565,4.418761676825414,0.7056196730944281,-1.3269961911210661,0.8807482520672657,1.0902698391109433,0.5537074305080921,0.6286784324674466,1.7000234588087837,0.2647770017536941,0.028576292384883937,0.7045641819337495,0.49641068646397357,1.8511227874529275,10,1.0082224321206925,1.0338867906213969,1.0254550560303661,0.32871929532451905,0.31940497388518396,0.3325194570452065,0.33261790858622275,0.3314221674170868,0.3299609669539136,0.3318411662006796,0.33174263759367906,0.33985853725839416,0.3506340591609025,0.3356393767541138,0.33563945382009813,1.705708097063381,0.26714126064714305,-0.010852683336036709,0.42841609771633493,0.740449114981171,0.2955515874992147,43.8051430226705,3.2942398411533267,2.166892736920787,0.034939469569845366,0.01953703111758083,-2.5287182546251774,7,1.2957859512170493,4.695610991545964,0.7136961035136644,-0.8643499068549991,0.8906817356237743,1.1796526026324163,0.6897112022603958,0.7743632485933575,1.8119742877613654,0.2955515874992147,0.03519832948151625,0.712840347929861,0.5081413616367652,2.221347344943513,12,1.033048931393674,1.0977726955715612,1.062653144697192,0.9979601469022167,1.0093826681200286,1.0114458691093715,2.688856076562743,0.5337042098793167,-0.01055779523113099,0.7398255297624505,1.480898229962342,0.5225722203892106,85.99999999999996,0.47224267526262453,2.3126969832380087,6.454785026890445e-18,-0.09125916333244166,-3.2661445439130423,10,2.403956146570451,1.8511227874529275,7.829010731305734,5.5788415271510505,0.9999999999999998,-0.11391461083896152,0.9575643148438876,1.7638912405864573,1.4061448632067086,1.4684599680763515,1.8734735573391168,0.5225722203892106,0.06674818036710689,0.9999999999999998,3.1748853805806014,0.9999999999999996,2.5915719024340986,14,0.9973685391858063,1.0090841327417346,1.0117465040209632
86,0,0,60,1781860607.24145,1781860611.3397071,4.098257064819336,60,15.566341432637959,,2.4429846626662313,0.49742790886057975,-0.016207902608629015,0.6867475226200224,1.0377560955091973,0.599538330031301,60.000000000000014,0.6693843637816603,2.9170965842919574,-1.295260195396016e-17,-0.02419105138701629,-2.1991279309979244,7,1.8160731671410952,5.116224515289882,1.0,0.22954936102704823,0.725552800691453,1.4722888377181704,1.4835515130857782,2.044718884238268,1.904327318909739,0.599538330031301,0.12779493026489175,1.0,1.0000000000000002,3.372707310404891,13,0.8693350016119619,0.9161140991896364,0.9604355486365436,2.816941586602176,0.4932148219967199,-0.011467556609321156,0.7062939182987932,1.0377560955091973,0.607788092274305,60.0,1.6890988006683383,3.0626799096619326,3.7007434154171884e-18,-0.06241546627265651,-2.8947134010274227,7,1.8160731671410952,5.957393310689355,1.0,0.2230328376334871,0.7379281519680417,1.4753234148262993,1.5359660578573986,2.081457461354474,1.877675840227893,0.607788092274305,0.13009109133465463,1.0,1.0,3.372707310404891,13,0.9552109235072156,0.9960351130059331,1.0427384031045466,0.3388399298560294,0.3134358821025843,0.3333333333333333,0.3333333333333333,0.32366360231889796,0.36496850788850793,0.3333333333333333,0.3333333333333333,0.3374964678250727,0.32159561000890785,0.3333333333333333,0.3333333333333333,2.375326526593544,0.5131379097558361,-0.018056969893563462,0.6844235561823389,1.0377560955091973,0.541145591748864,60.0,0.8645835267440938,2.8495541397045723,6.661338147750939e-17,-0.07597147072195651,-2.3998618904571263,7,1.8160731671410952,5.249416030161699,1.0,0.1392736091595467,0.7103812661560572,1.4226120442679588,1.3617689410087714,1.9169550294835855,1.8779862584053528,0.541145591748864,0.1198096893427241,1.0,1.0000000000000002,3.372707310404891,13,1.164412017667644,1.0260331645872407,0.8811598892996821,1.0,1.0,1.0,1.7760791958304527,0.4454353577091671,0.01581612941517667,0.6504273357785908,1.556634143263796,0.42989449503209626,60.00000000000001,0.22963913136239356,2.399246693479158,-7.401486830834377e-18,-0.1411984470141535,-2.283995573673146,7,2.5404451404933113,1.8160731671410952,5.3757343742852495,4.683242267152304,1.0,0.3477654035351518,0.8418941895153699,1.5509724706771113,1.0772129789847722,1.2795111219437942,1.751955647432092,0.42989449503209626,0.07996944512148714,1.0,2.1427971266589925,1.0000000000000002,2.8538292626502924,11,1.0,1.0,1.0
