face_id,timestamp,r,g,b
1,1781859843.497706,38.67268070,38.01555050,18.51384243
1,1781859843.532707,45.70928734,44.51135738,22.36993504
1,1781859843.596813,53.53316509,53.75955843,32.06866658
1,1781859843.658928,56.41430360,55.66722331,32.21853468
1,1781859843.743835,56.51844197,54.61065836,31.56072298
1,1781859843.804391,57.28024633,52.25390565,28.38977697
1,1781859843.868792,49.93799720,43.53393736,25.39402841
1,1781859843.934811,42.25387036,36.27003850,20.00901731
1,1781859843.999380,46.35893787,37.57075519,25.40738143
1,1781859844.061367,45.65249104,35.70922176,27.16828704
1,1781859844.143174,43.54926408,34.97227538,25.07014470
1,1781859844.209457,48.42517490,37.46930413,30.28331087
1,1781859844.266217,45.39136084,36.48338354,27.60818577
1,1781859844.334023,45.09859699,36.20629722,27.64963246
1,1781859844.396550,41.76618037,33.24313094,25.63274544
1,1781859844.456822,42.48931657,36.11882625,26.19728756
1,1781859844.537167,47.19248330,39.87128009,29.07805264
1,1781859844.603369,55.14440770,44.31434115,35.49581428
1,1781859844.672480,59.35141728,48.21535414,39.03213915
1,1781859844.737236,66.06229472,53.45038556,44.23398874
1,1781859844.798707,71.06784377,57.96229895,47.57874610
1,1781859844.861988,75.65258522,61.28033587,51.62558246
1,1781859844.940151,77.14320511,63.19485430,51.82421861
1,1781859845.005190,87.48561352,71.71171826,54.18336618
1,1781859845.065431,91.91656308,72.55775374,58.84306632
1,1781859845.131769,92.77028357,73.48548107,59.40168514
1,1781859845.201629,96.88091758,76.70780149,61.77154652
1,1781859845.263946,100.64417644,80.10501677,64.03735258
1,1781859845.342885,102.40180439,81.42073189,65.35290799
1,1781859845.406956,102.77148748,81.87472529,65.11749917
1,1781859845.470408,104.10654119,82.60326047,65.30007616
1,1781859845.534981,104.40377541,82.96021606,66.05581238
1,1781859845.600256,107.06463331,84.93477954,67.38353169
1,1781859845.662845,108.78318164,86.73788702,69.21139861
1,1781859845.738217,108.87715436,87.10794643,68.91191364
1,1781859845.806263,108.75343455,87.35587766,68.81079808
1,1781859845.871694,108.06273018,86.69265838,67.85168526
1,1781859845.934037,107.30590731,86.24489246,68.24516144
1,1781859845.998643,107.00943266,89.01218357,66.26325331
1,1781859846.063952,112.03697632,90.44025779,71.90970642
1,1781859846.146354,110.35794668,89.30491255,70.49940200
1,1781859846.207083,109.07325182,87.57812928,68.60651359
1,1781859846.273202,102.93824670,84.28935362,62.40752221
1,1781859846.336321,99.75661239,81.46731511,59.83235153
1,1781859846.400059,100.49365205,81.94087759,60.17499683
1,1781859846.462435,100.20338906,81.62127329,59.55993376
1,1781859846.538752,100.09021423,81.95437046,60.82218447
1,1781859846.609051,102.40655209,83.99378855,61.55699348
1,1781859846.674823,103.17658683,84.88553530,61.98291411
1,1781859846.735507,103.56341393,85.29025626,62.43814099
1,1781859846.796302,105.95254875,87.46452803,63.86738555
1,1781859846.873317,109.17768061,90.82687703,67.03753161
1,1781859847.152384,102.44897217,88.31879113,66.12290637
1,1781859847.192981,102.78271479,91.27640331,70.10817036
1,1781859847.259580,86.75342535,75.81759723,58.47038769
1,1781859847.340040,80.07784062,69.44556444,53.98586587
1,1781859847.403141,75.44984268,65.70188281,50.46066850
1,1781859847.466969,69.31190474,60.26453685,46.70195352
1,1781859847.532125,61.90025697,53.75711762,42.03325384
1,1781859847.604091,57.76408143,50.45307767,39.68161741
1,1781859847.658208,58.73285185,49.04342696,41.23817755
1,1781859847.739551,59.34070862,51.60264162,38.97995742
1,1781859847.802588,73.88186531,65.48824125,50.04471055
1,1781859847.866465,87.20092966,78.29222021,63.38579807
1,1781859847.931770,96.19575624,86.35523472,68.98645978
1,1781859847.994167,100.69890492,90.29131939,70.03719722
1,1781859848.059633,102.20264071,91.23717601,70.60703059
1,1781859848.139343,103.94475530,92.98987291,70.18189537
1,1781859848.202962,107.03987560,95.24409442,71.81565395
1,1781859848.266798,106.34824537,94.91055309,71.18285400
1,1781859848.330673,106.85149548,94.93283753,70.83345466
1,1781859848.395418,109.21270120,97.27793918,73.00697068
1,1781859848.457523,108.97438826,96.81431753,71.99811257
1,1781859848.537929,108.79962592,96.76341814,72.18665404
1,1781859848.612639,108.35433982,95.96622148,70.25344061
1,1781859848.664574,105.47729231,92.80802967,67.69889172
1,1781859848.730896,104.04623170,91.05559056,65.21699380
1,1781859848.794953,106.68314922,93.34975478,66.66747580
1,1781859848.856563,105.32016555,92.02658286,65.92436959
1,1781859848.937326,105.20645331,92.17054939,65.66302135
1,1781859849.002382,107.32967259,93.84473563,66.81905564
1,1781859849.072764,104.77626742,92.05862533,64.88097622
1,1781859849.129169,104.11033345,90.79525324,63.83719135
1,1781859849.194957,104.85295888,91.69164373,63.95922447
1,1781859849.257770,102.42571417,88.92823817,61.71790339
1,1781859849.338324,99.55979989,86.33669430,59.41803840
1,1781859849.401338,99.99337365,86.70863242,59.07081868
1,1781859849.464607,99.03467024,85.94719880,58.22563231
1,1781859849.529406,94.60267458,83.73106810,57.01327046
1,1781859849.593824,98.50887571,84.92164674,61.05371969
1,1781859849.657487,95.29425315,84.54126531,57.39587392
1,1781859849.737063,98.36453893,84.53211887,61.21236728
1,1781859849.803015,100.68292012,87.35408585,59.19486292
1,1781859849.866585,103.06728915,86.63816526,62.46860138
1,1781859849.928742,101.09724616,84.62598730,60.71716180
1,1781859849.994047,96.52398534,82.39297928,54.37081376
1,1781859850.060474,95.56175616,80.64152327,50.72093698
1,1781859850.137509,95.07390344,79.49127240,47.19213248
1,1781859850.203170,99.64290319,85.86687059,55.96031796
1,1781859850.271114,101.69170761,87.57214764,56.24623940
1,1781859850.333302,97.38797076,83.87159580,51.98599023
1,1781859850.396023,98.23561230,83.28206220,48.15214802
1,1781859850.462642,101.84094400,86.73220586,54.40185942
1,1781859850.542644,107.38354071,89.31919097,58.73693366
1,1781859850.609701,116.12614505,100.31336962,75.63824136
1,1781859850.670721,129.43120289,118.21941965,96.05660372
1,1781859850.733342,140.28767400,128.27978233,107.71660501
1,1781859850.797820,138.55982962,124.55987537,99.46291404
1,1781859850.863110,134.37773892,118.08963917,90.31346159
1,1781859850.938378,118.07334570,104.52059486,72.51094717
1,1781859851.004566,103.89133125,89.49518663,59.56438805
1,1781859851.068571,102.64478749,85.23580858,58.82108125
1,1781859851.130955,107.39625885,95.42269973,73.86199676
1,1781859851.196725,96.38595154,86.71306051,66.75109252
1,1781859851.259927,84.76486022,77.63541437,60.88246599
1,1781859851.341144,73.71450959,71.34022091,57.09319787
1,1781859851.405722,66.01397792,66.11028197,52.17080844
1,1781859851.470554,67.15044471,70.68698051,57.92459369
1,1781859851.529506,71.19943794,76.11507694,63.89458599
1,1781859851.608891,79.55460347,83.21648409,73.77290098
1,1781859851.657531,80.96195736,89.52691376,76.75844669
1,1781859851.742484,89.34913724,94.48918843,82.75753096
1,1781859851.806369,90.35148272,98.82733993,82.58239956
1,1781859851.867982,96.20638366,101.36245180,89.08606756
1,1781859851.933176,98.38069818,103.00785262,90.94611634
1,1781859851.996644,98.73311440,106.75699325,89.04076263
1,1781859852.062248,105.81250636,110.05447097,97.56915132
1,1781859852.142891,112.17297282,112.53568127,99.09508889
1,1781859852.207499,115.29888629,115.11958996,100.77763880
1,1781859852.269939,117.86308357,116.53432326,101.76315066
1,1781859852.333149,116.78595880,113.05715749,93.82323713
1,1781859852.393857,111.57320715,104.69913188,86.97796257
1,1781859852.463226,106.83629562,97.02522933,80.03197203
1,1781859852.543782,105.11173504,97.86875779,80.26359629
1,1781859852.607316,106.08185062,98.09503873,79.86789080
1,1781859852.664524,105.64833767,97.05199442,79.44282934
1,1781859852.735021,102.10506453,92.99332592,76.05502488
1,1781859852.799091,93.54260472,85.34566324,70.23883137
1,1781859852.862513,107.62066470,95.26660464,83.18840806
1,1781859852.936812,103.51780088,94.63982761,83.30245966
1,1781859853.005558,102.61766831,96.03533921,85.32936002
1,1781859853.072312,102.97442814,97.33911913,82.52212723
1,1781859853.131866,101.70009472,95.17233738,80.65066564
1,1781859853.200018,101.79002854,91.64807797,81.32558820
1,1781859853.260540,97.68433330,85.76502521,75.51937206
1,1781859853.343328,94.63793543,82.05084738,73.19756000
1,1781859853.406211,94.10793518,78.75807520,69.83195228
1,1781859853.471656,94.98892440,76.75119653,65.80770548
1,1781859853.534284,98.90647538,79.28705119,67.66009499
1,1781859853.602671,102.36254206,81.28380970,67.39424852
1,1781859853.661809,105.93901382,83.56937157,68.04783301
1,1781859853.742888,105.82818540,85.77272294,68.40055889
1,1781859853.808229,109.88902146,88.83222355,68.84171262
1,1781859853.870771,113.24672410,90.14186043,70.35964242
1,1781859853.930029,116.17698548,92.59669494,70.24767348
1,1781859854.002619,119.24579643,94.95522921,72.27403673
1,1781859854.061215,120.39482843,95.48402468,72.27204542
1,1781859854.144451,124.20828052,99.26421460,77.26178059
1,1781859854.209694,120.77606534,96.32244625,77.03085967
1,1781859854.272356,114.17009682,90.78731558,74.28797468
1,1781859854.334147,99.11491400,77.56028256,65.90031234
1,1781859854.397961,89.35328393,70.67910054,57.65462091
1,1781859854.461590,85.36575898,67.13566844,56.47749223
1,1781859854.541127,83.55137752,65.28684856,54.88857647
1,1781859854.605061,83.40418737,65.17550668,55.64681223
1,1781859854.670349,82.77883519,65.40577950,55.54703627
1,1781859854.734660,81.75353401,64.27993177,55.23597096
1,1781859854.798982,79.14950287,61.93267578,54.05797980
1,1781859854.861575,79.02655355,62.60524120,54.31420817
1,1781859854.938765,76.70395224,61.83013654,54.55134377
1,1781859855.009237,75.78146687,61.79805571,53.98247011
1,1781859855.070752,78.22779441,63.49031733,55.37032002
1,1781859855.129508,82.73759447,66.82167500,56.39894570
1,1781859855.197280,86.86516484,69.05448390,57.92234286
1,1781859855.258822,90.83193653,71.23981258,63.00221984
1,1781859855.342926,95.21237038,72.69220120,63.88224668
1,1781859855.407192,97.90413114,74.42646145,64.80129570
1,1781859855.469606,100.26493306,76.80919264,66.43289912
1,1781859855.533430,99.51749523,76.58983764,67.29614923
1,1781859855.608567,96.04678260,76.18194388,63.68729539
1,1781859855.660519,97.92681629,77.89276219,64.54693067
1,1781859855.739903,101.80787336,80.81813619,67.77177843
1,1781859855.805573,101.47548488,80.74673657,66.80230891
1,1781859855.871687,103.29164479,78.81061324,68.78340019
1,1781859855.936036,104.92943096,81.00269141,70.16723170
1,1781859855.997764,98.68215765,79.34239948,64.78132137
1,1781859856.061115,99.51696021,79.60060953,65.20164607
1,1781859856.141355,97.78369451,78.73864878,65.14067635
1,1781859856.205747,103.09861675,82.64451763,67.05430865
1,1781859856.271786,93.35765244,76.01395322,64.76382608
1,1781859856.334875,91.25795334,74.77902526,65.91025751
1,1781859856.398248,89.66334042,74.75215969,65.42079718
1,1781859856.458779,95.80845687,76.55168089,70.58550464
1,1781859856.540853,97.70378328,78.13257430,72.13827742
1,1781859856.616651,98.84440101,78.38788383,73.26469172
1,1781859856.671730,100.11862334,79.68742138,73.31320755
1,1781859856.735179,106.92493742,81.79076484,75.27711812
1,1781859856.801621,107.46729558,84.60202815,72.67377811
1,1781859856.868853,108.68379777,85.33928778,73.82875130
1,1781859856.942178,110.10240399,88.17688531,75.05638563
1,1781859857.006854,114.10923765,91.63015335,77.62474989
1,1781859857.071106,118.88491177,95.07662539,80.10131293
1,1781859857.131105,120.22477171,97.64606309,82.30602436
1,1781859857.198502,121.58049542,98.76550295,82.87982285
1,1781859857.263747,121.70817744,96.78089543,86.56461231
1,1781859857.344122,119.82928833,95.36906292,85.17452960
1,1781859857.409246,122.77657192,97.27827853,85.84478404
1,1781859857.470827,123.01964280,97.99218289,85.99712293
1,1781859857.537828,120.15871544,95.00638990,84.30211558
1,1781859857.598514,118.93710060,93.27530159,81.89191595
1,1781859857.658909,115.08656833,93.01344086,77.19049260
1,1781859857.745188,116.14999586,91.13694181,80.00160405
1,1781859857.807281,110.17168520,88.91443585,74.10114087
1,1781859857.871559,109.19478801,88.53285322,73.84083344
1,1781859857.936584,110.57293806,89.44385158,74.14220904
1,1781859858.000954,112.08343808,90.60857192,74.71561547
1,1781859858.073220,113.76103721,92.09330767,76.19825771
1,1781859858.144222,118.97667521,93.53336876,81.97421870
1,1781859858.205268,116.62006089,94.74923551,79.02659364
1,1781859858.272405,121.53575649,95.85895519,83.52898477
1,1781859858.333945,121.22459604,96.09834095,85.14678374
1,1781859858.398883,121.79278112,96.49837941,84.11850928
1,1781859858.464173,119.96589176,97.73874553,82.35622752
1,1781859858.542538,126.81704003,101.67874973,90.81826528
1,1781859858.618811,127.66963979,102.13890400,91.76030620
1,1781859858.671170,129.93402032,105.56222556,94.60546392
1,1781859858.733758,133.26877069,108.35582299,97.74171867
1,1781859858.798877,130.35688226,105.05890833,93.93210289
1,1781859858.862216,133.03982484,107.79878916,97.50134062
1,1781859858.942798,132.74576687,106.37172693,95.38956012
1,1781859859.007381,137.12837018,112.58054917,100.65652885
1,1781859859.071598,136.60501155,112.25067796,99.70135400
1,1781859859.130832,135.91613754,111.76712737,98.60954444
1,1781859859.199039,133.69720321,108.80799645,96.23307402
1,1781859859.263580,133.01534762,108.14578567,95.30341038
1,1781859859.342956,131.92132146,106.63626346,93.78879487
1,1781859859.407250,132.17916805,106.06522805,93.44159865
1,1781859859.471218,131.66057900,105.09309292,92.32611833
1,1781859859.534993,130.41331743,104.08527531,91.64113290
1,1781859859.612635,130.60544994,103.94313980,90.87750619
1,1781859859.660989,132.78201255,105.75529539,92.36346814
1,1781859859.744453,132.63918506,106.79295374,92.99172454
1,1781859859.801666,134.75129319,109.05226943,95.46532387
1,1781859859.864101,136.20761752,111.04879370,97.27885198
1,1781859859.928882,135.15406533,110.01412674,96.68416956
1,1781859859.993749,135.39051429,109.51466999,95.42031989
1,1781859860.065451,135.32282172,109.27343104,97.21380797
1,1781859860.142287,137.73234046,112.39455769,98.25792778
1,1781859860.205866,133.98657894,107.84625694,95.02783747
1,1781859860.275647,134.85386281,109.23311944,96.51279951
1,1781859860.329215,135.47435474,109.95949017,97.17249980
1,1781859860.395375,137.07547733,111.72564157,98.84984687
1,1781859860.463909,137.96270819,113.05032558,98.60824170
1,1781859860.543766,136.63634853,111.32725546,97.61303419
1,1781859860.608014,136.12440969,110.61956991,96.96571014
1,1781859860.672077,136.53185583,110.82630666,96.60125561
1,1781859860.736385,137.52924870,112.43131008,98.24888944
1,1781859860.797724,135.77603393,110.00048219,95.25978918
1,1781859860.864786,131.87261428,105.29603565,90.98171491
1,1781859860.927040,130.11908764,103.17321858,88.60779508
1,1781859861.006422,130.68882459,103.37436349,89.68928768
1,1781859861.068072,130.59785891,103.91819067,89.24227746
1,1781859861.132476,134.97971204,109.62928086,95.84936653
1,1781859861.199774,136.16416312,110.43210490,95.59516021
1,1781859861.263923,136.14875218,109.54697371,95.41402841
1,1781859861.323035,136.15329556,109.71812482,94.93162640
1,1781859861.410238,134.90721113,108.71178738,94.22163489
1,1781859861.471229,136.55808064,109.99845669,94.80429827
1,1781859861.536474,135.83260513,109.69764621,94.04076630
1,1781859861.613293,134.70210826,108.14047058,93.24963159
1,1781859861.661672,133.06681935,105.71102986,90.86777966
1,1781859861.726479,131.96029001,105.25325405,90.78518728
1,1781859861.807435,132.41280747,105.99844860,91.30223250
1,1781859861.870629,132.64943480,106.74497849,91.88327053
1,1781859861.935065,131.58140014,104.88928873,90.56934279
1,1781859861.998627,131.87918385,106.07755701,91.76757284
1,1781859862.064326,134.72980195,110.04000819,95.33587890
1,1781859862.122666,138.64164548,115.26428992,99.58748366
1,1781859862.206502,146.72195622,126.27132648,110.58647958
1,1781859862.273453,145.64104387,123.96176456,109.18401118
1,1781859862.335382,145.74660480,124.60230733,110.50740643
1,1781859862.398491,145.59899075,123.41160854,108.18229702
1,1781859862.459335,145.19999863,122.70390242,107.37785785
1,1781859862.524308,145.48928463,123.32077710,107.33327109
1,1781859862.609671,146.30214711,124.83115392,110.65166652
1,1781859862.664660,142.78871744,120.32103815,105.87161209
1,1781859862.735019,140.28633392,118.03514577,103.28318778
1,1781859862.799420,136.47078981,113.85171927,99.06982165
1,1781859862.861622,135.82173830,114.76329337,100.11520635
1,1781859862.929393,135.10729594,115.95069828,101.40940654
1,1781859863.006035,131.49413395,114.03254253,101.88975227
1,1781859863.069687,124.00104140,107.46249616,96.55526813
1,1781859863.131262,118.70672598,103.03428950,93.55998537
1,1781859863.195483,115.95377529,101.59803260,91.71776432
1,1781859863.262767,115.58609114,100.92740818,90.80484608
1,1781859863.329185,115.43477758,100.86775714,89.84183098
1,1781859863.407296,114.46333240,99.31991742,88.36077485
1,1781859863.471252,113.85454895,99.22322486,88.24028704
1,1781859863.534830,113.01003688,99.15012533,87.89671289
1,1781859863.606734,111.96788651,97.50576251,86.25065155
1,1781859863.663835,112.86973180,98.28087908,86.64646576
1,1781859863.727120,113.66172001,98.19810577,86.02553391
1,1781859863.803136,113.37705677,97.45451099,84.87047525
1,1781859863.870219,119.59979448,105.92628531,88.56992511
1,1781859863.935664,132.85477289,115.10067321,99.81385394
1,1781859863.998903,134.86412629,114.76060924,97.56051374
1,1781859864.063845,134.63596634,113.15650485,94.48743439
1,1781859864.123044,133.92751505,110.47217105,93.26509181
1,1781859864.205915,137.05178438,114.68515769,97.04358537
1,1781859864.270167,132.80748131,110.05544609,91.23352589
1,1781859864.334514,126.79024564,101.34800303,83.36126274
1,1781859864.399302,117.24805503,91.05435234,73.99093657
1,1781859864.462441,105.62667438,79.26126738,64.98710737
1,1781859864.528858,95.24937567,74.43135154,58.37274078
1,1781859864.612378,90.79375793,72.29149434,58.14922405
1,1781859864.669687,90.72873239,72.87979451,57.70349122
1,1781859864.736259,88.85948441,71.70893206,58.98579215
1,1781859864.798829,88.42769625,71.61336507,58.59167684
1,1781859864.860296,89.21026714,72.35720281,59.73259581
1,1781859864.927458,90.38929099,72.91830888,60.49978035
1,1781859865.005228,91.85543168,73.99776158,60.91849579
1,1781859865.072732,93.63508749,74.88138242,62.38495462
1,1781859865.136473,96.03319149,76.40474648,63.95202548
1,1781859865.197877,99.17868721,77.93902685,64.83402015
1,1781859865.263705,105.86292656,82.58300458,68.15446712
1,1781859865.328718,116.45393744,92.76470934,74.40848098
1,1781859865.402143,124.78278582,101.60678646,81.51578109
1,1781859865.466801,135.90675843,115.08265286,94.52020291
1,1781859865.534707,142.25421853,121.63379496,99.61132520
1,1781859865.606885,142.45946889,121.75537472,100.31888286
1,1781859865.660152,143.55262147,123.55451036,103.01360010
1,1781859865.721693,143.43881026,123.21304008,101.91524823
1,1781859865.805074,140.27965002,120.34652022,100.07421675
1,1781859865.871256,131.43367884,110.78319211,91.90146300
1,1781859865.933617,131.69950380,114.27615529,96.00567771
1,1781859865.998719,129.41956979,114.45804310,98.59077275
1,1781859866.062806,122.10685369,107.20202888,93.17056782
1,1781859866.123259,114.73516692,100.16292559,86.42558471
1,1781859866.207826,114.49325257,98.41981543,88.46084266
1,1781859866.273307,113.43093344,97.00208853,87.49232678
1,1781859866.336472,112.42476497,95.20766606,83.79228448
1,1781859866.399705,110.12234524,92.43320793,81.35716574
1,1781859866.463327,106.80787311,91.50182415,75.27513343
1,1781859866.523090,113.83817842,93.86440633,81.45601736
1,1781859866.612236,122.22599589,100.54172607,84.77579081
1,1781859866.667883,125.48431763,101.08114971,83.95890671
1,1781859866.734074,137.31751849,113.32845344,95.82093407
1,1781859866.798454,131.30644142,106.42084261,88.97776423
1,1781859866.862787,118.81453439,93.20166995,77.69246362
1,1781859866.922128,111.22616174,84.98186912,71.55380822
1,1781859867.006264,105.53891355,78.67943923,66.74358583
1,1781859867.072511,99.86551309,74.60253079,63.91091152
1,1781859867.129038,96.15486157,72.01034197,62.03249191
1,1781859867.199651,94.57542762,71.88286062,62.27882639
1,1781859867.266644,93.06218385,71.47592757,62.55126955
1,1781859867.328894,93.24925463,71.63627600,63.29817043
1,1781859867.407364,92.92914563,71.25929777,62.17384107
1,1781859867.471462,91.37883647,70.94441310,62.48340098
1,1781859867.534050,93.30438753,71.83956506,62.99728858
1,1781859867.608195,93.35093898,72.02944065,63.99438561
1,1781859867.660474,94.51584405,72.90803583,64.28176086
1,1781859867.726619,96.72369341,74.45968976,65.37497899
1,1781859867.805858,98.58304841,75.16174071,65.64613612
1,1781859867.872514,100.45781656,75.82591024,66.58404402
1,1781859867.937151,99.24026244,77.38811833,62.57087557
1,1781859867.997885,101.25221191,78.48063478,63.68731592
1,1781859868.061192,101.25173701,78.68489961,63.72149973
1,1781859868.124451,103.06469736,80.26302628,63.50588224
1,1781859868.203925,108.62941709,84.74135065,68.18686970
1,1781859868.271092,118.26075970,94.34659765,77.07469139
1,1781859868.334393,119.99520125,96.37476347,77.92260935
1,1781859868.399468,125.61254228,103.36476491,84.38420006
1,1781859868.462808,134.51810067,114.09093599,95.04590669
1,1781859868.526808,134.69912176,114.06565314,95.56824443
1,1781859868.624537,122.27523765,101.10223254,81.79261036
1,1781859868.671795,121.21859907,101.39694630,82.43685661
1,1781859868.734927,121.11713302,102.93761250,84.80234809
1,1781859868.797415,118.23560383,99.74262768,82.92700655
1,1781859868.862588,114.22770143,94.97130732,78.39706400
1,1781859868.925827,110.66008648,90.45994999,73.19454345
1,1781859869.006569,103.94251996,82.33956318,66.47234677
1,1781859869.073773,98.13504147,77.47551640,61.00961194
1,1781859869.130820,94.80650880,74.01739582,60.44397967
1,1781859869.199141,92.38192985,72.59823144,59.44546030
1,1781859869.262479,92.49675357,72.41123213,58.98041098
1,1781859869.326956,92.57047375,73.27719944,59.33723105
1,1781859869.407077,92.20001722,73.01388289,59.93703516
1,1781859869.470745,93.21234987,73.76942541,60.04090386
1,1781859869.536024,92.72504439,73.52330017,60.09442250
1,1781859869.612936,92.44151176,73.87306524,60.04867987
1,1781859869.661535,93.77999062,73.79744861,59.72746148
1,1781859869.727807,95.58028034,75.42536512,60.78561642
1,1781859869.805426,95.64786063,76.07545976,60.28741568
1,1781859869.865472,97.46354972,76.87213366,61.20539800
1,1781859869.936633,99.14805210,78.56926460,62.01054028
1,1781859869.997858,101.50805028,79.99032781,63.37654744
1,1781859870.063379,101.48409168,80.18737550,63.03744944
1,1781859870.123612,101.85980883,82.31207857,64.94156165
1,1781859870.207858,103.45901925,82.67332367,65.53597736
1,1781859870.271856,105.42257136,85.26259983,67.19217834
1,1781859870.336218,106.90313749,86.53027701,69.03739101
1,1781859870.396431,109.63405893,89.98908261,71.65717233
1,1781859870.457637,113.29433705,93.80471304,75.42597366
1,1781859870.521227,118.13120097,95.12264967,81.35500707
1,1781859870.616446,118.50775297,95.36180067,81.40020916
1,1781859870.669239,117.87804454,94.13523976,78.16980191
1,1781859870.733857,112.14660079,87.55981619,72.82669520
1,1781859870.798870,107.09521399,85.07315698,66.69807022
1,1781859870.862914,106.22486281,85.35708489,67.82076528
1,1781859870.927066,102.03860163,81.12750742,66.07861276
1,1781859871.008381,96.92208087,75.69100085,62.12184253
1,1781859871.073428,95.80092071,75.43256854,61.96736916
1,1781859871.128638,94.34854966,73.31977493,61.71616508
1,1781859871.198284,91.25679665,71.04475368,59.20575544
1,1781859871.261493,93.77418287,71.33037358,63.35413908
1,1781859871.326798,90.47389393,71.51372475,59.08709647
1,1781859871.407201,92.54858995,71.15974509,63.81207482
1,1781859871.469764,92.70674671,71.56176112,63.73922299
1,1781859871.531547,93.35557122,72.09428675,64.73435039
1,1781859871.617116,95.17007942,72.68940846,64.36967451
1,1781859871.659924,95.89494332,73.41535588,65.84562428
1,1781859871.725651,96.96517713,74.57074367,66.76181653
1,1781859871.808076,99.47379536,75.52087546,68.13457922
1,1781859871.870545,100.59048920,76.13834446,67.34208164
1,1781859871.935315,104.67928473,78.82136105,68.56298097
1,1781859871.999274,109.95226033,82.94527902,72.33832700
1,1781859872.062493,118.43061689,91.49465894,78.71650357
1,1781859872.123590,120.12083553,93.56813256,81.32881083
1,1781859872.206399,121.22484887,94.89841550,81.91824921
1,1781859872.270840,123.01947771,96.67753923,83.52108704
1,1781859872.335570,128.77974109,103.33501669,89.03913689
1,1781859872.401037,125.87809858,100.29045645,86.61141318
1,1781859872.463171,121.31927736,95.38983591,81.83980557
1,1781859872.527035,124.76243116,100.23663442,84.84284695
1,1781859872.619797,124.16478056,102.98067693,90.47066714
1,1781859872.670586,110.73886565,91.26802642,81.57974764
1,1781859872.735131,108.86425531,90.69677086,81.13062070
1,1781859872.799453,107.42510832,89.78945277,80.65736106
1,1781859872.863578,104.55710927,88.80671127,80.85145753
1,1781859872.930633,100.39999921,88.95003039,77.76683812
1,1781859873.006234,102.02543369,87.87158703,80.69650443
1,1781859873.071791,97.67753323,86.97118821,75.76259962
1,1781859873.129880,98.47926037,87.13956371,75.20867730
1,1781859873.196175,96.39243517,85.47191423,73.53157256
1,1781859873.262475,96.45215774,82.31390840,73.66736055
1,1781859873.327244,94.55129715,78.74139785,70.20934460
1,1781859873.406963,88.12306350,75.46380385,63.42799593
1,1781859873.469440,90.72159956,73.73056448,65.84470516
1,1781859873.537034,88.16008972,73.99980278,60.10989569
1,1781859873.604049,92.70790783,74.66860726,63.81130122
1,1781859873.662557,100.08284614,80.73641396,67.51543892
1,1781859873.729506,107.52804297,90.42699087,71.67485282
1,1781859873.808712,119.04675669,98.22048068,81.74989492
1,1781859873.873880,127.48056178,106.12284142,87.41575731
1,1781859873.935282,132.39663629,111.49073723,92.31066428
1,1781859873.997567,129.62866066,108.34437996,87.65755475
1,1781859874.064039,121.89140586,101.83157080,76.97659874
1,1781859874.124527,113.55143202,93.43635997,69.64308501
1,1781859874.205608,105.24949154,85.03017609,62.98809773
1,1781859874.271209,98.14931779,78.85692466,59.91871687
1,1781859874.337882,93.10351523,75.17174652,57.89410006
1,1781859874.399016,88.25664298,70.98892458,57.75142741
1,1781859874.458953,84.33845007,67.69368804,54.99890349
1,1781859874.524208,82.59248211,66.12392353,54.89330310
1,1781859874.632638,82.44552736,66.06577550,54.44410871
1,1781859874.666962,82.78841280,66.81224150,54.36375845
1,1781859874.734629,83.79803913,67.27194269,55.43689542
1,1781859874.799034,85.05241572,68.30589954,55.74809018
1,1781859874.859548,86.58721092,69.01899695,56.25261357
1,1781859874.928881,89.35796142,70.97350759,57.67903892
1,1781859875.007388,93.66434412,73.73767332,59.07807768
1,1781859875.074928,98.12592197,77.55768447,62.39001604
1,1781859875.128023,101.32891047,79.86858960,63.75749245
1,1781859875.198126,108.60433947,87.00561796,68.98850068
1,1781859875.263238,115.58562241,93.70972565,73.96887112
1,1781859875.324805,122.97445577,100.36348746,78.95954211
1,1781859875.401614,123.91721088,101.75786614,79.58329425
1,1781859875.464206,123.70689502,100.52162545,79.89664879
1,1781859875.528989,123.30713763,100.53091127,78.58776906
1,1781859875.604785,123.80015244,100.68505185,79.05807528
1,1781859875.662165,124.09067870,101.35430851,80.17672123
1,1781859875.723991,124.20840006,101.90627817,80.35533933
1,1781859875.807176,126.06983546,102.66533387,80.86852339
1,1781859875.870630,126.63577498,103.48061442,82.21391722
1,1781859875.934861,126.78355490,104.26833926,82.39248676
1,1781859875.999903,128.20420561,104.90180428,83.07423768
1,1781859876.063021,130.82237923,107.89880395,85.74197827
1,1781859876.124018,134.57387747,109.44505580,91.33799258
1,1781859876.207888,130.53546350,107.03086918,84.62068284
1,1781859876.270994,130.98667083,108.73217575,84.98415951
1,1781859876.335670,134.97784962,110.62351834,91.43524256
1,1781859876.397871,134.62406195,109.21050751,89.70146592
1,1781859876.463132,134.06484894,108.76345469,90.02126000
1,1781859876.520950,130.24622127,107.34609876,85.64063585
1,1781859876.609310,132.54091981,106.14246407,89.34944449
1,1781859876.666496,131.95008346,105.84245211,87.15262587
1,1781859876.734853,132.25764177,105.69608556,88.27306958
1,1781859876.798065,133.00310659,106.73457060,88.25115391
1,1781859876.865112,132.19003526,105.63926663,87.70679975
1,1781859876.927403,132.14606522,106.18413242,88.19257457
1,1781859877.007726,130.19988106,103.86550742,86.47843161
1,1781859877.071723,133.14942191,107.17042964,89.14009486
1,1781859877.137296,139.85411999,116.01177140,95.05307577
1,1781859877.199095,141.85351429,118.24514566,96.73677493
1,1781859877.262149,139.54481699,115.37028049,94.32683198
1,1781859877.325764,137.49281450,112.71930961,92.25983295
1,1781859877.406231,137.48011433,111.51718307,92.20197513
1,1781859877.471274,137.45248790,111.80377017,92.01290246
1,1781859877.533582,136.05167719,110.49733156,90.69459716
1,1781859877.604990,137.18388733,111.26097372,91.99391567
1,1781859877.663042,135.83386299,110.27221379,90.89152187
1,1781859877.729397,136.50780918,111.30114609,91.40149839
1,1781859877.806027,136.74412735,111.67771815,92.23672411
1,1781859877.871294,135.44819383,109.80646793,91.03107155
1,1781859877.934488,135.15679742,109.32976310,89.65931601
1,1781859877.997657,130.72387985,107.84618190,84.56543721
1,1781859878.063999,130.57300894,107.58750314,83.96280209
1,1781859878.124879,133.95513713,107.91026850,88.65166189
1,1781859878.206192,127.47319050,101.15297918,82.57841271
1,1781859878.270555,126.68508946,101.28560696,83.40833389
1,1781859878.336895,128.59582464,102.86584000,84.57748690
1,1781859878.397979,129.68615055,103.45072099,85.13943754
1,1781859878.464105,127.16838225,104.31268456,81.85197930
1,1781859878.525368,126.90910141,104.24326395,81.85639500
1,1781859878.623704,128.02284597,105.57367079,82.10774243
1,1781859878.668781,130.54803984,104.18096884,86.08969143
1,1781859878.734981,125.97643166,102.75527924,80.69168312
1,1781859878.801487,123.29075617,99.79208951,78.01815054
1,1781859878.866515,122.34338084,99.31545677,77.58889179
1,1781859878.929515,123.68843677,100.17366146,78.57521591
1,1781859879.007719,124.54486997,101.52357280,79.23866871
1,1781859879.071060,130.15465811,107.07293790,85.08654532
1,1781859879.138370,130.55357543,107.59831140,85.17035702
1,1781859879.198929,127.72432079,105.07535208,82.83591916
1,1781859879.263805,125.04676222,102.19304536,79.54586922
1,1781859879.329716,120.55382793,98.69578960,77.21915994
1,1781859879.408895,119.74745461,97.31268223,76.74967991
1,1781859879.475412,119.85758749,96.84428207,76.46886411
1,1781859879.535277,121.39045852,98.06301207,78.32585853
1,1781859879.602592,123.11252168,99.95087332,78.78938124
1,1781859879.663636,122.87385739,100.19629244,79.51539347
1,1781859879.726779,125.16897464,102.47080513,80.76826772
1,1781859879.807096,125.90879699,103.16002472,81.81197313
1,1781859879.867585,132.01703021,105.69501945,88.08247966
1,1781859879.934911,131.67338659,108.54085415,85.25711812
1,1781859880.000203,131.29597884,108.04738183,85.80581790
1,1781859880.064516,131.51560949,108.34772764,86.22736932
1,1781859880.124232,130.85492976,108.12339347,84.97875995
1,1781859880.205793,131.40742848,108.97238134,86.54256431
1,1781859880.274211,133.96754355,111.68876046,88.55710548
1,1781859880.335451,134.12170271,111.61306644,88.69150249
1,1781859880.394818,134.80481987,112.03970342,89.03650370
1,1781859880.461139,133.12223287,110.36351831,88.16972400
1,1781859880.529573,132.60780040,109.55146203,84.99126648
1,1781859880.630834,131.78414452,109.08553432,85.52304445
1,1781859880.664921,133.39614813,111.21044192,86.87505454
1,1781859880.728209,136.43339303,114.35212247,90.82473528
1,1781859880.799468,136.49192464,115.26830378,91.51129893
1,1781859880.862549,137.36636557,116.66740496,92.90842971
1,1781859880.923069,139.59836420,118.88606835,95.13698898
1,1781859881.006437,137.63438472,115.67049536,91.96248369
1,1781859881.072257,138.35506498,113.10152661,94.09763031
1,1781859881.131493,140.17218291,115.24973121,96.02386734
1,1781859881.198731,136.02837157,111.59663795,92.25950816
1,1781859881.262036,131.41591579,106.58198981,89.21803743
1,1781859881.326798,124.42463752,101.98423764,80.48973214
1,1781859881.407890,118.16281807,95.37443014,75.34742310
1,1781859881.471601,113.42750289,90.14674091,71.61142634
1,1781859881.535216,107.78291949,85.01197392,67.43542280
1,1781859881.613414,107.61045621,81.50896465,69.40528152
1,1781859881.661518,107.58715620,81.40041349,69.49010142
1,1781859881.725829,106.01447382,79.72251059,69.07432468
1,1781859881.806895,103.02039873,77.66207256,67.81685188
1,1781859881.873055,100.84262982,76.12547268,66.74014189
1,1781859881.936081,100.42750436,75.70674524,66.30206490
1,1781859881.998367,99.60357754,75.26409597,66.55061310
1,1781859882.061825,98.92603390,74.83296473,65.97653338
1,1781859882.129058,97.64596026,74.63506868,66.19278257
1,1781859882.204585,96.67916971,73.67736813,66.18821529
1,1781859882.273656,96.94881736,73.65148516,66.76625594
1,1781859882.334902,96.87713647,74.23589663,67.50206911
1,1781859882.398166,97.29411334,73.91082267,66.36103817
1,1781859882.461286,97.93483427,74.84256579,67.80279518
1,1781859882.527161,100.32194488,76.44492619,68.64684963
1,1781859882.601642,100.44124482,76.57912426,68.77735237
1,1781859882.669753,103.60984127,79.45598960,70.63656712
1,1781859882.736406,106.97750923,81.35975138,71.89273304
1,1781859882.798561,113.48837889,87.90003268,78.49756460
1,1781859882.861880,122.67872264,98.09765990,86.98022946
1,1781859882.927779,127.63430173,103.30534811,90.40426236
1,1781859883.006943,129.25177117,105.01856235,91.64308548
1,1781859883.077373,128.18885068,103.91481829,90.17139996
1,1781859883.130656,130.04110550,104.68413023,90.90420195
1,1781859883.197804,130.56598634,106.27497484,92.23547511
1,1781859883.262048,134.38800443,110.36522135,96.19801100
1,1781859883.329616,134.28935633,110.07733468,95.85135730
1,1781859883.405867,135.36562686,112.89150191,98.60247460
1,1781859883.469965,138.41751098,115.39119547,101.30588446
1,1781859883.532281,138.61442861,116.21422020,101.76612013
1,1781859883.607461,139.15556146,116.93607953,103.57043939
1,1781859883.660682,140.73519185,119.19585532,105.56091506
1,1781859883.724352,140.74395980,119.32786772,104.47534477
1,1781859883.807075,140.79069617,118.99776858,105.42445685
1,1781859883.870162,140.64545911,118.52143519,104.31793089
1,1781859883.934769,141.11817706,119.92428436,105.68185938
1,1781859884.000354,139.28810935,116.56827564,101.76132698
1,1781859884.063768,133.02831005,109.02044494,94.83499341
1,1781859884.121693,122.61769103,98.24900563,85.56871309
1,1781859884.207219,120.37067183,96.45301796,83.09604878
1,1781859884.271572,119.98585215,100.55645965,82.67981829
1,1781859884.334663,119.30132386,101.38014887,84.50441651
1,1781859884.399009,119.53332098,103.30917236,89.57028591
1,1781859884.465362,116.52646805,101.26073973,89.12132664
1,1781859884.525696,111.88507371,97.24909205,85.22020788
1,1781859884.603746,108.47239402,93.40025973,81.78189478
1,1781859884.671019,105.58930670,90.19881337,77.99555006
1,1781859884.733407,106.81684164,90.43255574,79.20886165
1,1781859884.799096,104.41410651,87.38105281,75.81168238
1,1781859884.862148,102.66583289,85.62386254,72.43795664
1,1781859884.923063,104.04232913,87.17173081,74.36746778
1,1781859885.004561,103.03021772,86.40259325,73.28573368
1,1781859885.071889,104.88087308,88.06801927,74.01058780
1,1781859885.131285,114.70029173,95.57076977,83.95216819
1,1781859885.199541,121.66817839,104.64239913,86.79823438
1,1781859885.264613,129.74395359,113.05827622,92.66099123
1,1781859885.327314,134.83322917,114.57692688,96.39312123
1,1781859885.406616,125.60037587,106.52603988,83.82553472
1,1781859885.471173,121.78144814,102.62602004,79.86671065
1,1781859885.534188,125.31004299,103.68110387,84.48339495
1,1781859885.600478,120.90860548,103.79880923,81.74454755
1,1781859885.663378,121.76190828,102.83203723,85.01018292
1,1781859885.722185,118.77346367,101.59871850,84.60872833
1,1781859885.806914,115.83763423,100.28114236,85.11607394
1,1781859885.869622,114.36407464,99.82656396,84.59222163
1,1781859885.939389,112.97249593,98.30293168,85.36884046
1,1781859885.997556,112.78964919,98.21021999,85.40960309
1,1781859886.062694,113.78869469,98.82608145,86.20895954
1,1781859886.123980,114.65026780,98.37142913,84.74158856
1,1781859886.206708,117.12240673,99.65805181,85.58793467
1,1781859886.272455,121.93840978,102.50288391,85.89259113
1,1781859886.331036,125.22780690,103.33751910,86.98580605
1,1781859886.395324,127.45298179,104.46562663,86.05360822
1,1781859886.460753,129.42545683,105.88669030,87.77862080
1,1781859886.525255,128.83389370,105.64792920,88.12005064
1,1781859886.601428,126.99251383,103.68210217,85.75731568
1,1781859886.674847,125.76526558,103.02249148,85.15147878
1,1781859886.737959,126.60657426,103.51412417,85.76809188
1,1781859886.798974,127.20064945,104.04622283,85.63342280
1,1781859886.862274,129.96147638,107.43396860,88.82253051
1,1781859886.926462,131.97499195,108.83288671,88.97188158
1,1781859887.008229,133.31430723,110.70706766,91.85742638
1,1781859887.070244,134.96485440,113.13337169,94.22183918
1,1781859887.136627,133.37707748,111.49312418,93.07359169
1,1781859887.199011,129.28734840,108.23887586,91.19483586
1,1781859887.263743,125.50761415,104.90430976,88.91001483
1,1781859887.330863,124.91683855,104.03260237,88.68397729
1,1781859887.407233,124.96643580,104.24341051,88.45705207
1,1781859887.469988,125.17706725,104.17647777,87.00266128
1,1781859887.533271,126.36726797,105.37661363,87.22114780
1,1781859887.611151,125.21217433,103.91413032,87.94687875
1,1781859887.658482,124.07334762,104.22200220,87.61736793
1,1781859887.727108,124.74749624,104.77808163,88.75244872
1,1781859887.808327,123.33730309,103.57364646,88.72240139
1,1781859887.870474,125.31657092,105.63432749,90.06955722
1,1781859887.933713,127.11569892,106.83927786,89.48287038
1,1781859887.998309,127.30287858,107.11459738,90.08488365
1,1781859888.060482,128.77218188,108.17475706,91.17224383
1,1781859888.122212,129.06505794,108.49045684,90.82874493
1,1781859888.207495,127.83396516,107.03574560,88.70487393
1,1781859888.271742,125.53137826,107.22483024,84.06735910
1,1781859888.334367,130.61117352,109.39371165,89.94172468
1,1781859888.400919,129.03430812,108.51953379,89.79550125
1,1781859888.463280,131.59811601,111.03833376,91.57843166
1,1781859888.527279,133.22675211,113.06335904,94.09858403
1,1781859888.600368,132.18080077,112.10423861,92.72319730
1,1781859888.668738,128.82394887,109.06372996,91.02868759
1,1781859888.731979,126.12744434,107.00794051,90.09547920
1,1781859888.797199,121.92019437,102.91779992,86.77404618
1,1781859888.862464,117.74825002,99.29851895,84.04380377
1,1781859888.927778,115.29216063,96.88489279,82.49388739
1,1781859889.007755,111.94710635,93.74947556,80.37592920
1,1781859889.066779,111.55531595,92.99003468,78.79860605
1,1781859889.129423,111.56818791,92.62823885,77.93671352
1,1781859889.198050,109.91502801,91.55484956,77.39752157
1,1781859889.262311,111.20951527,92.89561934,78.68046145
1,1781859889.326208,113.76138783,94.73684488,79.07907994
1,1781859889.409191,115.30095939,96.30436134,80.63981145
1,1781859889.470750,118.79305329,98.92506932,82.32002085
1,1781859889.534724,123.94085475,103.19596144,84.42733145
1,1781859889.608703,126.67139567,105.71700857,87.46975913
1,1781859889.665001,128.73479249,107.46837944,87.91319462
1,1781859889.727181,131.28895659,110.06437001,90.07338507
1,1781859889.806409,129.73264081,108.52479521,88.45203106
1,1781859889.871506,130.75978774,109.24681712,89.41392469
1,1781859889.929780,131.55927307,110.59278591,89.66230325
1,1781859889.998849,128.29135500,107.20752799,86.77462029
1,1781859890.063294,128.65850302,107.53058950,87.85031327
1,1781859890.124427,132.85879617,112.78445561,92.42032142
1,1781859890.207446,131.07429138,110.30031980,90.42460024
1,1781859890.269635,121.42141518,98.71558481,79.08551011
1,1781859890.334059,109.33388297,86.29477556,69.09593859
1,1781859890.392632,106.04151292,83.87784149,68.89624465
1,1781859890.460050,101.53163725,80.51748379,67.61376749
1,1781859890.525683,99.73308038,78.42028325,67.43402235
1,1781859890.603072,98.74227636,76.98351007,66.57017487
1,1781859890.667867,100.53370930,78.75440450,67.75300074
1,1781859890.732374,101.97851945,79.83740689,67.89626996
1,1781859890.793910,104.89004934,82.41243051,70.41475419
1,1781859890.861960,109.69091433,87.26764796,73.99241325
1,1781859890.921952,115.22659028,92.56998324,76.33224343
1,1781859890.999952,120.01525399,96.34335141,79.67252246
1,1781859891.066304,123.46374086,98.81718295,81.05587201
1,1781859891.129502,124.58275174,99.36314780,81.32718877
1,1781859891.200256,132.11107396,107.27260954,86.55886288
1,1781859891.262802,142.92236610,122.03925838,102.06503361
1,1781859891.326556,135.11782584,116.67490772,101.89555233
1,1781859891.407790,115.41899870,99.23262503,88.31130621
1,1781859891.471484,108.62226154,92.97736683,83.01195968
1,1781859891.538543,108.27653366,95.81184343,81.20781483
1,1781859891.607264,112.63291665,100.45552723,85.51206333
1,1781859891.661701,117.92732620,105.50507530,89.62423096
1,1781859891.727948,122.85575192,110.69719159,92.42700568
1,1781859891.806178,126.39003848,113.02157982,94.23501744
1,1781859891.871248,127.64770931,113.66679927,93.63735764
1,1781859891.936489,127.95910526,113.91873100,93.11118339
1,1781859891.998402,128.92266801,114.86332328,93.88126009
1,1781859892.058929,128.96672537,114.97622607,94.17520604
1,1781859892.123365,126.35913796,112.42029622,91.42316699
1,1781859892.205524,123.25422196,109.52743288,89.64821912
1,1781859892.272154,123.88319438,110.13631208,88.40287845
1,1781859892.334489,124.76551769,111.03077253,90.28519533
1,1781859892.400624,128.30357681,113.58196146,92.00475814
1,1781859892.462771,126.91514273,111.18350556,87.58819739
1,1781859892.526986,112.49497450,95.15941210,72.25419834
1,1781859892.604493,107.60866135,91.28577233,70.16184856
1,1781859892.669684,100.33029002,84.63457731,67.05808538
1,1781859892.735092,97.98791975,79.42078591,68.71063514
1,1781859892.799027,99.95643560,77.65395789,66.24545806
1,1781859892.864302,104.79491352,81.77293406,70.19479768
1,1781859892.927587,112.54520098,89.32731768,76.29878226
1,1781859893.007172,115.82039755,92.76629531,80.87277298
1,1781859893.070824,116.73540400,94.94110719,83.13806377
1,1781859893.131031,113.37171081,97.05197265,80.77223985
1,1781859893.198466,122.12586139,109.49514087,94.82858414
1,1781859893.264467,115.04529181,103.10219233,89.44547458
1,1781859893.329515,107.74249276,94.97649410,82.25534956
1,1781859893.407913,113.56182581,99.25095055,85.64551496
1,1781859893.469325,123.41995096,108.16392576,91.74534610
1,1781859893.536398,119.16928615,102.02765284,82.22955352
1,1781859893.622706,111.45252571,92.70897610,72.06014870
1,1781859893.663022,107.67926209,87.54681242,67.24199700
1,1781859893.727552,106.59775844,86.61960642,66.76438671
1,1781859893.806886,104.45450357,83.97936060,64.51189428
1,1781859893.870000,103.77638506,83.45737779,64.51231796
1,1781859893.935898,102.70998319,81.96753124,62.70622334
1,1781859893.999240,102.91299948,82.00331240,63.50174273
1,1781859894.064232,102.15821947,82.52267121,63.24389498
1,1781859894.123640,106.86580121,88.12256551,68.79129114
1,1781859894.207772,112.16604428,94.83944798,75.16235137
1,1781859894.270518,114.46397681,97.22026268,77.89098624
1,1781859894.337227,113.40766855,91.45716985,74.06534832
1,1781859894.398888,104.33691563,79.50126518,63.06663292
1,1781859894.462390,104.27913880,81.02267250,67.01707356
1,1781859894.526869,89.74261196,67.57969123,57.66703863
1,1781859894.602507,88.04166544,66.60571252,58.40533567
1,1781859894.670817,91.03262833,68.36154936,58.26338521
1,1781859894.729428,95.88436713,70.81047468,59.44621396
1,1781859894.794402,101.60680584,76.13729135,63.16347670
1,1781859894.856698,105.99479828,79.99785141,65.82028151
1,1781859894.921893,108.36985965,82.51443614,67.95182398
1,1781859895.010900,112.86424320,87.67167173,72.56482034
1,1781859895.070597,112.03682177,86.35457617,70.85306669
1,1781859895.131360,114.69406548,88.88351760,73.49596854
1,1781859895.200223,116.15860330,90.05533035,74.62906854
1,1781859895.257198,114.99428268,89.26527123,74.15400754
1,1781859895.321311,116.61093669,90.98556814,75.13412078
1,1781859895.405586,116.84203389,91.54276913,76.13095408
1,1781859895.470350,116.77585444,90.95902431,75.65514605
1,1781859895.535713,117.50564128,91.45679988,77.05456477
1,1781859895.608381,114.59894624,92.06689972,72.49585269
1,1781859895.662558,115.94731491,93.96620423,74.74923543
1,1781859895.729782,116.10351609,93.67163410,75.19597367
1,1781859895.821841,116.78066339,94.14537843,74.36714319
1,1781859895.865517,115.38508283,92.79552703,73.83693726
1,1781859895.934958,117.05329335,94.58372199,74.70934962
1,1781859896.001270,116.77313294,94.17351105,75.11767956
1,1781859896.058642,117.24562785,94.41817838,74.49538103
1,1781859896.121263,117.73005246,94.47957074,74.49025087
1,1781859896.201076,123.07147759,97.46257589,80.94119534
1,1781859896.267575,119.60286128,96.95976539,77.07178922
1,1781859896.335857,119.59952782,96.99154836,77.08477356
1,1781859896.399463,122.86688890,97.16535929,80.68920900
1,1781859896.462500,120.06042425,97.93280281,77.82213449
1,1781859896.532099,120.23210754,98.00290480,76.81899684
1,1781859896.601469,121.79146432,96.10375969,80.23761578
1,1781859896.671446,120.08087529,94.95627435,79.34613810
1,1781859896.736676,116.98569616,94.50095516,74.54190238
1,1781859896.800116,121.64287755,96.30498569,80.27035644
1,1781859896.865075,119.70978231,97.42104833,77.17836985
1,1781859896.926571,120.85883090,98.68058004,77.81099179
1,1781859897.007946,124.41825554,98.60545541,81.03936640
1,1781859897.071237,125.91073041,100.33971610,83.83850147
1,1781859897.129376,124.76454751,99.34346490,83.13125631
1,1781859897.194360,124.66813755,98.96656887,82.22156549
1,1781859897.257833,124.57526037,98.47856261,81.99976093
1,1781859897.325834,124.79277651,98.91786650,82.46332923
1,1781859897.403905,124.00508743,97.92972364,81.33912431
1,1781859897.469756,125.45969589,98.90940996,82.92800434
1,1781859897.536027,123.84134052,98.50776575,81.27002578
1,1781859897.613254,123.98450417,98.68932143,81.27670930
1,1781859897.661723,124.48534269,98.38736252,80.92769264
1,1781859897.725755,125.49990377,99.58569325,82.24597071
1,1781859897.807445,126.59334961,100.50948134,83.13846287
1,1781859897.870694,128.78056905,102.82174345,85.40209020
1,1781859897.935498,136.66898697,112.44454671,93.94208860
1,1781859897.999157,142.01092557,119.34912948,101.70541576
1,1781859898.061284,142.30494520,119.92592625,103.08375483
1,1781859898.123703,119.06168265,91.94209809,76.12869464
1,1781859898.209245,116.14537900,90.18677012,72.89347551
1,1781859898.271635,116.44185200,90.43189732,74.07684256
1,1781859898.330319,117.13498481,92.60610813,75.46433098
1,1781859898.393846,119.18619964,95.21199169,78.17622583
1,1781859898.457787,120.86350451,97.35647997,79.06886219
1,1781859898.526539,121.42528882,98.42416545,81.21948043
1,1781859898.605255,122.78357233,100.09147483,82.07530928
1,1781859898.672234,123.46121883,100.68796182,83.00484236
1,1781859898.740333,122.70017528,99.90095236,82.86634257
1,1781859898.797428,124.08296364,101.20662382,83.83693218
1,1781859898.859465,125.30243795,102.54115448,84.63018158
1,1781859898.927142,126.75459098,103.91394200,85.27119533
1,1781859899.007248,130.03022053,106.95091266,88.82185193
1,1781859899.068745,132.05816578,109.48480405,90.68914162
1,1781859899.130984,131.92290926,108.35329796,89.52310052
1,1781859899.197848,132.82723586,109.64830209,89.65444352
1,1781859899.261470,134.22484649,110.85026483,90.57291005
1,1781859899.326805,134.96867689,111.72609783,90.75383052
1,1781859899.409248,134.72246109,111.34706843,91.06553449
1,1781859899.465695,133.17395078,109.46677064,89.61013465
1,1781859899.529693,132.75235299,108.79127809,88.53697705
1,1781859899.605186,132.75384956,108.43727716,87.84903325
1,1781859899.661289,132.49583574,107.68553256,88.57671627
1,1781859899.726828,134.69051344,111.12135004,89.71579398
1,1781859899.802756,136.85902868,113.65578506,92.99269321
1,1781859899.873038,136.41230821,113.74777800,92.68204061
1,1781859899.935141,134.59982941,111.34730271,90.20553590
1,1781859899.998807,131.16467635,106.56795506,85.97109471
1,1781859900.064067,128.75613507,103.55697646,82.91760015
1,1781859900.124207,130.20142032,102.04083545,85.38695238
1,1781859900.209206,126.32264260,101.06364379,81.11241584
1,1781859900.272272,123.42988412,98.78028007,79.98325757
1,1781859900.334426,131.12529456,105.22118710,85.93740493
1,1781859900.400702,132.29530761,106.28797645,87.04344155
1,1781859900.463562,135.39506385,113.03645936,87.76441024
1,1781859900.529381,134.96934131,113.54309440,94.02742417
1,1781859900.602575,137.28565413,113.79115787,96.58056094
1,1781859900.673518,130.10594306,106.51076398,83.89685900
1,1781859900.733421,135.19743156,108.02500978,90.40438640
1,1781859900.799421,131.87657661,103.98583684,84.67017850
1,1781859900.862421,119.58648754,92.42452296,68.96295217
1,1781859900.922514,118.29266150,91.50652148,68.90923028
1,1781859901.008466,116.66753633,89.33646062,66.28392752
1,1781859901.071472,115.05632548,88.51611487,69.47213221
1,1781859901.129374,117.25565626,90.57994751,72.27683199
1,1781859901.198686,118.46657541,94.95255392,76.42428042
1,1781859901.260059,122.01046552,98.90282322,75.93182392
1,1781859901.328184,125.74830207,103.71380312,80.31957849
1,1781859901.405687,127.04701687,105.22074263,82.15343307
1,1781859901.472773,127.13772388,105.40891301,83.87358069
1,1781859901.534849,125.00936938,103.40064830,84.65552080
1,1781859901.602409,122.52606616,100.65842401,81.72545264
1,1781859901.661632,123.69815591,102.46278205,84.02236118
1,1781859901.728352,120.78323314,98.68029293,81.27786376
1,1781859901.808280,117.97167722,95.86059934,78.28863981
1,1781859901.871896,119.54785181,97.80920934,80.95061232
1,1781859901.936761,119.11953920,98.17581174,80.48361495
1,1781859901.998117,121.46107418,100.93682686,82.18115444
1,1781859902.061309,121.36355036,100.86744198,82.05978956
1,1781859902.123442,123.00722296,101.99245317,84.22885715
1,1781859902.207100,121.66759249,100.28023828,82.30780003
1,1781859902.272728,116.52842831,94.76985885,76.88867426
1,1781859902.335001,114.75662623,92.80390741,75.13307026
1,1781859902.398743,122.26325450,99.45628635,80.36174784
1,1781859902.463490,122.17874445,99.98652780,81.98488717
1,1781859902.526538,117.05634390,94.65316511,77.26403823
1,1781859902.600036,122.70099992,100.74322919,83.79434892
1,1781859902.671293,120.90182339,99.44902035,82.78973839
1,1781859902.735000,123.55713982,102.30899358,84.45813142
1,1781859902.799734,123.04730340,101.50824752,82.63995688
1,1781859902.861254,124.19545618,102.37110249,84.71815948
1,1781859902.926864,124.20433479,102.68314917,84.54926733
1,1781859903.007253,125.13764115,103.79323101,85.35476071
1,1781859903.077766,128.63875356,107.69215849,90.21275391
1,1781859903.131869,129.19631051,108.22865432,90.60996354
1,1781859903.198771,127.23887376,106.53599593,84.60894086
1,1781859903.262496,126.30386162,104.75611725,82.89684190
1,1781859903.326722,125.37309724,104.47542886,80.81302127
1,1781859903.406944,126.36307154,105.80391946,83.69381529
1,1781859903.471537,127.60583792,106.57817119,83.88695776
1,1781859903.535839,127.70197194,106.76086571,83.30854777
1,1781859903.608412,126.85334445,106.47183161,83.46741340
1,1781859903.664666,124.17821497,103.62494130,80.69700851
1,1781859903.728917,122.78743250,102.05783764,79.29580212
1,1781859903.791080,121.06435244,99.49556454,76.92335676
1,1781859903.871975,122.91315942,101.66315351,79.53075225
1,1781859903.936922,123.32243710,102.06805868,79.70809231
1,1781859903.999584,125.37212022,104.88448310,82.72538275
1,1781859904.068518,127.02812789,106.84137305,84.69956857
1,1781859904.122803,126.92183764,107.04522847,89.76687664
1,1781859904.192377,128.45514992,107.69903045,90.02076823
1,1781859904.273084,129.54875237,108.60346679,90.40441394
1,1781859904.335593,130.12730070,109.58247909,90.26518024
1,1781859904.398485,130.36413825,109.09461392,90.98516498
1,1781859904.463516,130.28889588,109.18872433,90.78705112
1,1781859904.525883,128.90743572,108.64950063,90.61155385
1,1781859904.598901,127.61332355,107.74116448,91.21496248
1,1781859904.671512,126.25185601,105.67088581,87.46196385
1,1781859904.735366,125.69531338,105.19208076,88.21762253
1,1781859904.799650,125.06333819,104.25945645,87.03708051
1,1781859904.857841,126.10290071,105.08846567,86.68582277
1,1781859904.926961,127.26963670,106.51881322,88.31792004
1,1781859904.990030,128.39930582,108.50655903,88.73104177
1,1781859905.070832,128.04823017,107.33948672,88.83252282
1,1781859905.132263,127.67183646,107.23901291,89.37640390
1,1781859905.200654,128.64527413,107.75366581,90.09439788
1,1781859905.262079,128.63665117,107.90332329,90.08573426
1,1781859905.325613,128.49033333,108.47236765,89.59170180
1,1781859905.390273,127.42236383,106.73151725,88.22322673
1,1781859905.471537,126.32617692,105.53784525,87.08133490
1,1781859905.536016,125.18571121,104.22882206,87.15603042
1,1781859905.617990,124.77141824,103.71174538,86.85545855
1,1781859905.660988,120.64595469,100.00380242,82.58937439
1,1781859905.726616,117.89253893,96.51372009,78.81853899
1,1781859905.790884,115.31136692,93.88083106,76.63342346
1,1781859905.871013,115.31449377,93.64918328,76.94727713
1,1781859905.936745,114.48318476,92.45791884,76.05709952
1,1781859905.993047,115.25622603,93.72835447,76.23920159
1,1781859906.057449,114.71520439,93.28094932,75.81597576
1,1781859906.125601,116.48485199,94.92188307,77.31919164
1,1781859906.191079,117.70150889,96.35777527,78.74820228
1,1781859906.271004,119.32491616,97.91974011,80.29522463
1,1781859906.334231,121.72880019,100.37365961,83.01466319
1,1781859906.401279,124.90905187,103.80333677,86.39569448
1,1781859906.458449,124.72200944,104.64448368,87.11681689
1,1781859906.523117,125.05418234,104.50891266,87.10419252
1,1781859906.594752,124.62405194,104.24154618,86.79992911
1,1781859906.670868,125.02901996,104.56520410,87.25629911
1,1781859906.737036,124.80564108,104.59781636,86.86955367
1,1781859906.801377,124.54061402,104.86979565,86.71411675
1,1781859906.863691,125.15730227,104.85266354,87.20103999
1,1781859906.926693,125.45127439,105.01167411,87.24309053
1,1781859906.989303,126.14599129,105.38508437,88.29911869
1,1781859907.070680,126.56047981,105.83150086,89.22027787
1,1781859907.130193,126.45603566,105.66744678,87.93512064
1,1781859907.198638,127.14223350,106.18546429,88.91859568
1,1781859907.264707,126.68100319,106.32209577,88.58048528
1,1781859907.328556,125.84952000,105.29284799,88.47384564
1,1781859907.392183,124.23090557,103.86303299,86.94047269
1,1781859907.469429,121.07865737,100.94134917,84.03238128
1,1781859907.534816,116.85515431,95.97053153,80.17069416
1,1781859907.598532,113.87505997,92.79562941,77.07331749
1,1781859907.662523,107.78341774,84.92713114,70.34796590
1,1781859907.725890,100.75336468,77.94856725,64.44934440
1,1781859907.792116,101.02635476,78.33742474,63.81552262
1,1781859907.870490,108.63022831,85.93824640,70.40367754
1,1781859907.934752,109.98360990,86.70992689,72.51686273
1,1781859908.000867,110.89221564,88.43009955,72.35439976
1,1781859908.062925,109.97637739,87.81881477,71.33783820
1,1781859908.127579,111.21272222,89.75093519,73.61120139
1,1781859908.191895,118.94130975,98.35258015,81.35035596
1,1781859908.269197,116.63597657,95.36151173,78.73105730
1,1781859908.334410,111.03360072,90.52837260,73.19581230
1,1781859908.398600,113.70266190,90.22465542,72.61590102
1,1781859908.462760,113.79678107,91.00935461,73.53934904
1,1781859908.524552,110.86030461,88.30209942,75.72612872
1,1781859908.604701,108.00425875,86.02968743,69.41673443
1,1781859908.671017,105.39030021,83.92760180,71.71535565
1,1781859908.735826,104.77515492,83.06372613,72.02980684
1,1781859908.793503,100.35063033,82.59959972,67.57888862
1,1781859908.859259,99.78377013,82.85399145,67.78243695
1,1781859908.925123,102.00218259,85.56021828,71.28598523
1,1781859908.988199,102.49573276,86.36466315,71.70404704
1,1781859909.065740,102.14552377,86.92548605,71.94127104
1,1781859909.129458,102.23156212,87.04333719,72.82629814
1,1781859909.195401,103.27106204,88.07998669,73.36340386
1,1781859909.260828,104.12525808,88.41834080,73.57863400
1,1781859909.321527,106.20686431,90.16550751,74.09909651
1,1781859909.389532,108.26645901,90.76642868,75.34592274
1,1781859909.471373,107.15173153,89.42277039,73.88072078
1,1781859909.532366,106.87940482,88.97266544,73.50216175
1,1781859909.606688,106.16827786,87.88180617,72.16047478
1,1781859909.661913,108.35606066,89.81916361,73.85783690
1,1781859909.727875,109.80668860,90.93889711,74.77959617
1,1781859909.792820,112.59091080,93.27319297,75.58681685
1,1781859909.870960,112.74227082,92.74302382,75.19112767
1,1781859909.934326,111.77041722,92.08077836,74.78607549
1,1781859909.996862,112.51603826,93.15324005,75.10322980
1,1781859910.066037,111.63222609,92.39925621,74.89893944
1,1781859910.132037,111.15598363,91.69144807,74.18848415
1,1781859910.190789,111.22522072,91.62769359,74.56704532
1,1781859910.270984,110.02016643,90.80748626,73.30744823
1,1781859910.334167,109.20970841,90.13266832,72.99925143
1,1781859910.398075,108.66831106,89.64559155,72.55961309
1,1781859910.462379,108.10280206,89.07257519,72.40247898
1,1781859910.526399,107.19055639,88.27344074,71.33315606
1,1781859910.594832,108.36720298,89.44015348,72.94902519
1,1781859910.670590,108.70102412,89.71714747,73.10017297
1,1781859910.734598,111.40321099,92.86678799,75.29804576
1,1781859910.799020,116.69518992,98.08048226,80.20303360
1,1781859910.858024,120.97074218,102.80590076,86.23118741
1,1781859910.928334,116.96586274,99.71034008,84.39180090
1,1781859910.990477,112.16006699,94.74302151,84.64610381
1,1781859911.067728,99.29425998,86.76920862,74.77315048
1,1781859911.130538,94.24571164,83.90767776,73.64940545
1,1781859911.197980,88.27463098,81.55183731,68.07434577
1,1781859911.261269,89.30367686,80.38519070,71.74216283
1,1781859911.327516,90.61914196,83.00960522,74.32883624
1,1781859911.391807,91.97846199,85.01212065,77.09028876
1,1781859911.470029,94.03609003,87.47017925,80.11881462
1,1781859911.535730,94.98048399,89.32625582,79.77380263
1,1781859911.609896,94.99363983,89.74308071,80.05574453
1,1781859911.661870,92.49763752,87.96605098,78.17937219
1,1781859911.727201,91.30639465,86.46179868,76.06525706
1,1781859911.790684,88.28849075,83.19737510,72.46150309
1,1781859911.870728,85.78761355,79.29177639,68.35968340
1,1781859911.934124,87.30667767,79.04641123,66.55594514
1,1781859911.999674,89.27733451,79.47028997,66.45105702
1,1781859912.062731,110.06661200,96.31214506,81.25124406
1,1781859912.125545,125.79910622,106.20902696,85.02973967
1,1781859912.189978,130.63510621,109.52345802,86.81941846
1,1781859912.272491,127.32542623,104.67758720,82.14847292
1,1781859912.335505,120.04107133,96.55675481,74.85675549
1,1781859912.397855,116.97036269,92.59222072,71.27142183
1,1781859912.467349,116.18855551,91.92437183,70.69969410
1,1781859912.527497,111.34548983,87.74515285,68.07036567
1,1781859912.597676,107.74738778,85.23816707,67.48353694
1,1781859912.672925,100.41332497,78.68023971,62.11603011
1,1781859912.737138,97.21400265,75.28537231,59.16297286
1,1781859912.802540,97.76843037,75.14472398,58.51859892
1,1781859912.862557,101.45691259,77.51168820,59.22285371
1,1781859912.925856,105.50483205,80.78368563,62.25835722
1,1781859912.989570,106.91078892,82.26891185,64.13165204
1,1781859913.074586,110.16221876,84.93361472,66.37106737
1,1781859913.134073,112.15857498,87.43317797,68.38963408
1,1781859913.199558,111.91075536,86.90852970,68.10787058
1,1781859913.262783,110.78227659,85.99042881,66.98566507
1,1781859913.325385,106.89795709,82.87808560,63.20273411
1,1781859913.389587,105.97401653,80.87407786,61.83675854
1,1781859913.472012,100.01152777,79.04741674,55.76149798
1,1781859913.534035,94.12769487,70.62763847,53.76029229
1,1781859913.600046,82.24345765,61.51363822,48.48202375
1,1781859913.663111,77.08818188,59.28770703,47.69925092
1,1781859913.726893,77.59771206,59.36503426,48.20258586
1,1781859913.791451,78.07885570,59.64337644,48.19053742
1,1781859913.871308,81.85798959,61.89065392,49.62034036
1,1781859913.935814,84.36363180,63.62101939,50.62634248
1,1781859914.000962,84.41158424,64.22444435,51.59549658
1,1781859914.065613,85.24939350,65.58921754,51.59988944
1,1781859914.132108,85.59082124,66.16122647,52.19098074
1,1781859914.190370,86.63343359,66.97073721,52.40135212
1,1781859914.270871,89.12789169,68.43579615,53.56133168
1,1781859914.332117,91.94639038,70.03116875,55.32762671
1,1781859914.397003,92.49038109,71.80577008,52.65270574
1,1781859914.461659,96.93890842,73.11943525,56.57474767
1,1781859914.526115,96.54513606,72.71588141,57.31673665
1,1781859914.591802,95.23581068,72.08339816,58.17838623
1,1781859914.666909,97.60680147,72.93029083,58.51480565
1,1781859914.732588,102.59749781,76.81419824,60.30713988
1,1781859914.798580,110.81864283,83.91687409,66.62251306
1,1781859914.862789,120.87288617,92.83663505,74.51802586
1,1781859914.926112,120.32172906,93.60494582,75.85637250
1,1781859914.990547,121.53550076,94.87415149,76.75356745
1,1781859915.072715,121.10048032,93.83065442,75.48092777
1,1781859915.130775,124.75875695,99.00633014,80.00448375
1,1781859915.197501,126.62390417,100.62708739,80.31857303
1,1781859915.263548,119.27086926,93.46033047,72.59363479
1,1781859915.325819,109.83085512,85.05358923,66.80123263
1,1781859915.389797,103.66346945,78.22090103,61.02758187
1,1781859915.465601,102.66407745,80.11609109,58.54787462
1,1781859915.533680,106.28841514,84.05339089,66.01332941
1,1781859915.602096,127.31262142,101.35347214,84.04158279
1,1781859915.661869,128.20936830,105.12155317,84.63095410
1,1781859915.728520,121.71854152,105.01918029,80.11255326
1,1781859915.789752,97.39382456,77.74976602,55.42086650
1,1781859915.870163,90.67339680,73.44637107,49.82610156
1,1781859915.928162,90.22060106,69.38735574,49.39556183
1,1781859915.998835,82.58742106,62.44274958,40.44904202
1,1781859916.062118,85.74068669,64.46306474,41.21628135
1,1781859916.140383,90.38334156,65.63238563,43.38605628
1,1781859916.184966,96.18109810,70.56337426,47.95578735
1,1781859916.272132,99.71877367,73.40087063,53.66306428
1,1781859916.336272,99.05581087,72.96327058,52.02255984
1,1781859916.397282,94.93338166,72.55902549,48.34081870
1,1781859916.464218,98.52397426,76.36172781,51.44474539
1,1781859916.525702,100.14487397,79.66911523,54.56189769
1,1781859916.589556,100.75882734,80.51832813,55.94754572
1,1781859916.672221,100.72613210,79.08068572,57.51914793
1,1781859916.731302,101.63836453,79.41087740,57.32532851
1,1781859916.797190,101.26773648,81.36572639,61.20812069
1,1781859916.864720,100.51002464,80.45061627,60.27102583
1,1781859916.927820,99.04703990,78.77591819,57.12458740
1,1781859916.992350,95.48914756,78.29932453,54.19134028
1,1781859917.081121,102.20387873,81.79302143,59.77583991
1,1781859917.131510,99.64811333,79.33685935,56.80771670
1,1781859917.200784,102.48190041,81.14362076,56.44521052
1,1781859917.264393,108.15142066,86.31047565,60.55239916
1,1781859917.330425,105.65717279,83.61350043,58.08676694
1,1781859917.395325,101.09105503,83.18541888,55.02334035
1,1781859917.471124,100.54994378,82.99520144,57.16400319
1,1781859917.531387,98.10722061,80.33807333,54.61320113
1,1781859917.608250,99.02972948,81.78267235,55.16180109
1,1781859917.662957,99.76125471,78.38882031,55.84349899
1,1781859917.726301,94.38863426,75.58088264,48.69992026
1,1781859917.793040,97.71328923,75.60959629,51.47942935
1,1781859917.869518,93.05253256,73.25322416,45.62435445
1,1781859917.933792,95.15062604,72.16658894,46.88390821
1,1781859917.999042,91.83048985,71.82942857,43.99400307
1,1781859918.061756,96.66010875,73.26438574,47.36400616
1,1781859918.123279,93.64329556,73.25147254,44.37918082
1,1781859918.191456,95.63370846,74.69783049,44.67500032
1,1781859918.269285,96.70808766,75.61350704,44.64811637
1,1781859918.335562,99.50168283,75.09558841,46.07200861
1,1781859918.400374,101.96877759,76.60120820,46.41406178
1,1781859918.465029,101.96144433,75.69485003,45.75422121
1,1781859918.530561,104.32366204,77.61150271,50.66274353
1,1781859918.600098,101.04052708,77.91727312,47.90960573
1,1781859918.673457,101.54495723,78.30134287,48.27576421
1,1781859918.736733,101.93632843,78.63956401,48.55710131
1,1781859918.801564,107.81617245,81.83625053,55.71681885
1,1781859918.863644,108.43090634,82.86971678,56.71442305
1,1781859918.927314,105.03854700,83.02568570,53.37538666
1,1781859918.992899,110.30563729,85.16830600,59.03468763
1,1781859919.079617,111.19220866,86.51037537,60.80162042
1,1781859919.134511,112.25989992,87.88240857,62.33979855
1,1781859919.202755,112.87675041,88.58665075,63.79440085
1,1781859919.266991,114.95198296,90.64984371,64.92791520
1,1781859919.328607,114.65056416,90.41978436,66.26060860
1,1781859919.391505,114.21862306,89.88055063,66.18279191
1,1781859919.469783,111.40718365,90.44714707,62.53401133
1,1781859919.535261,110.42658622,89.57866812,61.88987897
1,1781859919.602367,109.69865855,88.82889495,61.25864440
1,1781859919.664666,109.78645186,89.23193923,61.90158413
1,1781859919.731287,108.31073863,87.69969561,60.52017021
1,1781859919.794104,108.51234909,87.65473476,60.21834900
1,1781859919.872584,108.49053287,87.79690560,60.50480780
1,1781859919.935097,107.13098778,86.40822638,59.96809516
1,1781859919.999863,107.18424600,86.60934625,60.00024734
1,1781859920.070160,107.34630142,86.69742049,60.06047891
1,1781859920.126574,105.63490337,84.98648132,58.65128806
1,1781859920.191444,106.28747802,85.68015042,58.51291691
1,1781859920.268814,107.33451723,86.04493960,58.15626097
1,1781859920.336597,106.61489240,85.70561609,57.60018140
1,1781859920.400752,107.62464255,86.15427256,58.14150691
1,1781859920.461916,107.92065572,86.56953741,58.39104504
1,1781859920.529230,107.19877227,85.85637224,57.91517492
1,1781859920.608550,107.17618574,85.34547448,56.66503013
1,1781859920.674202,105.97687019,84.19884747,54.15931460
1,1781859920.732773,107.34315918,82.78962765,55.53614839
1,1781859920.799248,101.79130637,79.46229738,48.81483518
1,1781859920.870121,101.86898040,79.43775548,48.05786202
1,1781859920.927375,103.76689527,78.05866546,48.92474983
1,1781859920.991548,102.74605277,76.17889436,47.21403459
1,1781859921.080119,99.94388646,75.34879333,45.78847858
1,1781859921.131264,107.59635690,79.97487364,51.79077049
1,1781859921.204426,113.29737256,84.68343448,55.50863980
1,1781859921.259907,118.31326443,88.43200228,58.69999754
1,1781859921.327164,123.50244303,94.18940307,63.58970110
1,1781859921.391120,124.44932509,96.95413250,67.52766961
1,1781859921.471935,129.63433242,101.55891902,71.74302799
1,1781859921.534551,129.08964272,102.24680079,71.79880588
1,1781859921.598652,126.07714444,98.88104803,68.78423314
1,1781859921.724964,128.34596078,100.56478689,69.14387594
1,1781859921.791384,125.80726922,97.25630578,65.74969764
1,1781859921.867239,124.12620488,95.04716433,62.99373184
1,1781859921.931604,123.80825742,95.30193465,60.97713836
1,1781859921.998917,122.55817963,94.19541874,61.16627861
1,1781859922.076203,123.42626343,94.80195865,60.38476607
1,1781859922.125273,127.00083391,95.53986874,65.95383522
1,1781859922.190155,123.88128359,95.15418008,64.79103767
1,1781859922.271665,120.65901908,94.76919911,61.61629240
1,1781859922.337095,125.84554064,96.61412592,66.42585529
1,1781859922.400444,123.90823620,98.98293478,67.16555623
1,1781859922.466288,133.48350852,104.89382309,75.09949797
1,1781859922.527645,134.42880313,109.28855586,75.38966543
1,1781859922.601020,141.24535589,112.91911535,82.46510690
1,1781859922.675074,143.77115626,114.68723500,87.84313047
1,1781859922.737792,147.70177701,118.51294796,91.55515033
1,1781859922.800596,144.03382222,118.59215260,88.91303466
1,1781859922.865180,147.60562332,121.68297447,93.07286057
1,1781859922.930708,150.42832632,122.53711203,90.70874906
1,1781859922.995106,156.59271563,127.97240834,95.20063972
1,1781859923.082508,158.14893756,129.46712351,96.58802249
1,1781859923.133730,159.58361279,131.27895374,98.82064096
1,1781859923.201410,159.70189415,130.98131708,98.41162168
1,1781859923.266634,156.76518366,128.70824909,97.03493853
1,1781859923.329989,151.30497771,123.11000674,91.67593810
1,1781859923.393831,152.97596044,122.93741307,97.56741183
1,1781859923.472430,147.43564642,118.44546056,89.51534662
1,1781859923.534560,147.29238026,118.14340366,89.83889683
1,1781859923.608529,146.87645147,115.22608419,86.98418938
1,1781859923.664530,141.33606524,112.93673640,81.92802506
1,1781859923.729466,137.40908399,109.36891992,79.78553550
1,1781859923.790356,132.83681018,105.33762302,74.75615405
1,1781859923.875003,136.86806107,105.77499829,79.10881854
1,1781859923.934051,133.64446011,106.02860621,75.69363701
1,1781859923.996622,134.29437013,106.97001812,77.17875389
1,1781859924.064687,134.14943854,106.21832345,76.14680166
1,1781859924.128582,134.71736867,107.18618577,77.94689073
1,1781859924.192000,135.57584723,107.93232623,78.34380652
1,1781859924.270650,136.26946220,108.80229276,78.18585878
1,1781859924.337099,136.28898062,108.65861319,78.75241725
1,1781859924.401435,135.26642123,107.90157061,79.59132414
1,1781859924.465698,133.87225383,107.16014695,78.26630086
1,1781859924.531917,133.64435270,106.35045466,77.53114998
1,1781859924.610005,130.81470512,103.80272858,75.69585513
1,1781859924.676565,130.56116046,103.60636960,75.33697178
1,1781859924.737408,130.99136534,104.02254236,75.75194339
1,1781859924.802508,130.60794262,104.37174198,76.19500509
1,1781859924.865001,128.09437391,101.66694404,73.16606624
1,1781859924.928436,131.43032732,104.55068019,75.99661608
1,1781859924.993780,136.34774745,107.12110330,78.57760466
1,1781859925.081264,135.02179702,105.45684042,77.71616408
1,1781859925.134520,137.44547345,108.03409639,80.68131114
1,1781859925.200575,133.80995501,107.62803791,77.45173869
1,1781859925.264587,138.17372140,108.98301334,82.33006779
1,1781859925.330357,137.18598928,108.53816952,83.06087745
1,1781859925.396828,138.06749135,109.99296843,86.23421814
1,1781859925.473848,136.37864026,108.70196731,86.02637832
1,1781859925.541888,134.28883441,106.89990980,85.48488012
1,1781859925.614095,129.12795662,103.02193956,77.17479116
1,1781859925.664161,127.32270082,98.53227329,77.46722811
1,1781859925.730650,117.07349493,92.46826015,68.76617670
1,1781859925.795725,115.03312673,90.46004671,67.62810854
1,1781859925.874835,113.39756228,89.26145978,69.21960887
1,1781859925.939956,109.30480388,88.32373279,64.64788382
1,1781859926.001322,106.61627999,85.13097758,61.07469179
1,1781859926.069322,101.29487471,79.22756743,53.03397904
1,1781859926.125870,105.90519597,80.64645883,55.41484605
1,1781859926.188275,106.28686289,82.65929306,59.91795461
1,1781859926.271515,107.79032250,85.86539170,59.46389845
1,1781859926.332154,112.20092410,87.33843844,59.16671236
1,1781859926.396285,116.03999112,90.26650359,62.19486363
1,1781859926.467104,81.16496975,62.55301429,42.80510453
2,1781859916.672221,71.25027636,57.53467157,52.93114344
2,1781859916.731302,68.80202601,56.83086007,51.93860089
2,1781859916.797190,62.86089012,51.99386798,50.90642704
2,1781859916.864720,59.79666865,49.28030940,47.01913673
2,1781859916.927820,62.66596828,51.67180748,48.54507494
2,1781859916.992350,62.54496916,54.37611569,49.37320496
2,1781859917.081121,68.40695552,57.84543290,55.44372245
2,1781859917.131510,64.46533334,53.58257649,50.19779197
2,1781859917.200784,73.55666249,62.89547877,60.87503277
2,1781859917.264393,86.26313307,77.30731769,75.47007747
2,1781859917.330425,95.61783675,88.56616162,89.53164251
3,1781859920.674202,60.25796169,53.48283079,42.27021521
3,1781859920.732773,50.04335510,42.02117615,35.03936719
3,1781859920.799248,45.62106725,39.74779404,30.83206084
3,1781859920.870121,41.65103757,36.40217478,28.42232962
3,1781859920.927375,41.52744174,34.14850538,28.50198769
3,1781859920.991548,39.18270409,32.64385552,26.33680055
3,1781859921.080119,36.42427449,31.63562557,24.18204984
3,1781859921.131264,42.89142278,35.83807368,27.23232028
3,1781859921.204426,48.27542478,40.29834638,31.37578625
3,1781859921.259907,52.43453889,43.50197014,33.18181809
3,1781859921.327164,57.11779247,47.55928484,36.07269736
3,1781859921.391120,58.36298353,51.08908412,39.35391420
3,1781859921.471935,60.02566355,52.91832403,41.83496301
3,1781859921.534551,60.22203576,52.78276872,41.27384424
3,1781859921.598652,58.45838780,51.04674706,40.77633605
3,1781859921.668702,57.09703683,49.45576080,39.87909384
3,1781859921.724964,56.49771467,49.27908305,39.46021256
3,1781859921.791384,56.92825384,49.77684604,39.86890809
3,1781859921.867239,58.09764576,50.61541120,40.64991691
3,1781859921.931604,59.02842220,51.48439832,39.22444619
3,1781859921.998917,59.30604237,51.36477055,38.90408306
3,1781859922.076203,57.25377350,49.40535011,38.66813562
3,1781859922.125273,60.96937434,50.81698560,41.74073855
3,1781859922.190155,59.80961506,52.04025751,42.84869902
3,1781859922.271665,58.52513100,53.01265623,41.22574198
3,1781859922.337095,63.71523523,55.35039804,46.82213344
3,1781859922.400444,63.19677566,56.93400915,46.22379158
3,1781859922.466288,70.43968595,60.72719852,52.46741150
3,1781859922.527645,71.43556113,64.87148318,55.31435037
3,1781859922.601020,78.71374421,69.89834357,61.79780660
3,1781859922.675074,82.93951133,72.97948100,69.87076524
3,1781859922.737792,88.98856512,79.36276407,75.36143840
3,1781859922.800596,89.58893760,83.10873915,76.62384901
3,1781859922.865180,91.78160209,84.90701680,79.00644508
3,1781859922.930708,93.94679169,85.42707055,76.64651905
3,1781859922.995106,100.99897478,92.35645422,82.29565385
3,1781859923.082508,97.57731432,90.13476131,80.88000967
3,1781859923.133730,87.55471372,82.86691945,77.53781309
3,1781859923.201410,65.39715124,63.99616694,67.34411866
3,1781859924.676565,80.24439564,81.97750924,87.82869659
3,1781859924.865001,96.20165395,99.92621337,104.58506402
3,1781859924.928436,99.36429824,100.75638148,104.04479809
3,1781859924.993780,94.36308439,92.96838049,97.43290471
3,1781859926.069322,82.06267125,83.13189560,81.37167476
3,1781859926.125870,43.38935138,36.17504115,27.48377028
3,1781859926.188275,61.53325242,53.24728124,39.84288444
3,1781859926.271515,68.12550270,60.98776745,46.85982010
3,1781859926.332154,72.30237341,63.22576296,51.25943689
3,1781859926.396285,64.26154635,56.60762092,49.82152838
3,1781859926.467104,56.86220766,52.63703766,54.98210759
3,1781859926.528303,63.90159802,57.67987637,67.46246950
3,1781859926.752117,111.51102000,103.77240104,116.38326420
3,1781859926.781111,117.88520996,107.23593619,117.65077824
3,1781859926.830241,108.54710948,99.78056454,115.53353137
3,1781859926.894826,101.47691450,90.87504276,106.04003608
3,1781859926.960435,97.10563754,88.46867068,93.83636165
3,1781859927.028837,104.01997285,93.77167164,93.81525446
3,1781859927.102778,115.11728985,105.51277665,101.06536422
3,1781859927.177221,106.51066808,100.81644784,101.18821072
3,1781859927.234274,83.30298248,81.78748877,85.02210453
3,1781859927.295208,80.96105176,77.82710222,86.64621564
3,1781859927.360864,108.88530434,103.17753747,108.31322996
3,1781859927.423208,145.61917225,143.23386892,147.08676247
3,1781859927.503606,164.56565806,177.43534864,186.16027958
3,1781859927.564865,164.39865193,178.29936449,190.06862019
3,1781859927.635204,179.88179283,191.63483933,201.17078429
4,1781859920.870121,51.92500261,45.78635500,33.38604971
5,1781859926.001322,92.28825573,69.17194818,46.48001703
5,1781859927.295208,175.76809409,154.86991647,129.50394572
5,1781859927.360864,176.77569919,154.97243648,128.55856623
5,1781859927.423208,173.09378606,150.90069591,124.83611979
5,1781859927.503606,169.87394342,146.31420264,112.14729364
5,1781859927.564865,168.25170424,144.98998411,112.60348875
5,1781859927.635204,173.20922145,148.84222530,118.12336053
5,1781859927.697328,172.13211553,146.04950160,115.21801952
5,1781859927.757673,175.31013862,148.68715518,120.76475028
5,1781859927.822145,173.49722231,147.35377775,120.90768199
5,1781859927.901477,175.20007694,146.43220653,120.91425286
5,1781859927.963520,172.52048888,147.82882307,118.98600812
5,1781859928.032696,173.42956775,146.62590091,112.55002172
5,1781859928.096697,169.49483215,142.75315142,109.03545490
5,1781859928.156772,164.45898872,137.39197760,103.90447629
5,1781859928.220173,160.35554949,133.69949115,99.33313282
5,1781859928.303036,154.60858212,127.83430488,93.86199522
5,1781859928.367220,147.45116522,120.24364596,85.84487501
5,1781859928.430114,143.73753673,116.00888837,87.43115205
5,1781859928.497752,141.09183023,113.84481002,84.50314190
5,1781859928.557718,139.06806259,112.42284106,83.12351033
5,1781859928.621468,135.84265336,112.59963171,80.37236574
5,1781859928.703081,138.02201814,112.92916097,83.90039013
5,1781859928.768249,128.43641888,103.84291259,75.85438122
5,1781859928.831604,122.32196280,96.96149337,74.06060203
5,1781859928.897934,115.50423081,90.78649733,68.96546793
5,1781859928.958895,114.30989668,89.78655169,68.00947970
5,1781859929.025028,110.25990452,88.02743596,62.17655978
5,1781859929.103178,110.30525386,88.14722310,61.80418158
5,1781859929.165996,114.31888371,91.72015404,64.04724898
5,1781859929.232461,118.67578722,96.57729020,71.82507624
5,1781859929.293776,119.37449575,97.04079756,72.44255984
5,1781859929.358784,113.85939141,91.36071315,67.14499800
5,1781859929.425718,108.07288220,85.30089008,61.73829170
5,1781859929.506147,107.02189416,83.61223645,60.29099686
5,1781859929.568343,106.95602829,83.73671893,60.51810687
5,1781859929.634235,103.93887388,79.66473480,56.69942388
5,1781859929.691385,89.93003659,67.83364190,41.06506175
5,1781859929.760792,91.77778865,70.48126781,46.36964710
5,1781859929.825003,106.71886210,85.85618230,64.32192044
5,1781859929.902100,105.89842962,82.76534841,63.11609299
5,1781859929.967604,113.04341205,86.70636810,65.80092698
5,1781859930.029849,118.86456767,95.58039016,69.87259109
5,1781859930.096040,126.86499889,100.25355863,77.72624578
5,1781859930.155246,123.78634230,97.79526985,75.82037517
5,1781859930.222855,117.90502672,94.95056206,74.10495650
5,1781859930.303415,111.96136340,91.87917787,72.03595443
5,1781859930.365948,110.82379782,91.75057111,71.64622312
5,1781859930.432117,109.00660104,92.92351136,69.76221395
5,1781859930.490811,108.37964753,91.19638130,68.88590694
5,1781859930.559285,109.71219140,91.98473626,69.30338737
5,1781859930.622578,111.96916882,93.65266369,70.93093401
5,1781859930.870632,113.58309764,93.68822077,68.07969878
5,1781859930.900685,116.52794725,96.27884243,71.43618248
5,1781859930.929908,119.61251633,99.52683662,73.54992649
5,1781859930.992539,122.80493686,101.82995097,76.59351012
5,1781859931.073217,124.62475251,103.34143461,80.14725104
5,1781859931.135518,127.48810559,103.03214163,80.16616107
5,1781859931.199538,130.03494030,105.60280779,83.22418946
5,1781859931.272002,130.21314431,106.09327284,83.98601227
5,1781859931.323202,131.40872632,107.22231097,84.99554754
5,1781859931.387222,127.16070013,103.22671632,81.95937930
5,1781859931.469199,127.00021650,103.80980226,82.28964151
5,1781859931.534360,124.93370847,101.12382371,80.85408451
5,1781859931.596334,121.81369639,100.73822111,77.90414830
5,1781859931.660608,122.09055421,98.74430288,79.00132940
5,1781859931.726953,121.86149262,99.08150450,79.47342672
5,1781859931.795105,121.10057040,98.23778460,79.10831058
5,1781859931.870185,120.12882496,97.14075808,78.20080482
5,1781859931.932749,122.22309202,99.10762703,79.89737185
5,1781859931.993897,122.07787336,99.10403088,78.84177443
5,1781859932.061215,121.93787601,98.39129485,77.62176747
5,1781859932.127857,121.56347600,97.48374544,77.12250080
5,1781859932.191345,120.37677870,96.43535016,76.04017291
5,1781859932.277552,119.87361963,96.42094092,76.16650323
5,1781859932.337926,121.52456578,98.18957674,78.02514981
5,1781859932.398590,123.12942351,99.68949751,79.73763382
5,1781859932.463980,123.47543095,101.12627804,80.91539437
5,1781859932.526967,126.82889506,104.89524165,83.65603297
5,1781859932.589177,132.53732200,111.26880195,89.17189528
5,1781859932.671852,134.80189120,113.66231229,92.03958060
5,1781859932.731178,135.12635193,113.94316947,92.33511295
5,1781859932.802455,133.65423757,112.72562493,91.09749230
5,1781859932.863920,133.41061728,111.65452771,90.44157439
5,1781859932.926358,133.81882284,113.01071572,91.17027277
5,1781859932.991379,134.13430269,113.62511292,91.67395421
5,1781859933.069784,133.46268501,110.85239907,90.83073622
5,1781859933.135992,130.00144932,107.38326949,88.45180505
5,1781859933.197519,128.99223783,106.59406324,87.15379847
5,1781859933.263124,128.68507304,106.30500399,86.99906698
5,1781859933.324040,129.50921242,107.21383076,88.54035416
5,1781859933.388957,129.54104982,107.83660802,88.21036036
5,1781859933.471507,130.83671218,109.19049232,89.69782329
5,1781859933.536026,131.38252828,109.29198693,90.04528642
5,1781859933.600120,131.88492808,108.65721632,88.54362970
5,1781859933.661658,134.76687687,112.38568376,90.60325898
5,1781859933.727531,136.23861608,113.99964228,91.96857912
5,1781859933.804533,139.53065284,117.92718842,95.62862975
5,1781859933.870952,136.52353616,114.06169500,92.69401983
5,1781859933.933957,135.72775824,113.08795648,92.53761353
5,1781859933.999002,132.80117212,110.95104404,89.83507801
5,1781859934.065611,131.92193647,109.76722377,89.10607907
5,1781859934.125668,131.58620575,109.19486343,88.99598995
5,1781859934.191092,131.33290797,109.36672075,88.55168417
5,1781859934.271499,130.48886096,108.54839097,87.85159187
5,1781859934.329874,130.35941603,108.23761209,87.22523539
5,1781859934.399100,130.50562267,108.32803150,87.32094771
5,1781859934.463185,129.30959952,107.06425629,87.22835246
5,1781859934.527872,127.69573516,105.77145408,84.97006109
5,1781859934.589960,126.48276703,105.02633762,84.60895868
5,1781859934.671721,124.87336049,102.57450130,82.41241381
5,1781859934.736210,122.37141614,99.55831724,79.85816212
5,1781859934.801427,121.46605283,98.48890354,79.87738340
5,1781859934.862748,121.46837507,98.44160640,78.73349187
5,1781859934.929072,124.48351952,101.62652799,82.31691474
5,1781859934.992581,125.12079626,102.62946011,83.27497321
5,1781859935.071059,123.01895197,100.57551505,81.46449715
5,1781859935.136671,126.45884848,104.18555591,84.74720171
5,1781859935.201308,128.10388220,106.10293912,86.84984545
5,1781859935.263469,128.43153121,106.43853891,86.02310533
5,1781859935.327549,129.67721331,107.84951991,87.03679760
5,1781859935.391666,129.28871819,107.11674600,87.53081746
5,1781859935.472357,128.75339434,106.83062233,86.83160899
5,1781859935.534815,128.54344455,106.38087394,85.20024278
5,1781859935.599201,124.77477333,102.81122883,82.61754443
5,1781859935.661622,121.37215479,98.98338467,80.24898547
5,1781859935.728356,120.53430235,97.68253057,78.74683525
5,1781859935.803149,122.93946536,100.30240597,80.84498793
5,1781859935.871148,124.63596439,102.63099517,83.02293345
5,1781859935.937830,129.57560517,107.31857207,87.02385466
5,1781859935.998217,128.83332165,107.60723253,87.80951604
5,1781859936.063348,129.33464238,107.49509511,87.10913851
5,1781859936.126625,128.76485444,106.99998249,86.62653571
5,1781859936.191466,126.98263235,105.64079040,85.43745974
5,1781859936.272420,126.43244154,104.59530406,84.21727356
5,1781859936.359542,122.62784661,100.27561839,80.41027004
5,1781859936.394714,113.47282821,90.73833052,72.18766711
5,1781859936.457480,102.38116627,81.04225716,65.31061627
5,1781859936.523645,94.87008883,75.58033396,63.09918596
5,1781859936.589811,79.69841713,64.38348693,58.94483836
5,1781859936.673832,78.87700092,70.82317019,67.15229336
5,1781859936.735883,85.49288814,80.83201744,76.67659227
5,1781859936.802308,93.68472147,90.69089447,84.15329020
5,1781859936.861403,102.91578550,96.74306188,92.43355586
5,1781859936.927071,106.49894181,101.96781478,94.22022279
5,1781859936.991137,117.44123845,109.22326998,99.60714319
5,1781859937.072555,128.42668741,118.72028185,106.51483580
5,1781859937.135146,135.07231975,123.40683461,115.48827526
5,1781859937.197893,136.69628933,124.17996380,112.05388471
5,1781859937.268053,134.25786965,123.04033586,112.30312959
5,1781859937.325756,128.35895600,115.11025673,101.32539424
5,1781859937.385853,145.31496956,128.09884364,112.54281748
5,1781859937.465054,151.95175227,133.64916394,117.18167050
5,1781859937.533567,155.60653570,133.84210987,123.40410210
5,1781859937.596364,156.72097262,139.79077731,122.59721734
5,1781859937.666029,147.57635480,131.00767591,122.89108186
5,1781859937.721462,162.89009335,149.28692557,135.53227675
5,1781859937.808786,134.97522876,127.46967580,119.89711641
6,1781859937.666029,98.60718742,73.30350606,61.55482791
6,1781859937.808786,117.17945228,91.46756669,68.75487678
6,1781859937.870256,99.61774630,79.50633024,63.12746718
6,1781859937.935287,86.20204483,72.98564953,60.36776976
6,1781859937.997753,79.99621986,68.81524840,60.05829541
6,1781859938.062171,77.81324413,68.19318680,59.25342559
6,1781859938.125452,77.58444076,68.94969223,58.98363847
6,1781859938.190451,75.29305990,69.72976415,54.03731945
6,1781859938.269838,79.47628379,69.91006653,56.75144598
6,1781859938.332183,81.71186157,69.43428830,55.53943156
6,1781859938.396529,79.00922203,67.47919222,53.96934814
6,1781859938.461088,77.53139762,66.93198463,54.26882600
6,1781859938.521160,79.70906107,70.17497424,57.81311422
6,1781859938.591587,81.16159493,72.26451671,60.14483653
6,1781859938.671217,81.54583882,72.72373124,60.45300412
6,1781859938.733003,81.10629011,73.89783307,61.56668965
6,1781859938.799996,76.30993929,72.18444081,55.14047239
6,1781859938.864458,75.71603938,71.45084893,55.39902101
6,1781859938.927074,76.16320967,72.22743908,54.31055482
6,1781859938.992236,74.60285781,70.64812069,53.54344744
6,1781859939.072051,72.54135959,68.23316442,51.64321395
6,1781859939.136235,71.86485635,67.76795954,50.68855302
6,1781859939.199914,70.19342558,66.10712531,48.01623464
6,1781859939.262533,68.52251399,63.91769456,46.90340703
6,1781859939.328552,66.86026579,62.20305071,44.99746470
6,1781859939.390289,63.05317046,57.20777053,40.31463966
6,1781859939.470377,62.33934421,55.68104381,38.88255549
6,1781859939.535723,71.74906367,61.40439062,41.39660365
6,1781859939.597610,82.44658473,69.39818573,46.17700257
6,1781859939.666666,89.00713441,72.45855575,45.54056790
6,1781859939.729585,89.33280777,70.42814527,42.26955751
6,1781859939.790979,89.23275115,68.10514919,40.22039336
6,1781859939.872463,91.00504483,68.68643748,40.17455246
6,1781859939.930768,93.65356289,70.75385317,39.63776554
6,1781859939.996107,95.03618724,69.97655969,42.76189869
6,1781859940.057919,94.68443759,68.81769353,41.21578897
6,1781859940.127037,94.31811175,68.87014162,41.60822443
6,1781859940.191096,93.89881349,68.34695666,41.28739357
6,1781859940.271456,93.79872216,67.64200849,41.87132576
6,1781859940.334863,96.19654686,69.44416972,42.45111035
6,1781859940.402120,94.92938147,68.38422152,41.55648334
6,1781859940.465051,93.45113034,67.80025888,41.63812561
6,1781859940.525300,94.07552768,68.26277907,40.60693174
6,1781859940.592840,93.11921183,67.82384127,40.10353198
6,1781859940.669348,93.36624144,67.47636147,40.11686169
6,1781859940.730932,94.52610287,68.69983637,41.16724644
6,1781859940.975708,94.20832691,67.91530025,41.36793034
6,1781859941.005873,92.46212430,66.93009715,42.46217464
6,1781859941.037072,92.75111660,67.23118959,41.14387169
6,1781859941.100230,92.35130569,66.59390202,41.43913212
6,1781859941.162799,92.65273502,66.61552328,41.48278854
6,1781859941.228991,92.95923401,66.84204499,41.36393646
6,1781859941.292284,92.73105847,66.97827168,40.67601433
6,1781859941.361083,92.73571344,66.93158192,40.98448507
6,1781859941.423377,94.02177659,68.47384998,41.22796207
6,1781859941.501588,93.69694751,68.39460748,41.76522863
6,1781859941.559939,92.71175655,67.88479132,41.90528094
6,1781859941.629215,94.51691609,68.73662341,43.12432222
6,1781859941.692462,90.44980390,69.35064711,38.23776029
6,1781859941.755596,93.04014706,68.15871692,42.61554539
6,1781859941.822974,94.56229146,69.04967358,42.46020893
6,1781859941.914729,93.02762675,68.55525770,42.53014258
6,1781859941.962933,91.23282019,68.27507451,39.56371579
6,1781859942.030169,95.18505823,69.86751338,42.46966276
6,1781859942.093468,92.59893956,69.60978595,39.63652743
6,1781859942.156993,95.75729621,70.58582140,43.50623835
6,1781859942.224279,97.19187009,71.63958263,44.52699133
6,1781859942.305720,93.53745960,71.26903400,39.58885135
6,1781859942.373892,96.51945689,71.14951941,44.21138951
6,1781859942.431145,97.43062398,72.27171467,44.12145787
6,1781859942.495370,96.46088244,71.73562415,43.86710130
6,1781859942.558344,95.62807898,71.41565077,42.77640643
6,1781859942.623882,97.33702480,72.50299429,43.29778994
6,1781859942.704128,96.05268573,71.08192477,42.39553634
6,1781859942.768479,93.93737044,68.72733485,42.43863564
6,1781859942.830083,92.24818068,66.97849745,41.20950594
6,1781859942.901221,91.71469601,66.42426498,41.53161190
6,1781859942.958441,88.99450944,64.58573872,39.96989619
6,1781859943.022724,90.54884658,65.77325651,39.34815958
6,1781859943.104412,90.99069209,65.69414809,40.19454309
6,1781859943.162510,90.31729790,65.71401475,39.38857118
6,1781859943.230788,93.59282830,67.89037878,40.78672400
6,1781859943.291828,93.75269921,68.56776466,41.19732114
6,1781859943.361244,93.95573041,69.36712025,42.00386649
6,1781859943.417243,95.74618208,71.55921162,42.67978607
6,1781859943.505095,95.88751395,71.90402679,44.01974598
6,1781859943.570581,94.08214723,71.93754791,45.13767794
6,1781859943.632931,94.31152282,72.77573186,45.77844712
6,1781859943.693426,91.64035987,70.08774627,45.92354288
6,1781859943.757964,89.14055799,68.74057660,45.71656775
6,1781859943.822971,89.51365733,69.03012159,44.34350050
6,1781859943.919613,89.08667370,69.31716124,45.40880385
6,1781859943.967941,87.60684023,68.87676539,45.68435468
6,1781859944.030994,86.71095134,68.25224027,46.34220013
6,1781859944.095554,88.24304598,68.65380164,46.51517419
6,1781859944.157549,86.14363270,67.15841521,44.82374413
6,1781859944.223705,85.79447766,66.87796514,44.17381126
6,1781859944.304096,87.15523104,69.43325495,46.30611228
6,1781859944.368930,88.99497840,70.19551063,46.69292346
6,1781859944.427856,91.66040509,73.01191484,48.66779168
6,1781859944.495300,92.27503975,72.44111155,47.59042153
6,1781859944.557616,93.22699834,73.58336089,48.14739352
6,1781859944.622814,93.78941843,75.12133021,49.55053788
6,1781859944.703266,94.16123618,75.65859065,49.16761291
6,1781859944.768265,95.98853218,75.57212518,49.83265599
6,1781859944.833166,98.47257545,76.87597143,51.20523905
6,1781859944.909361,97.84446798,75.88079195,48.36788205
6,1781859944.957791,97.49334164,74.25538965,46.76947702
6,1781859945.023410,95.98536156,72.22242946,45.49634843
6,1781859945.102525,94.34754386,70.76251462,43.17368421
6,1781859945.163696,91.82422375,68.92170281,42.51875479
6,1781859945.231750,93.63704216,69.64025593,42.59239112
6,1781859945.294095,93.73852011,70.42047916,42.80903786
6,1781859945.357198,89.99023219,70.22207100,38.57910396
6,1781859945.418476,93.62856096,69.64743849,43.58127063
6,1781859945.503077,87.99621547,67.88429852,42.32512641
6,1781859945.569288,85.55787281,64.51504798,40.78539261
6,1781859945.631745,83.26590160,62.98533753,40.03495207
6,1781859945.695551,81.34190575,60.47280572,39.18149250
6,1781859945.757918,79.22012288,58.62173217,36.97037910
6,1781859945.823945,78.11118259,58.30116933,36.41818359
6,1781859945.916309,78.07318145,57.71426717,35.69543048
6,1781859945.964321,77.16503917,57.13533553,36.64756470
6,1781859946.031380,77.51833493,57.74722922,35.74108529
6,1781859946.096156,78.68534872,58.57004831,36.30733862
6,1781859946.157897,77.58647551,57.21793840,36.38084224
6,1781859946.222476,79.09572282,58.96877072,37.25524084
6,1781859946.303454,80.41517600,59.55346495,37.57082003
6,1781859946.368009,81.39837081,59.87312102,37.92688850
6,1781859946.428396,82.91281776,61.06898034,38.85684704
6,1781859946.495858,85.32250639,62.94704130,39.76117479
6,1781859946.563520,86.67635674,64.97798578,41.39692818
6,1781859946.616642,89.56663330,67.48812813,42.58347681
6,1781859946.702692,92.67037563,71.26852002,45.33687852
6,1781859946.761802,90.93791809,70.74541661,45.47099426
6,1781859946.830065,94.00259074,72.62427012,47.20881705
6,1781859946.899855,93.52774084,72.71206222,47.83240680
6,1781859946.959024,94.15065452,73.36535869,47.46977545
6,1781859947.023278,94.50083817,72.91981441,47.14464516
6,1781859947.101274,93.54424675,71.59898065,45.56266382
6,1781859947.166399,92.13366260,70.06322948,46.15747545
6,1781859947.229495,93.30289447,70.16309549,46.96592357
6,1781859947.297498,93.58248183,70.38575149,44.17082658
6,1781859947.357584,93.77219675,70.90801880,46.77202232
6,1781859947.419780,96.02044582,72.76254655,47.42693167
6,1781859947.502709,96.41721722,74.00014619,47.54372507
6,1781859947.566716,96.92484181,75.27248637,48.88230755
6,1781859947.629645,98.44918003,76.74814995,49.05741011
6,1781859947.693250,98.67893042,78.46795972,51.01280680
6,1781859947.758581,98.17815286,79.32971103,51.88501919
6,1781859947.826116,100.53983894,81.53636242,52.66351009
6,1781859947.896306,101.51577094,81.79998241,54.01550532
6,1781859947.966306,100.22076619,80.84019798,51.68165884
6,1781859948.029586,100.72562880,80.54631977,53.50808674
6,1781859948.094615,99.08291479,79.21207014,50.88724694
6,1781859948.155123,98.78199376,78.36631911,50.95963504
6,1781859948.221404,99.44643522,77.68405692,49.97544098
6,1781859948.304043,99.78483901,77.16346072,49.40073103
6,1781859948.368315,96.82553816,73.76656875,47.84068085
6,1781859948.427480,92.77536000,70.43976625,45.86657425
6,1781859948.494921,88.28153931,65.59631886,44.84579525
6,1781859948.558998,80.46274446,59.88141270,41.58586623
6,1781859948.624307,75.82680291,56.43165064,41.20690297
6,1781859948.706013,74.53070612,55.81020806,42.06802654
6,1781859948.766741,74.96278732,58.53586880,44.51165505
6,1781859948.832013,74.54541644,59.48273930,46.24924624
6,1781859948.909285,74.47028193,60.10784854,46.09135597
6,1781859948.957633,72.48199001,56.99825524,44.18573217
6,1781859949.023196,69.37539328,54.17819175,41.59729094
6,1781859949.104404,66.41173190,51.80089804,40.67101660
6,1781859949.166938,61.02745187,49.50597485,36.42147800
6,1781859949.231270,63.01086297,49.06240419,40.62450871
6,1781859949.296650,59.66989376,49.08034330,37.68466082
6,1781859949.358305,58.87987430,48.63963149,37.86797067
6,1781859949.422552,62.02021789,47.94196688,39.58959061
6,1781859949.503800,60.02959374,48.04699010,36.46996395
6,1781859949.566844,64.56493461,48.79549250,40.49297394
6,1781859949.630293,62.42030587,48.90014625,37.89369431
6,1781859949.695615,67.30159266,50.32163356,40.89512783
6,1781859949.759302,68.89340292,51.35728277,41.21511812
6,1781859949.822533,72.42135403,54.14574790,45.00431829
6,1781859949.897534,81.58712291,62.31021534,51.38915118
6,1781859949.966639,91.04130528,70.63344297,57.20245844
6,1781859950.033187,99.22031283,77.07802095,60.33999813
6,1781859950.094208,99.80298867,81.33322309,62.08463279
6,1781859950.158244,98.54780836,83.53917985,65.02336961
6,1781859950.222371,94.45874027,80.76932022,63.96432231
6,1781859950.301798,90.58622018,78.26522976,62.49798472
6,1781859950.367356,87.94117877,76.43192666,60.65849121
6,1781859950.424247,88.07947162,75.72100307,60.56423844
6,1781859950.493522,87.04640228,76.61442357,61.43453696
6,1781859950.560058,86.57941894,75.53756951,60.91584370
6,1781859950.622407,88.68580444,77.42595629,61.77479785
6,1781859950.703572,96.93709573,85.04871736,67.85305861
6,1781859950.766852,99.73717167,86.25458377,67.96047968
6,1781859950.830117,100.23539899,84.96262746,64.83838234
6,1781859950.898166,100.86697797,82.44412312,61.38020346
6,1781859950.958421,105.29970932,83.63226905,61.90556513
6,1781859951.022943,109.86413633,86.14641687,65.50525936
6,1781859951.103913,113.58207999,89.02978136,66.79215309
6,1781859951.168319,115.33334473,89.90403988,68.13812175
6,1781859951.230421,118.25134785,92.46206640,69.45503804
6,1781859951.296655,118.59229306,93.03670891,69.19047851
6,1781859951.358800,119.51295500,94.31200122,70.92510276
6,1781859951.419196,119.85059439,98.17304723,74.24500358
6,1781859951.503718,119.79833374,95.80604865,70.10192719
6,1781859951.566900,118.58978733,96.99531373,73.60422791
6,1781859951.633079,115.79372091,94.26670308,70.84255565
6,1781859951.689902,108.46037092,87.79953634,65.23083001
6,1781859951.754074,103.27680605,83.87426963,61.97300431
6,1781859951.822354,100.81235371,84.26489702,64.18427734
6,1781859951.897375,102.27006398,86.49214929,65.70337432
6,1781859951.968545,103.82447081,88.60196792,67.33114460
6,1781859952.030892,104.63039836,85.63458728,62.33979834
6,1781859952.094075,104.11073923,84.90106795,62.26306058
6,1781859952.158855,102.72423087,83.99327909,61.91567082
6,1781859952.222523,101.60114168,82.86600426,59.38710336
6,1781859952.301429,102.43441322,84.14291401,60.21003123
6,1781859952.368834,100.75776663,83.48543904,60.46155147
6,1781859952.429227,100.15709124,81.54155187,58.58667570
6,1781859952.492547,98.86337620,82.84941949,59.83000332
6,1781859952.552863,97.36805556,80.67500000,58.04936869
6,1781859952.623012,95.34024132,79.64124067,57.50616192
6,1781859952.702929,94.68650459,77.85367732,55.86740793
6,1781859952.770986,94.87826319,78.40173524,57.64415278
6,1781859952.832340,92.06521225,74.20608572,53.33275789
6,1781859952.900287,98.53539613,78.11510384,55.83531921
6,1781859952.958793,108.39819871,87.55342981,65.73014644
6,1781859953.023049,112.40874952,92.33854377,66.79297605
6,1781859953.104261,117.92621278,94.45441050,71.87843947
6,1781859953.165612,115.93468400,96.23975663,71.84326484
6,1781859953.229140,92.53187645,73.36917602,49.29185118
6,1781859953.293151,75.48489753,56.52594476,35.01584593
6,1781859953.367883,73.35132221,59.63117091,39.20424560
6,1781859953.421075,73.80558460,60.80519732,42.11908266
6,1781859953.506482,65.22924088,52.67239291,37.19744172
6,1781859953.568572,62.10950247,50.36011618,38.27357805
6,1781859953.632088,59.95015887,48.53510049,39.95759423
6,1781859953.694733,69.52534105,59.87533264,48.90451990
6,1781859953.758447,71.83209932,64.97859894,51.89575720
6,1781859953.825525,63.81266634,58.43356025,47.96942898
6,1781859953.898340,56.76430997,50.94664403,42.25468972
6,1781859953.968606,57.78759217,51.77481356,43.10803167
6,1781859954.028740,59.65455223,53.07013559,44.46335383
6,1781859954.099694,60.32925573,54.28161854,43.94387437
6,1781859954.157957,60.36203215,55.17261791,43.74595126
6,1781859954.622017,51.54347757,43.75202889,34.65068820
6,1781859954.703235,92.95002371,77.67012802,55.45635372
6,1781859954.767386,103.03345916,79.68506444,50.10741612
6,1781859954.830925,89.52550183,66.84156231,42.09145153
6,1781859954.909528,77.39148566,56.70401997,35.25178621
6,1781859954.956604,64.54634296,46.46465825,29.53918336
6,1781859955.021958,71.79541723,56.73040899,37.32832966
6,1781859955.104258,66.09172883,53.96550048,35.88034576
6,1781859955.169089,62.45669788,54.22047789,34.83464742
6,1781859955.230593,60.55494751,52.81773789,31.80951216
6,1781859955.293867,57.47657315,50.69264117,33.04633939
6,1781859955.358370,55.02281309,50.36781919,34.30048792
6,1781859955.416415,53.80738561,47.69622761,37.08414855
6,1781859955.498775,53.02812794,47.74668716,37.37524781
6,1781859955.562840,51.44061387,49.22962199,40.02990079
6,1781859955.627039,55.05921727,49.16198607,44.15883217
6,1781859955.690296,56.79852591,50.71069831,46.94478844
6,1781859955.752526,59.57617126,52.18909267,47.47110438
6,1781859955.823854,60.36577076,53.47490993,49.91769010
6,1781859955.897233,63.52305584,56.90392697,54.14910246
6,1781859955.968474,69.02223723,61.36593288,57.82637465
6,1781859956.029852,71.16864855,63.04044611,58.29274160
6,1781859956.095412,71.99034683,65.98790040,57.98828570
6,1781859956.160548,76.04640255,68.72165060,56.94657439
6,1781859956.220812,80.98152568,70.42967098,60.95612518
6,1781859956.304509,83.64244961,72.12798070,63.03072140
6,1781859956.368032,86.19470568,73.90521356,65.59758249
6,1781859956.433182,85.28766975,73.63389589,65.39650551
6,1781859956.493208,87.61769959,75.70396084,68.62293440
6,1781859956.554297,89.13857191,76.47333868,68.56472601
6,1781859956.619570,88.75315916,75.68474330,68.94259152
6,1781859956.711856,89.69263007,76.39146734,70.84170999
6,1781859956.761417,91.01828770,77.32356537,72.05026642
6,1781859956.829463,89.73496218,76.56049504,72.28084618
6,1781859956.908759,89.87059284,75.05038819,72.01965121
6,1781859956.957366,90.02199022,73.43630646,68.85651289
6,1781859957.023017,93.63705677,73.57495526,67.44960548
6,1781859957.104407,105.48354089,82.21780688,73.23602974
6,1781859957.166273,112.42719250,89.82085018,79.06886590
6,1781859957.231092,109.51680317,91.14163851,75.93046462
6,1781859957.294779,103.06337136,79.37371830,69.94811150
6,1781859957.360826,91.05535036,68.49061874,62.02214842
6,1781859957.417671,88.03563343,67.62357781,61.79645847
6,1781859957.505257,85.44158312,65.26924603,61.90228100
6,1781859957.566366,84.86294436,65.75785651,63.27639918
6,1781859957.630926,85.03331997,66.56049164,64.12832078
6,1781859957.697179,85.97395149,68.34248999,65.61950386
6,1781859957.758862,87.68695143,69.67155967,66.19197888
6,1781859957.822730,91.07848703,71.75037008,65.38402686
6,1781859957.897304,108.91442028,85.06972914,74.79154303
6,1781859957.969268,100.15042427,79.34323326,73.11980861
6,1781859958.031076,96.48702786,79.58995716,75.61194708
6,1781859958.089508,96.58497366,80.56305427,77.09588606
6,1781859958.156137,92.61025552,77.60623423,74.54378076
6,1781859958.218813,86.41314148,72.35443807,70.61829109
6,1781859958.304755,85.79353772,72.73906091,70.24360231
6,1781859958.374776,90.04800583,76.15996524,70.99210118
6,1781859958.429480,91.56846658,80.57940068,69.27928547
6,1781859958.494963,98.42316556,84.25304353,74.43270579
6,1781859958.558230,95.43131126,84.38850112,73.41211678
6,1781859958.622993,95.87286474,84.90620195,69.48104882
6,1781859958.703857,104.37920675,93.06188310,74.47139766
6,1781859958.767261,108.85819430,96.41335167,80.73457034
6,1781859958.831155,102.50881036,90.83578443,76.28567449
6,1781859958.915350,88.05624034,77.90231553,62.70458900
6,1781859958.959157,76.77670225,61.67581149,48.91328751
6,1781859959.023269,84.22595854,73.02951418,61.69631799
6,1781859959.102709,79.91040206,66.79210118,56.26351963
6,1781859959.167083,79.20572173,66.41486476,56.35933758
6,1781859959.230279,86.35947693,70.14072991,61.65088818
6,1781859959.294431,90.47714282,73.00699438,63.24214699
6,1781859959.358642,100.32254148,80.97288788,67.26464884
6,1781859959.418667,114.16728138,92.05097941,73.90880547
6,1781859959.502421,113.82157160,90.01981813,69.48572349
6,1781859959.567692,105.04866374,81.50709622,62.55878988
6,1781859959.631719,94.30152317,75.55297419,54.41061408
6,1781859959.694966,91.84320968,73.10197302,53.08082341
6,1781859959.759777,90.67585030,72.31298281,58.43883478
6,1781859959.823561,90.67152770,69.90976032,54.88104888
6,1781859959.900015,85.91554938,65.60302758,51.92379865
6,1781859959.962392,79.49350296,61.10467528,48.45422594
6,1781859960.027548,77.83853999,59.61815109,47.37570260
6,1781859960.095405,76.99235778,59.18298022,46.30449456
6,1781859960.157927,78.13909400,60.08709603,47.46401501
6,1781859960.223004,79.73270347,61.32067323,47.93965259
6,1781859960.303849,82.03885858,63.66048683,50.07196380
6,1781859960.373416,84.76105220,66.98885669,53.75709645
6,1781859960.428368,89.34734814,72.55194643,59.10551421
6,1781859960.493895,90.94398500,76.07802425,62.70973997
6,1781859960.553847,89.54411585,77.33435192,64.62581428
6,1781859960.618265,94.07849301,82.22315681,66.85928663
6,1781859960.695832,91.48681202,81.39703327,68.28657499
6,1781859960.761426,86.84766918,78.64489146,73.44515246
6,1781859960.829772,88.02916436,83.77265030,76.81519571
6,1781859960.899967,93.46355509,91.17342818,82.98913275
6,1781859960.960564,97.17976677,96.20916518,87.28551242
6,1781859961.021390,95.99896490,95.08147956,86.56197732
6,1781859961.098068,93.93489141,91.85098640,83.14984447
6,1781859961.162290,92.01553860,88.81924809,84.78588137
6,1781859961.227540,88.65986684,85.12177382,77.74753475
6,1781859961.293300,87.74918984,83.35255044,74.75124325
6,1781859961.359848,86.09902598,80.07380990,75.87723429
6,1781859961.424319,84.76833284,77.29706318,69.35450940
6,1781859961.503847,84.79093397,75.97781308,67.44712466
6,1781859961.564595,84.63178090,74.83954827,70.88221823
6,1781859961.631002,84.19604407,73.00287262,64.65778337
6,1781859961.692427,87.95594813,74.43269124,64.99692322
6,1781859961.755466,92.20047942,76.03568744,65.04033918
6,1781859961.819815,96.72218180,77.52385532,65.11430147
6,1781859961.896356,96.98030368,75.82882699,63.42797623
6,1781859961.961451,100.26189294,77.49827238,62.22841801
6,1781859962.025962,104.61371690,80.47477883,64.93605312
6,1781859962.093285,105.32686101,81.11273120,64.29295912
6,1781859962.158943,109.19449414,84.69528309,68.32069670
6,1781859962.222616,112.25538408,88.10711254,71.69951287
6,1781859962.299210,113.47494891,92.70614193,76.45353285
6,1781859962.363752,118.08099683,94.55600661,82.07717115
6,1781859962.429083,116.94842145,94.07008121,82.46399632
6,1781859962.492818,115.57939938,93.19476662,81.62769972
6,1781859962.556773,114.29265584,92.96063590,82.24593913
6,1781859962.620012,113.73064023,91.97939086,82.32536777
6,1781859962.702644,113.50005046,92.46722192,82.11176460
6,1781859962.765067,113.81532666,92.47573148,82.32402351
6,1781859962.826931,111.81230931,92.88118908,78.66020541
6,1781859962.912577,111.74487021,93.06566959,78.43328592
6,1781859962.956851,112.89242501,93.40233427,79.25574573
6,1781859963.019230,113.40560121,93.92784107,78.54265909
6,1781859963.098707,113.36425065,93.43308961,79.13250446
6,1781859963.161332,113.20832204,94.00461169,79.08831749
6,1781859963.225858,114.10051022,94.47872990,78.81759612
6,1781859963.295272,112.82035237,93.44801962,78.16261976
6,1781859963.359448,113.18183759,94.19103499,78.45213911
6,1781859963.416466,113.22212913,94.00297908,78.30932784
6,1781859963.497755,113.14069803,93.81217609,78.43229148
6,1781859963.561877,113.71749947,93.91787649,79.23809263
6,1781859963.627908,111.93742146,92.97329055,77.38779578
6,1781859963.693050,113.20747137,93.94032301,78.17552680
6,1781859963.759410,113.39331684,93.75759301,78.35878302
6,1781859963.818575,114.14810873,93.86223146,77.78038886
6,1781859963.896646,114.93219415,94.90638526,78.17702004
6,1781859963.963260,114.83775122,95.00338294,77.67574126
6,1781859964.030469,115.30781643,95.09440983,78.61128791
6,1781859964.094452,114.56110329,94.52962286,77.62229616
6,1781859964.155781,112.60461523,92.19623250,76.75757683
6,1781859964.217965,110.91494400,91.04542388,74.69480439
6,1781859964.297128,110.47321586,90.55760701,74.93945995
6,1781859964.360669,109.68037963,89.55388574,73.66314364
6,1781859964.427044,109.98998732,89.11647562,73.66857924
6,1781859964.492498,107.74395713,86.96249690,70.32708622
6,1781859964.559570,107.02548372,86.43941538,71.26246855
6,1781859964.624517,106.83689713,86.38364854,71.16963942
6,1781859964.699171,107.05903738,86.27965983,70.27096464
6,1781859964.764008,106.29799247,85.91500205,70.26825273
6,1781859964.829690,107.90491561,87.71068995,72.45441679
6,1781859964.902915,109.23100455,88.88912329,72.58635198
6,1781859964.955861,108.86601953,88.89078543,72.98067103
6,1781859965.021635,110.56312173,90.38872008,74.52092228
6,1781859965.101361,110.65138439,90.59825372,73.92674591
6,1781859965.170560,110.08640376,89.22957798,72.39347141
6,1781859965.226453,109.32116703,88.15925200,72.23255932
6,1781859965.293185,114.73524970,93.91311632,76.23421636
6,1781859965.360178,116.90768749,96.72261954,76.24564772
6,1781859965.416535,113.47554355,91.14104112,75.43575987
6,1781859965.497743,102.89727201,83.04385731,67.95031346
6,1781859965.561891,87.39558783,71.98523444,60.16277623
6,1781859965.626723,89.72618325,73.39652940,60.44521350
6,1781859965.692541,89.87329338,77.46532100,64.42746497
6,1781859965.759593,103.71197943,89.28612688,78.08886916
6,1781859965.821209,105.41435645,92.90674638,80.47964643
6,1781859965.897464,108.95037283,101.02836839,82.64939907
6,1781859965.961168,120.93308526,112.54196243,89.65117037
6,1781859966.027664,120.75317539,116.01556178,92.43849042
6,1781859966.094213,120.40698166,114.25390531,89.82895509
6,1781859966.157938,120.11633087,114.25481321,91.12033908
6,1781859966.224364,119.59076356,111.17429722,93.35495760
6,1781859966.302281,117.98619804,112.20767801,90.16749452
6,1781859966.362706,115.74521229,107.82866519,90.36041103
6,1781859966.425812,99.25386925,92.12214253,77.00884056
6,1781859966.493995,85.09298504,80.47751540,67.30502442
6,1781859966.560717,75.90055779,72.04692368,60.68638577
6,1781859966.620328,68.24474577,64.48596205,56.50291805
6,1781859966.706410,78.27567342,72.93983153,60.65887264
6,1781859967.225981,125.16810368,116.53534716,99.11637902
6,1781859967.292348,127.68103325,118.29278290,98.75989046
6,1781859967.359726,125.25008413,115.57674649,94.59760760
6,1781859967.416286,123.81344588,113.15355679,91.45547215
6,1781859967.498004,120.97978089,113.71054826,86.89656259
6,1781859967.564476,120.61365024,113.42183822,85.77472326
6,1781859967.627329,118.41957336,111.20254807,84.28930205
6,1781859967.693508,117.79737383,110.73130594,83.25846028
6,1781859967.756997,118.86502933,112.21218227,83.54592213
6,1781859967.821485,117.27263210,110.30260080,82.23857834
6,1781859967.896949,117.25794148,109.85989050,81.72693653
6,1781859967.963448,115.99470892,108.58672817,79.57014001
6,1781859968.028474,113.58272441,106.72575103,78.67475834
6,1781859968.091897,113.74131360,106.28461703,77.72624429
6,1781859968.153328,113.68505173,106.21158208,77.68680088
6,1781859968.225720,112.14762201,104.96735234,77.03013398
6,1781859968.305033,112.36691576,105.12095617,77.09335444
6,1781859968.370690,113.23240431,105.48432439,77.28703439
6,1781859968.469056,111.82496314,103.47871050,80.23103887
6,1781859968.509115,111.44602155,103.77594611,80.89565608
6,1781859968.570845,111.69912568,103.51295287,79.92551647
6,1781859968.632921,109.81892410,101.98568838,75.23565090
6,1781859968.703093,110.26918761,102.85909734,75.86690588
6,1781859968.765024,110.54694496,102.96492669,74.94473292
6,1781859968.845548,110.44918465,102.51052354,75.03723695
6,1781859968.935165,111.04025256,103.01256829,75.55805750
6,1781859968.990614,112.82726086,104.78195318,77.30414090
6,1781859969.031855,111.90302691,103.93435166,77.07554860
6,1781859969.090525,112.56643346,104.64081334,77.71551969
6,1781859969.188931,112.90273599,105.33406088,78.12542006
6,1781859969.250294,111.34091552,103.22321613,76.21613201
6,1781859969.314369,112.49937587,104.46457111,77.10993981
6,1781859969.376041,113.78617704,105.72079152,78.44182193
6,1781859969.474057,112.97791547,105.15396728,78.10418262
6,1781859969.523341,114.84808593,107.26077900,80.02325186
6,1781859969.566531,116.71382493,108.98053317,81.58150862
6,1781859969.649600,114.93549658,107.44599004,80.37088194
6,1781859969.699825,114.79383360,107.09955115,79.72498224
6,1781859969.765326,114.69111891,106.54711911,78.70160647
6,1781859969.828433,112.47982057,104.40585358,76.91902308
6,1781859969.913220,112.32664578,104.40651349,77.13287363
6,1781859969.973598,114.02047710,105.65114852,78.65754049
6,1781859970.035775,114.78080120,106.47973192,79.05296824
6,1781859970.095793,116.48177048,108.58326779,79.76217265
6,1781859970.157494,118.81495713,110.31271490,79.87944553
6,1781859970.218885,116.71507961,108.86216361,80.74435441
6,1781859970.294587,110.36450555,103.92533924,78.57930673
6,1781859970.371172,104.87495227,99.85734623,76.88289691
6,1781859970.464086,101.09912632,96.55279686,74.84971581
6,1781859970.523568,104.55104270,99.62592432,75.95771810
6,1781859970.583706,113.22151036,107.24406329,79.31015195
6,1781859970.645249,118.00629114,111.06410737,80.94551707
6,1781859970.708827,123.12150945,112.54795968,86.91131590
6,1781859970.776126,120.00111960,109.39355980,84.09506167
6,1781859970.841481,100.69102972,94.08540542,70.89019455
6,1781859971.908812,106.17450851,95.80629680,76.34589294
6,1781859971.984044,94.24325763,85.63064083,72.39922679
6,1781859972.033504,87.41985752,80.71447083,70.50244441
6,1781859972.110083,87.90718181,81.42572579,71.30451718
6,1781859972.167782,88.87787109,81.71381181,74.56987625
6,1781859972.227517,89.23228919,81.16310647,72.94732893
6,1781859972.297137,90.80288161,83.91588461,70.63532517
6,1781859972.388514,95.23177765,87.16233900,73.35005094
6,1781859972.487209,103.48665864,94.27525605,80.00777444
6,1781859972.542490,106.71619492,97.75987698,83.42999246
6,1781859972.569491,107.68616401,98.92661007,86.83734449
6,1781859972.634867,105.72066083,98.25536080,87.21983131
6,1781859972.702682,100.90534361,93.67266733,84.31369084
6,1781859972.784140,106.46019096,97.73105832,87.51155520
6,1781859972.849861,108.93399371,99.97240660,88.19946547
6,1781859972.928976,109.61342709,100.82762116,88.88883549
6,1781859973.003480,113.27267044,102.90377459,91.08670491
6,1781859973.051234,122.44520125,108.14714146,93.28350188
6,1781859973.098252,130.83330170,116.00453762,98.79737293
6,1781859973.179681,133.23452648,120.25848620,103.76418726
6,1781859973.250845,133.38499496,121.97900052,106.31072704
6,1781859973.305581,133.05980890,119.34317605,102.06257244
6,1781859973.371829,122.83518878,107.51013708,89.89768693
6,1781859973.453283,117.49623999,102.45247323,87.43856301
6,1781859973.506124,122.76655002,108.81627302,95.83513147
6,1781859973.585581,132.66673699,119.20694439,104.79460995
6,1781859973.647428,141.85803143,128.65444551,111.07488565
6,1781859973.709373,150.99794260,139.26631143,120.09056637
6,1781859973.767423,155.85029028,146.36506892,126.48813245
6,1781859973.837130,154.50310109,144.10956990,123.89201200
6,1781859973.918664,140.07391145,126.70329245,104.98039877
6,1781859973.976680,133.42938292,122.24095553,101.11316264
6,1781859974.049336,128.59343739,117.78516572,97.40725759
6,1781859974.107275,123.67290345,112.49435764,93.43890109
6,1781859974.176151,123.96619416,113.01029589,94.24314050
6,1781859974.243981,125.45962480,115.96406308,94.93364338
6,1781859974.297125,101.04900195,95.54048798,82.98655018
6,1781859974.375401,84.72752311,81.93971994,73.35524707
6,1781859974.477258,101.01878886,96.41972197,84.46290447
6,1781859974.497324,119.99372169,108.35330176,93.23223536
6,1781859974.560482,125.02152212,112.75132974,96.31709213
6,1781859974.633582,118.78944298,106.79283159,90.86707662
6,1781859974.711778,113.28520873,104.81955807,84.47116099
6,1781859974.777255,117.18597379,108.48547180,81.76889136
6,1781859974.841397,107.55208953,99.61703319,80.81510161
6,1781859974.934878,104.47411565,97.11167526,79.15547643
6,1781859974.987712,106.57564585,99.09412975,80.52261150
6,1781859975.032352,107.86789475,100.54307939,81.47548654
6,1781859975.109229,98.05635068,92.44978355,76.33450956
6,1781859975.186132,87.74237468,85.09192557,69.46025658
6,1781859975.245497,85.82619457,83.61025501,70.08901561
6,1781859975.306640,87.87318721,83.37437107,73.55489404
6,1781859975.361731,88.56668456,84.03679785,73.16235122
6,1781859975.453282,94.89730241,89.18651635,75.43611406
6,1781859975.499585,107.43468756,100.00377470,82.64095302
6,1781859975.580557,117.25297950,109.03219245,88.45798995
6,1781859975.633742,116.51548379,108.61557934,88.08875381
6,1781859975.703108,106.21546180,99.93495352,83.03926549
6,1781859975.757926,96.88525712,92.07144232,78.87865186
6,1781859975.822788,96.59572284,92.04776056,78.58851911
6,1781859975.928477,98.92762954,93.68090143,79.57501168
6,1781859975.976198,108.02668668,101.49996321,84.25234041
6,1781859976.034515,122.87061785,114.85886406,90.96761897
6,1781859976.096769,126.06277034,117.33459912,90.74462946
6,1781859976.157821,121.44076185,112.15501666,85.74588766
6,1781859976.241070,111.17842814,102.09149503,76.99326763
6,1781859976.302921,101.84462890,93.66716072,70.03187351
6,1781859976.378742,101.06341050,93.54733293,69.56968176
6,1781859976.466882,101.53919272,93.39744299,69.87201176
6,1781859976.513830,102.71021133,94.35900115,71.16617684
6,1781859976.564308,107.59916384,98.62578491,73.79704543
6,1781859976.636968,109.77319840,100.95639939,75.95841447
6,1781859976.702615,112.42455714,103.62187058,78.72091043
6,1781859976.783371,115.87244336,107.93285040,82.74622889
6,1781859976.848494,114.63233010,107.75767215,85.13383702
6,1781859976.942569,111.41990398,106.34704201,86.37604328
6,1781859976.979861,111.07393431,106.25603161,86.41096675
6,1781859977.041418,113.20391297,107.23668253,86.09119789
6,1781859977.096286,114.70782323,107.31767573,83.37851583
6,1781859977.172523,115.52288127,107.97513336,82.25270797
6,1781859977.234632,113.10610628,105.21124331,79.38274388
6,1781859977.296154,109.54314212,102.08429501,75.99879528
6,1781859977.358966,106.61800461,99.20619626,74.49591755
6,1781859977.452719,100.38153415,93.41663487,71.92550916
6,1781859977.516294,90.19046170,83.35814432,65.84822442
6,1781859977.580249,85.66101915,82.44391417,60.76961462
6,1781859977.633983,93.47550593,84.02079899,59.49948846
6,1781859977.698100,87.75455696,76.37723811,57.11721515
6,1781859977.761125,77.53720951,64.64895749,45.30264186
6,1781859977.837696,65.63362916,57.65395139,37.18091258
6,1781859977.931470,82.81523327,70.29953808,47.04761984
6,1781859977.982309,77.17308136,66.92995374,45.73330640
6,1781859978.036299,71.25809652,60.22448642,43.48028256
6,1781859978.095661,73.27589574,65.27424739,48.49877315
6,1781859978.159507,84.37924040,74.79076690,53.62770094
6,1781859978.236263,90.27004776,81.50114101,56.74062724
6,1781859978.296100,101.40523863,88.25148852,62.03390245
6,1781859978.373663,108.30618414,96.99101739,69.16594048
6,1781859978.463574,105.84496222,96.78466443,68.76255292
6,1781859978.529688,107.74418597,98.32567529,75.39079506
6,1781859978.575611,108.72718896,97.94505941,75.43783495
6,1781859978.634768,105.86196911,92.41608560,69.47129529
6,1781859978.694104,101.66832662,90.98859157,65.55103439
6,1781859978.772170,105.53503928,92.35337113,67.10639713
6,1781859978.832927,110.38885738,97.11409438,70.71840729
6,1781859978.928647,115.46683858,103.75456599,76.91024208
6,1781859978.974089,110.42580751,103.19492451,71.53542348
6,1781859979.041700,105.79904294,98.10551824,66.66813556
6,1781859979.101540,110.14036539,97.47903802,71.14236344
6,1781859979.179332,100.55019048,90.03049981,60.43231609
6,1781859979.234989,99.92510580,86.33994123,61.47577936
6,1781859979.303438,101.24371469,87.42180593,62.37371655
6,1781859979.366747,103.15703559,89.76140594,65.76934694
6,1781859979.438344,106.67196475,95.42008808,71.08830688
6,1781859979.501968,102.52359149,96.80966658,70.80468733
6,1781859979.581222,98.95041548,91.82912480,67.17372452
6,1781859979.645379,96.10280220,87.19504934,61.45518475
6,1781859979.700227,88.33922772,79.26349463,58.25902039
6,1781859979.766020,90.71369330,80.47008467,59.63339325
6,1781859979.831555,89.53836485,79.92301635,59.17615693
6,1781859979.915996,88.74513039,79.18380914,55.59207812
6,1781859979.979622,86.47316243,76.82150537,52.60935136
6,1781859980.041566,84.76334882,76.53820968,52.78593691
6,1781859980.102886,71.32455833,66.58980984,52.22445592
6,1781859980.164058,63.93094896,60.84161839,50.13016896
6,1781859980.225528,63.74082251,61.30617551,50.39984620
6,1781859980.304455,68.22138169,62.98350920,54.27063643
6,1781859980.388265,75.45876922,67.09615645,55.81190347
6,1781859980.476354,73.30611988,66.58533647,51.77026803
6,1781859980.505807,71.44583039,66.60193898,53.35269047
6,1781859980.561948,73.03072982,69.62921136,56.82243464
6,1781859980.623656,70.91473865,68.39836637,56.11073786
6,1781859980.707088,69.40683597,67.49624111,57.72246304
6,1781859980.783933,71.24932313,70.24513602,60.93611918
6,1781859980.835417,74.40810411,71.08613539,66.54647373
6,1781859980.948398,71.11013482,69.84992095,63.12391421
6,1781859980.990242,72.09990310,71.04551964,64.07518042
6,1781859981.069033,73.48647940,71.48323630,64.42012063
6,1781859981.131060,75.92130244,72.92651921,64.94526254
6,1781859981.191892,78.48994862,75.66182433,66.31929040
6,1781859981.259802,80.35978906,77.49962945,67.23773427
6,1781859981.304038,82.03629410,78.48454930,68.07466980
6,1781859981.374877,85.31003441,80.68552868,69.23526490
6,1781859981.459565,88.95324801,82.76916137,69.69639354
6,1781859981.507159,87.02628812,79.92993431,69.16925555
6,1781859981.569296,87.94649379,80.14754388,69.00194618
6,1781859981.646891,89.53567657,81.44060904,69.59994932
6,1781859981.706069,91.18928995,83.44577160,71.91776953
6,1781859981.764679,93.85741188,86.21656124,74.12351365
6,1781859981.831474,95.79757989,87.55620041,74.59186649
6,1781859981.923004,95.26682010,86.18592383,74.36289270
6,1781859981.968390,95.14979699,85.50910382,72.85175602
6,1781859982.031775,96.37469076,84.02239116,71.48559781
6,1781859982.110453,98.00371827,84.21987390,70.76938536
6,1781859982.166015,105.13631432,88.26045898,72.84740893
6,1781859982.230306,112.74775567,95.46840079,78.75649362
6,1781859982.297793,114.26535899,97.66761325,82.02806438
6,1781859982.379522,112.19933595,95.98368529,79.37209340
6,1781859982.466235,112.69092595,96.25524126,79.51204889
6,1781859982.513618,111.63023546,98.68219175,79.57180497
6,1781859982.575358,121.88141714,106.54933152,92.83139575
6,1781859982.636213,127.22647794,111.84933438,98.11450141
6,1781859982.700883,124.83934668,112.41356586,94.43817307
6,1781859982.773134,124.35597983,112.38215884,94.34857175
6,1781859982.839676,126.88010875,114.92292824,96.43047577
6,1781859982.914253,128.04972654,116.03014463,97.06450218
6,1781859982.964349,128.15658868,115.78143632,97.93448552
6,1781859983.028070,131.92845010,119.63805590,99.76597007
6,1781859983.105591,135.59317372,120.42555833,103.44820505
6,1781859983.179448,127.26130213,112.39423176,96.52901956
6,1781859983.243332,116.54585697,104.91097319,84.66994036
6,1781859983.309319,114.61712187,99.47973305,84.33255783
6,1781859983.377748,104.17127164,89.78526183,76.75107248
6,1781859983.452461,95.58862253,82.53360764,71.01083485
6,1781859983.513605,93.57025587,81.06000584,71.73875348
6,1781859983.573230,89.37399764,80.01697154,67.76866316
6,1781859983.640027,87.41089881,78.45736251,67.01939135
6,1781859983.705893,86.71509640,77.04487025,66.02834624
6,1781859983.767825,86.91769677,76.76046485,64.33379585
6,1781859983.827467,87.53400511,77.16008107,62.56540006
6,1781859983.919948,88.06206080,77.56271483,62.92368321
6,1781859983.981200,86.47786115,75.97714280,66.79907120
6,1781859984.044374,83.91340446,74.08950977,66.78354452
6,1781859984.103042,81.99684555,70.96044830,64.62825440
6,1781859984.163870,76.47396023,65.43771947,59.02395148
6,1781859984.227637,68.62169983,58.19656110,52.24245406
6,1781859984.290480,63.27448014,53.29438200,48.17665216
6,1781859984.380075,60.64280251,51.32721175,45.54032755
6,1781859984.474883,60.16997634,50.66571513,43.51450791
6,1781859984.519579,58.45005651,49.29243844,42.27959115
6,1781859984.566665,57.74871682,48.61987917,41.65955894
6,1781859984.632653,57.78109450,48.70987346,41.06337771
6,1781859984.694859,54.04406199,47.12791675,37.82351599
6,1781859984.784654,55.34896337,46.39061286,40.13633289
6,1781859984.846107,54.31433689,45.75158264,39.16328860
6,1781859984.930027,53.53574304,45.15639314,38.05778350
6,1781859984.992100,53.14144096,44.68171419,37.05901375
6,1781859985.050287,52.80053297,44.34784347,36.76017701
6,1781859985.111730,50.35856426,43.28575104,35.56631514
6,1781859985.176013,53.60447013,44.66704156,37.48830365
6,1781859985.236828,65.08143662,53.65763027,43.63833516
6,1781859985.296751,76.39124148,66.92659216,53.83468819
6,1781859985.367870,87.61305570,75.59957224,56.59903563
6,1781859985.450842,80.72175073,66.61595146,48.64792765
6,1781859985.510319,67.65359855,55.08108686,42.52903520
6,1781859985.572526,58.48553437,47.35225183,38.75168729
6,1781859985.633333,51.85937396,42.22682760,35.86355178
6,1781859985.696369,50.64337786,41.66691348,35.51340570
6,1781859985.757843,52.38803760,44.20256966,34.63612614
6,1781859985.833185,60.03656976,50.06300993,36.79081908
6,1781859985.926149,64.47121799,53.11683458,39.21866570
6,1781859985.988746,67.06959691,52.78939709,41.06926098
6,1781859986.048558,65.49580957,51.98205616,40.22311866
6,1781859986.111432,61.06244869,48.77184658,39.54772591
6,1781859986.176764,55.49217895,45.56607959,38.13373105
6,1781859986.235557,54.66564013,45.40137278,39.17803880
6,1781859986.296620,54.82595016,45.78627078,38.86751559
6,1781859986.387411,56.41384735,47.23166452,36.54498315
6,1781859986.452400,60.54224299,49.46082701,37.50536389
6,1781859986.519005,63.13166599,50.87697580,41.35161706
6,1781859986.569354,64.44562808,51.61793403,40.87205246
6,1781859986.630428,68.60880416,54.41471511,42.90420226
6,1781859986.690005,73.97285623,57.69222309,44.83118947
6,1781859986.778848,79.08014047,61.50633301,47.78499737
6,1781859986.841838,84.14339562,66.21687573,50.20209023
6,1781859986.935050,90.06687474,70.42952883,53.55754886
6,1781859986.985633,93.31726532,73.21820573,55.80245162
6,1781859987.030441,90.54305221,72.25007982,56.36987720
6,1781859987.085872,89.49161925,68.92204686,53.88702404
6,1781859987.172992,93.94551027,72.82444833,57.02518177
6,1781859987.226847,101.97268921,82.35098502,63.10321631
6,1781859987.309800,105.38619277,86.59477684,66.43205656
6,1781859987.376508,96.77323639,80.51824501,60.98099129
6,1781859987.466068,92.45913089,74.88528126,57.23725264
6,1781859987.515828,90.85818268,71.62749697,55.25958150
6,1781859987.573660,85.28683820,66.24295642,51.04866719
6,1781859987.636667,81.28703916,62.71795401,48.83041619
6,1781859987.714039,82.80792061,62.37550171,48.45568777
6,1781859987.770188,84.75711590,64.08308455,49.65403663
6,1781859987.835312,84.50467795,63.96994575,49.26419674
6,1781859987.928205,87.87060932,67.07086354,51.87000460
6,1781859987.977578,90.65897035,69.24725201,53.62690117
6,1781859988.036532,92.46526657,70.54082251,54.17770401
6,1781859988.104447,94.97021964,73.25131583,56.45279833
6,1781859988.159723,100.09311864,79.78135010,62.00562495
6,1781859988.236512,107.80236325,87.83216586,70.06039154
6,1781859988.306816,107.13395479,88.21382144,70.26689752
6,1781859988.375065,106.87665861,88.95066564,71.29573978
6,1781859988.478693,106.32096534,88.33903259,71.55426017
6,1781859988.521105,102.21520034,83.66181942,67.97788820
6,1781859988.568616,97.95114419,78.85245929,64.28588845
6,1781859988.632720,94.42513197,74.89669981,59.72041256
6,1781859988.690733,88.44253013,69.62090069,55.31904179
6,1781859988.785264,86.28236945,67.86184069,53.63443028
6,1781859988.849318,86.10937582,68.44624941,53.41016707
6,1781859988.939798,87.61180047,69.25212194,54.00459644
6,1781859988.995487,87.15915498,69.94497629,54.08098743
6,1781859989.035154,88.37827568,70.50710792,55.93169324
6,1781859989.090504,88.98251705,72.24664271,57.28941292
6,1781859989.169803,90.65004479,74.88244344,60.10740243
6,1781859989.246228,93.60188816,79.64362119,66.03647953
6,1781859989.310673,90.57379945,76.76968404,63.33703195
6,1781859989.379483,88.55983627,73.80391612,59.54476624
6,1781859989.475926,91.36629164,76.36047033,60.47658664
6,1781859989.542839,93.61567937,78.26882875,62.56913394
6,1781859989.589398,89.72683082,77.58111415,62.69226246
6,1781859989.659493,89.96435185,78.15307439,64.47377746
6,1781859989.699524,89.40391545,77.25669810,63.16408184
6,1781859989.777333,88.79477095,76.79049249,62.20127032
6,1781859989.837354,85.16683659,72.24364691,56.79131980
6,1781859989.927056,82.67301564,68.77504526,53.77801172
6,1781859989.980546,82.64802008,67.86163646,52.42679806
6,1781859990.041343,84.76581517,69.92195377,54.57692697
6,1781859990.102856,87.54003305,72.56640333,57.22022847
6,1781859990.163925,89.84705296,74.85595890,59.70625077
6,1781859990.247997,89.51837420,74.43538828,57.98024834
6,1781859990.310745,85.85737720,70.89956631,54.56220319
6,1781859990.397605,82.75459571,67.67259594,51.48415100
6,1781859990.472836,80.96529478,66.11280074,48.68512132
6,1781859990.518303,82.01061391,67.92036133,50.70683921
6,1781859990.563382,84.70408010,71.14057806,55.29671509
6,1781859990.628407,85.57225605,71.74827542,54.95102568
6,1781859990.705520,88.06077596,74.33346774,57.75766185
6,1781859990.783389,92.55108475,78.53591502,60.97040585
6,1781859990.845842,92.15384151,78.47270853,60.88153676
6,1781859990.932707,89.50762519,75.82187469,58.58624890
6,1781859990.982174,85.17567098,71.86910727,55.16519077
6,1781859991.026267,83.21856858,69.40955033,52.83927387
6,1781859991.103882,82.91975586,68.25954455,50.88523512
6,1781859991.183781,85.41617652,70.41937899,52.98314678
6,1781859991.237862,88.29814552,73.10443946,54.74161680
6,1781859991.301620,89.78545620,74.76117691,56.79913889
6,1781859991.413284,88.39815219,73.86882644,55.79859374
6,1781859991.483056,82.78834475,68.72891217,51.71582999
6,1781859991.555633,80.74003183,67.29504263,50.24847728
6,1781859991.596760,81.73909828,68.78543659,52.15078489
6,1781859991.644598,89.07692658,75.70160146,58.31409991
6,1781859991.703921,96.29843994,83.26622950,64.28513220
6,1781859991.766977,97.47362828,82.95655547,64.00704801
6,1781859991.835597,97.64167587,82.61265971,63.91378890
6,1781859991.920632,97.46118120,82.07765528,63.23232371
6,1781859991.979426,97.42495611,82.35414373,63.14128143
6,1781859992.043241,98.68816095,84.28629446,64.95973928
6,1781859992.106436,99.59488537,85.47587337,66.43411910
6,1781859992.164455,100.40640255,86.12779008,67.50548892
6,1781859992.233061,101.66989538,87.18770130,68.40555335
6,1781859992.286979,100.57283590,86.09677853,66.70918710
6,1781859992.366099,99.93960674,85.87933523,67.46118327
6,1781859992.463118,98.48958664,84.33888547,65.88997674
6,1781859992.534844,97.58080577,83.38046051,65.27700421
6,1781859992.577945,98.24968758,84.37926018,65.64872579
6,1781859992.641885,98.77086102,84.07858068,64.97986293
6,1781859992.700680,98.84062042,83.63593831,65.08947686
6,1781859992.771542,97.73768711,83.24387997,65.27343139
6,1781859992.835376,97.12476554,82.46779250,64.52104471
6,1781859992.926865,93.43885689,79.25169554,61.29815710
6,1781859992.959480,90.82162594,77.97595319,60.28217359
6,1781859993.041355,90.65482885,77.39394560,60.38868330
6,1781859993.096302,93.21369854,80.11477323,61.68526760
6,1781859993.174692,93.89645722,80.71358622,62.49255019
6,1781859993.236860,96.53529335,82.57617159,64.76905980
6,1781859993.304079,95.60956049,81.34323282,64.22010250
6,1781859993.368465,93.51905609,79.65919770,63.12778591
6,1781859993.463626,94.32039367,81.15554086,63.65887172
6,1781859993.503214,93.46594984,80.49756675,62.01253177
6,1781859993.582078,95.83639347,82.28800860,63.54512108
6,1781859993.645617,98.12161570,84.84314684,66.01364983
6,1781859993.702050,98.73121156,85.38901242,66.21507596
6,1781859993.765828,97.00329101,83.45849015,64.54762483
6,1781859993.834552,97.11038867,83.38410648,65.02572583
6,1781859993.927152,97.02790550,84.01760083,64.41413981
6,1781859993.977249,94.16961122,80.93444704,61.66364390
6,1781859994.035408,95.71837120,82.30961327,63.15746125
6,1781859994.109012,97.82412592,84.16001342,64.80181471
6,1781859994.179452,96.74076514,84.02377596,65.24371509
6,1781859994.239402,97.63830558,84.34529522,65.68655162
6,1781859994.299092,97.39511528,84.50532280,65.53230260
6,1781859994.374538,96.71945563,84.02650173,65.84452840
6,1781859994.454248,95.53760648,82.97886178,64.49480693
6,1781859994.509723,96.14639104,83.34657388,65.27626258
6,1781859994.577815,92.93573358,80.73272038,62.57698987
6,1781859994.632030,92.68485599,79.76077354,62.36769195
6,1781859994.699387,83.52947981,70.62434134,54.04917023
6,1781859994.776351,75.04063702,62.46128207,46.27669492
6,1781859994.831570,77.02159383,66.53026160,50.05670549
6,1781859994.924635,76.98475797,67.50975540,51.93540992
6,1781859994.994731,79.55361231,69.06207511,51.91072973
6,1781859995.038007,82.48676346,70.21167963,50.38529298
6,1781859995.098836,80.18738222,67.55178106,46.90617965
6,1781859995.170659,74.32275503,64.18017387,46.30937995
6,1781859995.240843,68.60855279,61.64637091,46.37630099
6,1781859995.315215,64.30673426,58.63800370,46.01827515
6,1781859995.387993,61.17086430,57.26545643,46.30746970
6,1781859995.467326,60.98132988,57.56600670,46.80510281
6,1781859995.510129,61.00217732,58.25403830,47.72536298
6,1781859995.569732,65.95088799,62.38541147,49.97206857
6,1781859995.633651,74.13295405,68.63290478,52.49759835
6,1781859995.710543,76.52326204,69.66922439,53.66799235
6,1781859995.768775,76.92437376,70.04205284,53.72797517
6,1781859995.833289,75.67805102,69.38180787,52.61270389
6,1781859995.926459,72.19147305,66.65571540,51.29226037
6,1781859995.973964,66.51101359,63.62800500,46.46726652
6,1781859996.033570,61.85174650,58.72233498,44.27105732
6,1781859996.101129,68.75354172,61.51646359,48.86197685
6,1781859996.178051,75.18705425,66.50372665,52.29062842
6,1781859996.238595,86.84993106,75.58834939,58.83657939
6,1781859996.296570,98.69597150,85.15436319,65.83455484
6,1781859996.380902,106.78184534,92.36664677,72.65232323
6,1781859996.468826,109.22759226,97.21873389,73.56178579
6,1781859996.530881,115.62679672,103.61257408,79.71609910
6,1781859996.577134,123.27930641,108.68494531,87.42331003
6,1781859996.639901,134.17931925,119.22082454,94.96910835
6,1781859996.701176,129.58498302,118.30556860,93.47049082
6,1781859996.782937,125.01253725,112.05080172,89.77130612
6,1781859996.839377,126.70955740,113.15648759,89.42541982
6,1781859996.930717,130.55381144,117.24473365,91.24353828
6,1781859996.994473,133.24548853,118.84882174,91.49348364
6,1781859997.044134,133.07423925,119.13396988,91.94937510
6,1781859997.084499,133.73172817,119.79154614,92.03456714
6,1781859997.165351,135.62674097,120.75302796,91.94659302
6,1781859997.251734,135.55925406,121.12639067,92.29075529
6,1781859997.306394,126.25845734,115.35055578,84.48851010
6,1781859997.365309,122.10463457,110.85139542,82.12493643
6,1781859997.457866,125.00825837,113.76382888,88.17200367
6,1781859997.506658,130.43828792,119.05522826,92.23863349
6,1781859997.586901,133.78577429,122.65367341,95.37234600
6,1781859997.626464,139.41821979,124.91753092,100.40958489
6,1781859997.710293,138.62410183,124.23557258,99.73121315
6,1781859997.766736,133.04036286,119.10687400,95.65580818
6,1781859997.834428,131.99991892,118.00671801,94.97758755
6,1781859997.921131,130.70123203,116.96776921,95.15204089
6,1781859997.988913,131.82440647,118.00864902,95.56996201
6,1781859998.045961,135.24362578,121.26153906,97.45177959
6,1781859998.112522,135.48892800,121.21675280,97.06678502
6,1781859998.159714,132.59474000,117.59432199,93.25153908
6,1781859998.239323,128.52468691,113.35382166,88.84826845
6,1781859998.297156,124.14853809,108.55275751,84.25705972
6,1781859998.380038,117.42437656,104.37730054,77.53552400
6,1781859998.477449,120.45138514,107.10500918,78.89711880
6,1781859998.522362,122.86101210,109.90480047,82.32727375
6,1781859998.573021,124.59273194,108.77095432,81.86045231
6,1781859998.629850,120.84675839,102.13003255,75.48892298
6,1781859998.690396,109.62476673,94.36922835,65.72918494
6,1781859998.769219,97.95214623,85.26921791,63.16387141
6,1781859998.842848,101.49705073,85.45608414,63.22156192
6,1781859998.933038,101.65570947,85.94727785,64.47707077
6,1781859998.993770,101.27649810,86.47565920,65.86590361
6,1781859999.041707,104.05196003,89.65039565,63.57184053
6,1781859999.087851,102.82960548,91.01288689,64.38142847
6,1781859999.171962,102.16179216,90.22552218,63.89414472
6,1781859999.235280,103.26326118,90.96213864,64.79854361
6,1781859999.292566,105.68342369,93.05330816,66.78458289
6,1781859999.380566,107.32893815,94.54806504,68.25777038
6,1781859999.486462,110.47213199,97.57745995,69.69907419
6,1781859999.520752,112.13441909,99.36235973,70.86700400
6,1781859999.581599,114.04027399,101.47132354,73.53439514
6,1781859999.642467,120.14989289,104.84637246,80.71791298
6,1781859999.705183,119.29395620,104.33032265,81.12782363
6,1781859999.769819,117.91932721,103.30101889,81.23412670
6,1781859999.833962,119.18029913,105.06289509,82.50373224
6,1781859999.928358,119.21375612,104.77787754,82.41591512
6,1781859999.984151,118.24211135,103.73451984,81.64864798
6,1781860000.033110,119.26014507,104.66526805,81.74823787
6,1781860000.093739,118.02179524,103.36907247,80.65572121
6,1781860000.157570,116.53312456,101.94551444,79.87695602
6,1781860000.230711,118.37645376,103.43158454,80.32896559
6,1781860000.292687,118.90836488,103.32579554,80.07101913
6,1781860000.374035,118.67335693,103.24545935,80.41243071
6,1781860000.465288,121.06161258,105.71698987,81.73093195
6,1781860000.530424,120.52087684,105.21898742,81.77828010
6,1781860000.558021,119.64098007,104.54783945,81.90482915
6,1781860000.619330,121.94945528,107.05323798,83.88411332
6,1781860000.696027,121.31442229,106.91698262,84.22616453
6,1781860000.775981,121.05519986,106.28330698,84.25176563
6,1781860000.837013,123.23167111,108.85151970,85.51249473
6,1781860000.930450,122.89960402,108.42359838,85.63565123
6,1781860000.995241,121.98411467,107.50478277,85.47957801
6,1781860001.040534,122.32778910,107.40544378,85.21554286
6,1781860001.099838,122.56876148,107.89772128,85.39581606
6,1781860001.176596,123.66685293,109.68738972,87.30514447
6,1781860001.239019,122.14001188,107.01063348,83.50172507
6,1781860001.302783,107.94120179,92.47284350,66.58517926
6,1781860001.366258,95.84892514,84.32052213,66.67128239
6,1781860001.466188,111.03520441,95.10155605,77.66213564
6,1781860001.965595,92.47292521,88.19498412,71.05366624
6,1781860002.042141,89.55374556,85.19654911,69.28073922
6,1781860002.102262,86.28719513,81.82774240,66.72365043
6,1781860002.183330,85.31319926,81.12365578,61.70652081
6,1781860002.245558,88.09980664,87.00083024,65.95331344
6,1781860002.306054,94.77099369,92.99447632,69.96170426
6,1781860002.370341,95.56660368,94.09027828,71.03697569
6,1781860002.458686,94.60251938,92.54195490,74.55060243
6,1781860002.522864,93.90693980,90.18665416,72.78078102
6,1781860002.583997,97.04301957,93.37657698,76.63915993
6,1781860002.624309,99.14024969,96.04400696,78.95417686
6,1781860002.690166,95.32980556,94.17140676,78.13091547
6,1781860002.766639,92.75802244,90.82954053,74.63549658
6,1781860002.845049,93.77485110,90.56777055,71.07338848
6,1781860002.937833,94.84797705,90.81833570,69.52343630
6,1781860003.005348,94.64515215,90.31347934,66.30775193
6,1781860003.042212,96.13845339,91.55470862,65.64775556
6,1781860003.110371,99.50460528,94.14548442,64.96226983
6,1781860003.171016,104.27451261,98.07186762,66.70326764
6,1781860003.232592,103.83188047,97.48557739,64.63846325
6,1781860003.295919,98.73428523,92.44895861,59.90068667
6,1781860003.376982,94.41942975,88.08469908,56.69524624
6,1781860003.466165,89.24282395,84.30976120,55.14935996
6,1781860003.523874,83.63553658,80.03599246,53.74962757
6,1781860003.593994,82.07729385,79.18421922,55.26209294
6,1781860003.633009,80.63207924,78.10812937,55.34464498
6,1781860003.697328,79.94188491,76.91802876,54.99589785
6,1781860003.759332,80.02026977,77.95351355,55.81161006
6,1781860003.837330,80.63988353,78.54015383,55.53081524
6,1781860003.911450,80.22414523,77.66953249,54.31321042
6,1781860003.976412,81.62297801,78.44268602,55.22551806
6,1781860004.031529,83.60624346,80.15014185,56.32486096
6,1781860004.094478,84.59288393,81.46527969,56.37207015
6,1781860004.169697,86.53585614,83.07666491,57.97576775
6,1781860004.230764,88.32221143,84.27602123,58.07388376
6,1781860004.297686,87.07264711,83.47416900,57.51420952
6,1781860004.378096,87.19624774,83.53251793,57.83150746
6,1781860004.468551,87.24100861,83.76720797,57.18491753
6,1781860004.528450,85.78868159,82.52096241,56.71825684
6,1781860004.581234,87.06262321,83.56577270,57.99085549
6,1781860004.624026,88.99242496,85.24695324,58.77131279
6,1781860004.702476,86.95598937,83.44508070,57.98060388
6,1781860004.782679,85.16080295,82.07664056,56.70694981
6,1781860004.841548,85.17089079,81.80999077,56.95266571
6,1781860004.928949,83.53834237,80.14636056,55.42559390
6,1781860004.996448,84.80064515,81.20180166,56.49526160
6,1781860005.039773,85.82197841,82.09365672,56.62447880
6,1781860005.105904,84.03800517,80.71992765,55.55400575
6,1781860005.182761,83.98932623,80.29144758,55.56329481
6,1781860005.243976,84.17171710,80.71684672,55.12376494
6,1781860005.303099,82.65236915,78.90367790,53.90943871
6,1781860005.373393,83.54530273,79.40934783,54.37203662
6,1781860005.464367,84.95790640,81.05600684,55.08385958
6,1781860005.503705,83.86472239,79.98398245,53.90664057
6,1781860005.582691,84.58491461,80.53943721,54.39083397
6,1781860005.635671,86.12065212,82.48766039,55.60590188
6,1781860005.697657,85.58592918,81.89239458,55.62071750
6,1781860005.761455,85.70227132,82.15812428,56.38770185
6,1781860005.854395,86.40087595,82.45485908,55.22527763
6,1781860005.932047,84.19322939,80.72880631,54.34654875
6,1781860005.995394,84.12501304,80.08074106,54.27539763
6,1781860006.044129,84.39194055,80.72001646,54.33978012
6,1781860006.109557,83.40976377,79.48742169,54.15049346
6,1781860006.165599,82.62193466,78.54191973,54.11335959
6,1781860006.246687,84.09646517,80.00200233,55.00208777
6,1781860006.290792,82.23611046,78.30253819,54.21713417
6,1781860006.384579,80.68474371,79.26909361,55.06649910
6,1781860006.481095,81.40849737,80.27484782,56.39078431
6,1781860006.535466,81.12844927,79.86006806,56.30278913
6,1781860006.598505,82.28622135,81.00132364,56.82776881
6,1781860006.660239,82.84528131,81.54196789,57.62742797
6,1781860006.721318,83.58177353,82.30774445,58.93068249
6,1781860006.779995,83.93700841,82.18637002,58.24105386
6,1781860006.846505,85.47157991,83.30041836,58.13865824
6,1781860006.932140,83.65047508,81.81698864,57.56147914
6,1781860006.996348,84.39386960,82.36036065,57.95074224
6,1781860007.065873,85.48128218,83.34031982,58.86117151
6,1781860007.109247,85.01423092,83.07454449,58.40757729
6,1781860007.178891,85.69142178,83.64386064,58.39447886
6,1781860007.247575,87.28088904,84.82103636,59.75915905
6,1781860007.308784,86.93442658,84.51377637,59.67199976
6,1781860007.380716,87.98304974,85.38604999,59.95234583
6,1781860007.463463,89.25140619,86.74946191,60.84152256
6,1781860007.517889,87.88779677,85.84852339,60.19323599
6,1781860007.580163,88.10432379,85.89660177,60.77514741
6,1781860007.646595,89.14704948,86.60978436,60.59385431
6,1781860007.714356,87.85244358,85.40216441,60.12800764
6,1781860007.769479,87.70542188,85.21472787,60.78474406
6,1781860007.862521,88.83155024,86.29545144,61.03593388
6,1781860007.940355,87.90020277,85.26854528,60.91131154
6,1781860007.997953,87.47039445,85.09983501,61.26172071
6,1781860008.045573,89.68635211,86.88195923,62.16272531
6,1781860008.107583,88.96509294,86.31618077,61.51232274
6,1781860008.172301,89.23834964,86.41145429,62.65430692
6,1781860008.261462,90.56669098,87.90854386,62.57437927
6,1781860008.330433,88.88978350,86.50451892,61.57498192
6,1781860008.390524,89.32254588,86.84700833,62.35754954
6,1781860008.495461,91.69689234,88.75715164,63.44682237
6,1781860008.531703,90.51154869,87.47037367,62.51623731
6,1781860008.613754,90.58580301,87.57234779,63.22551257
6,1781860008.659983,91.94899974,88.72843659,63.84935120
6,1781860008.727585,91.93210633,89.07416871,63.93724268
6,1781860008.774812,91.50571384,88.79763098,63.37486655
6,1781860008.849391,92.93714018,90.16625097,64.34801129
6,1781860008.938856,91.86297059,89.00752478,63.45890572
6,1781860009.000849,91.29168365,88.49932476,63.74917400
6,1781860009.051866,93.45466686,90.72253353,65.33496331
6,1781860009.098152,92.49661063,89.70983788,64.51800652
6,1781860009.170584,95.38810454,89.48362518,64.43553289
6,1781860009.240627,93.84333910,91.05981033,65.43811216
6,1781860009.309069,93.23785809,90.35860554,64.98849193
6,1781860009.392091,92.85329103,89.70170387,65.08937108
6,1781860009.466743,94.75219297,91.76865839,66.38753812
6,1781860009.510609,93.83311437,91.05638597,65.93669007
6,1781860009.572948,96.02579279,90.20825745,64.76027106
6,1781860009.630196,94.88904762,91.72199903,66.01493029
6,1781860009.695796,97.39954625,91.15506361,66.04993595
6,1781860009.778255,95.72218216,90.16380015,65.59227538
6,1781860009.867799,97.23220424,91.13159541,66.29069507
6,1781860009.946570,95.99851769,90.09903765,65.65271353
6,1781860009.975443,95.10666962,89.34639569,64.92560974
6,1781860010.040302,94.90398860,89.51912330,64.45044111
6,1781860010.097557,94.17191762,88.25128522,63.45735319
6,1781860010.162481,92.75997591,86.70186899,61.98600387
6,1781860010.265609,94.18578549,87.82133229,62.25799806
6,1781860010.311867,92.65868494,86.66478233,61.75406981
6,1781860010.377550,91.60798640,85.62301616,61.21658569
6,1781860010.472148,93.27423075,86.85220830,62.03677420
6,1781860010.532658,92.13353123,85.74126389,60.42866662
6,1781860010.579120,91.58812040,85.41595186,60.50689302
6,1781860010.660431,93.14700858,86.84147347,60.71002844
6,1781860010.720293,92.71289238,85.93006789,61.02231313
6,1781860010.776565,91.24321587,84.96636443,60.44209394
6,1781860010.847448,92.67433949,86.33559363,60.76805794
6,1781860010.934715,92.32801163,85.89461167,60.43386533
6,1781860010.982677,92.66885464,86.00469467,60.75602172
6,1781860011.054652,93.07869867,86.69871237,61.03848013
6,1781860011.111706,92.44179200,86.22539452,60.78697356
6,1781860011.176901,92.06581000,85.89803823,60.51071442
6,1781860011.238489,93.00250540,87.11047174,61.12586494
6,1781860011.300096,91.22057124,85.40783185,59.72038239
6,1781860011.370684,91.15469209,84.90584157,59.68899333
6,1781860011.455674,92.85979791,86.47782578,64.95374847
6,1781860011.517127,91.86028824,85.75478014,63.90461154
6,1781860011.577843,94.32796210,85.45070280,64.24173092
6,1781860011.655250,95.42795686,86.33531656,64.83789219
6,1781860011.709023,94.22776116,85.42552486,63.74585878
6,1781860011.777116,94.13080264,85.46234497,64.39958081
6,1781860011.846290,96.38051530,87.26461573,65.46367748
6,1781860011.938544,96.33863201,87.64549352,66.21395333
6,1781860011.988394,95.66594553,86.73845857,65.43223893
6,1781860012.039423,95.92847205,86.37737855,64.37437838
6,1781860012.114697,93.57542888,83.31793953,62.33185739
6,1781860012.172059,87.97783655,80.93020260,57.24749394
6,1781860012.253311,91.40710846,80.54763281,60.16036636
6,1781860012.292959,87.08469081,79.28751098,55.32243778
6,1781860012.371532,89.31819332,78.32590442,58.29611737
6,1781860012.460779,87.27405335,79.10160801,54.58231158
6,1781860012.523781,89.64494065,78.44103546,57.50262540
6,1781860012.585653,86.10706817,77.72352237,53.86353687
6,1781860012.675072,90.62641044,78.46272421,57.20538355
6,1781860012.720695,86.80349917,78.14956420,53.74397501
6,1781860012.771237,86.76840965,77.91080635,53.83987392
6,1781860012.837791,88.94435363,79.82422225,54.88390922
6,1781860012.928802,89.34153847,79.31054835,55.14510569
6,1781860012.974326,87.03520520,76.86528149,54.09888719
6,1781860013.074960,87.04234095,77.03269234,54.42330294
6,1781860013.115879,85.58785744,75.99258746,53.59264479
6,1781860013.185473,83.39198317,75.00331753,54.00238054
6,1781860013.242490,82.88241983,74.99194856,54.33736003
6,1781860013.297563,80.73952381,72.62508571,52.53582473
6,1781860013.377283,77.74416990,69.87410426,51.17426639
6,1781860013.457720,77.60947805,69.46740204,50.43874478
6,1781860013.501845,76.92944711,69.42071291,50.50572342
6,1781860013.568327,77.97590170,71.63497183,51.77137528
6,1781860013.647722,84.52843676,79.00515338,56.97902154
6,1781860013.706186,90.05807272,85.05294246,60.79705547
6,1781860013.764807,90.19967977,85.74422821,62.57365740
6,1781860013.873059,89.57176266,85.43036192,62.23708795
6,1781860013.937730,87.30016077,83.19650467,60.89507036
6,1781860014.005831,85.70916789,81.92135226,59.83814083
6,1781860014.046583,86.32984347,82.45851976,59.51579399
6,1781860014.109393,85.16830528,81.18583025,58.87637881
6,1781860014.170130,84.86636267,81.02478470,58.99191131
6,1781860014.245714,85.59230296,82.03502837,58.88592814
6,1781860014.305820,84.18220737,80.67628734,57.77318736
6,1781860014.360512,82.78084882,78.97417209,56.19162775
6,1781860014.445776,82.17292990,78.31219973,55.30402417
6,1781860014.506751,82.15902829,77.84996938,55.21495987
6,1781860014.567331,83.71305265,79.83651674,56.37300694
6,1781860014.651066,82.02662786,78.30056561,56.19738129
6,1781860015.307837,86.55592748,84.60971678,67.78645211
6,1781860015.367368,77.46857192,85.37258253,74.11748300
6,1781860015.445096,77.34711365,84.00293286,68.69850809
6,1781860015.495979,76.45610997,80.27529191,65.59175411
6,1781860015.551700,80.93349290,78.80448440,65.35253514
6,1781860015.631637,88.35425696,82.29379297,66.51896116
6,1781860015.710260,99.24739004,88.81302344,69.92284577
6,1781860015.774316,104.43204260,91.95688552,72.53375377
6,1781860015.860364,102.01482014,90.16914511,72.16538305
6,1781860015.953431,92.08168984,81.37264945,65.72320822
6,1781860016.018631,83.77586867,73.45810565,59.67715352
6,1781860016.068217,85.22516869,75.11088507,59.81055430
6,1781860016.129466,93.56034510,82.33268925,63.83645476
6,1781860016.174981,97.12046051,85.12239751,64.80064017
6,1781860016.261138,97.58900129,85.49140058,63.57873208
6,1781860016.322309,94.59589652,82.74912880,61.81791013
6,1781860016.385753,85.99778581,75.59485720,61.08958026
6,1781860016.487094,81.75277765,76.54949800,64.86919610
6,1781860016.539300,89.19065954,86.10831135,74.35706197
6,1781860016.590778,91.16350884,95.16099312,81.78111563
6,1781860016.643173,94.73538514,100.10080005,86.42070850
6,1781860016.692232,96.76660614,102.80707521,89.36503254
6,1781860016.756376,95.96866903,102.38400357,90.61102272
6,1781860016.834624,99.10858556,108.43562792,89.64478986
6,1781860016.953552,100.87571732,110.66485260,93.79602716
6,1781860016.995940,106.63523296,114.73031744,104.25860708
6,1781860017.058898,113.95119487,121.71116068,110.88983082
6,1781860017.126184,125.20003962,128.93380732,110.76300334
6,1781860017.168188,127.48422966,129.69706837,110.75288226
6,1781860017.234910,126.06526825,127.11930996,110.94551578
6,1781860017.309694,125.50321936,126.11262689,110.50876140
6,1781860017.372319,124.51077893,123.86234120,109.93100774
6,1781860017.475425,124.79577048,122.83706800,108.89574801
6,1781860017.519984,125.93647629,123.88659304,109.58394704
6,1781860017.563207,127.09305252,124.62155302,109.64216726
6,1781860017.640351,128.08932377,124.58781347,110.80592269
6,1781860017.696091,128.04151362,124.21715842,110.04545344
6,1781860017.759321,127.59361219,123.21708209,109.44918660
6,1781860017.842383,125.59168659,120.26767178,106.98369075
6,1781860017.920301,122.46472798,116.35974653,104.27747210
6,1781860017.982270,121.56494547,114.50143944,103.57826956
6,1781860018.043539,118.95155573,110.48398902,100.63492192
6,1781860018.109003,118.01972173,108.96158989,98.71321355
6,1781860018.161998,118.41519722,108.28028961,98.67356130
6,1781860018.249934,119.19764048,106.01776865,95.35561065
6,1781860018.286395,119.02647729,102.10424286,91.78436392
6,1781860018.365915,119.23578791,99.37196129,87.38567139
6,1781860018.444272,119.11538803,98.00166304,84.69566279
6,1781860018.503096,121.53534011,99.19730954,84.42618226
6,1781860018.569636,125.10619356,101.97336538,86.13529693
6,1781860018.666674,131.34914779,103.92233922,92.08610898
6,1781860018.708187,134.02733462,106.23045575,92.35695966
6,1781860018.755873,136.57953612,108.33567182,93.76455117
6,1781860018.838714,139.80944211,111.04368945,95.31347256
6,1781860018.927366,142.67190003,113.18466531,96.34995821
6,1781860018.991884,142.18954963,112.96345919,96.22120038
6,1781860019.070004,142.25040336,113.06405759,95.85292865
6,1781860019.116905,140.79446140,112.33766487,95.25389870
6,1781860019.163506,141.39399840,112.37303549,95.64918550
6,1781860019.237678,137.65839336,112.07885612,91.22549710
6,1781860019.301822,136.94854543,111.57629754,90.61908259
6,1781860019.360355,136.59726695,111.05022855,90.55898095
6,1781860019.440761,136.98190031,111.76808467,90.39835287
6,1781860019.496649,136.25457792,111.52594725,90.46517775
6,1781860019.560739,135.58426574,110.76554014,90.53228970
6,1781860019.636734,135.79675907,110.71212586,90.64291952
6,1781860019.706072,134.84141493,109.52979181,89.56725129
6,1781860019.784560,134.49001451,109.39668081,89.59658771
6,1781860019.868441,136.20755956,111.27400386,90.86341378
6,1781860019.941570,136.90635134,111.76636740,90.81948763
6,1781860020.004063,137.55848863,112.20825168,90.97051540
6,1781860020.051633,138.25264949,113.04808423,91.81952390
6,1781860020.098938,139.44793735,113.83647927,92.50188805
6,1781860020.173374,140.73977165,115.24001741,93.62988275
6,1781860020.266178,140.23760363,114.94487184,93.77651513
6,1781860020.291413,138.62556939,113.61193893,93.11377472
6,1781860020.367986,138.66174200,113.72653611,93.66095967
6,1781860020.452446,142.15032843,113.90562706,97.86044502
6,1781860020.500870,138.79716261,113.41019513,92.24455996
6,1781860020.560736,138.96021958,113.29296103,92.08591437
6,1781860020.669794,136.23757151,110.63835884,90.25444107
6,1781860020.716120,132.91765305,107.81802909,88.07939559
6,1781860020.768116,131.13020998,106.65451138,88.01245120
6,1781860020.839867,130.27873490,106.65966456,88.11645847
6,1781860020.924732,130.41842795,107.45149789,90.29429475
6,1781860020.987473,129.65763831,106.42833159,90.34808283
6,1781860021.049124,127.81019919,104.60669674,88.42056585
6,1781860021.118759,128.54974202,103.62646033,85.70748537
6,1781860021.168516,128.66496942,104.11716654,86.17326082
6,1781860021.242579,130.63730758,105.71264863,87.14743895
6,1781860021.301999,132.90305933,107.93457483,88.34832276
6,1781860021.370556,132.52246628,107.15568326,88.35709222
6,1781860021.460376,132.74041868,107.37747307,88.40223408
6,1781860021.512651,131.89408174,106.71145447,87.46550721
6,1781860021.556860,132.62897010,107.70333477,89.47496106
6,1781860021.645772,132.46357032,107.43599505,88.43242558
6,1781860021.716289,134.13411966,108.92038742,89.12246422
6,1781860021.773410,135.41734961,109.72612351,90.85205013
6,1781860021.860920,132.95778774,107.91832119,89.13129252
6,1781860021.939694,121.07760709,98.80381677,85.45746134
6,1781860021.991460,116.24666136,95.54131299,85.71942862
6,1781860022.028746,112.93734357,92.65276677,85.78534746
6,1781860022.109634,113.40460888,92.86772614,85.73270942
6,1781860022.170983,128.06452592,104.60128396,90.95792334
6,1781860022.266498,119.06821603,95.59448685,89.31594957
6,1781860022.306489,132.25639363,106.77187117,92.58981980
6,1781860022.370618,126.84650037,103.64966258,90.64946165
6,1781860022.450538,136.57845304,111.10528186,99.29969222
6,1781860022.513906,141.12178132,117.41414130,103.50995718
6,1781860022.751952,156.42815688,127.77418907,104.21114986
6,1781860022.840095,149.51878321,121.75904016,100.51759004
6,1781860022.930110,150.02830790,122.98071305,101.63854574
6,1781860022.981347,149.22694448,122.51925637,101.59109446
6,1781860023.048896,149.93071009,122.62498260,101.11370321
6,1781860023.103276,149.82131054,122.44626445,100.81412025
6,1781860023.166414,149.71068998,122.56916214,101.26726370
6,1781860023.238019,151.91959172,124.50523312,102.50688150
6,1781860023.295514,155.01817325,126.91230274,104.08335095
6,1781860023.374909,157.35815724,129.75674784,106.59393196
6,1781860023.469954,155.36139814,127.72304468,105.00978245
6,1781860023.514484,153.65028526,125.80776939,103.40785074
6,1781860023.566533,151.72496086,123.59128682,101.44926396
6,1781860023.650618,150.33321297,123.08714238,101.00301183
6,1781860023.718455,150.99548878,123.05293352,101.41087696
6,1781860023.767164,151.73444321,123.66815061,101.74307116
6,1781860023.852456,152.52844150,124.67483858,102.66414410
6,1781860023.948565,154.70569543,127.16574100,104.84855814
6,1781860024.006660,155.65369701,128.07078349,105.38038775
6,1781860024.044222,156.28099919,128.65862207,105.84638109
6,1781860024.104060,155.97593827,128.80159698,106.41749608
6,1781860024.168006,154.71508146,127.41806764,105.82919390
6,1781860024.245769,155.67535320,128.86550466,107.24564482
6,1781860024.303297,158.13399385,132.75477196,111.43670850
6,1781860024.370526,151.30242768,125.87106926,108.46509552
6,1781860024.445731,135.48115313,115.91091503,107.66810021
6,1781860024.503158,129.30493321,109.96296206,103.26081093
6,1781860024.567897,130.42324099,107.85952823,96.04655031
6,1781860024.667530,131.48596054,108.70768814,95.24757585
6,1781860024.711403,134.09405721,111.18707105,96.23863717
6,1781860024.753865,136.87477775,113.29863646,97.22972210
6,1781860024.844077,139.47803725,115.19476047,98.11445576
6,1781860024.937918,139.95928798,115.68692337,97.70616099
6,1781860024.995278,140.93405197,116.04580912,97.02848303
6,1781860025.060593,141.57930896,116.58164213,97.37132188
6,1781860025.107855,141.76078589,116.79427751,97.82904900
6,1781860025.151054,141.31653755,116.46869075,97.65604088
6,1781860025.245075,140.93993157,116.80210695,97.63634911
6,1781860025.302996,140.19063862,116.21831732,97.77400358
6,1781860025.384246,138.87882722,115.03233586,97.45015004
6,1781860025.459970,135.59543582,112.72130895,96.78141643
6,1781860025.511036,137.28542628,111.09783267,100.49068875
6,1781860025.552405,135.65631330,109.79927140,99.75321930
6,1781860025.635727,135.23762233,109.21899189,99.57710755
6,1781860025.709814,131.47120686,109.12813454,96.06826155
6,1781860025.769125,130.36165555,108.95705366,95.23843468
6,1781860025.849556,131.93699885,109.47525024,95.36843130
6,1781860025.928058,132.40274727,110.03689195,93.39553721
6,1781860025.971889,133.54308432,111.05630307,93.87320765
6,1781860026.033416,136.79629049,113.71470025,95.18078376
6,1781860026.095075,139.80968728,116.52201926,96.15743234
6,1781860026.162469,143.56944855,119.09429348,97.61156281
6,1781860026.250688,145.67052899,120.59783323,97.77565553
6,1781860026.314555,146.33483004,121.30893603,97.48752051
6,1781860026.378711,146.64678702,121.81640121,97.63516485
6,1781860026.448933,147.24431618,122.28893894,98.55345907
6,1781860026.510023,146.49129960,121.42946156,98.02472045
6,1781860026.571457,144.88638131,119.92224087,96.73786342
6,1781860026.653635,142.39004382,117.23636182,93.98963799
6,1781860026.720401,139.67221191,114.40044701,92.29108340
6,1781860026.764809,138.08992389,113.07908643,90.96008821
6,1781860026.838652,137.04331789,111.98750241,89.97069344
6,1781860026.932717,135.33738705,110.47449425,89.09475188
6,1781860026.973929,134.40318773,110.26491112,89.68511061
6,1781860027.052314,133.49927842,110.99296639,92.33327579
6,1781860027.116050,136.07830545,110.49858630,95.79090097
6,1781860027.167400,131.90126298,110.59632862,91.54010724
6,1781860027.248986,132.02253322,111.09613185,92.14212038
6,1781860027.307324,130.58921270,109.42781238,90.87342673
6,1781860027.368784,128.32326085,107.17667629,90.29727838
6,1781860027.460442,126.27651658,105.23569412,88.44214466
6,1781860027.511617,128.63148913,106.06082151,88.85165073
6,1781860027.568889,130.15122637,106.86683472,88.99631714
6,1781860027.647441,134.39571933,109.49239817,89.62419489
6,1781860027.702571,136.79767264,111.60856735,90.24525034
6,1781860027.763914,138.78573598,113.28507630,90.75238268
6,1781860027.856422,140.64312605,114.82061836,92.68557087
6,1781860027.954054,145.06125487,115.58712232,97.31257936
6,1781860028.018875,143.19854137,117.07108905,93.36878417
6,1781860028.067614,147.56847292,117.56853819,99.22701085
6,1781860028.119781,147.41557049,117.74175324,98.95036233
6,1781860028.188108,147.39544409,117.97613316,98.91859955
6,1781860028.269209,147.38610002,119.15652019,100.98653413
6,1781860028.326189,146.39819109,117.76978407,100.56452598
6,1781860028.402838,136.36862570,108.03241256,93.55078531
6,1781860028.484743,127.50804079,101.58042064,91.16033775
6,1781860028.530378,122.98904884,98.41746696,89.52645452
6,1781860028.579904,119.95502206,98.26070563,86.62221582
6,1781860028.668542,124.54784355,101.49187404,87.90817129
6,1781860028.714386,131.21216049,103.88869617,93.53785757
6,1781860028.758701,138.92639004,109.74294728,95.16255228
6,1781860028.835419,148.26873550,117.13991974,100.34783575
6,1781860028.926954,154.99455783,127.73546464,103.48234363
6,1781860029.001460,160.74988561,134.02911537,110.40548030
6,1781860029.076458,159.40633366,133.37373118,111.71587612
6,1781860029.114867,157.20971434,131.02817433,114.20855113
6,1781860029.180335,145.72165520,120.16928808,102.09641853
6,1781860029.240392,132.76242445,111.75104551,96.67228474
6,1781860029.302058,134.83605874,113.78252048,97.81490074
6,1781860029.374337,137.13454924,115.97251423,98.24176206
6,1781860029.460305,146.22205360,120.11178970,99.29228454
6,1781860029.502092,148.63614377,122.84074961,101.06574758
6,1781860029.573127,149.89093657,123.40456359,100.63821169
6,1781860029.644775,145.41586564,117.70212364,99.52767632
6,1781860029.704430,141.63341848,111.53579551,95.09874345
6,1781860029.761524,137.85093306,108.74389436,93.73900631
6,1781860029.856750,134.24015050,108.41404558,95.54732915
6,1781860029.948442,134.97344446,109.18907199,95.92271456
6,1781860030.010325,130.75345037,109.59604932,93.14931179
6,1781860030.073163,130.67332550,110.46912159,94.06636871
6,1781860030.139015,130.33022459,110.84256855,95.23691331
6,1781860030.202694,130.77715113,111.17302907,95.71804868
6,1781860030.262271,134.40465011,111.49842181,100.40826642
6,1781860030.312004,134.37102869,110.78358549,98.20940089
6,1781860030.379340,135.35474642,110.61110275,98.83242983
6,1781860030.460418,131.76010075,110.14447924,92.85687874
6,1781860030.522384,136.74072950,110.91926612,97.10914096
6,1781860030.583079,137.28464752,111.35780463,97.57866157
6,1781860030.666188,137.54007330,112.36239440,98.85785615
6,1781860030.732332,138.18721067,112.63868714,99.24661546
6,1781860030.781520,137.32533151,111.95967231,98.97098803
6,1781860030.840314,135.24117938,109.55685868,97.15365680
6,1781860030.932102,133.95904160,107.03466988,94.20658467
6,1781860030.980577,134.02674791,106.75834590,93.71528756
6,1781860031.078213,137.06779692,108.64174606,94.39166694
6,1781860031.125010,134.31367366,109.22149584,90.12287526
6,1781860031.170446,139.84948456,111.48892320,95.79479027
6,1781860031.237426,142.26967178,112.68282890,96.42591119
6,1781860031.296380,142.03683167,112.94691825,96.52587344
6,1781860031.361343,140.41877279,112.30858353,95.82069415
6,1781860031.456458,139.73303192,111.43265642,95.43485914
6,1781860031.519798,136.26368720,111.11301911,90.92036556
6,1781860031.581614,135.76384999,111.11406646,91.41650659
6,1781860031.641948,134.57589316,109.95240464,90.47322617
6,1781860031.708807,134.76836601,110.21099495,90.89727852
6,1781860031.770926,134.98969346,110.22725048,90.25376571
6,1781860031.861651,134.58873889,110.10999767,90.31667168
6,1781860031.940202,135.17387464,110.29767753,90.14439690
6,1781860031.985566,132.37089512,108.08308122,87.75323759
6,1781860032.043491,130.48987522,106.16013361,86.83810521
6,1781860032.108489,126.91034939,103.16869079,84.86697237
6,1781860032.168543,123.94942027,100.68059947,82.76795703
6,1781860032.262742,117.62446721,94.89265299,79.22122149
6,1781860032.307494,115.37352878,95.71651210,84.97593467
6,1781860032.356649,115.42683681,95.36286922,85.67355959
6,1781860032.449487,114.04632162,94.80038896,85.07522195
6,1781860032.519835,112.95880270,93.65363117,83.50879765
6,1781860032.574688,113.30519092,94.10443243,82.84913649
6,1781860032.663671,112.47825875,93.03023807,79.49324097
6,1781860032.717178,113.91598689,94.17253539,78.96708256
6,1781860032.780896,115.28413989,95.04324890,77.04136770
6,1781860032.836703,110.81325375,90.48138750,70.75297421
6,1781860032.921491,115.16430841,90.80528486,70.84958813
6,1781860032.986198,111.09818382,87.24064380,66.78160053
6,1781860033.065751,105.03244746,77.88002622,53.50628623
6,1781860033.131521,106.68408449,79.83279216,52.69457738
6,1781860033.176604,108.69020332,81.85028455,54.57655786
6,1781860033.236595,110.23420085,85.04967269,58.39863808
6,1781860033.295045,112.17039143,87.57988976,61.63582632
6,1781860033.375325,111.17691395,86.27821466,58.26003858
6,1781860033.464220,121.48056623,93.43566768,62.65657091
6,1781860033.512843,127.23990071,98.40837193,67.54099552
6,1781860033.562899,132.60924513,105.60789353,70.25054550
6,1781860033.636091,137.31139633,108.84840732,72.29232290
6,1781860033.698227,140.00146449,109.82852351,76.13909038
6,1781860033.778252,142.57227759,109.88207480,73.57844731
6,1781860033.866233,159.89091909,125.49382001,95.31419236
6,1781860033.939199,160.37184495,125.17849508,94.58871197
6,1781860034.005067,158.84661367,125.16437255,101.09052410
6,1781860034.048105,165.18261305,130.71206811,108.65461315
6,1781860034.114783,169.54666668,136.54526168,113.88268357
6,1781860034.175067,167.38343091,136.29446800,112.85815764
6,1781860034.269172,161.03957356,133.07097210,117.57580231
6,1781860034.311764,153.01390536,124.93522936,114.31206794
6,1781860034.360357,151.01719762,120.32998657,105.02240514
6,1781860034.437038,144.16719237,113.77761809,102.27115999
6,1781860034.494106,135.41802589,110.11403684,95.80008959
6,1781860034.576074,144.26431944,117.65320230,102.36873530
6,1781860034.669753,135.97775085,109.08831881,96.30224351
6,1781860034.716110,134.76951867,104.81559893,96.22985831
6,1781860034.757914,129.95591544,100.46014897,91.90789931
6,1781860034.841233,122.75696574,93.86539682,83.43221683
6,1781860034.932391,122.31096405,96.49418533,80.04616432
6,1781860034.985652,124.27896722,99.22041219,81.96225342
6,1781860035.057408,124.73819630,99.40337658,82.53560748
6,1781860035.106951,124.61676305,99.64871538,82.77329067
6,1781860035.169315,124.70950770,100.08569870,83.83519437
6,1781860035.249766,128.92195993,101.22815760,86.01336940
6,1781860035.307109,127.67936066,100.09189438,85.69070302
6,1781860035.374478,129.14375422,102.45030009,87.40649213
6,1781860035.465788,133.45586775,106.27748164,91.40942964
6,1781860035.491933,134.28166753,106.85792786,92.39438962
6,1781860035.557877,130.48546155,106.42922562,88.10449828
6,1781860035.640700,135.03029891,107.95382250,93.30249753
6,1781860035.709464,136.17104982,108.73627175,94.46919119
6,1781860035.774615,136.68081096,109.24330107,94.92839034
6,1781860035.867970,139.75122614,112.63596896,93.77468935
6,1781860035.944655,138.45290930,114.78256716,96.14951620
6,1781860036.002620,141.78914887,118.55428218,100.17485768
6,1781860036.050846,144.84755641,121.79910462,103.64856133
6,1781860036.111222,142.37841906,120.48059418,101.57761234
6,1781860036.174571,142.91752076,121.17024728,102.96871127
6,1781860036.270377,144.30414867,120.60555341,106.76691512
6,1781860036.312862,139.94886065,116.61909492,103.29679208
6,1781860036.362038,130.54144362,110.60078179,93.84228586
6,1781860036.447089,127.43119616,110.34182726,98.94574588
6,1781860036.514783,125.11876773,108.28324723,96.94264028
6,1781860036.579352,123.63007483,104.02811061,88.86679666
6,1781860036.665609,117.82117123,98.08101853,82.60933723
6,1781860036.713261,116.34075183,96.55362669,82.35977514
6,1781860036.757607,118.96046950,99.01226372,83.64037552
6,1781860036.846328,120.67468645,101.14849282,85.57900700
6,1781860036.933797,123.06706639,102.47666823,84.97243315
6,1781860036.972048,123.69115923,102.39360414,85.08290066
6,1781860037.070183,127.39335251,105.11854793,86.42034809
6,1781860037.116472,129.54333653,106.64678208,87.58498540
6,1781860037.161104,130.75630879,106.93575359,86.38567456
6,1781860037.240586,128.98673506,104.82561624,83.94996483
6,1781860037.300689,126.49871180,101.40356869,80.58933128
6,1781860037.360794,127.09910952,101.96582935,81.14599947
6,1781860037.469382,125.43279060,100.21730160,80.02859335
6,1781860037.514683,123.99202585,99.37811049,78.21673954
6,1781860037.565125,124.76068765,100.02004337,79.13688430
6,1781860037.636325,125.27912459,100.00048864,79.71116681
6,1781860037.705063,125.13095534,99.97847683,79.35874895
6,1781860037.764095,124.04880847,99.89632034,78.98640409
6,1781860037.874192,123.85689089,99.47249027,78.68131123
6,1781860037.943335,122.60183832,97.72341902,77.33152240
6,1781860038.009812,120.77957472,96.23623041,76.11724372
6,1781860038.077800,120.58060010,95.67217496,75.48548206
6,1781860038.121117,117.67093681,95.28225564,79.26771564
6,1781860038.190677,115.79437521,93.45631290,77.59941503
6,1781860038.269070,112.43454155,90.38655538,73.61223870
6,1781860038.295707,111.30267921,89.25332801,72.94469105
6,1781860038.357570,113.33759598,87.93057747,75.71828811
6,1781860038.448096,111.94012159,86.22541700,73.90435785
6,1781860038.510978,110.43500881,84.89067931,73.18153811
6,1781860038.574323,109.00480860,84.16079338,71.66560609
6,1781860038.666151,107.70886109,82.64244589,70.69782473
6,1781860038.715331,107.96405799,82.07967401,70.79185412
6,1781860038.758797,103.95200469,81.79620035,66.47078482
6,1781860038.838374,105.28974798,83.17390531,66.86984464
6,1781860038.929509,108.61518722,86.03268903,70.06228600
6,1781860038.972060,109.15401934,86.92925902,71.10178301
6,1781860039.071203,112.27019683,86.11200966,74.82138101
6,1781860039.118650,111.42895912,85.59207804,74.76539232
6,1781860039.162107,110.29993143,84.23523613,75.07696735
6,1781860039.241438,106.05679000,83.39481815,70.49977555
6,1781860039.302305,106.28155776,83.35093208,70.55923928
6,1781860039.368890,106.71766357,83.62322650,70.80697300
6,1781860039.477780,110.54089983,87.33688064,73.69672911
6,1781860039.518072,114.28406177,88.42569847,74.46294313
6,1781860039.564023,111.64430043,89.10602103,70.64712128
6,1781860039.641410,112.52028481,89.71451246,71.72799756
6,1781860039.701257,115.24046120,89.59572585,75.83377996
6,1781860039.767341,111.67060407,89.25451295,71.02366352
6,1781860039.869789,111.51063483,88.60167005,70.52054522
6,1781860039.955740,111.57302777,88.85966263,70.13980340
6,1781860039.999508,111.19027589,88.61055186,70.94649031
6,1781860040.041178,110.56649861,87.62752332,69.28691026
6,1781860040.102335,109.67712671,86.59631338,68.52343854
6,1781860040.163763,111.53456922,85.83719345,71.13957844
6,1781860040.259939,109.98553346,83.71663851,69.78901925
6,1781860040.319795,109.70507383,83.82892688,69.52250697
6,1781860040.383394,109.06697883,83.17577924,68.33265609
6,1781860040.457179,109.24793464,82.35306222,68.63363036
6,1781860040.504672,108.65087279,82.01417713,67.38161675
6,1781860040.568700,109.78158908,82.77601053,67.77327925
6,1781860040.661327,115.56636295,90.96181047,74.37093181
6,1781860040.707502,116.63005245,92.68727273,78.48768141
6,1781860040.772612,91.48161296,71.89807397,64.66610577
6,1781860040.845103,83.91805452,65.19438000,59.33393200
6,1781860040.938455,80.95538571,62.65241040,58.20376316
6,1781860041.005429,78.74916464,60.94602121,57.31937157
6,1781860041.063056,89.65284034,71.29614243,64.35221064
6,1781860041.110457,86.83088783,68.40506778,61.18438387
6,1781860041.156125,83.80956829,68.51985177,58.96525571
6,1781860041.253037,84.10249625,68.87223251,64.47945278
6,1781860041.309318,84.75626314,69.89081553,65.61167489
6,1781860041.369295,84.66509915,67.40876685,67.57112329
6,1781860041.466755,88.41379430,69.98090395,67.77876786
6,1781860041.513675,89.89129131,71.77537592,71.95061562
6,1781860041.558509,91.42952262,75.98050915,77.82502971
6,1781860041.635047,98.87620844,82.77928870,85.86763034
6,1781860041.705245,105.47510496,91.83610050,90.93556839
6,1781860041.776361,113.45229130,95.42484234,99.21466057
6,1781860041.869945,128.36541117,109.16656350,110.44032074
6,1781860041.949708,131.21898738,115.32829788,110.21949688
6,1781860041.997859,141.78051586,123.49508781,114.64449704
6,1781860042.045271,149.40314767,128.79376643,124.22534574
6,1781860042.104201,148.01778073,128.38271373,123.64707808
6,1781860042.165388,162.94547105,146.51748015,142.27902442
6,1781860042.260795,178.40665448,167.55760834,163.85949232
6,1781860042.308707,176.10903965,166.09925598,161.46450924
6,1781860042.352300,171.75500064,162.73557626,153.70880697
6,1781860042.449390,145.59689427,133.21422162,124.33892486
6,1781860042.510090,128.16006062,118.50920913,106.85312567
6,1781860042.575069,131.09192087,117.29639731,108.56545987
6,1781860042.662840,125.00038909,113.70938731,98.79615138
6,1781860042.710029,118.45433523,107.49939318,92.79933517
6,1781860042.756206,109.89167124,98.56938295,84.39413261
6,1781860042.834336,109.67286819,94.88224360,85.51650643
6,1781860042.931603,103.24828978,87.48201031,80.17493581
6,1781860042.979871,98.34655653,81.53341934,74.45854342
6,1781860043.061987,94.80614530,77.15059473,70.70901100
6,1781860043.136819,94.80169842,77.13382690,70.46623097
6,1781860043.184654,96.98613397,78.56178745,70.32366973
6,1781860043.242260,99.47948379,80.54419722,70.14657336
6,1781860043.300919,101.63151633,82.10738159,70.51946605
6,1781860043.361183,105.60543225,84.43294208,70.64070089
6,1781860043.473671,108.37812150,86.60053228,71.18609102
6,1781860043.519284,110.83988732,87.57651568,70.70167458
6,1781860043.563562,113.70359712,90.37927666,72.41383065
6,1781860043.638076,114.21570857,90.70326082,73.03739168
6,1781860043.706937,115.37835801,91.42354662,72.71726988
6,1781860043.766956,116.95062050,92.09569765,73.02516522
6,1781860043.868010,114.05792711,88.31803715,69.47615382
6,1781860043.941446,113.82485035,88.56264807,68.61378628
6,1781860043.971538,113.75972530,87.69438081,68.60552510
6,1781860044.047577,112.17467389,86.00258596,66.46186111
6,1781860044.107779,115.57392793,90.15532183,70.33761193
6,1781860044.174699,116.50271156,90.48687968,69.92449683
6,1781860044.265834,117.20562116,90.54180521,70.36073490
6,1781860044.319028,117.99798826,91.49096405,71.12721036
6,1781860044.390223,114.48557602,88.34848567,68.78752964
6,1781860044.487249,112.63543710,86.93018147,67.30377220
6,1781860044.509175,111.97504213,86.98794763,67.11069734
6,1781860044.571681,112.53614403,87.30829378,67.64018283
6,1781860044.666701,114.00567498,89.14113249,68.84998246
6,1781860044.713130,114.06185376,88.73393824,68.67855597
6,1781860044.758372,112.30003707,86.75562142,67.60444632
6,1781860044.838930,111.84825576,86.30437229,67.28499800
6,1781860044.924818,112.37738178,86.62818071,66.41409354
6,1781860044.980154,112.65408238,86.10988059,66.86227140
6,1781860045.068768,111.72081113,85.24018498,64.98451710
6,1781860045.094441,111.34522462,84.61759973,64.19649874
6,1781860045.156172,110.73727549,83.91273996,63.46044406
6,1781860045.236879,109.39876768,82.34319552,62.65120152
6,1781860045.299989,111.06554757,83.92059715,62.42508745
6,1781860045.364884,111.12554173,83.94002041,62.56223117
6,1781860045.474018,109.80114979,81.94987932,61.32610452
6,1781860045.502885,109.38499654,81.84225704,61.62640917
6,1781860045.567487,110.41947237,82.88513338,62.43419915
6,1781860045.646553,107.89394771,81.19950758,61.96410199
6,1781860045.701811,109.37962323,81.86820187,61.93924217
6,1781860045.760870,107.60595644,80.36233543,61.18872799
6,1781860045.870687,104.43810006,77.35513832,58.88276755
6,1781860045.940325,103.25310153,76.33143831,57.86739834
6,1781860045.985030,101.60830931,75.31156845,56.82789720
6,1781860046.038316,100.42640057,74.00206090,55.47745425
6,1781860046.112580,106.58765005,76.75497473,60.99240698
6,1781860046.164791,107.28894714,80.71535256,59.51997661
6,1781860046.275584,114.81656817,92.61852785,72.38822090
6,1781860046.298086,114.30955991,92.22731203,71.61796176
6,1781860046.369225,110.79524101,89.26777382,70.76941195
6,1781860046.455518,104.53789554,81.52869546,63.40579091
6,1781860046.504632,107.69009384,86.28106800,69.61330325
6,1781860046.568209,103.87400201,83.56411370,65.67784826
6,1781860046.657741,111.45816654,89.37757455,71.30660667
6,1781860046.704140,114.20035480,92.24297317,72.71698771
6,1781860046.765033,107.59216672,86.67323866,66.05259261
6,1781860046.847074,99.78556795,81.08969499,64.58783539
6,1781860046.914761,97.35518154,78.94550565,63.10770758
6,1781860046.978763,98.48819892,79.24315198,61.84997501
6,1781860047.057044,98.38335769,78.74398773,59.99934660
6,1781860047.119174,102.60194229,80.29061355,63.30772708
6,1781860047.183042,104.06548532,81.04923660,63.38408420
6,1781860047.246658,100.75777807,79.96899961,61.82998925
6,1781860047.310515,100.56646822,79.82013894,60.29754741
6,1781860047.382671,102.79589909,83.71105991,63.03987878
6,1781860047.463887,105.89952045,86.18163648,65.00469021
6,1781860047.528681,112.54251095,89.32717139,70.26158799
6,1781860047.592136,109.72496179,89.15767740,65.74946998
6,1781860047.655894,114.08911309,92.96001603,68.77163995
6,1781860047.717559,117.47761139,92.58667603,70.16445113
6,1781860047.773706,112.91939858,90.84600708,65.08178435
6,1781860047.875187,110.76415486,88.68030509,62.79597786
6,1781860047.937949,113.06235341,90.58571886,67.57941695
6,1781860048.011910,113.54689535,91.48089315,69.00937060
6,1781860048.057545,112.61581545,90.90992336,67.72453747
6,1781860048.108105,111.49709785,89.68487448,66.19025312
6,1781860048.179764,110.48273137,88.92448597,65.42778258
6,1781860048.271211,110.93266573,88.74422108,66.00596010
6,1781860048.299778,113.14517416,88.68133526,65.67638610
6,1781860048.387520,110.15445107,87.98629924,62.44073784
6,1781860048.471525,112.56270364,87.96598009,65.52849475
6,1781860048.513861,114.71955366,89.81569553,67.78755713
6,1781860048.581781,116.03611985,91.57450421,70.55055205
6,1781860048.671837,119.91208584,95.57731916,76.43819729
6,1781860048.729201,119.44078136,98.28953876,76.42106108
6,1781860048.771959,127.02352377,103.31473244,81.61037594
6,1781860048.836000,141.04280876,119.47428129,98.96032977
6,1781860048.924438,134.42556197,113.08398385,95.02430630
6,1781860048.986521,131.59733245,109.31238977,92.42967372
6,1781860049.072152,128.60465285,106.51809752,86.34323535
6,1781860049.128978,125.36086902,102.76585895,82.23673437
6,1781860049.174564,119.54771988,97.18012419,77.18437584
6,1781860049.232671,116.18352608,93.70888971,72.73563360
6,1781860049.294933,116.34621286,94.36845447,73.43972416
6,1781860049.381518,117.29248281,95.62068430,74.60824860
6,1781860049.468005,118.72886412,97.07732467,76.85454426
6,1781860049.530416,118.29072788,96.82568234,76.46705772
6,1781860049.570981,118.28860330,96.70954559,76.50614862
6,1781860049.633986,121.39942234,96.23686819,75.69072541
6,1781860049.696545,121.39328060,96.35137764,75.45166186
6,1781860049.778362,117.52719421,95.38468397,70.85133475
6,1781860049.862837,118.75942123,93.57646741,73.21151278
6,1781860049.954498,116.04249035,93.41859110,68.82801439
6,1781860050.015225,117.88744818,92.41519409,72.40721881
6,1781860050.076634,118.13226606,92.61334598,72.83052486
6,1781860050.140208,117.26104547,94.91569166,70.61065487
6,1781860050.200692,119.51560468,94.37079847,74.19868123
6,1781860050.261408,119.71796574,94.03043972,74.35772528
6,1781860050.322933,120.12537253,94.65129529,73.35712236
6,1781860050.387672,120.00133457,94.21068205,73.77080432
6,1781860050.479951,116.95036442,94.48493232,73.71556969
6,1781860050.544361,119.42761617,93.58570934,72.26755411
6,1781860050.604661,115.27305214,92.22830325,71.85297014
6,1781860050.664687,118.91564589,93.14559784,72.22054349
6,1781860050.726784,116.55544991,93.88988642,69.62490376
6,1781860050.789358,119.58320374,93.79352297,72.86347773
6,1781860050.850528,116.25400181,93.60549020,68.74780703
6,1781860050.950511,118.86588343,93.42430718,72.72568822
6,1781860051.010223,115.93664730,93.13443077,72.50337311
6,1781860051.058822,119.21266836,93.27201989,71.79568558
6,1781860051.118588,116.44690773,93.45148577,72.64907425
6,1781860051.161802,113.49748784,93.73821912,69.20442965
6,1781860051.243262,116.25480085,93.76879910,72.68031800
6,1781860051.295785,120.85787398,95.44767321,73.90879807
6,1781860051.363261,121.01643697,95.48235984,74.51172962
6,1781860051.455535,121.10121285,96.28451439,75.35108194
6,1781860051.519824,121.59130882,96.66643274,75.11634117
6,1781860051.563990,117.80233122,95.66167115,74.76278130
6,1781860051.639683,120.93397236,95.67907624,74.77475594
6,1781860051.705747,119.10657800,96.75560739,75.54721067
6,1781860051.764373,115.93800589,96.39171242,71.24820803
6,1781860051.859451,118.71196374,96.17623053,74.97674522
6,1781860051.945999,121.53798107,96.55129247,75.00791127
6,1781860052.012094,122.34530791,97.14259776,76.19475834
6,1781860052.063412,119.80152862,97.31629044,75.92161280
6,1781860052.125195,124.48746085,99.20445759,77.48799006
6,1781860052.169056,125.70524488,100.39714323,78.98663336
6,1781860052.256751,122.52153966,100.15276291,79.25986334
6,1781860052.309427,125.09846917,100.15966963,78.32722121
6,1781860052.382349,123.59572814,98.97690136,77.63947592
6,1781860052.463554,122.05091521,96.97135247,75.32063904
6,1781860052.503713,121.55280636,96.61256894,74.33646162
6,1781860052.566233,121.01430919,95.69774910,73.37734778
6,1781860052.658596,120.43199166,94.22209333,72.73974383
6,1781860052.719057,119.58603939,93.67956410,72.10074404
6,1781860052.746012,119.36129847,93.48871469,71.00556530
6,1781860052.850907,119.13993930,95.85863651,74.63785741
6,1781860052.936633,123.37514466,97.68537099,75.50939763
6,1781860052.983143,124.81646956,99.43981136,77.15096078
6,1781860053.059531,127.61106597,101.89490428,79.37105541
6,1781860053.104839,127.64969202,102.35456828,79.59003759
6,1781860053.159497,126.50387104,101.76238310,80.20808007
6,1781860053.244919,122.91527083,98.78534756,78.02725963
6,1781860053.301455,117.91250097,93.94763297,74.27531847
6,1781860053.370881,116.03378301,92.42578894,72.81187511
6,1781860053.459750,118.50628305,94.89943825,74.71691942
6,1781860053.528718,121.56579922,97.68563523,76.67966192
6,1781860053.569691,125.70254898,101.73379141,79.61775080
6,1781860053.649590,126.88024639,101.83571063,78.82119473
6,1781860053.707042,120.00377284,94.58243135,72.07047651
6,1781860053.767095,114.44638041,88.44400508,67.37625699
6,1781860053.858971,112.61944530,86.09367823,66.16404331
6,1781860053.932202,114.71504557,87.60829136,67.25158311
6,1781860053.993934,115.37254431,88.25833962,67.87086161
6,1781860054.046115,114.65168310,87.90039545,67.29950757
6,1781860054.107976,114.19689387,87.33244661,66.14457726
6,1781860054.169847,114.05098217,86.88340779,66.04353667
6,1781860054.258505,114.97311119,87.74978821,66.35096322
6,1781860054.304756,117.54657899,90.17614576,68.36860963
6,1781860054.378162,122.28054242,94.61537620,71.62268741
6,1781860054.474114,127.28091772,99.58520920,75.26810747
6,1781860054.525465,129.90615786,102.57112264,79.28932662
6,1781860054.568540,128.52217895,102.55176982,74.78038034
6,1781860054.658119,128.41898344,102.08424191,73.92959702
6,1781860054.734485,128.77288710,103.06003892,76.15505764
6,1781860054.778757,133.17422338,104.32865316,80.23030411
6,1781860054.845886,130.45775258,102.44171575,79.14782069
6,1781860054.933390,130.05652180,103.36300336,81.32803614
6,1781860054.965985,132.70703592,106.71169456,85.73647518
6,1781860055.055344,120.40645628,97.02103799,80.18574787
6,1781860055.123264,115.75731009,92.53409105,77.36789567
6,1781860055.170827,102.09459993,81.45372510,70.95584465
6,1781860055.244757,94.43190951,75.46950564,65.11731864
6,1781860055.308986,97.51545247,77.95884576,67.52912818
6,1781860055.368565,106.84211680,87.10591918,72.76123385
6,1781860055.459859,127.89480914,103.26271080,80.85567084
6,1781860055.523915,126.46778417,99.77454204,76.41508668
6,1781860055.569630,112.42680083,86.12962475,64.81245091
6,1781860055.646103,103.34574760,81.36770699,64.62413123
6,1781860055.714580,102.09531898,83.55434708,66.75290845
6,1781860055.771295,109.91162466,86.75767422,72.26570867
6,1781860055.867038,115.96712766,91.04042030,74.51655727
6,1781860055.963546,113.81120105,91.50216789,70.43047054
6,1781860056.003569,114.55996590,91.25829094,69.62403831
6,1781860056.052797,115.03049323,90.73417141,68.89387796
6,1781860056.097376,117.26368660,93.10806028,70.44182606
6,1781860056.177564,118.12098397,94.05327235,71.06743964
6,1781860056.263370,116.98836975,92.77865803,71.05054397
6,1781860056.326341,116.39881682,92.34384797,70.77111138
6,1781860056.358427,113.40876546,89.92430865,68.92914210
6,1781860056.450721,112.46165111,88.76194751,67.94772699
6,1781860056.496604,111.29102351,87.93711570,66.75101161
6,1781860056.585397,109.44286530,85.69794842,66.02364651
6,1781860056.666938,105.17011000,84.74362082,60.13699128
6,1781860056.729509,107.64623641,87.14891447,62.10394071
6,1781860056.776358,107.77208852,87.35906960,61.98816191
6,1781860056.821392,108.95721808,88.58376774,63.90075406
6,1781860056.930743,111.50455709,91.19217380,65.72458591
6,1781860056.971076,112.13269053,92.11105606,66.69986865
6,1781860057.069052,112.38824498,91.81369372,67.59300975
6,1781860057.130179,112.19384347,91.99495170,66.85152337
6,1781860057.180675,110.72371707,90.33816177,65.55944840
6,1781860057.224496,109.47552160,88.87461034,64.26507487
6,1781860057.297530,109.29904003,89.10446217,64.49723888
6,1781860057.360449,109.08545705,88.98386153,64.64395215
6,1781860057.468551,109.65368387,88.93195572,64.00041457
6,1781860057.531740,109.20422860,89.03243722,64.17185210
6,1781860057.589173,111.56350600,90.93243060,65.20369747
6,1781860057.629256,113.12312316,92.70999339,67.34642886
6,1781860057.702291,117.06726935,93.38980776,72.23206911
6,1781860057.764184,118.03031372,94.24318818,72.94905391
6,1781860057.860543,121.47381566,95.08353169,73.87911874
6,1781860057.953656,121.56086327,95.35230714,73.03706234
6,1781860057.999606,121.52918600,95.29366341,73.10093938
6,1781860058.045277,121.15433588,95.22146462,72.88344640
6,1781860058.106985,120.46035404,93.97717604,71.20502292
6,1781860058.158911,119.19231289,92.18609454,69.45244620
6,1781860058.254344,116.88159890,90.40710268,68.47619462
6,1781860058.315205,116.79097790,90.37862511,68.98083397
6,1781860058.379359,117.64957219,91.18366225,69.11469006
6,1781860058.472645,117.39610278,91.33461243,69.95824503
6,1781860058.523069,117.95170455,91.68020761,70.16625494
6,1781860058.571144,117.39865915,90.84828611,69.52360680
6,1781860058.661707,116.17976596,89.51260397,68.51388752
6,1781860058.722628,116.93068036,90.28032424,69.32853159
6,1781860058.786019,117.18740737,90.22443668,68.53776715
6,1781860058.825659,116.73834782,89.87608571,69.42750737
6,1781860058.921803,117.49263929,90.98480142,69.26907121
6,1781860058.985128,118.96456326,92.36528697,70.13745800
6,1781860059.059056,118.50524184,92.16777183,70.74200360
6,1781860059.122175,119.41678244,93.15427209,71.89075067
6,1781860059.170309,119.12266532,92.14841162,70.52112534
6,1781860059.221612,119.02670007,92.40411205,71.01768277
6,1781860059.293219,118.28874918,92.05930380,70.23729353
6,1781860059.366226,118.10899564,91.73099247,70.57755421
6,1781860059.462947,120.28090348,93.47455740,71.72391498
6,1781860059.533781,119.96295045,93.45372792,70.79272113
6,1781860059.562609,120.61037101,93.65233603,71.46514580
6,1781860059.618507,120.12360013,93.07500596,70.97932961
6,1781860059.698746,118.83537284,91.92539131,70.70478557
6,1781860059.772900,118.80280522,92.08893026,69.21425312
6,1781860059.872159,118.38482478,91.44127035,69.62303451
6,1781860059.959326,119.00947118,92.36261939,70.43970855
6,1781860060.007957,118.60150129,91.71293298,70.50878812
6,1781860060.052798,120.17877160,93.17499722,70.42833624
6,1781860060.098987,120.76121482,93.76402661,72.05535007
6,1781860060.159339,121.22949647,94.56008158,72.83235776
6,1781860060.272617,121.99380632,95.49190922,73.86985668
6,1781860060.326847,121.83019072,95.32285153,73.35643121
6,1781860060.404603,121.27457420,95.22157107,73.48237150
6,1781860060.480283,121.33821011,95.46623607,73.30351019
6,1781860060.544346,121.01940680,94.67877577,73.21678565
6,1781860060.606069,120.88870546,94.39395290,73.31753821
6,1781860060.663695,120.88049509,94.65642612,72.89330706
6,1781860060.723683,121.31866682,94.61923484,72.97620633
6,1781860060.787174,120.37129397,94.08429306,72.23302682
6,1781860060.854362,121.64031955,94.84546471,73.73201205
6,1781860060.930605,120.85047210,94.54316075,73.07180957
6,1781860061.003611,120.18911692,93.67987969,72.31904610
6,1781860061.056939,119.98051362,93.36869519,71.90163773
6,1781860061.142360,120.59047263,93.76364855,72.48830936
6,1781860061.160869,121.56245280,95.03344506,73.14493212
6,1781860061.224500,121.49743610,95.09517478,73.93646009
6,1781860061.304844,121.49138244,95.07146113,73.50008954
6,1781860061.368284,121.83826895,95.80607087,73.54458885
6,1781860061.455922,122.83032532,96.69592559,74.78016848
6,1781860061.500876,123.38164759,97.48672889,76.21799235
6,1781860061.562727,123.29257240,97.64870419,76.73237060
6,1781860061.625196,124.38085803,98.65194751,77.14241561
6,1781860061.698814,123.52565460,97.75016145,75.77583428
6,1781860061.756983,123.42147241,97.41959702,75.94169748
6,1781860061.865251,122.25142909,96.34991776,75.64142497
6,1781860061.960586,122.31134100,96.20984537,74.30587391
6,1781860062.025918,121.75011215,95.99849287,74.38844666
6,1781860062.073511,121.78105809,96.01722321,74.31219463
6,1781860062.115716,121.80522063,95.71678414,73.99303468
6,1781860062.166281,121.67062599,95.25313283,73.90747032
6,1781860062.255537,121.56591624,95.40854384,74.04022169
6,1781860062.317967,122.75232164,96.43681384,75.29131708
6,1781860062.368646,122.79707530,96.90730475,75.86292779
6,1781860062.462988,123.80098895,97.69309095,75.97749344
6,1781860062.497979,122.95953233,97.50367274,76.45400662
6,1781860062.570233,123.12720110,97.84952229,77.53630550
6,1781860062.657768,123.12140978,97.55325823,76.61935225
6,1781860062.717742,123.99060224,98.48726891,77.31325163
6,1781860062.767082,123.69399550,98.28172127,77.08369455
6,1781860062.823665,123.98529855,98.40600310,77.70822588
6,1781860062.928769,123.41823283,97.79059294,76.62035641
6,1781860062.979633,123.36341895,97.64832336,76.69564874
6,1781860063.055820,124.66465619,99.30077745,77.61613848
6,1781860063.112311,125.32946932,99.61032510,78.51545782
6,1781860063.164193,125.25603589,99.82116326,79.26779411
6,1781860063.228846,124.12458700,98.71996219,78.72464536
6,1781860063.299384,122.82014465,98.02684707,78.37127284
6,1781860063.360703,122.51829218,98.41787311,79.07771346
6,1781860063.456474,121.58497766,97.84644287,78.62871912
6,1781860063.520451,123.23212658,98.96002788,79.65477456
6,1781860063.567504,123.40594142,99.47598890,80.33488919
6,1781860063.629762,123.46415189,99.23511385,79.57076934
6,1781860063.705347,123.40061719,99.21829715,78.87527314
6,1781860063.766446,121.49254115,99.66407528,79.56644981
6,1781860063.860331,124.56758788,100.32728130,80.10387377
6,1781860063.954133,123.99792935,99.38147407,78.51241441
6,1781860063.999519,120.85332375,98.57951824,78.25305807
6,1781860064.044097,123.19940020,98.50173871,78.34945304
6,1781860064.110980,122.24912669,97.58089677,76.87456299
6,1781860064.168311,119.26363304,97.36456045,72.09771930
6,1781860064.258679,120.73764455,95.39345352,74.47682463
6,1781860064.318700,121.15661790,95.55624804,74.85402185
6,1781860064.379042,119.74647457,94.39453559,72.33597507
6,1781860064.482605,118.33832253,92.63015687,71.19495913
6,1781860064.540313,116.81359620,90.41700417,69.83260802
6,1781860064.582949,115.97896074,90.01117388,69.06224658
6,1781860064.663452,110.62119605,84.73147202,65.33163136
6,1781860064.729274,108.37982496,82.75743955,63.88268076
6,1781860064.752835,103.35580005,78.66905916,61.22329728
6,1781860064.831320,100.53616580,76.22826662,60.42898505
6,1781860064.934487,101.41637578,76.29044028,60.68355240
6,1781860064.997540,102.22242347,77.67256986,60.72790974
6,1781860065.072255,102.95119533,77.82874585,60.97260205
6,1781860065.118593,104.57238119,78.89998369,62.14752226
6,1781860065.169098,105.82887578,79.69932622,62.80072327
6,1781860065.228098,106.70711896,80.57539246,63.05646640
6,1781860065.307422,108.18715728,81.12397361,64.42711421
6,1781860065.374533,108.66124635,81.81669723,64.66766310
6,1781860065.473718,108.77191254,81.48514700,63.90698213
6,1781860065.545935,109.41454056,82.63738015,64.20596112
6,1781860065.569410,112.06412374,84.38728777,66.32339095
6,1781860065.632533,112.63167267,85.46659664,66.98334334
6,1781860065.703142,113.88701713,86.56791314,67.88205715
6,1781860065.764799,116.88515000,89.28462976,69.67199189
6,1781860065.862776,120.19559679,92.69954679,71.77668092
6,1781860065.956325,121.28068984,93.73359039,73.37523062
6,1781860066.016676,124.76218455,97.04822044,75.66361876
6,1781860066.065084,127.43652523,100.28980013,79.54244528
6,1781860066.111992,127.03864831,100.47448477,80.79080362
6,1781860066.176158,126.95778257,101.38211712,82.14774732
6,1781860066.265924,124.50875271,98.54350861,80.62140980
6,1781860066.329142,124.52179426,99.39657805,80.02468847
6,1781860066.392638,124.59265022,98.81046333,80.43698052
6,1781860066.468505,122.18927560,96.86545696,79.11611954
6,1781860066.530897,121.54626171,96.49223849,79.76391040
6,1781860066.574319,122.44846903,97.68710216,80.89364582
6,1781860066.665797,119.81454556,95.52895784,79.04308922
6,1781860066.726809,119.55147363,95.49850303,78.93115733
6,1781860066.793955,120.54479753,96.12085729,79.02445765
6,1781860066.820477,120.59636532,95.76656282,78.86244477
6,1781860066.914098,119.96282863,95.01758931,77.65053260
6,1781860066.974785,122.64661880,97.71029288,79.36572876
6,1781860067.051542,123.11666091,98.56838578,80.13050910
6,1781860067.115783,124.21553941,99.18893970,80.53247145
6,1781860067.181160,123.60491294,98.95154676,80.27837793
6,1781860067.227535,123.12448205,98.37048170,79.99788660
6,1781860067.304505,125.60448087,100.76295660,81.76688679
6,1781860067.365397,124.74061882,100.10415366,80.54486854
6,1781860067.455540,125.04819363,100.00408555,81.09023395
6,1781860067.518458,124.30494613,99.90537700,80.50164547
6,1781860067.562964,124.51819350,99.84791128,80.16284644
6,1781860067.627976,124.16189934,98.97761069,78.81197528
6,1781860067.708592,124.32978548,99.26634756,79.83241785
6,1781860067.764613,124.38752986,99.35579609,78.36890554
6,1781860067.858776,121.89737630,96.28379376,76.52092893
6,1781860067.938048,122.38699057,96.96788986,76.19359429
6,1781860067.982857,123.26226776,98.41955679,77.11170913
6,1781860068.030880,124.74455801,99.19675067,79.05680274
6,1781860068.105783,124.33554882,99.02536514,79.70130445
6,1781860068.168400,125.38613431,100.03940637,80.89319699
6,1781860068.258543,124.33553354,99.62980520,80.94235809
6,1781860068.327968,122.91229085,98.38478342,78.38381083
6,1781860068.372091,123.05839320,98.78046022,79.52959194
6,1781860068.459791,123.39096771,98.93475249,79.23254303
6,1781860068.506033,124.22402632,99.53449250,80.13163238
6,1781860068.574570,124.82979619,100.15163547,79.72816515
6,1781860068.664830,124.53254413,100.20407126,80.48517860
6,1781860068.714984,123.94597306,99.54618115,79.71073505
6,1781860068.760211,123.50027841,99.49334469,80.00207615
6,1781860068.819607,122.68496707,98.47235490,79.16248804
6,1781860068.939491,122.77565229,98.27660807,78.36366869
6,1781860068.987951,123.08194282,98.02206720,77.84444397
6,1781860069.062213,121.44136316,96.63287562,76.17679491
6,1781860069.116033,122.76036618,96.96635397,77.17222677
6,1781860069.165055,122.85306452,97.82033876,77.22431632
6,1781860069.221225,121.79201278,97.17010987,76.81741855
6,1781860069.301051,119.86713238,94.33028389,73.54721553
6,1781860069.378367,117.68986815,91.16067839,69.35674446
6,1781860069.470537,117.47336402,90.73695365,69.37847273
6,1781860069.532377,117.81804027,91.61843917,70.17565135
6,1781860069.597541,117.57665021,90.84864414,69.23015711
6,1781860069.641986,117.92270084,91.37607816,70.03909212
6,1781860069.701567,116.82084479,89.68937492,68.58343446
6,1781860069.767009,112.50551993,85.22039590,65.11571301
6,1781860069.880648,109.66506835,82.75721265,64.39446029
6,1781860069.963273,109.80175623,82.73362633,63.15805528
6,1781860070.011837,109.51213902,82.75506061,64.06383808
6,1781860070.054738,109.65828240,82.45420056,63.44956398
6,1781860070.113270,109.70874954,83.23985668,64.11393055
6,1781860070.174412,106.26405806,80.15870794,62.33810737
6,1781860070.256871,103.35432360,78.02540892,61.72908110
6,1781860070.306269,103.04762625,77.52785869,60.70497747
6,1781860070.367335,103.25020384,77.64356548,62.07883072
6,1781860070.466624,103.17628613,78.26630515,62.96000206
6,1781860070.506375,103.75796426,79.24572338,63.61600523
6,1781860070.568563,103.04547605,79.98279228,65.13800630
6,1781860070.660397,100.71539084,79.99475774,66.54342251
6,1781860070.721823,100.97617234,79.87497575,67.46246066
6,1781860070.771883,101.37841738,80.00539632,66.51054980
6,1781860070.829606,102.85278520,80.82567172,66.78166281
6,1781860070.947896,105.16693915,81.50407567,66.31237584
6,1781860070.986733,105.85768831,81.26639372,65.82050246
6,1781860071.062326,109.19748297,82.76487178,67.07985042
6,1781860071.124456,114.93270578,88.35705264,69.98282832
6,1781860071.166322,117.80003045,91.16779433,72.41084180
6,1781860071.231782,121.83281656,95.48688890,75.79271516
6,1781860071.307477,123.89438064,97.73081952,78.38213650
6,1781860071.380767,122.71563871,97.01114510,77.78824034
6,1781860071.463950,123.30756558,97.48481690,78.67143701
6,1781860071.528436,122.92872659,97.47522120,78.54014690
6,1781860071.551972,123.33430429,97.82792237,78.14369993
6,1781860071.618769,119.11794104,92.98875094,73.75565959
6,1781860071.711210,108.89864288,82.84458657,65.90676188
6,1781860071.775791,101.49762237,76.35177935,62.58594807
6,1781860071.871259,98.96899612,74.45888335,62.20855059
6,1781860071.962800,100.30750790,75.51284537,63.10390523
6,1781860072.008996,103.23332612,77.69781991,64.00927283
6,1781860072.059741,105.37619524,79.07868429,64.70754854
6,1781860072.101015,106.57896697,80.67153570,66.13725772
6,1781860072.179243,107.79680622,81.17050440,66.54120064
6,1781860072.270910,109.28662170,82.48892710,66.83695576
6,1781860072.329482,112.59777225,86.09619216,70.11970943
6,1781860072.362899,115.65920609,88.46222666,71.68588409
6,1781860072.441552,120.45600101,93.31687450,75.74670563
6,1781860072.508818,125.22840608,98.66764589,79.60872228
6,1781860072.566666,128.17696433,103.76640253,86.60406369
6,1781860072.673455,105.18812016,82.95456381,69.36419215
6,1781860072.730155,102.14832730,79.92385930,67.24964767
6,1781860072.778613,104.83110556,81.34807094,67.17484859
6,1781860072.824383,107.23104877,82.82331163,67.36420619
6,1781860072.934937,109.97723059,84.34945173,67.25421321
6,1781860072.981290,109.94146363,83.52018252,65.60744731
6,1781860073.072113,104.99086271,79.86022023,64.26277976
6,1781860073.135165,102.73595910,80.92938072,69.00255754
6,1781860073.179040,102.79794569,84.39966126,74.30553375
6,1781860073.242152,102.78635374,89.86381781,82.17022006
6,1781860073.301379,105.97249882,95.76437889,88.10256594
6,1781860073.372013,107.94785177,98.95199700,91.22272447
6,1781860073.513427,106.82359648,97.12581465,84.05934159
6,1781860073.580381,104.47719618,92.14349459,80.54316151
6,1781860073.631951,103.77934890,84.29670217,75.07560679
6,1781860073.707583,103.74746721,79.15204865,68.32129187
6,1781860073.769209,110.81446121,82.46801076,67.62455185
6,1781860073.860385,122.24783163,90.93010767,70.34928062
6,1781860073.952818,126.35414200,94.31619585,74.65773022
6,1781860073.982817,126.45644665,95.13732900,74.25705485
6,1781860074.031152,122.35345992,92.93674914,74.47167654
6,1781860074.111713,117.49722516,89.93015532,74.54775741
6,1781860074.166556,110.07325195,86.58300707,73.47021941
6,1781860074.264993,105.59864869,83.43338011,73.01832528
6,1781860074.325742,110.84125695,87.86319044,74.78163919
6,1781860074.373445,115.81644537,91.52119194,76.29273404
6,1781860074.458620,120.20236722,95.29210756,78.24541066
6,1781860074.511649,124.80127801,99.03243517,79.99590104
6,1781860074.576555,127.98843590,101.75977320,81.02886164
6,1781860074.666800,129.90134863,103.31618331,82.74235307
6,1781860074.727234,130.62676453,103.31793024,82.18207163
6,1781860074.774265,130.98864637,103.34142120,82.74433991
6,1781860074.821011,131.38115620,104.70050802,83.22314299
6,1781860074.930756,131.40713014,103.82021963,81.61412455
6,1781860074.976412,131.90567421,104.47335233,81.83230030
6,1781860075.075273,131.64342206,103.63604425,80.90270966
6,1781860075.133984,131.18685667,102.78831861,79.85970727
6,1781860075.184245,129.66372948,101.47685199,79.64365862
6,1781860075.228277,129.74818545,101.68159029,79.21413641
6,1781860075.304276,128.38305789,101.03351814,80.08869923
6,1781860075.369003,126.17439175,99.70101193,79.23271267
6,1781860075.463019,123.20603961,97.38210450,78.29270258
6,1781860075.536440,119.46289699,96.17224341,73.63791628
6,1781860075.602518,123.43917480,97.56601263,77.21371185
6,1781860075.650428,120.90308649,97.56499092,73.50552154
6,1781860075.711578,123.69052749,97.89314528,76.68285438
6,1781860075.774177,121.44482179,98.50514262,73.62071331
6,1781860075.854768,122.41578372,97.00577909,77.11175474
6,1781860075.954534,117.00276105,94.86971754,72.32640011
6,1781860075.984003,120.16993551,94.85951342,75.99143256
6,1781860076.030775,117.96580792,92.78203411,73.74028027
6,1781860076.096319,114.11708505,89.77543853,72.55276172
6,1781860076.170000,109.10077202,86.06908487,71.16689496
6,1781860076.260323,99.03852022,77.57869839,66.50687109
6,1781860076.324280,99.94127691,78.32777970,66.70262255
6,1781860076.391497,101.60476276,79.61097229,67.38467177
6,1781860076.483674,103.76011657,81.16657618,68.85658302
6,1781860076.525885,107.55269483,84.93002726,70.31756469
6,1781860076.578557,113.59387311,89.23434194,72.80014332
6,1781860076.667912,123.26690223,97.12710882,77.00236047
6,1781860076.735553,128.50736329,102.00227329,79.40307274
6,1781860076.797405,131.01127400,103.49692939,81.33122364
6,1781860076.844242,135.81135479,109.02812544,84.33780956
6,1781860076.933501,128.58772146,100.63377514,76.98359199
6,1781860076.982006,117.57298133,89.77592003,67.90679363
6,1781860077.058038,109.03543606,81.97182415,62.26740912
6,1781860077.133606,109.33455853,82.59761007,63.14377953
6,1781860077.186989,109.31913287,82.48292230,62.91763932
6,1781860077.231463,109.68480257,82.38533476,62.84978810
6,1781860077.313620,109.69197613,82.11084605,63.01517610
6,1781860077.371363,108.79961811,81.71608684,63.23189131
6,1781860077.461807,110.81271547,82.90916816,62.34646143
6,1781860077.520819,112.71205381,84.76527481,64.75922205
6,1781860077.575189,120.90327934,91.34365051,68.94970755
6,1781860077.636613,117.34390648,88.39252891,67.28165212
6,1781860077.705141,119.18792597,90.47926995,68.82582419
6,1781860077.775838,122.15198598,92.37981703,70.60592307
6,1781860077.862005,135.49696745,103.89777471,79.99923262
6,1781860077.955369,142.92607178,111.48462818,85.62393416
6,1781860077.999881,145.39918152,113.34693136,88.03486241
6,1781860078.046412,139.43738165,112.22498250,88.75334066
6,1781860078.105753,140.23672895,113.55423968,90.64810148
6,1781860078.171272,152.07733794,121.64327882,96.45378813
6,1781860078.260327,140.73643047,112.30921366,88.86279058
6,1781860078.324115,144.71669805,116.01806534,92.67346666
6,1781860078.380028,151.51974487,121.69728239,97.63520384
6,1781860078.459275,144.50564164,115.56481763,92.23270239
6,1781860078.523140,138.47308345,110.82275683,89.22913573
6,1781860078.581352,149.23420218,118.83434218,95.91910564
6,1781860078.665028,145.48916814,116.52292940,92.25250099
6,1781860078.728436,145.59060574,115.92941284,91.36839226
6,1781860078.777083,149.10729108,118.38183586,94.00288163
6,1781860078.831047,140.84084139,112.64466627,88.68291615
6,1781860078.930360,141.73768304,113.72866796,90.56017256
6,1781860078.983830,147.06989415,118.01480524,93.98921306
6,1781860079.076196,140.07674642,112.06943482,88.36452565
6,1781860079.130502,142.96093045,114.69510934,89.90401596
6,1781860079.176275,142.34296919,113.50139524,89.29755718
6,1781860079.222307,143.30256338,116.11878201,92.35661667
6,1781860079.296587,143.17714775,116.37718537,94.07149443
6,1781860079.384916,142.56431876,115.05827761,93.44518391
6,1781860079.468755,140.91910623,112.52956598,90.90704328
6,1781860079.528935,133.53629715,106.43300739,85.66030449
6,1781860079.574090,131.79330119,105.26031929,85.54563558
6,1781860079.622149,134.60608505,108.13181724,87.88355493
6,1781860079.699423,139.33763723,112.33308853,90.18815609
6,1781860079.761614,138.95820109,112.73152026,90.67546211
6,1781860079.868298,142.17378810,114.63100150,91.37934030
6,1781860079.959673,137.27281062,110.35171011,87.71923561
6,1781860080.021096,136.36473750,109.48689931,86.63258415
6,1781860080.074583,131.12633375,103.86285193,81.62769137
6,1781860080.121438,128.48690504,101.28266224,78.52592698
6,1781860080.178113,134.21573636,103.93183576,80.17869966
6,1781860080.268027,136.22218371,105.62975942,80.89968625
6,1781860080.336437,133.10554892,102.58826213,77.77182558
6,1781860080.381902,133.26659707,103.28125761,78.44863911
6,1781860080.473931,125.67038733,98.62699461,77.00871383
6,1781860080.516858,126.72620485,100.43192171,79.50343019
6,1781860080.565856,126.68590700,100.98434748,80.14420894
6,1781860080.655912,126.40737435,99.02478068,77.23428963
6,1781860080.739228,131.66715498,102.63000363,78.89105489
6,1781860080.782176,130.83181385,101.43212723,78.03612705
6,1781860080.831774,131.44721146,101.15841372,77.05703074
6,1781860080.922295,123.34288704,95.04606099,72.50308161
6,1781860080.970867,124.75351360,96.95932603,75.24138957
6,1781860081.065401,125.71740712,98.13931869,75.57636078
6,1781860081.130980,124.53071598,96.35132411,73.27089320
6,1781860081.173750,126.80677204,96.91438057,74.05914323
6,1781860081.237415,132.92413408,101.04531964,76.46490658
6,1781860081.304959,118.32428817,91.14068849,69.86595476
6,1781860081.377772,107.36720069,79.90810364,62.53451439
6,1781860081.461663,113.98657740,87.39069185,66.21692644
6,1781860081.524121,116.97727823,89.40351206,68.48165378
6,1781860081.584272,117.81738018,90.49309274,69.58415065
6,1781860081.631242,118.24638473,91.57912832,70.64135900
6,1781860081.706451,119.85128358,93.28450410,71.70356818
6,1781860081.765141,118.30446720,91.69456961,71.85045344
6,1781860081.868522,117.30669367,90.68890186,69.62620253
6,1781860081.950734,118.23856762,91.48115638,70.42243271
6,1781860081.994737,117.85859602,90.75837556,69.91197237
6,1781860082.046279,118.03272013,91.41108645,71.31074358
6,1781860082.107244,117.94095748,90.74270027,70.49302315
6,1781860082.169558,117.27099909,91.27752914,70.14725005
6,1781860082.263235,116.63751211,90.20988104,70.12381241
6,1781860082.327780,115.83580465,89.84448306,69.55466687
6,1781860082.371914,116.92509221,90.76909718,70.08251428
6,1781860082.463413,117.22418054,91.12039943,71.07326985
6,1781860082.530775,116.76535067,91.09617363,70.63270977
6,1781860082.556312,119.49960493,93.10658299,72.92767327
6,1781860082.667831,119.08299446,93.52817910,72.52946646
6,1781860082.730042,117.99675211,92.04609436,70.73303194
6,1781860082.763919,119.90869578,93.59210937,72.99912927
6,1781860082.828498,117.92215860,91.79647636,71.35384197
6,1781860082.919858,115.89967208,90.02991184,69.75581071
6,1781860082.965136,114.92411863,88.36300066,67.93045410
6,1781860083.054522,113.29841952,87.03313091,67.14917365
6,1781860083.135676,112.32204306,85.95527706,66.79446329
6,1781860083.180139,116.09251351,89.72665970,68.99640360
6,1781860083.228482,117.17555982,91.45535902,70.45783947
6,1781860083.300856,117.69530863,91.67220824,72.14264864
6,1781860083.366396,119.68141564,93.72155813,73.64133909
6,1781860083.454748,119.90712463,94.24125056,74.51702310
6,1781860083.537062,119.89818024,93.63801452,73.47266783
6,1781860083.590402,119.60984786,93.59888796,72.85818114
6,1781860083.639365,119.13606268,93.17883152,73.07670004
6,1781860083.703164,119.58618660,93.40749004,73.29121993
6,1781860083.763677,122.50168278,96.38666101,76.24701046
6,1781860083.855727,125.19378609,98.52721146,77.88263599
6,1781860083.951500,124.57074925,98.40791503,77.72310012
6,1781860084.000373,125.03670307,98.84939240,77.73632314
6,1781860084.042156,123.08156394,96.87803145,75.46983047
6,1781860084.110159,121.51770320,95.55659148,75.09699105
6,1781860084.166373,123.13389489,96.27066597,75.16362401
6,1781860084.259861,121.85547344,95.57692456,75.00440351
6,1781860084.325762,121.63148567,95.14690323,74.77684417
6,1781860084.373787,121.54496972,94.91321438,74.31432778
6,1781860084.461285,120.60158864,94.19560338,74.10167491
6,1781860084.513371,120.50332427,94.45257760,73.97960792
6,1781860084.572793,121.54501632,94.97112020,74.31363732
6,1781860084.662910,121.33623750,94.70093261,74.12283201
6,1781860084.726915,120.94556905,94.68121188,74.30844812
6,1781860084.770150,121.01754944,94.46209762,73.53153442
6,1781860084.822757,119.62649495,93.31778594,73.28280439
6,1781860084.913079,118.40943708,92.67761885,72.37788206
6,1781860084.972737,117.90902467,92.06443805,71.71903957
6,1781860085.069844,119.82337850,93.78707361,73.26607419
6,1781860085.130767,120.15079527,93.94121410,73.72725877
6,1781860085.173899,121.34387082,95.38364978,74.65536100
6,1781860085.221450,120.27388058,93.89686634,73.84278179
6,1781860085.304458,120.13403573,94.33086317,73.43191268
6,1781860085.365371,121.13985394,94.72237254,73.74024954
6,1781860085.470914,122.75047384,95.72364584,75.06944203
6,1781860085.527474,121.59156215,94.90445458,74.06443332
6,1781860085.579756,121.54140695,94.55028944,73.75426077
6,1781860085.621242,120.43135023,93.77813872,72.72960729
6,1781860085.709447,121.31533372,94.30970063,73.51775723
6,1781860085.764153,122.78578378,95.19718926,72.99932061
6,1781860085.858401,122.02757583,95.06578692,72.92317102
6,1781860085.964428,119.78692273,93.11017870,72.23009564
6,1781860086.008862,123.96377815,97.38519614,76.01389113
6,1781860086.060464,121.52477305,94.11331792,72.39180755
6,1781860086.102430,122.13356959,95.08801354,73.44905607
6,1781860086.170538,122.20914234,95.46313242,74.84379884
6,1781860086.264943,120.43143279,94.20577230,73.31242864
6,1781860086.323841,120.98181344,94.52044622,73.25590164
6,1781860086.379384,121.59651682,95.28176482,74.38271248
6,1781860086.469708,123.46171507,97.22720155,76.42818661
6,1781860086.511006,121.79344012,95.85760984,75.44786009
6,1781860086.572653,123.82336799,97.30791631,76.99343288
6,1781860086.668758,120.96274554,94.71492788,74.65465127
6,1781860086.731121,123.84499023,97.06959418,76.06727003
6,1781860086.754112,123.04024195,96.41455945,74.57843639
6,1781860086.820580,125.05118931,98.48949166,77.44777376
6,1781860086.909978,125.67404533,99.54459789,78.79275499
6,1781860086.970502,126.57472631,101.09182503,79.79635691
6,1781860087.069964,127.47622477,105.22820385,80.90175266
6,1781860087.135850,126.14061039,101.17987263,81.95069137
6,1781860087.182462,123.57088359,101.37268590,78.41505098
6,1781860087.223498,125.15138764,99.82931379,80.81024845
6,1781860087.298922,124.02154519,101.73196514,82.44583348
6,1781860087.366452,130.77798114,105.96332920,84.84460847
6,1781860087.489724,132.07924372,109.64651311,88.70412414
6,1781860087.547240,133.60486603,106.93926365,85.55350648
6,1781860087.594840,128.16507566,104.49676220,77.21561120
6,1781860087.647344,126.57932608,99.62827479,77.73162108
6,1781860087.709269,120.46903213,96.48103511,70.57012833
6,1781860087.769035,122.59119582,95.07600770,73.32707695
6,1781860087.864017,119.42817096,95.37593418,73.69447454
6,1781860087.956464,124.82642369,96.89802574,75.61904261
6,1781860087.999989,126.43546732,99.11060214,77.27603227
6,1781860088.047096,126.88671276,99.42920090,77.71031064
6,1781860088.113325,129.66149555,101.59763409,79.91150110
6,1781860088.172894,128.22353422,100.34461740,78.20185304
6,1781860088.268764,124.23857544,97.47406533,76.73633191
6,1781860088.332700,122.89104083,95.38542245,75.09368546
6,1781860088.356884,122.07674601,94.82094114,73.92651033
6,1781860088.446310,118.87548152,92.24372976,72.60575814
6,1781860088.514831,120.74689432,94.68561625,74.20962111
6,1781860088.577843,123.26190803,96.34393496,75.73826832
6,1781860088.675533,122.92943369,95.88273344,75.05441551
6,1781860088.722615,123.26888649,96.19001383,75.85421260
6,1781860088.777193,124.08041854,97.29655098,76.76912584
6,1781860088.827342,121.97330349,94.72121323,73.42774832
6,1781860088.908686,120.66224921,93.31866080,72.32483257
6,1781860088.975271,120.61218016,93.50013442,73.15303020
6,1781860089.067822,115.57131538,88.60477906,69.48170759
6,1781860089.126910,112.95825549,86.27190020,67.61705194
6,1781860089.170792,115.17190103,88.19041121,69.03920688
6,1781860089.224073,115.35134258,87.86826736,68.26220658
6,1781860089.297431,121.73142460,94.29857023,73.38806679
6,1781860089.369177,125.10167697,96.90155553,74.66588761
6,1781860089.474752,128.99818425,101.15979380,79.14035661
6,1781860089.532029,129.91651427,102.55607879,81.71323798
6,1781860089.567843,129.20458082,102.44294923,80.87039061
6,1781860089.630303,120.16187094,92.94289246,71.83349036
6,1781860089.702389,112.48651295,86.26971936,66.31844668
6,1781860089.766104,107.92039691,82.28663864,63.73949212
6,1781860089.856824,110.47244726,85.86138351,61.62250545
6,1781860089.964788,116.90717343,88.07296501,66.80861836
6,1781860090.014752,113.42348187,84.75597644,64.45304890
6,1781860090.058078,112.40033586,84.43499158,64.11868141
6,1781860090.102626,124.99426744,96.08074138,73.91794021
6,1781860090.167374,131.47857636,102.34457551,78.66492162
6,1781860090.267955,134.13507917,103.90234953,79.22592784
6,1781860090.332632,133.13719433,103.26655075,78.62276712
6,1781860090.362114,132.81814150,103.14471179,78.14805626
6,1781860090.461368,132.06327236,102.72418736,78.43604000
6,1781860090.506107,125.37239145,96.40969640,74.10845226
6,1781860090.565793,125.68260409,96.94224102,74.37419109
6,1781860090.673820,126.51149315,99.20756560,75.91599659
6,1781860090.726595,127.90981323,100.60278644,77.74748741
6,1781860090.799444,128.38874888,101.26712083,78.24514453
6,1781860090.852584,130.47074510,103.85882996,80.19812409
6,1781860090.918618,129.75333060,103.30453450,80.66040315
6,1781860090.962929,125.55728402,99.81027376,79.29276840
6,1781860091.058035,113.78563447,92.35046977,71.08064433
6,1781860091.132925,107.80573734,85.04834015,70.30210171
6,1781860091.184448,107.91791095,84.40166185,69.73341639
6,1781860091.231831,104.06685587,81.73547791,67.83828272
6,1781860091.313932,104.12707631,82.16877257,68.19362673
6,1781860091.372954,103.55511595,84.43663612,67.30226520
6,1781860091.500223,105.63311313,86.21218985,68.59741910
6,1781860091.523836,108.17492636,88.16633687,69.44728070
6,1781860091.588096,111.03277713,90.95999172,74.94551926
6,1781860091.636331,113.01257184,92.30489269,75.16854392
6,1781860091.714225,116.82730933,95.30825057,76.54523173
6,1781860091.765882,121.97621726,97.73181702,78.02672474
6,1781860091.858628,124.86876020,99.91970187,79.60048021
6,1781860091.956389,125.07326686,99.85626021,79.63314720
6,1781860092.004398,126.59786406,100.82368865,80.48199694
6,1781860092.050948,124.23694521,102.26024250,75.75506746
6,1781860092.114997,123.21317720,100.26857466,74.07434238
6,1781860092.172708,122.82506690,100.16936287,73.90363068
6,1781860092.267230,122.86807854,100.21065593,74.99793184
6,1781860092.329577,121.35909244,98.75003884,73.10318649
6,1781860092.381943,125.64116824,99.67000895,78.67673506
6,1781860092.491399,120.50966490,98.30233373,73.16171025
6,1781860092.547356,123.08716985,98.00398333,76.76827260
6,1781860092.596061,121.23495011,98.79313114,77.75344680
6,1781860092.673539,124.31515561,99.05358330,77.66065419
6,1781860092.732425,121.54393590,99.22477248,74.27052657
6,1781860092.775415,124.23458098,99.29973998,78.25426939
6,1781860092.817067,121.06684231,98.39649885,73.66889310
6,1781860092.907318,121.62992000,99.19133304,78.73950560
6,1781860092.969543,124.00649506,98.63363686,77.82429369
6,1781860093.065831,125.10147013,99.49050930,77.95470668
6,1781860093.132772,123.55735396,98.32288429,76.88748183
6,1781860093.196176,122.54329627,97.30684189,76.20424262
6,1781860093.237571,121.78994915,95.95144507,74.54642247
6,1781860093.300014,119.82562147,94.51418142,73.54546893
6,1781860093.355594,118.80146914,93.30520988,72.34058025
6,1781860093.463199,116.97519166,91.69405987,70.08627933
6,1781860093.528898,113.32474803,90.70523528,65.80568974
6,1781860093.597621,115.64370793,89.80353268,68.96831531
6,1781860093.627014,113.35764274,90.66654790,66.65133342
6,1781860093.705575,117.24189143,91.64665925,71.01874123
6,1781860093.760890,113.95051773,91.12853153,70.09500262
6,1781860093.855033,114.61015081,88.36424338,67.95416723
6,1781860093.962330,111.71326838,86.42816242,67.50766558
6,1781860094.017846,107.80452187,83.10118138,65.15164353
6,1781860094.052447,96.09367978,74.86721580,59.77624447
6,1781860094.114920,93.59213777,71.67521965,58.38275567
6,1781860094.163806,92.74949587,71.46303584,59.80004705
6,1781860094.250278,92.32546919,72.67652641,59.83690328
6,1781860094.325574,99.75570823,75.85407469,61.14517156
6,1781860094.398965,103.33213901,78.32509636,62.84135163
6,1781860094.484254,106.38624086,81.18833803,63.50929611
6,1781860094.531666,110.25429689,83.53010541,65.95406250
6,1781860094.577134,112.79159725,86.55339418,67.52645486
6,1781860094.664555,113.62928613,90.11879896,66.83239542
6,1781860094.723913,117.85056836,90.29541360,70.65058926
6,1781860094.785319,114.32535550,90.20548746,66.67245766
6,1781860094.846408,114.39812375,87.10611124,68.38037301
6,1781860094.939898,107.29892543,84.18666520,62.85315443
6,1781860095.002651,110.84342340,83.95790453,66.83602990
6,1781860095.073227,111.59553336,84.73955673,67.28221727
6,1781860095.130749,110.19087715,86.83607915,66.33117997
6,1781860095.202053,113.87474013,87.93394760,70.95176278
6,1781860095.247921,114.12812439,87.83079307,70.74966696
6,1781860095.304612,109.52152672,86.52886646,65.33965696
6,1781860095.358121,110.88758952,84.92754140,68.33994607
6,1781860095.451178,106.03930368,83.35614407,64.56795245
6,1781860095.534532,111.47709756,85.23890221,68.99889132
6,1781860095.586432,112.61778205,86.79435746,70.53024654
6,1781860095.629077,111.15626058,88.30674590,67.11608897
6,1781860095.697037,117.03637196,90.67644560,72.40776222
6,1781860095.758173,118.47440553,91.85380501,73.92949529
6,1781860095.852294,118.28929742,91.89782996,73.59405002
6,1781860095.946026,115.26862126,92.12583254,70.13496738
6,1781860096.012438,118.14832079,91.84512803,73.25837392
6,1781860096.065719,116.81358372,93.29432847,70.29026441
6,1781860096.107174,121.04258675,93.94850010,75.72611809
6,1781860096.161900,123.56793329,97.14870920,78.40911360
6,1781860096.259151,125.00126212,101.72056590,79.14366687
6,1781860096.335650,120.80815246,98.00085026,75.58598778
6,1781860096.406736,121.14743550,98.13309463,75.49601535
6,1781860096.517718,120.73265259,98.04323390,73.81354512
6,1781860096.540842,122.77795307,96.02735456,75.85202066
6,1781860096.568115,123.17998967,96.82265309,76.64531205
6,1781860096.660237,120.31528500,96.02928423,77.14025579
6,1781860096.719567,122.24268561,97.82836342,78.60088826
6,1781860096.780011,122.03267908,97.47735952,78.63841262
6,1781860096.847706,120.29131044,95.44086337,76.36530950
6,1781860096.924837,120.56120502,95.90188899,76.66062105
6,1781860096.967063,117.60986552,95.89106239,77.35553234
6,1781860097.062956,117.96182589,93.38429456,75.31090536
6,1781860097.123708,115.92468157,94.15504885,71.80139640
6,1781860097.186093,121.05647681,96.08898573,76.84259728
6,1781860097.249523,120.74781884,98.65005265,74.26726383
6,1781860097.305190,126.50733108,100.82864942,80.44793618
6,1781860097.375829,121.94685008,99.59556267,79.52489929
6,1781860097.471166,122.61538457,97.64186622,77.50973154
6,1781860097.535459,122.15814004,97.54547868,77.12762711
6,1781860097.585688,121.95846073,96.25165861,76.65365513
6,1781860097.650098,121.72734483,96.39188107,75.43464569
6,1781860097.712445,122.08875207,95.99977990,75.60074625
6,1781860097.779319,123.02864139,96.77363144,76.73024118
6,1781860097.865375,122.12275988,96.24418653,75.54958726
6,1781860097.960895,121.44510025,95.10913216,74.87486518
6,1781860098.027020,118.91393750,95.41677877,75.55898289
6,1781860098.074878,122.41045911,96.20634761,75.36180740
6,1781860098.126186,117.75063917,94.72125331,71.15548315
6,1781860098.169469,120.70821535,94.90752368,75.25800241
6,1781860098.260213,124.23870750,99.17445529,80.06711337
6,1781860098.322801,125.27235618,100.29399821,80.22914421
6,1781860098.404595,124.96164373,99.83721062,80.08652571
6,1781860098.509506,124.27377998,99.49322095,80.63569617
6,1781860098.566140,124.12568641,99.65742728,81.06188389
6,1781860098.613947,120.85207337,99.02495380,80.63878354
6,1781860098.654879,124.01898090,99.52361346,80.85613095
6,1781860098.715757,122.33180407,100.27042827,81.79624817
6,1781860098.779114,124.01260963,99.95817381,81.69840483
6,1781860098.841296,121.88103496,100.24358096,77.58818320
6,1781860098.935145,124.20091714,99.59050612,80.70638681
6,1781860098.995847,120.21954422,98.50572626,76.42727083
6,1781860099.053666,118.22232465,96.61754703,79.02861019
6,1781860099.132517,120.64029909,95.74678769,76.62887749
6,1781860099.195172,119.91383769,95.00064945,76.53253819
6,1781860099.239497,117.34411703,96.06481575,72.87502258
6,1781860099.301261,119.76735871,95.18454502,76.98768382
6,1781860099.363179,116.33311994,94.45236351,76.50152464
6,1781860099.453242,119.65690179,94.20849971,76.80596640
6,1781860099.522281,117.64063156,95.73776041,73.75773452
6,1781860099.582428,120.23053371,95.45166381,77.72855121
6,1781860099.654826,118.21105224,96.11177262,74.19380339
6,1781860099.702640,121.25664528,96.82816657,77.98993641
6,1781860099.776422,122.41091320,97.60767191,78.55245483
6,1781860099.867404,122.16655999,97.44835055,78.41292013
6,1781860099.936005,119.07278110,97.13430690,74.85712575
6,1781860100.000468,117.48588184,95.65968541,73.81478111
6,1781860100.058264,120.91432825,95.42346962,77.47960576
6,1781860100.127254,117.48678088,95.21798388,72.87378093
6,1781860100.167518,121.10942140,96.54493731,78.32312326
6,1781860100.262490,121.26258871,96.29236477,77.74205880
6,1781860100.322472,118.41104761,96.64345202,73.73680063
6,1781860100.385157,121.47296407,96.48163721,78.52705744
6,1781860100.475785,121.29069991,96.33036855,77.48663709
6,1781860100.525573,118.38619248,96.35396539,73.95644059
6,1781860100.568965,121.33426294,96.23896157,77.40663942
6,1781860100.662400,121.06636136,95.91235312,78.07496859
6,1781860100.726198,118.00501830,95.82603766,73.10340207
6,1781860100.787112,118.74941927,95.88125141,77.09037088
6,1781860100.834205,122.13924473,96.99711682,78.34940836
6,1781860100.926284,119.50512395,97.48278839,74.89773997
6,1781860100.990370,123.69675607,98.45699811,80.12886421
6,1781860101.066693,119.92543695,97.54358431,73.92180684
6,1781860101.128784,120.24526227,94.99647634,76.00550577
6,1781860101.197068,116.46134164,93.51505899,70.47984505
6,1781860101.240511,117.12851671,91.24381527,73.22507507
6,1781860101.286683,116.17394992,90.37039592,72.02898174
6,1781860101.361711,113.76949960,90.85971068,69.33375491
6,1781860101.455480,120.59441148,94.76112506,76.11586541
6,1781860101.518515,121.53165990,95.87074100,77.46899857
6,1781860101.592449,121.26476066,95.81802212,77.61697265
6,1781860101.642848,121.40361163,95.96625941,77.55421555
6,1781860101.689221,121.48694542,96.07576066,78.20555681
6,1781860101.773200,118.82172976,96.53107622,73.99315173
6,1781860101.858080,122.36551266,96.69505604,78.40566270
6,1781860101.948551,122.27401247,96.73057596,78.09659012
6,1781860102.012573,118.55916906,96.77231771,73.85229089
6,1781860102.076775,122.30933312,97.14269183,78.26886401
6,1781860102.120706,122.85195058,97.32484375,78.57847653
6,1781860102.182306,122.67041932,97.62874334,78.51632433
6,1781860102.255380,123.17501684,98.07390964,78.72693802
6,1781860102.318699,122.40335233,97.52465097,78.21093750
6,1781860102.382443,122.57209955,97.29955671,78.37026219
6,1781860102.469831,119.44905715,97.44331698,74.12323623
6,1781860102.535157,119.18642726,97.06469308,74.03189172
6,1781860102.598425,121.44482285,96.33165570,77.13157753
6,1781860102.656220,121.02051869,95.23775548,76.14133287
6,1781860102.720845,119.60001306,93.85957229,74.78854141
6,1781860102.782912,119.82399565,93.85042709,74.84188090
6,1781860102.828515,117.08044214,94.19749538,71.50980367
6,1781860102.922272,120.58371693,94.73221695,76.08726172
6,1781860102.982804,121.05415947,95.43727876,76.63687096
6,1781860103.059937,121.19458845,96.09942233,76.88047199
6,1781860103.128498,121.37919274,96.27429038,77.23593791
6,1781860103.186152,118.66646289,96.71646146,73.71460363
6,1781860103.230819,122.35408690,97.41704306,78.55500782
6,1781860103.274979,122.41122204,97.57124034,77.82987430
6,1781860103.378046,122.69467850,97.25370191,78.06269749
6,1781860103.468799,123.00786073,97.82240604,78.55257222
6,1781860103.534018,123.40061760,98.39908427,78.94101536
6,1781860103.596756,123.35502745,98.40941305,78.64288825
6,1781860103.634021,123.87060379,98.64364926,79.36588567
6,1781860103.704726,123.74574732,98.53434248,79.20425511
6,1781860103.764585,123.98919534,99.35845151,79.47921970
6,1781860103.870440,124.86501361,99.23297349,79.67266987
6,1781860103.955466,123.88225306,98.62439805,79.48180965
6,1781860104.022845,123.00029017,97.72871364,78.04907635
6,1781860104.065645,121.49561599,96.25550736,77.05667870
6,1781860104.132593,119.95123104,94.70399447,75.04594368
6,1781860104.191067,120.20346726,94.59111369,74.84335592
6,1781860104.270048,119.07445241,92.91146724,73.75286196
6,1781860104.330851,119.54628877,93.64922595,74.90435685
6,1781860104.398352,119.73583485,93.96406006,74.32516269
6,1781860104.486236,119.11447135,93.45304778,73.59032024
6,1781860104.547309,120.43500843,94.55868223,74.92029684
6,1781860104.611994,120.84333148,95.37263701,75.40100756
6,1781860104.674859,120.58515267,94.95048295,74.80368429
6,1781860104.719703,120.11285536,94.53286124,75.47686810
6,1781860104.782351,120.84371265,95.66634183,75.71239078
6,1781860104.846387,119.29723697,93.51236364,74.69507320
6,1781860104.921458,119.75659228,94.07753727,74.84714807
6,1781860104.983671,120.09943983,94.11038873,74.44181241
6,1781860105.059316,121.00750889,95.11828489,75.38616602
6,1781860105.121698,121.54990675,96.21852633,76.68730658
6,1781860105.186524,122.89401080,97.13767181,77.15493452
6,1781860105.249276,121.94394399,97.05463296,77.80972529
6,1781860105.293785,121.46487092,96.16783480,77.92039509
6,1781860105.354237,120.93160410,95.82539550,77.32434336
6,1781860105.466675,122.11031643,97.17770683,78.48930589
6,1781860105.538001,122.79911842,97.68581454,78.58931367
6,1781860105.574116,122.78946820,98.06103242,79.25535800
6,1781860105.633835,123.60745024,98.69959310,80.10109347
6,1781860105.699827,124.43507196,99.71864193,80.75256682
6,1781860105.771597,121.95245636,100.59778844,76.81148542
6,1781860105.864418,124.63370008,99.99800477,80.89367568
6,1781860105.956078,124.25324072,99.87436519,80.31486102
6,1781860106.018476,124.23539353,99.66083981,79.94503308
6,1781860106.082843,123.67393914,99.20589591,80.20994179
6,1781860106.148750,123.69017816,98.87384316,79.21613167
6,1781860106.195997,120.16092814,98.04128923,75.14805654
6,1781860106.267189,122.77296517,98.41287756,79.42795500
6,1781860106.327474,118.91628953,97.09682440,74.72363428
6,1781860106.390445,123.38986959,98.80679576,79.96246894
6,1781860106.463481,124.35779408,99.57179264,80.08733979
6,1781860106.530828,124.96172890,100.14339904,80.95524946
6,1781860106.577028,124.97447826,99.61952564,79.45690111
6,1781860106.671854,123.92637795,98.58277015,79.41497617
6,1781860106.747482,122.50241408,97.02032436,77.92572975
6,1781860106.787616,121.55103979,95.86646510,76.97863732
6,1781860106.845281,113.87307281,91.69441098,70.19070765
6,1781860106.916478,109.67620120,84.72256863,68.31782826
6,1781860106.962366,93.52743937,73.63908129,58.07008854
6,1781860107.067662,74.92271612,62.50614388,53.21265004
6,1781860107.136236,70.95004845,59.25540956,51.52501866
6,1781860107.185559,71.06774013,58.91262210,50.58569902
6,1781860107.248332,72.12428194,59.49069340,49.85268061
6,1781860107.310337,72.54904939,59.26146992,48.87972009
6,1781860107.369917,72.36885721,58.86075575,48.49025742
6,1781860107.460677,74.90174725,60.50739190,48.20101055
6,1781860107.528718,82.86623159,65.38796103,50.03149725
6,1781860107.592650,88.68373356,69.02888022,51.48557374
6,1781860107.640902,96.70470188,75.71593844,55.96689111
6,1781860107.688133,102.08262507,81.22653839,64.77699021
6,1781860107.760262,97.35253501,81.50214009,62.59590446
6,1781860107.867902,96.26581516,77.62409681,64.56034428
6,1781860107.961441,92.34679969,75.88041214,59.13907331
6,1781860108.023244,95.15735731,74.51407808,61.64679987
6,1781860108.077338,95.45699105,74.45275951,60.85417290
6,1781860108.103513,94.48479138,75.00127104,57.47392192
6,1781860108.168158,99.01399478,75.93519421,61.14444961
6,1781860108.260976,96.95930260,76.33566529,57.23766813
6,1781860108.321172,101.95513243,77.78847063,61.73826454
6,1781860108.386051,99.85879609,78.47469216,58.46749466
6,1781860108.475013,104.33318813,79.48601133,62.22130122
6,1781860108.537189,103.07714641,80.41237252,59.13151446
6,1781860108.580706,108.04668938,82.44591580,64.29284732
6,1781860108.662654,108.73412084,82.98666639,64.51863647
6,1781860108.728148,108.49053737,83.26988680,65.44120814
6,1781860108.786928,110.49229499,84.67494973,65.71151716
6,1781860108.833742,109.87840513,83.90919829,66.36633221
6,1781860108.926894,109.68584338,84.10419786,65.65924487
6,1781860108.996101,110.35800178,84.31930634,66.89044137
6,1781860109.064424,110.90661214,84.98472534,66.77872338
6,1781860109.129059,110.94592460,84.86014892,66.36008813
6,1781860109.189693,111.55321286,85.67079800,66.58802260
6,1781860109.236104,112.35736858,86.29455187,67.05520757
6,1781860109.280492,113.39623643,86.89007782,67.92772871
6,1781860109.358721,114.87494598,88.34034555,68.14660362
6,1781860109.465857,115.28799223,88.93906858,68.67819487
6,1781860109.531528,115.30569615,88.86231217,69.88863476
6,1781860109.592441,116.10144355,89.85013797,69.91498429
6,1781860109.635621,116.10602070,89.86748355,69.89245912
6,1781860109.703052,116.48888660,89.81324272,70.10041281
6,1781860109.768679,112.99670632,90.26925167,66.45545670
6,1781860109.860044,116.10440187,90.12089600,70.26056812
6,1781860109.945389,116.42500568,90.03202964,70.18274840
6,1781860110.008065,113.64730897,90.52236350,66.84477952
6,1781860110.070342,116.75000685,90.45482470,70.83867816
6,1781860110.132895,114.25360727,91.59424349,68.93155864
6,1781860110.193372,117.20123537,91.49206309,71.73173078
6,1781860110.256555,116.25475808,89.98875812,71.03201828
6,1781860110.323368,115.47691653,89.80947081,69.97862593
6,1781860110.389438,113.36664601,90.12486509,66.96883454
6,1781860110.477323,117.00919064,90.36237038,71.43692409
6,1781860110.522767,116.14343878,90.25608316,71.43238137
6,1781860110.571497,117.18080767,90.98688410,71.64437080
6,1781860110.665245,117.00240854,90.94468474,71.89376934
6,1781860110.724150,116.68112848,90.91598450,72.17643154
6,1781860110.790643,117.98431355,92.21871812,72.99138052
6,1781860110.834603,118.66321140,92.30643523,73.53463569
6,1781860110.912593,114.89363611,92.51367098,69.61920674
6,1781860110.972539,118.91306281,92.71173440,73.50310262
6,1781860111.065492,119.18874888,93.36755772,73.61116862
6,1781860111.128257,119.75648481,93.83208598,73.77784220
6,1781860111.188668,120.49375493,94.13348369,73.96961675
6,1781860111.255673,119.56862308,93.68953425,74.44057044
6,1781860111.298758,119.36737192,93.26132069,74.68796030
6,1781860111.359124,118.74982667,93.25442805,73.77388692
6,1781860111.466844,116.02283922,90.42103392,71.11609802
6,1781860111.535404,114.58594517,88.77111512,71.02076800
6,1781860111.586877,112.13246760,86.67896988,68.34812312
6,1781860111.628548,109.38955239,84.63644257,66.00419257
6,1781860111.687411,109.11200054,83.69225237,65.20874064
6,1781860111.764789,107.69080086,82.98668056,64.39201086
6,1781860111.856513,107.90364572,83.24873215,64.90926082
6,1781860111.945205,104.40615677,80.68472157,63.12270339
6,1781860111.993739,105.93295600,81.25279792,63.13337211
6,1781860112.061079,104.41861240,81.26317561,63.79915086
6,1781860112.104324,99.28722551,78.73766605,61.54733114
6,1781860112.165876,101.32105663,80.56328721,62.25994208
6,1781860112.249673,102.06740037,78.56347421,64.26198875
6,1781860112.334170,100.58084042,77.62885196,64.50877034
6,1781860112.403152,101.66855569,77.99820937,63.26416765
6,1781860112.502870,98.77459750,76.92068887,62.50344155
6,1781860112.551305,91.60963807,73.07717399,56.49197927
6,1781860112.615404,91.53688451,69.54303058,56.96687456
6,1781860112.656456,86.49325035,64.31085119,51.97091555
6,1781860112.716609,83.07909336,60.47206950,46.52939826
6,1781860112.792642,84.65592785,60.92410040,44.74008812
6,1781860112.860742,91.49197786,67.10968050,50.10930974
6,1781860112.949487,96.01617529,74.00245717,57.65174896
6,1781860113.013427,102.33189573,79.04227176,61.79581861
6,1781860113.057950,108.60957876,82.64298917,65.12637659
6,1781860113.121728,112.47504453,89.15578366,66.58057200
6,1781860113.194412,112.16376872,87.87974789,64.41497429
6,1781860113.244882,111.00357677,87.41062122,62.83689595
6,1781860113.287311,110.42340594,86.34647243,61.79333080
6,1781860113.368516,111.06294734,86.95427059,63.05664906
6,1781860113.457771,113.64220474,90.05991484,66.08912651
6,1781860113.516110,116.98376941,93.28470609,69.58054086
6,1781860113.577427,118.63069117,94.80706107,71.45957432
6,1781860113.638671,117.63074073,93.79233449,69.29618166
6,1781860113.702143,113.90814028,89.88547867,63.82085320
6,1781860113.765049,113.39983189,88.96862640,63.74918947
6,1781860113.856752,139.83895242,107.44573838,79.57148069
6,1781860113.950822,115.26169685,89.49978752,66.03638077
6,1781860114.019777,111.22839608,88.18763253,64.17458931
6,1781860114.059740,107.36025102,83.90168027,57.90777247
6,1781860114.103776,103.22517570,79.62109505,55.40068906
6,1781860114.171763,110.30351482,82.92928704,59.24828857
6,1781860114.264555,108.30152374,80.17693869,53.12172640
6,1781860114.341965,112.08916257,83.10265505,55.05769419
6,1781860114.397313,116.69734990,87.46044332,59.51157738
6,1781860114.501522,115.96546640,87.24165145,59.85538290
6,1781860114.544145,117.04104827,90.44785996,57.88949025
6,1781860114.566917,122.88448505,95.38399638,65.76187606
6,1781860114.666551,133.52463000,102.67507634,76.94578370
6,1781860114.728709,134.01045302,103.65430002,76.49642725
6,1781860114.798433,133.52057256,102.50851947,75.74583055
6,1781860114.863439,132.51207565,102.15195240,75.34696144
6,1781860114.940378,130.49642412,102.85209894,73.21551523
6,1781860114.997392,134.63284070,104.31949339,77.45860864
6,1781860115.061300,136.20185252,105.83072440,80.33674699
6,1781860115.119387,135.15439032,104.54353486,79.14875797
6,1781860115.181321,136.79625128,106.17822695,80.30896850
6,1781860115.243081,136.94909423,106.90758115,81.54663714
6,1781860115.304122,137.86856990,107.42269363,82.28778886
6,1781860115.365349,136.56377675,105.57884415,80.01748980
6,1781860115.457619,134.74318829,103.70985739,77.53642080
6,1781860115.522442,134.56821234,103.58852534,76.86206621
6,1781860115.582114,134.25532654,103.12649825,76.36553302
6,1781860115.648976,133.27423053,102.50838431,76.58890966
6,1781860115.693814,133.15826233,102.16626048,75.72693704
6,1781860115.773296,137.89999789,106.56999462,79.49310764
6,1781860115.866199,136.79395366,104.96373405,78.64908771
6,1781860115.961283,135.44016115,103.59742517,77.24005019
6,1781860116.022377,135.46847479,103.59619867,76.84729112
6,1781860116.066699,135.68677219,104.13699090,77.48396120
6,1781860116.130646,135.66894425,103.99515483,77.77415242
6,1781860116.177135,135.57235508,104.18553981,78.82865147
6,1781860116.254669,137.45011430,106.15964969,81.11040964
6,1781860116.327435,137.29481814,106.43143258,81.17693073
6,1781860116.393995,136.11135979,104.68617095,79.43397711
6,1781860116.482355,135.17435488,103.58336843,76.43077705
6,1781860116.545819,131.47293180,99.40321787,70.59192896
6,1781860116.612653,131.19920293,95.87411790,67.90142298
6,1781860116.676628,124.42844051,91.60241903,58.69950825
6,1781860116.738031,119.76448373,88.70747053,58.77342885
6,1781860116.783447,120.16610686,88.70689263,57.96547440
6,1781860116.830418,119.79618622,88.18372523,57.46432186
6,1781860116.927180,128.48059320,96.06706492,64.33348602
6,1781860116.977788,154.98918725,117.31791099,80.65529264
6,1781860117.066711,143.41920095,112.35779608,76.60414546
6,1781860117.141594,138.26391726,105.96535068,70.93214399
6,1781860117.209652,144.72735398,108.15262410,75.98200860
6,1781860117.250840,148.72794630,112.09086317,80.23240621
6,1781860117.312330,152.55703927,115.90745398,78.89029346
6,1781860117.390552,154.18131537,118.81454938,82.20864746
6,1781860117.462902,133.90097739,87.70759160,51.23205433
6,1781860117.525145,132.08862941,87.18460005,54.39532924
6,1781860117.586375,118.68932959,84.15775646,48.88877333
6,1781860117.648445,129.46707899,93.08093012,53.67754778
6,1781860117.720448,133.62764091,100.42081606,60.69014308
6,1781860117.784694,137.47231418,100.13920088,64.18619763
6,1781860117.868366,158.69554184,120.99378172,87.75779974
6,1781860117.965659,156.88621607,120.14085993,85.59100984
6,1781860118.019056,159.35082074,123.11611154,89.38174678
6,1781860118.088850,161.07030855,126.12760588,95.44197032
6,1781860118.129935,169.12482307,133.10609456,104.88166393
6,1781860118.181412,167.79623380,136.37447947,109.53540275
6,1781860118.272489,162.56827797,131.06024190,103.78352415
6,1781860118.332278,152.68957383,120.26220660,88.91937914
6,1781860118.398508,154.61855332,122.79648157,96.55493806
6,1781860118.485377,155.95478661,123.42128587,95.03368327
6,1781860118.525020,159.32022592,124.34716450,99.24808587
6,1781860118.592549,158.65976823,124.66248016,102.38829760
6,1781860118.673949,155.50744710,122.47522309,101.37774432
6,1781860118.726703,152.43524981,119.73197919,100.15480761
6,1781860118.788627,146.19085577,117.11202137,95.62688620
6,1781860118.847347,140.38879305,111.62555909,90.31106692
6,1781860118.944587,143.72012726,114.71392154,94.17776842
6,1781860119.006508,138.22615530,109.56403183,89.07352896
6,1781860119.065509,132.73382061,104.46756118,84.52973811
6,1781860119.128371,127.36167760,99.41886783,78.95037200
6,1781860119.190187,121.20383392,93.51550220,73.64931603
6,1781860119.255785,114.72565143,88.27832963,69.29049190
6,1781860119.314816,115.01232043,88.47261520,69.40758847
6,1781860119.377634,115.04104758,87.87057545,68.54403223
6,1781860119.466150,114.66479621,87.84122882,68.33134795
6,1781860119.535853,114.08498322,87.24574117,68.20364043
6,1781860119.598131,113.53443679,87.10043175,66.68307276
6,1781860119.643820,113.81462721,87.34874509,68.05231830
6,1781860119.683912,117.26691208,90.75037802,70.27266826
6,1781860119.766296,109.12258589,86.06434631,62.16189044
6,1781860119.861331,88.50337289,63.58379202,40.76439303
6,1781860119.932947,97.38534634,71.63149104,53.08876343
6,1781860119.996056,101.41595748,77.95697643,55.03597124
6,1781860120.043052,104.95915390,77.48138002,54.71926857
6,1781860120.106749,104.09061598,79.93499356,56.23896864
6,1781860120.169017,103.98864690,80.19928390,57.26554715
6,1781860120.256213,111.45977419,90.44920966,73.14469139
6,1781860120.317084,113.71126183,92.82964907,72.95693936
6,1781860120.410962,119.88347049,98.28447466,78.21523306
6,1781860120.498154,129.51839200,106.87247369,87.34396536
6,1781860120.537787,133.96932118,111.99285394,91.57156271
6,1781860120.606116,141.07203658,114.89727743,94.02616903
6,1781860120.662881,140.13168182,119.72361547,105.82861299
6,1781860120.831491,130.53159503,99.08082330,79.48878942
6,1781860120.908546,128.25043965,97.98567164,74.52177121
6,1781860120.969520,137.43249955,113.00185888,88.81997657
6,1781860121.062970,125.31760895,103.82257576,84.81631931
6,1781860121.126334,140.06145317,113.56745471,89.78664704
6,1781860121.185779,132.50124382,100.12960091,73.57281446
6,1781860121.231186,134.74544084,101.52876944,75.49884746
6,1781860121.279134,125.28668188,92.01809644,64.82076552
6,1781860121.375220,125.95465998,93.34539797,66.95858875
6,1781860121.464944,126.52599436,92.76614962,67.84308813
6,1781860121.530081,141.17422274,108.65206134,78.04674137
6,1781860121.592468,153.21650022,121.34622500,90.67678678
6,1781860121.637020,156.08747222,125.24363241,96.36928025
6,1781860121.697154,147.40914142,119.63184336,94.79836052
6,1781860121.760623,132.21692702,102.94897797,80.63279354
6,1781860121.867547,133.70336557,101.79653478,75.62237763
6,1781860121.960278,136.48134226,105.65983934,80.41485855
6,1781860121.986988,137.49199800,106.45642444,82.04243581
6,1781860122.037719,137.93730517,107.09233545,82.29439136
6,1781860122.082755,138.71638102,108.51921846,83.87576877
6,1781860122.178149,131.91523014,101.79100296,78.06032567
6,1781860122.265524,129.85123228,99.31084940,73.98908091
6,1781860122.331619,124.74162889,94.76190799,69.99944839
6,1781860122.395687,122.21090216,92.31077867,72.65689296
6,1781860122.485138,118.14344445,91.66974275,68.93427285
6,1781860122.528280,118.59324669,92.33315724,69.27713688
6,1781860122.583239,118.95557524,92.79670269,69.75085885
6,1781860122.667167,120.42067833,93.90455358,71.38106264
6,1781860122.728129,120.69050586,94.47028232,72.61443877
6,1781860122.792769,121.41127847,95.65449307,73.24645613
6,1781860122.835166,122.22300135,96.02022310,73.32557147
6,1781860122.927085,123.84179224,97.72801765,74.13517371
6,1781860122.991549,127.36953382,97.83778708,78.41008487
6,1781860123.056888,128.55863306,99.18550897,78.96862885
6,1781860123.142090,129.33980783,100.02217943,79.89905187
6,1781860123.203163,130.11443863,100.09900104,74.73123623
6,1781860123.245343,128.93929512,99.52384223,74.61946552
6,1781860123.292209,128.49646278,98.41169200,73.29367232
6,1781860123.376907,129.63108045,99.69613269,74.54946494
6,1781860123.466189,129.50535981,99.94745386,75.31048399
6,1781860123.525357,129.88991414,99.96952889,75.45542218
6,1781860123.581545,132.52302750,101.72863937,77.94854948
6,1781860123.648702,131.01305441,100.14360271,75.07103447
6,1781860123.692793,127.81014806,96.03647114,67.74701716
6,1781860123.775294,120.35487792,91.39235868,62.80928591
6,1781860123.866924,122.19120747,92.41955225,64.48529646
6,1781860123.954760,120.19574784,91.22729235,62.30505230
6,1781860124.000747,119.85217375,90.34488587,64.92340729
6,1781860124.068864,117.61231625,88.10622261,62.99255372
6,1781860124.113015,116.92962911,87.36971240,61.60034575
6,1781860124.162440,118.65534864,87.90743030,59.42662113
6,1781860124.262732,125.97774216,95.68450417,68.10853539
6,1781860124.326955,130.92432885,98.78036423,73.14174937
6,1781860124.398642,140.85770053,108.42019456,84.25595469
6,1781860124.479238,141.28304838,109.32434761,81.54526664
6,1781860124.530367,143.18867311,111.26840376,83.23905887
6,1781860124.577213,141.22574415,109.32955019,81.43467762
6,1781860124.670455,139.12113941,107.05796229,79.26451432
6,1781860124.728460,139.61003633,107.60036809,79.19494580
6,1781860124.793111,141.42487442,109.17298417,80.51468376
6,1781860124.821911,141.38873848,108.87759274,80.40141149
6,1781860124.915418,141.11015390,109.16733378,80.82512078
6,1781860124.968233,140.86469953,109.26252137,81.59826974
6,1781860125.058694,145.31954529,110.81606328,87.48616038
6,1781860125.136933,143.78642432,112.57360285,85.49037036
6,1781860125.198757,145.13774984,113.95847297,87.60219788
6,1781860125.243339,145.34126394,114.04193547,87.73214918
6,1781860125.295615,138.39341526,107.35525554,81.71220634
6,1781860125.381427,138.95966839,107.36898521,82.09431858
6,1781860125.464411,133.22937171,102.80041865,78.16686768
6,1781860125.520634,126.16914081,96.20078429,72.47553833
6,1781860125.596140,120.33516329,90.44110211,66.66543147
6,1781860125.647440,122.80097160,92.38967714,67.43711092
6,1781860125.697768,122.67316548,91.55236353,70.70781861
6,1781860125.769342,121.29351453,90.51449737,70.00301693
6,1781860125.862572,119.22109011,88.97736328,68.09114645
6,1781860125.935137,117.22732803,87.21011113,66.29098871
6,1781860126.002814,114.85123624,84.43753083,63.44955459
6,1781860126.043671,111.65699184,81.57454158,60.64100566
6,1781860126.091024,107.61241962,77.92964845,57.88626550
6,1781860126.165917,106.42883230,76.72878051,56.20127810
6,1781860126.263741,107.90630585,78.04441607,57.05780984
6,1781860126.326765,104.49540218,77.68014828,53.73094699
6,1781860126.410295,106.86342499,79.83786172,54.39991750
6,1781860126.492275,106.61277502,79.43110665,54.29597593
6,1781860126.539365,109.55483040,79.58573020,57.20057432
6,1781860126.585015,108.50365350,78.76365085,55.95081481
6,1781860126.666726,106.71762364,76.78646052,54.88199719
6,1781860126.725892,106.21473494,76.31569546,54.17046895
6,1781860126.786314,109.38962476,79.02628472,57.40373158
6,1781860126.831989,114.57149865,84.00825411,61.81509174
6,1781860126.927112,125.14774767,90.47777216,65.81691494
6,1781860126.992840,122.42304977,90.30239241,66.90052134
6,1781860127.057194,122.59773793,90.77520541,66.61695165
6,1781860127.125901,121.07279726,89.33276291,66.53202555
6,1781860127.188788,122.25329284,91.06580540,67.41897312
6,1781860127.234951,121.88989198,91.26463945,67.79472302
6,1781860127.281042,123.46563425,92.77333374,69.17808847
6,1781860127.404381,121.84100609,91.05678587,68.33728140
6,1781860127.483020,113.65474548,84.50152338,62.58465812
6,1781860127.539278,112.30643245,82.89194514,61.87155396
6,1781860127.598757,111.00476588,82.23826064,64.28000004
6,1781860127.652023,112.73174743,83.10168931,64.43173056
6,1781860127.730864,115.47895145,85.61930546,66.32903208
6,1781860127.778259,119.65563369,88.77121184,67.62703087
6,1781860127.855945,125.10073324,94.37730048,66.83302719
6,1781860127.951333,119.97904124,91.67870706,65.20238347
6,1781860128.006515,118.64013076,90.54702692,64.49939014
6,1781860128.031921,119.14353165,90.38962743,65.20160453
6,1781860128.095043,121.71206212,92.96890693,65.91598335
6,1781860128.168669,122.53146420,94.29655154,65.93310101
6,1781860128.267914,121.72143370,92.93735560,62.35072961
6,1781860128.322118,118.22302158,89.17604337,57.91500070
6,1781860128.380379,118.31720288,89.04325140,57.99634619
6,1781860128.477439,117.56469567,88.04171846,57.16716453
6,1781860128.523868,115.33217685,85.71704119,55.00921992
6,1781860128.586968,116.57425145,84.38599531,56.91310628
6,1781860128.663601,114.15851569,81.61011813,54.34496779
6,1781860128.723858,114.11337267,81.61346024,53.93634226
6,1781860128.785352,114.10770236,81.19822683,52.93961246
6,1781860128.830319,111.32610739,80.81198583,53.10612864
6,1781860128.906081,108.17260788,78.52467270,49.53361274
6,1781860128.974292,111.74273867,80.78482402,52.65108700
6,1781860129.066188,116.02419140,84.64587930,48.97982952
6,1781860129.128384,120.25654362,88.47476090,56.51142522
6,1781860129.202227,122.34871150,93.15537382,56.59217914
6,1781860129.245989,129.52664316,96.09390332,63.61136267
6,1781860129.304791,133.85173876,97.60456352,59.87469478
6,1781860129.382737,136.31435494,99.80314309,68.57222158
6,1781860129.467288,143.31511124,111.42806576,82.45838564
6,1781860129.530100,142.02028081,111.23947032,85.60863193
6,1781860129.589010,142.26839163,109.41266996,81.08851573
6,1781860129.640950,137.46467345,105.16812148,78.64920792
6,1781860129.682111,130.32791766,98.69272250,72.35910348
6,1781860129.782273,122.23943975,90.99826801,60.89516293
6,1781860129.867402,123.30090678,91.79092668,61.53164646
6,1781860129.959359,119.09149884,88.02528854,58.13476712
6,1781860129.989929,119.88909660,88.76374237,62.44994019
6,1781860130.042856,120.39194677,88.57623295,62.61786730
6,1781860130.082697,120.41521181,88.74639931,62.19139188
6,1781860130.160587,120.55076036,88.61140829,61.14097422
6,1781860130.274793,119.98409901,88.49954882,60.76335852
6,1781860130.326957,123.13254620,91.15085681,68.25510435
6,1781860130.393059,126.49773210,95.43100648,68.52352730
6,1781860130.481874,123.91787127,95.48519504,65.39273063
6,1781860130.542725,124.91039542,96.92262705,67.46454985
6,1781860130.605602,125.51051631,97.37715506,68.53775472
6,1781860130.669011,124.68131772,97.19464983,67.27514916
6,1781860130.735278,124.41811107,96.42106699,67.77650647
6,1781860130.798302,123.98418888,95.32248917,66.56960570
6,1781860130.843395,121.51684866,93.19100642,64.74151747
6,1781860130.918655,121.70803738,92.65377612,64.04228670
6,1781860130.977775,124.20771994,92.35262928,66.98584461
6,1781860131.054318,123.37943525,92.20297544,68.58570246
6,1781860131.116736,124.49121770,93.17253837,69.28239234
6,1781860131.190790,123.14917646,92.39242876,69.30278505
6,1781860131.257170,125.35777713,91.93728919,67.52520351
6,1781860131.303449,124.29556713,92.01871630,69.53083119
6,1781860131.368734,125.56213968,94.94620357,77.76250882
6,1781860131.460659,119.55989367,93.71998306,73.99530093
6,1781860131.524720,120.80845988,97.05140739,77.54659384
6,1781860131.586090,117.38111062,94.02000077,75.60867418
6,1781860131.634816,116.54322714,93.27407407,74.56516447
6,1781860131.702230,114.80592480,91.37633413,73.43812115
6,1781860131.778502,110.08078812,87.48562314,68.60997213
6,1781860131.869729,101.34979030,80.71211316,62.17269896
6,1781860131.960979,97.18422868,73.70459071,55.45586307
6,1781860132.016740,95.07565645,67.87117576,48.99040175
6,1781860132.038478,95.88381198,66.36599348,45.79388970
6,1781860132.081074,110.48293532,78.88601935,53.51912389
6,1781860132.169213,121.83052023,88.28634923,64.46552433
6,1781860132.276558,136.26137533,101.94949380,75.28603027
6,1781860132.338527,135.96884799,104.13082210,81.10199136
6,1781860132.402401,126.89520678,97.52935908,78.99838938
6,1781860132.475816,125.91722956,96.80118807,79.40282101
6,1781860132.521411,115.65119047,87.63445287,72.63616864
6,1781860132.564920,105.61392469,79.10918004,65.20188796
6,1781860132.661144,109.86970230,83.05671461,68.14007137
6,1781860132.721492,119.91653218,92.09015332,72.79833171
6,1781860132.803383,128.51687687,99.32745776,75.96090153
6,1781860132.846790,132.54980260,102.38967205,78.67443043
6,1781860132.923984,133.43304822,102.78278227,78.42326449
6,1781860132.986946,130.61353011,99.72641874,74.39686036
6,1781860133.071166,113.61096253,85.49346949,60.01700577
6,1781860133.133105,106.90763920,78.70454497,60.29983290
6,1781860133.190874,100.23905899,77.87416215,61.77690308
6,1781860133.239800,103.15942307,78.97245361,63.02005302
6,1781860133.282004,97.78681081,79.71102637,61.90627095
6,1781860133.379033,96.24641949,80.66073521,64.66192538
6,1781860133.475454,95.23174421,84.41762295,70.17901861
6,1781860133.534924,96.98981807,85.66994885,71.33395734
6,1781860133.590877,95.43447458,82.66971450,68.23220510
6,1781860133.659428,96.93077628,82.63776869,66.00733565
6,1781860133.700863,101.53174257,81.94783798,68.87988634
6,1781860133.771105,102.88226978,81.63705146,66.76965073
6,1781860133.862193,107.88464005,82.31267203,64.10121208
6,1781860133.955999,112.30255144,82.85575817,61.86478723
6,1781860134.006534,119.80343280,84.63334203,60.70695420
6,1781860134.046526,121.65771919,86.37625656,60.51076569
6,1781860134.106184,122.94152625,86.46902261,60.34506029
6,1781860134.165129,122.10801928,86.05627090,59.15737059
6,1781860134.261481,119.48584047,85.86678426,55.02504290
6,1781860134.336140,122.36970853,85.82433356,58.95663852
6,1781860134.397767,119.80995385,86.57520274,54.61691296
6,1781860134.493713,118.66885516,85.64094042,53.53672383
6,1781860134.543638,117.02250850,84.05379290,53.25145658
6,1781860134.607985,115.88142101,83.20232306,51.46144067
6,1781860134.663976,119.58388756,85.60469267,53.00844603
6,1781860134.728641,121.19359856,87.83393921,54.31524663
6,1781860134.793490,118.46813067,86.43532110,54.82232222
6,1781860134.853419,116.01237006,84.50622124,55.17897278
6,1781860134.918856,106.70516716,77.47905108,55.47155030
6,1781860134.975204,98.94510371,71.35167161,52.51464648
6,1781860135.055449,86.63471914,61.99800071,49.93598668
6,1781860135.118898,82.83822663,62.78711842,53.20681222
6,1781860135.202160,84.16366669,63.69379969,55.00472725
6,1781860135.245261,83.15980559,63.59924589,54.63786926
6,1781860135.308745,85.78054645,63.28737723,56.26759516
6,1781860135.371704,87.36962859,65.37177148,59.07606109
6,1781860135.461772,87.47340448,65.38708698,58.15014415
6,1781860135.522785,89.35901573,66.13932022,57.84404851
6,1781860135.580959,90.09274254,66.46462960,56.57743785
6,1781860135.643817,93.23665382,68.93956608,57.20416371
6,1781860135.692503,98.94320183,74.14937659,59.81804132
6,1781860135.770389,102.65477174,77.33744711,61.52652200
6,1781860135.863192,106.46149840,82.30800037,61.91267178
6,1781860135.957088,109.78916801,85.44074317,63.61598709
6,1781860136.002945,109.07680882,84.01369338,61.93518577
6,1781860136.048865,108.61978914,83.29315446,61.13405691
6,1781860136.091749,106.99347436,81.47221364,58.25879641
6,1781860136.174356,105.41634234,80.39589753,57.45046883
6,1781860136.262820,104.17681001,78.78462245,55.41488962
6,1781860136.324814,102.46631234,77.02728552,50.24314373
6,1781860136.385192,104.95776864,75.94155572,51.43938811
6,1781860136.477243,103.98834571,74.58620910,53.91746697
6,1781860136.523915,101.27622171,74.79347526,51.28822741
6,1781860136.569664,100.85758846,75.37918521,52.66834705
6,1781860136.668887,101.51941974,79.72350695,56.95709264
6,1781860136.723895,100.04799780,79.91025663,58.12164399
6,1781860136.795750,100.97041971,78.14936770,61.51502858
6,1781860136.851430,97.97663511,77.98082197,57.22787759
6,1781860136.910730,96.89482258,77.49733119,56.69778205
6,1781860136.974751,96.87916559,76.04483000,55.48755739
6,1781860137.066171,98.04159849,73.85304323,51.78554760
6,1781860137.128573,98.38440930,72.16499255,49.46805545
6,1781860137.192382,101.11810768,73.37925291,48.59525895
6,1781860137.251325,106.77682892,76.53531201,54.53242188
6,1781860137.298891,111.98236935,81.38769795,58.40545980
6,1781860137.365686,115.64012826,84.79834249,58.25236217
6,1781860137.473719,115.30875538,85.33956993,59.71049099
6,1781860137.529044,111.22675942,84.07996828,58.42537424
6,1781860137.593051,110.32780794,83.00260789,58.27694469
6,1781860137.659798,108.90815811,82.65550986,57.72380370
6,1781860137.706597,108.31166116,81.95526509,57.75977659
6,1781860137.758318,107.67676634,81.56578118,57.33611050
6,1781860137.866803,106.86856643,80.92517677,56.85336305
6,1781860137.960851,107.23196056,80.84676872,57.19110779
6,1781860137.999413,108.42314800,82.23603396,57.22387521
6,1781860138.078777,108.34821537,82.49885057,57.79265405
6,1781860138.126114,109.39870483,83.25179058,58.00588987
6,1781860138.191998,111.98061800,84.62182443,58.35522185
6,1781860138.253673,110.36682346,82.98548909,56.50993696
6,1781860138.343436,106.16872829,81.58544858,51.73563708
6,1781860138.397663,106.83884065,81.72699049,52.30230102
6,1781860138.474237,109.41592480,82.23631422,55.45387943
6,1781860138.525670,109.99226769,82.44539032,56.07443204
6,1781860138.567486,110.23315419,83.13545169,57.13794057
6,1781860138.667229,109.92714818,82.77636156,57.12254945
6,1781860138.731581,109.00622598,82.01982865,56.02398361
6,1781860138.780944,109.83132395,83.03895279,57.12078110
6,1781860138.862576,109.95537931,83.63072020,58.11722127
6,1781860138.937656,110.43350833,83.73534099,58.23371032
6,1781860138.984690,110.53445325,83.70551907,58.11446715
6,1781860139.063437,110.55410785,83.67567330,57.76567949
6,1781860139.122034,108.14678499,81.55910576,55.57521840
6,1781860139.184845,106.89666573,80.39521088,53.50484611
6,1781860139.247421,103.79510593,79.52276725,53.89421169
6,1781860139.295929,105.71709481,79.50110751,53.27392097
6,1781860139.370104,103.91440755,79.55157736,53.65670177
6,1781860139.481883,106.57867134,79.94771867,53.59082181
6,1781860139.525157,105.82360082,79.34295590,52.98062965
6,1781860139.589809,103.03392385,78.84890071,53.21506581
6,1781860139.651176,106.61273689,80.00474610,53.49472898
6,1781860139.699838,109.15765812,79.47782203,56.79603758
6,1781860139.766745,98.33568569,71.62520171,41.74425481
6,1781860139.870780,100.92899038,72.56337898,44.12707813
6,1781860139.963922,106.97649286,79.63651179,55.95517042
6,1781860140.022809,104.01137300,80.32434341,54.81297044
6,1781860140.094175,114.36702052,86.52377434,59.57134414
6,1781860140.136016,124.34633920,93.02204580,69.03634472
6,1781860140.193598,126.79849240,98.01421809,69.64120661
6,1781860140.259707,129.04918861,99.37054107,67.02669880
6,1781860140.339094,132.39859379,102.31078001,68.68584496
6,1781860140.401955,135.13598699,101.84843951,71.56743833
6,1781860140.487846,136.38431247,103.78066298,74.90301355
6,1781860140.536232,137.49483804,108.09233327,79.00731238
6,1781860140.579499,143.87278849,115.98252771,92.03823529
6,1781860140.662342,141.99467192,111.90110959,84.08034577
6,1781860140.727646,138.20065147,105.36635071,76.96869631
6,1781860140.800876,131.46476899,98.95222927,70.09008927
6,1781860140.860674,132.10232342,99.28267261,70.30477266
6,1781860140.950930,132.33702914,99.75405284,72.03816909
6,1781860141.016918,132.90499761,100.33434602,73.12552058
6,1781860141.059762,133.22735424,100.76348636,74.32787138
6,1781860141.126336,132.41416424,100.39036707,73.80202588
6,1781860141.183548,129.99986713,97.45977547,70.46014291
6,1781860141.265515,129.23077716,96.79485428,68.76025186
6,1781860141.310211,126.82420912,93.87319717,66.02274207
6,1781860141.384232,126.95125159,94.72977636,65.36383301
6,1781860141.473373,138.77163124,108.56544356,89.19219432
6,1781860141.535176,146.84913606,117.52725204,102.64928430
6,1781860141.598922,144.84918381,117.10257460,100.15208996
6,1781860141.660969,142.17482208,112.20954137,91.04151332
6,1781860141.728097,142.34093369,114.78702200,89.28747144
6,1781860141.793414,137.58302381,110.26074421,84.41070579
6,1781860141.868966,129.22054984,101.34063154,72.18953291
6,1781860141.959856,112.03987849,82.85674231,48.75458420
6,1781860142.023450,117.36830473,87.94447083,58.52555788
6,1781860142.082908,125.14392970,98.44001274,70.27096351
6,1781860142.128317,128.61429383,98.86255920,74.80358145
6,1781860142.177523,127.78433151,98.32155646,70.77079188
6,1781860142.274991,126.20957610,97.39843652,69.29545983
6,1781860142.331397,126.27958321,97.38105805,70.07613289
6,1781860142.391472,125.78799821,96.61516157,72.50328772
6,1781860142.494439,124.92339853,95.36555077,71.25549544
6,1781860142.534844,122.96438199,93.42767844,68.83324417
6,1781860142.598090,119.29420842,89.16720649,62.85696069
6,1781860142.654097,116.02670745,85.51144100,58.00097863
6,1781860142.722500,116.62054282,86.33342607,59.61247895
6,1781860142.795129,115.72605032,85.72055165,60.66086962
6,1781860142.857641,116.08611713,86.42133881,65.35381468
6,1781860142.929766,118.52318949,88.76081831,64.18650152
6,1781860142.996785,119.67648599,89.85435175,64.76801818
6,1781860143.055287,122.13600938,92.07863233,66.87512444
6,1781860143.117537,121.88708613,91.06543952,67.08202693
6,1781860143.194709,119.63976010,88.84462167,64.12039392
6,1781860143.258769,118.44375520,87.61544382,62.92796547
6,1781860143.305639,118.02324631,86.98824377,66.26140771
6,1781860143.377498,117.85116065,86.96732731,65.03036734
6,1781860143.472453,107.80882195,76.10823272,49.90316768
6,1781860143.522674,104.94264344,73.33504566,44.46430479
6,1781860143.586015,105.53633657,76.04583363,47.52225564
6,1781860143.651384,113.86938022,80.81680988,54.37548305
6,1781860143.693822,112.00928382,79.26005160,49.53782133
6,1781860143.757024,114.33835262,83.39357349,52.92289491
6,1781860143.859950,122.30303185,87.73125418,58.28975562
6,1781860143.957249,123.99984818,91.60027948,56.96449147
6,1781860144.002436,131.69653367,95.99327563,63.00447258
6,1781860144.051898,137.44378999,100.45586887,66.16126811
6,1781860144.111252,136.60121596,102.16398113,63.94664601
6,1781860144.177010,139.96970730,102.84185368,69.42713575
6,1781860144.269871,139.58730075,102.03524735,68.45618309
6,1781860144.326462,139.06452571,101.88296237,67.14246193
6,1781860144.389041,138.56718500,100.89182535,68.30568768
6,1781860144.484732,138.59791327,101.50321364,67.73474621
6,1781860144.548403,137.87252357,100.62877948,66.66519444
6,1781860144.588485,137.82627771,101.03618226,66.85475830
6,1781860144.670235,137.11349352,100.12326208,66.85827883
6,1781860144.732935,134.98879467,101.13866504,64.43847175
6,1781860144.793815,134.75205331,101.50318414,65.79558866
6,1781860144.852730,134.34350374,100.77551590,65.24307710
6,1781860144.945264,132.56885711,99.19673286,63.75009505
6,1781860145.009010,137.12654956,100.51271306,68.64902757
6,1781860145.071690,135.72328968,99.16767449,67.07540015
6,1781860145.131898,131.11436732,96.75740506,59.73175591
6,1781860145.193308,133.50361348,95.84886428,63.17543831
6,1781860145.256642,133.27136648,96.04068191,61.77634467
6,1781860145.314703,135.25780416,97.99561069,63.66141815
6,1781860145.377477,133.29062892,99.25112538,65.93874982
6,1781860145.467493,133.60659789,100.02501132,62.97463775
6,1781860145.530327,135.59433687,100.02083023,67.23820813
6,1781860145.592414,134.10024639,101.02286498,65.34853905
6,1781860145.662829,133.90693295,101.42530682,66.02870607
6,1781860145.700089,138.11449828,102.86601367,70.55951960
6,1781860145.757329,137.95256009,105.36152836,71.30324529
6,1781860145.856555,140.53271202,104.83536829,74.76816512
6,1781860145.959914,138.60942927,103.26825088,72.22464837
6,1781860146.011776,134.89238110,103.01473546,69.08881916
6,1781860146.054312,136.74877974,101.31981262,71.48437554
6,1781860146.102522,134.01570902,98.28922982,63.19705357
6,1781860146.146416,131.15332173,95.11357461,60.05805727
6,1781860146.277222,133.37971158,98.20489820,63.00591579
6,1781860146.340668,131.50145031,98.78237235,64.89369638
6,1781860146.396166,134.59788318,100.61365480,69.86103189
6,1781860146.488765,131.07616061,101.20644661,67.01020382
6,1781860146.538324,130.35406818,102.06537343,68.75628704
6,1781860146.584533,128.22926916,99.67950045,66.10845246
6,1781860146.661287,123.04190483,95.25566225,62.60694609
6,1781860146.719655,125.14801190,93.92145499,63.98836467
6,1781860146.798961,122.31185936,90.34768234,62.11105935
6,1781860146.857966,121.84249881,88.98447986,59.12814372
6,1781860146.936429,116.90374858,85.78926856,53.14088592
6,1781860146.981928,114.88420009,81.77873088,49.14807046
6,1781860147.056915,108.36965422,74.52716722,41.04805480
6,1781860147.121976,110.48685799,76.16868891,41.86813392
6,1781860147.198291,111.80143833,77.77504822,44.61976800
6,1781860147.257619,111.67451998,78.07074803,49.45701210
6,1781860147.303353,115.81237202,80.68193207,46.30472624
6,1781860147.358444,120.99355861,85.48472776,49.87158130
6,1781860147.462357,124.80165790,89.59529389,54.47945362
6,1781860147.518847,125.52455235,90.77618724,55.58139148
6,1781860147.583587,124.77149938,90.33468258,56.85965614
6,1781860147.644703,125.45954154,90.48897398,56.65345218
6,1781860147.710904,123.42461816,89.62590865,55.61748203
6,1781860147.757613,121.66062243,88.26810247,54.18492791
6,1781860147.862098,127.56740360,95.91966134,63.19333356
6,1781860147.953357,129.20190218,98.62569779,65.67307013
6,1781860148.015968,130.58593737,99.41366652,67.18089629
6,1781860148.074786,128.04861656,95.83907736,62.53427473
6,1781860148.117051,127.90817566,94.89648532,61.78864672
6,1781860148.154758,128.26815161,94.77758192,61.54968420
6,1781860148.264741,128.03028587,93.05266814,58.40936214
6,1781860148.330288,129.57267806,90.98457041,54.29436069
6,1781860148.398751,129.55983122,90.32750717,56.21412286
6,1781860148.508880,129.49253593,90.59043936,56.47711981
6,1781860148.556316,126.94807129,90.80462266,52.24657546
6,1781860148.606976,131.13623319,92.17670024,57.31891689
6,1781860148.662810,132.49431425,93.31435177,57.94922230
6,1781860148.729735,132.17687811,93.02467352,57.57830232
6,1781860148.788698,129.45907045,93.66097435,54.94206907
6,1781860148.851880,132.43526995,93.30638445,58.18437785
6,1781860148.910445,131.15370956,92.50060019,57.91376276
6,1781860148.977144,130.39929546,91.93681627,58.05347857
6,1781860149.069806,131.42800378,92.33615819,58.76876455
6,1781860149.128477,131.02034686,92.73147438,58.22426509
6,1781860149.192304,131.69516443,92.34715544,58.66879831
6,1781860149.255757,131.42025850,92.40705759,58.38122634
6,1781860149.316752,131.26225210,92.09498108,57.36659287
6,1781860149.377586,131.60028532,92.22410537,58.18482109
6,1781860149.473135,131.49005016,92.59186839,59.32162279
6,1781860149.515757,132.72362684,93.72023058,59.33171761
6,1781860149.582147,133.12755532,93.95177663,55.89888836
6,1781860149.648125,130.00259023,94.04690432,57.26290858
6,1781860149.686889,130.12483591,94.66796697,58.18939708
6,1781860149.753335,129.93494817,94.60026382,57.98598063
6,1781860149.864147,130.08055415,94.31658274,56.74507509
6,1781860149.955666,129.58435045,93.49971942,59.08604760
6,1781860150.003722,132.91723569,92.99714498,58.42186447
6,1781860150.068322,132.90542139,93.53091793,58.37910347
6,1781860150.118642,131.56249666,91.45827289,56.55077592
6,1781860150.161453,130.90751010,91.22881950,55.01677438
6,1781860150.265866,130.35113750,91.06033107,56.91975608
6,1781860150.328628,130.43999621,91.48909717,56.72001946
6,1781860150.394658,129.96534583,90.43989653,56.26545973
6,1781860150.478182,129.10535753,89.80459529,55.76011102
6,1781860150.541078,127.94354018,88.68084787,54.25287890
6,1781860150.602416,128.62344038,89.80569999,55.40800403
6,1781860150.666125,129.80705782,90.87818788,57.78748638
6,1781860150.731075,130.27219579,91.26447360,58.34244621
6,1781860150.792544,131.21745952,92.90681203,59.11839817
6,1781860150.855711,132.75876837,93.51312378,60.84914598
6,1781860150.926850,134.21913590,95.82177474,59.95187029
6,1781860150.996530,134.76288855,96.87192749,60.38042673
6,1781860151.056680,136.12421884,97.89957778,61.86445124
6,1781860151.134362,135.68919141,97.65803980,61.91035405
6,1781860151.195873,136.67051730,98.34305873,62.19773662
6,1781860151.247336,138.78988035,97.82075044,64.09497206
6,1781860151.290251,138.31415981,97.16670093,63.48408798
6,1781860151.348337,136.40499382,97.48614884,59.60048239
6,1781860151.456427,131.58483523,96.18592790,58.80212302
6,1781860151.522851,135.71359120,97.53254254,62.96964498
6,1781860151.601046,136.52515582,97.95569343,64.95073617
6,1781860151.657446,137.01373211,98.22718410,65.34378309
6,1781860151.704489,136.98398443,98.44511169,65.10314110
6,1781860151.754682,135.49993907,96.11922533,62.01289420
6,1781860151.854232,130.64013752,94.88667813,56.79939697
6,1781860151.947030,129.67370087,93.78917476,56.02453340
6,1781860152.013017,131.23248342,95.52185082,57.31726488
6,1781860152.047845,131.50197701,95.40805732,56.85388405
6,1781860152.089403,132.40235782,95.70808733,56.79605139
6,1781860152.158548,131.14609102,95.62710127,57.33782926
6,1781860152.269644,131.18233290,95.81743571,57.38114813
6,1781860152.319517,130.58425600,95.46435911,57.39248567
6,1781860152.382032,135.27238679,96.46373028,62.69925273
6,1781860152.477203,135.09496157,96.36364885,62.85092758
6,1781860152.520739,135.48502136,97.72570682,60.01976494
6,1781860152.591159,140.09909464,98.57779622,65.28346499
6,1781860152.663716,135.75702495,97.84462963,60.78394407
6,1781860152.721901,137.36361845,96.33447887,61.59250733
6,1781860152.784634,136.34969727,97.43977917,59.24521963
6,1781860152.850475,135.47687800,96.92755453,61.71570263
6,1781860152.922170,137.62404069,98.06149015,63.51438685
6,1781860152.987243,137.54604514,98.33706871,64.08593185
6,1781860153.060519,138.89107942,98.74683472,63.72743048
6,1781860153.125584,137.48127244,97.76472931,62.56422155
6,1781860153.200071,137.45483749,97.86825940,61.89501734
6,1781860153.263784,137.13421923,97.81549691,62.88386258
6,1781860153.304382,137.93748474,98.66283578,62.92175672
6,1781860153.384019,137.11886174,97.59886437,61.56591669
6,1781860153.463224,137.39264996,97.79663111,61.47860687
6,1781860153.520146,134.89207274,96.11119564,60.93705473
6,1781860153.593025,134.05338311,95.48386422,59.80106692
6,1781860153.654989,133.77991657,94.99692282,60.80117815
6,1781860153.716401,134.53474505,96.04079170,61.52542283
6,1781860153.777883,134.71362976,96.27550440,62.10259827
6,1781860153.860253,136.98560938,99.20044733,67.49166753
6,1781860153.953310,131.03244428,98.63906892,65.49916790
6,1781860153.994977,127.60255855,96.92582493,66.51801809
6,1781860154.069295,131.48397366,98.35161460,72.39898570
6,1781860154.092692,126.09925707,94.07741655,70.08264009
6,1781860154.155747,125.82835076,94.10014944,71.39024450
6,1781860154.258726,123.29479405,91.85476735,70.56660649
6,1781860154.321507,122.54438657,92.01181206,66.48447439
6,1781860154.398131,125.03523095,94.64107629,68.03787786
6,1781860154.499895,127.30240956,96.50557977,69.43602045
6,1781860154.523439,127.61923116,97.07930759,69.23701574
6,1781860154.591902,127.59487284,96.78594527,69.06687730
6,1781860154.664771,125.77946477,97.04764969,73.03847113
6,1781860154.728757,125.51104905,97.13618520,69.71041469
6,1781860154.779645,129.89190513,98.96270459,75.31232779
6,1781860154.849563,128.78805914,100.73467593,72.87603833
6,1781860154.927856,128.97068520,100.41746656,72.18158478
6,1781860154.976187,129.00541336,101.07329366,73.09856349
6,1781860155.068231,125.88038341,98.21198115,71.10616056
6,1781860155.128331,125.01302703,97.07727698,67.45751815
6,1781860155.194553,125.68394426,94.28294077,68.52701339
6,1781860155.252752,128.80889840,95.87291216,69.00285786
6,1781860155.309401,130.44442286,97.12603108,68.59509662
6,1781860155.347092,128.78143188,97.91287008,65.85391091
6,1781860155.465629,127.94917298,95.94969195,62.15103167
6,1781860155.531859,129.79855098,94.70121612,64.47978798
6,1781860155.590921,127.06793984,94.00007925,60.23480043
6,1781860155.646528,125.98647605,92.93936302,58.75280069
6,1781860155.715091,125.08842069,92.02042122,57.46772457
6,1781860155.758830,124.76299312,91.29448052,58.34816890
6,1781860155.869021,124.13196644,90.94474262,57.03978783
6,1781860155.963661,125.16503439,91.84879601,61.85773672
6,1781860156.019942,129.37685487,92.49207530,65.57714660
6,1781860156.082544,129.30677078,96.01234850,66.94616584
6,1781860156.145678,135.07812525,99.57699500,67.37059594
6,1781860156.196633,135.75263171,99.50629052,68.35388608
6,1781860156.275616,137.65302366,102.15671021,76.11635455
6,1781860156.326425,138.00201313,103.84324052,81.04918642
6,1781860156.402663,132.90747417,102.90398350,80.29115165
6,1781860156.501454,132.16857811,100.01311659,77.86945529
6,1781860156.547550,123.11868632,94.61670757,70.25260902
6,1781860156.608601,119.67796305,88.63481092,65.14416163
6,1781860156.656905,123.24247453,91.37430402,68.15576193
6,1781860156.723458,118.65258404,87.65260519,65.00456366
6,1781860156.804171,118.17510552,86.90909612,64.27002352
6,1781860156.867044,120.93946098,86.53374979,67.19182327
6,1781860156.945002,121.85871958,87.19165199,67.07332899
6,1781860156.985841,121.60620470,86.87311002,67.20686605
6,1781860157.060750,122.58129511,87.88255650,67.38720909
6,1781860157.126505,123.28695324,88.64181083,67.74314578
6,1781860157.185254,122.50142933,88.70577671,67.90489959
6,1781860157.253605,124.19901956,89.63846204,65.53582323
6,1781860157.295069,123.04663118,89.09627122,63.58519322
6,1781860157.358123,122.63526374,88.23837187,64.01935138
6,1781860157.462782,122.57364007,88.52190932,64.35864826
6,1781860157.526383,123.57947598,88.70678912,64.72327575
6,1781860157.592470,122.76376232,88.05519807,67.92377345
6,1781860157.648404,122.79793007,88.43834219,63.80637117
6,1781860157.715127,122.78027330,88.35668526,64.43472728
6,1781860157.743328,123.32170234,88.64846278,64.23032500
6,1781860157.865567,124.14703773,89.85255491,65.92510241
6,1781860157.959022,124.60680512,90.43507548,65.43733935
6,1781860158.028121,124.43522695,90.15695083,65.90036290
6,1781860158.075732,124.67136341,90.84173733,65.56560811
6,1781860158.115380,123.56988363,89.81655299,65.94591992
6,1781860158.181596,123.31270852,89.30907095,65.85116401
6,1781860158.256362,122.75571813,88.83613679,63.77472868
6,1781860158.319227,119.95439232,88.73210802,60.15139698
6,1781860158.396340,119.78280383,88.55170989,59.95476970
6,1781860158.485534,122.22396060,88.24494547,63.35187753
6,1781860158.547598,122.35779641,88.20213439,63.44160806
6,1781860158.609588,122.13128079,87.60652759,62.98465903
6,1781860158.675781,122.39064846,88.14882897,63.34781922
6,1781860158.723249,123.10460000,88.68183911,62.96344883
6,1781860158.782929,123.16625043,88.72326603,63.80674651
6,1781860158.859063,119.72906313,88.39761862,59.57339405
6,1781860158.938557,119.49103574,88.16036715,60.15373463
6,1781860158.995443,118.14816029,86.56529094,57.67255219
6,1781860159.058846,116.64022913,85.37658856,56.41594133
6,1781860159.119558,117.07715393,85.65403504,56.44095042
6,1781860159.182388,117.52584573,86.19443303,57.17439365
6,1781860159.262600,117.54487869,86.08980836,56.60568711
6,1781860159.307516,117.02073839,85.89191397,56.26049285
6,1781860159.356869,115.68980505,84.69626737,55.92669403
6,1781860159.462246,113.81374328,83.13403345,53.95263148
6,1781860159.530938,114.48121094,83.67789928,54.66406337
6,1781860159.590737,118.03001428,83.32838929,57.49261670
6,1781860159.656325,117.71311169,83.18205942,57.06418830
6,1781860159.695575,116.51335685,82.23460078,56.27656981
6,1781860159.758689,113.68551917,82.51495734,53.51632973
6,1781860159.858226,115.96288350,81.34479855,55.15287409
6,1781860159.951201,113.78360055,82.22659225,51.49590511
6,1781860160.016762,110.65739185,81.68139712,51.94901162
6,1781860160.079700,113.86455313,81.94964022,55.75595945
6,1781860160.139596,114.19112825,82.16253689,55.38797243
6,1781860160.202467,113.62869260,82.16274303,55.97670290
6,1781860160.262975,113.34009179,81.86071926,54.63273982
6,1781860160.321241,113.08815417,81.45019385,54.40301718
6,1781860160.385619,113.45378524,81.74266175,54.50032314
6,1781860160.480536,114.07719457,82.00651400,54.67587014
6,1781860160.527141,113.97571532,82.47213274,54.37854535
6,1781860160.569442,113.03141201,81.41604971,53.70364679
6,1781860160.663702,113.48516908,81.80577576,54.86227360
6,1781860160.731359,113.85249733,82.41786647,54.93826635
6,1781860160.791842,114.29082900,82.37249598,54.93739717
6,1781860160.853207,113.92006312,82.08285164,54.82479930
6,1781860160.927736,113.13609475,81.66098701,54.84046429
6,1781860160.975222,113.05051373,81.40154661,53.92103093
6,1781860161.062842,108.85595350,76.62512061,46.45880371
6,1781860161.124794,104.81630590,72.61028110,41.75010470
6,1781860161.185333,112.44171185,77.17102277,48.47968734
6,1781860161.252417,107.98813586,75.93706650,44.42598074
6,1781860161.295634,114.60906593,81.50349130,48.57166896
6,1781860161.359793,116.53639143,85.39779541,50.93960989
6,1781860161.463904,122.78528930,90.44527440,59.65947708
6,1781860161.527544,132.00139856,99.11019422,67.19101744
6,1781860161.588556,135.87563809,104.25295363,74.56014228
6,1781860161.651871,141.21669392,106.55777706,73.06222685
6,1781860161.698053,141.44999849,106.61095802,72.79326049
6,1781860161.739586,135.25652674,101.11469149,68.79761785
6,1781860161.865505,129.92194777,96.54607737,65.92616587
6,1781860161.955071,124.72839034,91.48446056,66.36354014
6,1781860162.014314,125.07895693,91.76849871,66.52971870
6,1781860162.080930,122.90098906,89.70811538,63.68163079
6,1781860162.139698,123.63121605,90.08460213,63.65934315
6,1781860162.203111,123.92216968,90.17799510,63.75871969
6,1781860162.261040,124.15848891,90.98023454,65.98504775
6,1781860162.326866,125.47685725,91.56683723,65.38455553
6,1781860162.398375,125.86742068,92.45607877,66.26097328
6,1781860162.479517,123.65611387,90.45154658,65.01685904
6,1781860162.545682,124.18773882,90.96376761,61.41530311
6,1781860162.595473,124.48015568,91.75617164,62.38150543
6,1781860162.669282,122.34118945,89.41137179,59.92955404
6,1781860162.730845,119.85743061,87.62231323,57.74216344
6,1781860162.789043,117.89039637,86.12536325,57.84725538
6,1781860162.855458,118.04149347,86.16771195,58.57844116
6,1781860162.947076,119.44686113,87.68646594,60.90756774
6,1781860163.006616,120.07553124,88.69058716,61.69321407
6,1781860163.071251,110.97274531,82.32778814,60.05277340
6,1781860163.138420,94.15814331,69.88417709,53.16554679
6,1781860163.192653,83.19816019,60.07281394,49.09390771
6,1781860163.253938,89.11734247,69.99656767,59.10341223
6,1781860163.297966,86.14100047,66.77823547,55.43937191
6,1781860163.359218,92.94608217,71.93434735,57.93320959
6,1781860163.450734,125.47810590,106.98822067,91.19288574
6,1781860163.537523,120.42510402,103.42485913,88.84286184
6,1781860163.598380,122.84312739,108.52326430,92.16924769
6,1781860163.660963,122.21517620,112.97087805,94.90830532
6,1781860163.719392,116.36645172,106.89087324,89.55417220
6,1781860163.768962,116.87181020,107.99744295,89.86696399
6,1781860163.860393,119.54069272,111.43090943,92.46992718
6,1781860163.953114,113.36773794,105.40970893,85.66797858
6,1781860164.003292,113.79116076,105.62585771,84.26664937
6,1781860164.060952,123.27765412,114.35597351,88.72373698
6,1781860164.103966,122.56506259,114.97682432,87.94626834
6,1781860164.172750,126.90003549,115.92424135,90.00127692
6,1781860164.269029,114.79837181,108.16612225,78.76991382
6,1781860164.329754,103.26091197,96.68190043,68.86181789
6,1781860164.394614,90.33573620,82.97823383,59.88871551
6,1781860164.487440,76.45073361,68.51946725,52.54908173
6,1781860164.553514,67.84070790,55.29740974,37.79654609
6,1781860164.621764,75.69551390,61.79932151,42.79524463
6,1781860164.662261,101.64117393,85.51438678,61.44868298
6,1781860164.729782,87.03554028,73.13228795,51.67518463
6,1781860164.785792,71.58475055,57.22909353,40.58272339
6,1781860164.865405,62.62780132,49.85706251,35.25736657
6,1781860164.950860,65.02865297,54.15900726,40.23195568
6,1781860165.019958,66.13474208,61.23014534,47.07786623
6,1781860165.065063,71.32041281,69.29505295,54.60395361
6,1781860165.129213,70.93735264,69.63125111,54.94253458
6,1781860165.188467,69.47707923,69.63216627,50.85258651
6,1781860165.267912,71.23331416,69.60921448,50.81290128
6,1781860165.308575,75.16205277,69.67242476,52.71679513
6,1781860165.353354,83.17240173,73.44923673,54.70209783
6,1781860165.463659,100.01742222,82.74390523,59.17332430
6,1781860165.529832,108.06572748,90.84883797,60.67174545
6,1781860165.588828,116.97235582,99.13157062,67.35407865
6,1781860165.650296,118.52895877,98.33617582,69.16954416
6,1781860165.694721,116.57798252,96.40012657,68.01808260
6,1781860165.763372,111.42579146,91.59590965,68.43196600
6,1781860165.865813,107.56302973,89.22876729,66.66066818
6,1781860165.963578,109.07271293,91.19049536,68.90475490
6,1781860166.005176,110.47938540,91.84344055,69.64161631
6,1781860166.065859,113.34519277,95.07899685,72.27514903
6,1781860166.129506,115.11048426,96.42896206,73.07988345
6,1781860166.173391,117.33730057,98.25356851,74.32076709
6,1781860166.261738,117.24827625,98.23618220,74.08747736
6,1781860166.335330,116.65279768,97.40317454,72.80083460
6,1781860166.399315,115.59863290,95.62985565,71.34352311
6,1781860166.491009,116.75733342,95.90201882,70.48981614
6,1781860166.533971,115.89641330,95.82745409,70.66990533
6,1781860166.585565,115.83606780,95.43776886,70.57493722
6,1781860166.662708,118.22957254,97.42965843,72.41810826
6,1781860166.722832,119.20550993,98.94904788,73.44353553
6,1781860166.780872,119.29402264,98.65376973,73.25048285
6,1781860166.861327,118.25462462,97.26102506,71.19992475
6,1781860166.941648,118.72749690,97.92366659,71.93032427
6,1781860167.000243,118.83226984,98.17218461,72.32673454
6,1781860167.068018,118.63556206,98.50699481,72.95051038
6,1781860167.128217,119.15471302,98.73594077,73.64254090
6,1781860167.188277,118.45993064,97.79752849,73.27959529
6,1781860167.256600,118.28843103,97.79539203,73.28032178
6,1781860167.300227,118.93155779,98.66048236,73.20879406
6,1781860167.347701,119.08869258,98.37308666,73.10601407
6,1781860167.468118,118.62849957,97.69583095,72.32808392
6,1781860167.529680,117.67938444,96.90493982,70.69787974
6,1781860167.594623,118.89336245,97.94581307,72.19822855
6,1781860167.653293,117.29494689,95.91228107,70.59282549
6,1781860167.717088,116.47110124,95.35466529,69.87825449
6,1781860167.765444,116.60124239,95.25605904,68.72853983
6,1781860167.862216,116.03162034,94.07721890,68.26507129
6,1781860167.949219,116.10898313,95.15763920,69.67618277
6,1781860167.994282,114.80912366,93.64102244,67.87807500
6,1781860168.060037,113.96743293,92.22247805,65.93297555
6,1781860168.102129,114.15039393,92.53978924,66.48258431
6,1781860168.146834,114.03134582,91.87684360,66.09626207
6,1781860168.255437,112.59603135,90.44500909,64.89389215
6,1781860168.319818,113.92902228,91.31293665,65.89978643
6,1781860168.400405,114.15191373,92.47293659,66.97560200
6,1781860168.491640,115.00998255,93.15019253,67.95715209
6,1781860168.530623,115.26820943,93.56401106,68.06681954
6,1781860168.593362,114.52614041,93.21042842,68.00493591
6,1781860168.659660,115.27039054,94.16193343,69.57601215
6,1781860168.732497,116.53127643,95.47489706,69.75442477
6,1781860168.783600,117.20643649,95.76830222,70.65292884
6,1781860168.875392,117.56942791,96.67389711,72.14119443
6,1781860168.939636,116.96591197,95.94408139,71.09796480
6,1781860168.985659,116.10998672,94.68653858,69.54198576
6,1781860169.064721,115.47476586,94.24838417,68.58759439
6,1781860169.115287,116.55995373,95.35168031,69.62299536
6,1781860169.177678,113.98792708,93.69811477,69.54385852
6,1781860169.272979,111.84268077,92.03538523,69.27433937
6,1781860169.323050,111.06214172,91.74479347,68.86559125
6,1781860169.385587,109.85427297,89.91115622,67.24938889
6,1781860169.474595,107.31967731,88.42337525,64.74516240
6,1781860169.521285,109.81214822,90.45473288,67.07062285
6,1781860169.587536,104.61705678,85.65250821,62.89285668
6,1781860169.668539,100.76237711,82.97236413,61.44847485
6,1781860169.712507,100.53571432,82.95282963,61.57123529
6,1781860169.769220,101.38427422,83.61048640,62.92760740
6,1781860169.864653,97.75054076,80.68184048,60.31873394
6,1781860169.961793,93.26530786,76.94685894,56.05177715
6,1781860169.996874,89.06589550,72.78581740,53.24212132
6,1781860170.062673,87.41864901,71.68303749,52.01434380
6,1781860170.115280,87.25314705,71.86232831,52.50140795
6,1781860170.157397,87.40708757,72.21170815,52.72911803
6,1781860170.266720,86.95196194,72.28282564,52.39714650
6,1781860170.330495,90.39526878,74.98732040,54.74037868
6,1781860170.399470,91.61575671,76.88162969,56.59493759
6,1781860170.484309,90.90806217,76.41263749,55.99643703
6,1781860170.525945,88.71343334,74.46194081,54.49806622
6,1781860170.574080,86.89530325,72.62758974,53.92102611
6,1781860170.673135,83.29605392,70.34088452,52.14446922
6,1781860170.736398,85.62926775,71.28288879,52.13973023
6,1781860170.801510,87.24055230,73.30980669,54.18495902
6,1781860170.868023,94.73654848,79.55221407,57.61925730
6,1781860170.933180,97.62007505,81.07393887,59.43573764
6,1781860170.986679,103.01851942,83.44228124,59.83073138
6,1781860171.060231,102.32708216,81.34368691,59.09803356
6,1781860171.123279,99.88521569,77.24671109,52.92700783
6,1781860171.201741,104.74260591,82.43237448,58.22288315
6,1781860171.263306,108.44371345,85.93397508,60.83768842
6,1781860171.312052,109.24506085,86.48394757,62.41037444
6,1781860171.359942,101.99217166,79.26339506,57.34904100
6,1781860171.464641,86.67454773,67.70462445,51.42463205
6,1781860171.527802,78.70243232,62.56698729,48.79345340
6,1781860171.589080,71.97058829,59.63052102,43.68765731
6,1781860171.650831,65.29543842,54.41203886,40.85857526
6,1781860171.697724,62.94810226,51.55119218,38.18674864
6,1781860171.745274,57.79398054,47.51932754,35.27282287
6,1781860171.870322,65.50098408,56.63124360,45.07656996
6,1781860171.966825,71.81934185,64.26062412,51.90744979
6,1781860172.007631,75.00529443,68.21419369,56.12946451
6,1781860172.056813,79.19548160,71.00076385,62.16399782
6,1781860172.104906,78.03761351,69.97351998,59.98774653
6,1781860172.151048,78.65632029,71.83892443,58.98937236
6,1781860172.262311,78.35050318,71.30573852,60.70666759
6,1781860172.323800,77.84944260,70.75731250,56.59317933
6,1781860172.402934,76.18767156,67.77756350,52.65668213
6,1781860172.491809,74.06995741,63.97868871,48.66183872
6,1781860172.537596,71.48804639,59.58493283,43.88396842
6,1781860172.599327,68.29349689,55.32223633,39.50659872
6,1781860172.659417,69.28457766,54.39479341,37.46488694
6,1781860172.739831,77.33546268,61.84662756,43.80510764
6,1781860172.796102,84.78219023,68.92869229,50.54390662
6,1781860172.858170,91.43059697,75.31939790,58.53289912
6,1781860172.937838,94.68610783,78.82050128,61.67779019
6,1781860172.986338,99.83937622,83.85032721,65.57843480
6,1781860173.059947,100.90519667,85.23730726,66.34241073
6,1781860173.121269,100.57230805,83.99075862,64.61768662
6,1781860173.201943,99.39577803,82.54202792,60.14908485
6,1781860173.266142,98.38895804,81.22618516,58.67778666
6,1781860173.311285,98.51560769,81.46646903,58.87335427
6,1781860173.359538,98.47145350,81.90949625,59.64510378
6,1781860173.461066,98.90405176,82.78443537,61.18633509
6,1781860173.528952,98.88683878,82.54941912,60.35669230
6,1781860173.585346,98.00429993,80.99661712,60.53202747
6,1781860173.660263,95.89575708,78.95248141,58.66463922
6,1781860173.694567,95.89278892,78.31880655,57.27509969
6,1781860173.757866,95.22192347,77.26642221,56.72810696
6,1781860173.860817,96.64643015,79.43981617,58.61014420
6,1781860173.958944,97.74459446,80.37968217,59.69170416
6,1781860174.007025,97.29387036,79.68575002,58.94344422
6,1781860174.053254,96.63222148,79.22203838,58.47485258
6,1781860174.106587,97.50494607,79.50479530,58.46417588
6,1781860174.163081,99.40298444,82.37184031,62.03064539
6,1781860174.270060,100.06273392,83.13279828,63.36109372
6,1781860174.332042,100.31375204,83.73730133,63.59387091
6,1781860174.396938,100.42832003,83.81724743,64.21972797
6,1781860174.485214,99.95666063,83.55400874,63.97800704
6,1781860174.535726,100.87910468,84.14794879,64.65772127
6,1781860174.582596,100.26298786,83.56504727,64.11016507
6,1781860174.674317,100.02863992,83.56280143,64.11880899
6,1781860174.732989,100.54979533,84.28677007,64.22825675
6,1781860174.793272,101.37420985,84.40805092,64.59109811
6,1781860174.857769,100.50768487,83.65625362,63.83310690
6,1781860174.932448,100.83948610,84.00641565,63.99833514
6,1781860174.985565,96.97136029,82.51160033,60.93959946
6,1781860175.053522,95.13645993,77.51852235,57.83011027
6,1781860175.114836,92.34315319,73.94949473,53.44527255
6,1781860175.201351,87.32766997,68.18289438,47.33340071
6,1781860175.272881,83.68759485,64.93010723,44.43475948
6,1781860175.293470,82.66532400,65.95217761,42.68637045
6,1781860175.363296,81.38318864,62.53745543,39.84013171
6,1781860175.463117,78.47890237,59.77339023,36.86319600
6,1781860175.523346,78.46212516,61.70203168,38.99792157
6,1781860175.584520,82.18399681,64.73957525,40.85732941
6,1781860175.663027,84.74080150,67.53842498,42.93423532
6,1781860175.713123,88.62603751,71.50148486,46.99625544
6,1781860175.762488,92.23487279,75.79997544,52.76687054
6,1781860175.873659,97.76725693,82.32959621,61.03954664
6,1781860175.956368,92.35310495,79.15665823,61.49614384
6,1781860176.006212,68.85055616,57.00300937,44.58374023
6,1781860176.051479,49.44438212,38.67848907,27.73208123
6,1781860176.098634,46.12068010,35.74692760,25.11634971
6,1781860176.159630,41.28186342,31.50463633,22.97892899
6,1781860176.264182,42.83061599,31.50231287,22.47038936
6,1781860176.326472,45.30594235,32.71795712,22.23240731
6,1781860176.386747,44.20571057,33.58942358,20.70399344
6,1781860176.475866,46.23898673,34.73442843,20.67941851
6,1781860176.518472,47.45199583,35.54125050,20.77949163
6,1781860176.566068,48.58021876,35.56243176,19.78738130
6,1781860176.669626,49.00855209,35.49663795,21.62013125
6,1781860176.732486,49.83967471,36.13755137,21.08658769
6,1781860176.796419,47.98931590,35.91870713,20.77237592
6,1781860176.864767,48.20134409,36.33352761,20.04948832
6,1781860176.934644,49.44238910,36.69795968,19.37132587
6,1781860176.981739,50.81381248,37.11446318,18.93522626
6,1781860177.063004,58.20056292,42.71637442,25.91905089
6,1781860177.126047,60.92350308,46.65030468,28.50319105
6,1781860177.215697,60.27582984,48.94788519,30.47249248
6,1781860177.269106,59.82230238,49.84822068,34.98991125
6,1781860177.319593,59.90643482,50.19695684,34.89842648
6,1781860177.361522,56.79374582,49.41231306,33.73664729
6,1781860177.464494,57.34254695,48.83007585,35.24251711
6,1781860177.529573,60.50311546,52.13344397,37.94070880
6,1781860177.585980,60.67255852,52.00451977,37.58709573
6,1781860177.643555,62.44372638,52.53025321,37.89585538
6,1781860177.712885,64.36471612,53.61090247,37.83026330
6,1781860177.756847,66.36122883,56.45738637,40.57011867
6,1781860177.869110,67.10518047,57.29635731,42.35088183
6,1781860177.966204,67.57825666,58.60310137,43.20712472
6,1781860177.993477,65.60466092,59.08565873,39.74202466
6,1781860178.062988,65.13350587,58.40554238,40.48723545
6,1781860178.108101,69.02178648,58.77356537,43.33534017
6,1781860178.147063,66.50881262,56.21819198,38.78339645
6,1781860178.254411,69.44951921,60.98099321,42.64089073
6,1781860178.337190,70.00021596,63.33232191,44.38523113
6,1781860178.402636,70.62825907,62.15664446,46.26131225
6,1781860178.498009,68.32518291,60.11116823,44.79922143
6,1781860178.545457,68.45442950,60.21699034,44.91138996
6,1781860178.586698,65.64184751,57.61784202,42.78885897
6,1781860178.664469,57.84208502,53.94922279,38.73931661
6,1781860178.726978,57.72127266,54.15337612,40.32886719
6,1781860178.808501,59.34816170,55.61347609,41.57713998
6,1781860178.874886,60.35810012,56.69531178,42.03085589
6,1781860178.952499,63.60884975,58.29027032,42.50702996
6,1781860178.989399,69.53662509,59.79016455,45.39870631
6,1781860179.066331,79.22592985,67.73354447,50.44037773
6,1781860179.133117,86.94900008,75.29158924,53.03214541
6,1781860179.190402,88.16099757,72.59711591,49.31053380
6,1781860179.252502,85.50456237,69.73141647,46.88068976
6,1781860179.305423,87.73195855,69.54714583,49.08689447
6,1781860179.372961,85.11762243,67.02297499,48.30179457
6,1781860179.475263,86.76421696,68.48725776,49.98613679
6,1781860179.531675,88.81731440,70.30176469,50.31763553
6,1781860179.592870,91.37592243,72.54635648,51.86126767
6,1781860179.666739,93.63799060,74.27327935,52.62496752
6,1781860179.731111,93.83924516,73.95451923,52.09456481
6,1781860179.776836,93.26429424,73.61231754,51.44087747
6,1781860179.877250,91.50249365,71.67895916,49.22296004
6,1781860179.962546,91.02205650,71.11436697,49.10180646
6,1781860180.013158,91.46658152,72.04862924,50.27773714
6,1781860180.059518,87.73271259,69.36354026,49.05588681
6,1781860180.116275,86.50308746,68.53991712,48.68129476
6,1781860180.160310,76.29618872,60.43781690,44.32730479
6,1781860180.262686,64.23976284,56.86743711,46.12571298
6,1781860180.332738,56.91788146,52.35850660,43.33252926
6,1781860180.416605,56.37700100,54.41828294,46.14877965
6,1781860180.515950,64.07275823,63.98286217,60.16602965
6,1781860180.534259,70.90405017,74.64153468,67.50402792
6,1781860180.594655,87.51472120,92.53195000,87.93942879
7,1781860002.458686,75.46459387,75.52396146,61.06741201
8,1781860006.109557,79.08236475,76.87078919,62.75567627
8,1781860006.165599,76.03505400,75.98625612,62.17117247
8,1781860006.246687,74.33375780,77.25557060,63.96328001
8,1781860006.384579,73.35589419,77.51590767,64.27445215
8,1781860007.463463,75.89538464,79.87723494,66.80248995
8,1781860007.646595,76.30381399,80.24919791,66.72527916
8,1781860007.714356,76.29170532,79.92850017,66.51998137
8,1781860007.769479,76.73222888,80.53171209,67.51754188
8,1781860007.862521,76.26363322,81.28594853,68.07157820
8,1781860008.330433,77.48832305,82.25779933,68.65609668
8,1781860008.390524,77.92452334,82.21311553,68.69912889
8,1781860009.946570,80.14676901,80.15260658,66.05094295
8,1781860009.975443,80.12207638,79.73355403,65.35876751
8,1781860010.040302,79.75233551,79.79622337,65.71477300
9,1781860009.051866,75.45414189,71.44932912,50.66566246
9,1781860009.098152,96.33390182,92.48279376,64.12962302
9,1781860009.240627,95.43419929,91.81387714,63.88304768
9,1781860009.392091,89.77199079,85.85379457,61.26064496
9,1781860009.572948,88.13218075,82.23682857,58.67006197
10,1781860014.709583,61.49957949,64.06259922,52.45271708
11,1781860015.118237,110.72137530,90.77733391,86.05021394
12,1781860047.246658,89.81134564,75.67865542,74.75526887
12,1781860047.310515,90.19124740,77.15869684,74.00666563
12,1781860047.382671,90.34208612,80.04182050,74.83590172
12,1781860047.463887,89.89345764,79.25854556,73.64055191
12,1781860047.528681,94.53257277,80.15107188,80.14274181
12,1781860047.592136,87.69755938,78.13596577,72.85100116
12,1781860047.655894,88.87410569,79.23959279,74.64167761
12,1781860047.717559,87.92908696,75.65907763,75.58830110
12,1781860047.773706,81.82164692,73.28050549,68.18654273
12,1781860047.875187,76.85703574,68.89503655,64.81223934
12,1781860047.937949,75.25688114,67.46297886,67.42348443
12,1781860048.011910,73.79308986,66.04406278,65.68967653
12,1781860048.057545,71.36757790,64.31611658,63.54543158
12,1781860048.108105,70.80049023,63.82744146,62.74579664
12,1781860048.179764,72.71126774,64.59685773,63.37017115
12,1781860048.271211,77.97722797,68.84731523,67.13425759
12,1781860048.299778,82.50068429,71.11975768,69.07792255
12,1781860048.387520,86.35669120,77.29354631,72.02025942
12,1781860048.471525,95.21182560,83.05465315,83.88953640
12,1781860048.513861,112.87543584,102.14023973,101.40324698
12,1781860048.581781,126.29671554,118.63172428,119.58343654
12,1781860048.671837,140.78522069,134.95996579,141.80092540
13,1781860114.171763,55.96939019,47.53351035,40.97805862
14,1781860116.830418,33.10185118,26.57804221,16.23779531
14,1781860116.927180,36.82142138,28.05693826,17.91970272
14,1781860116.977788,57.07368998,43.17398022,27.51634813
14,1781860117.066711,55.97297442,43.36728875,27.12574025
14,1781860117.141594,58.92789958,46.32353843,29.93514851
14,1781860117.209652,67.10158616,50.71171543,36.98795705
14,1781860117.250840,68.68847626,53.31994254,38.11319969
14,1781860117.312330,70.32536759,55.55672627,37.75429806
14,1781860117.390552,72.62469029,57.56761911,40.34324340
14,1781860117.462902,75.89059741,59.69378204,40.34375388
14,1781860117.525145,78.84790086,60.42764983,40.81452064
14,1781860117.586375,83.88163332,63.03298059,42.29517937
14,1781860117.648445,86.84851614,64.37990770,44.64458408
14,1781860117.720448,91.01386171,67.67128724,50.48127310
14,1781860117.784694,91.49749963,65.29124979,54.15036878
15,1781860129.304791,81.58253231,65.93577358,43.66960810
15,1781860129.382737,78.89198991,62.25133895,45.39607002
15,1781860129.467288,97.19182488,82.11019532,64.50210308
15,1781860129.530100,99.82306977,86.16476255,69.06267874
15,1781860129.589010,97.19724076,82.47814437,64.30586186
15,1781860129.640950,89.46647622,75.80796342,59.23156843
15,1781860129.682111,81.56497746,68.82909716,54.29863066
16,1781860153.384019,80.57061040,58.29425492,36.02827613
17,1781860181.918079,43.08524845,33.60617231,21.82360337
17,1781860181.998775,40.92248791,32.11210528,19.37294938
17,1781860182.066686,39.67385885,30.86081708,18.16612903
17,1781860182.124143,38.04602690,29.56558787,17.55366218
17,1781860182.172836,36.36698614,27.70370158,15.81747812
17,1781860182.264438,29.89310642,20.55044395,9.46154890
17,1781860182.331322,32.20582458,23.41308636,13.08464237
17,1781860182.403764,37.59574847,28.06418266,18.13375806
17,1781860182.462259,37.78151164,27.81638446,15.10679221
17,1781860182.508735,36.26821359,26.74827273,14.20341889
17,1781860182.556886,35.31844700,24.40239828,13.79021892
17,1781860182.664947,28.31740206,20.72973334,10.36894510
17,1781860182.728899,27.89685038,19.51729299,8.94421669
17,1781860182.785666,26.53905234,18.01328008,7.53892035
17,1781860182.873018,24.11820609,16.45482461,6.31416029
17,1781860182.919526,24.01325376,16.07716397,5.83452405
17,1781860182.958007,23.14901347,15.76046055,5.98198361
17,1781860183.068509,23.91400581,16.89586208,6.19063532
17,1781860183.127202,24.03672255,17.50094153,4.54673692
17,1781860183.202241,28.30616630,20.54487318,5.56181456
17,1781860183.260787,30.52092005,22.79556136,7.67501428
17,1781860183.326062,33.33444621,24.81420234,9.05951814
17,1781860183.368533,36.60503236,26.24504213,11.36530811
17,1781860183.470618,37.39682469,27.22963707,12.91883078
17,1781860183.543155,35.40277775,26.03489617,12.13978459
17,1781860183.600040,39.84686634,29.83614319,15.71828087
17,1781860183.655876,43.26706726,33.07860480,19.72658813
17,1781860183.716415,47.72513210,36.99092781,22.82523918
17,1781860183.765030,52.32900259,41.05146840,26.75078844
17,1781860183.873771,57.73646469,45.14787507,31.47834741
17,1781860183.940873,58.30377075,48.46971079,31.07487937
17,1781860184.000906,65.40221831,52.37064173,35.38392388
17,1781860184.058715,68.48483270,54.37931978,40.66623782
17,1781860184.122372,70.78730107,58.42225787,41.51006152
17,1781860184.166269,76.48190605,61.84094906,44.45563092
17,1781860184.261176,77.60087363,62.32502698,43.08253558
17,1781860184.342152,76.85108797,62.58083441,44.11938398
17,1781860184.404020,77.10970883,62.84287229,43.56209388
17,1781860184.463465,77.42799799,63.58781649,43.53010823
17,1781860184.530278,78.28788968,63.81298172,43.46550798
17,1781860184.573931,75.76927265,63.74783775,41.84437151
17,1781860184.659742,75.41680920,63.25567660,40.71149000
17,1781860184.720105,74.71959267,63.33108671,41.73335054
17,1781860184.783815,78.06190864,63.82980080,45.56456099
17,1781860184.874403,75.44104464,63.72079320,45.97589573
17,1781860184.938639,75.16640875,63.61521475,45.71985680
17,1781860184.958164,78.84684059,64.90321732,45.11005399
17,1781860185.069015,81.16781483,66.39472834,47.13781255
17,1781860185.131709,80.69421314,66.87749450,47.45743130
17,1781860185.192882,83.26901448,66.18136361,50.11753019
17,1781860185.248874,80.05443514,65.92558380,47.23438478
17,1781860185.316549,81.22803346,66.74481451,47.67486735
17,1781860185.384230,79.59133845,66.13758234,47.71076352
17,1781860185.623435,77.37538348,61.16940720,46.13809022
17,1781860185.686237,76.25691914,60.02882347,42.33012443
17,1781860185.741682,77.80008823,61.42667955,42.71225564
17,1781860185.764371,77.99923901,61.40826638,42.48090954
17,1781860185.852024,75.80956197,62.05924116,43.68801381
17,1781860185.906584,75.80317980,62.59170767,44.91627675
17,1781860185.966200,74.83853672,62.79594954,46.44826785
17,1781860186.038839,74.43456425,62.50521478,44.37066127
17,1781860186.105341,73.08926209,62.90830496,44.54150523
17,1781860186.156529,72.32371625,62.14079254,44.73651034
17,1781860186.245918,72.60494982,62.74720579,45.01432877
17,1781860186.314180,73.79478137,63.67154855,45.22568716
17,1781860186.371323,73.42173271,63.31665143,44.74992697
17,1781860186.442633,75.23351454,62.94472685,43.60696647
17,1781860186.514449,77.91798550,63.90172991,48.04788940
17,1781860186.597344,76.99207107,62.66031744,46.57532214
17,1781860186.667220,75.14487178,62.76759539,41.53503977
17,1781860186.732690,75.20201338,63.51603353,40.41016963
17,1781860186.772271,74.60808771,63.00445975,41.52688940
17,1781860186.833760,77.40738699,62.43033300,44.12728682
17,1781860186.895006,77.37383215,63.08233219,44.97988702
17,1781860186.946926,76.78470636,62.33909935,44.22555619
17,1781860187.035702,75.67865282,61.99614562,43.75229107
17,1781860187.098035,76.03161055,61.59112637,42.83180139
17,1781860187.155653,73.00879538,60.36744238,46.25437088
17,1781860187.239336,68.36015576,58.72962477,42.73707590
17,1781860187.297556,67.00434900,57.75871387,40.08638152
17,1781860187.326508,65.47098816,55.81164813,39.24355893
17,1781860187.436647,67.32130846,55.04475649,41.30863927
17,1781860187.515577,66.54860214,54.14576075,40.74835641
17,1781860188.306360,65.38069545,49.85280605,35.56099795
17,1781860188.375657,65.84334622,50.34791622,35.38228393
17,1781860188.428277,65.01665893,50.12233491,34.83103597
17,1781860188.500192,65.51773354,50.40953344,35.28924380
17,1781860188.587516,65.14194826,50.80090770,34.90317442
17,1781860188.608033,62.68021632,50.01599253,35.28424702
17,1781860188.713805,63.28181761,50.89583103,36.21178354
17,1781860188.769391,63.20497164,51.00900466,32.32184597
17,1781860188.830000,63.15525473,50.43535991,36.04540236
17,1781860188.895120,63.22620525,50.72783328,32.89237904
17,1781860188.957897,62.43285081,50.19905149,32.45035604
17,1781860189.041198,62.61070206,50.13226418,34.89002206
17,1781860189.093157,62.11488998,49.74049415,32.06005431
17,1781860189.153066,61.92818214,49.28676204,35.20633471
17,1781860189.237069,59.37000985,49.10005519,31.60982939
17,1781860189.292802,62.06029181,49.06998599,34.21414609
17,1781860189.342299,61.29651908,48.70886677,33.56706493
17,1781860189.422733,58.74377275,47.88697985,30.04427036
17,1781860189.505600,61.22669642,47.20320368,32.58138542
17,1781860189.586142,60.65101471,47.87252830,32.65999060
17,1781860189.637253,61.03561315,47.59278320,32.37467890
17,1781860189.692775,61.08578912,47.50741629,32.08013579
17,1781860189.738992,60.44799617,47.45344750,32.54713866
17,1781860189.824012,60.07888461,47.22045647,32.46035313
17,1781860189.892570,60.60559778,47.75343379,31.32946641
17,1781860189.961461,61.35993838,47.87967393,32.41720234
17,1781860190.048250,62.43771561,47.31748220,31.30831361
17,1781860190.099350,62.98988528,46.95140338,31.49361083
17,1781860190.143635,63.11261460,47.09002127,31.21671277
17,1781860190.225708,61.20884131,47.59589737,28.04095872
17,1781860190.291586,61.59533130,47.94009899,29.08909655
17,1781860190.354781,61.12129382,47.58823700,28.30906117
17,1781860190.428239,58.74874138,45.15839959,27.26627429
17,1781860190.489258,58.82258146,43.90455907,28.53531373
17,1781860190.577209,58.89909947,43.95521014,29.05983127
18,1781860182.873018,62.82659366,49.01601007,41.41179942
18,1781860182.919526,66.90522316,52.78952391,42.75784276
18,1781860182.958007,60.71488811,48.07858057,36.20692579
18,1781860183.068509,53.93245323,44.12812777,31.89154244
18,1781860183.127202,48.38936584,39.49714353,27.71739087
18,1781860183.202241,48.16615045,38.97442631,27.03399826
18,1781860183.326062,44.11588312,36.20701210,24.61229642
18,1781860183.368533,44.44304971,36.25364008,25.59499864
18,1781860183.470618,44.00349384,37.59720288,30.10608741
18,1781860183.543155,44.37949019,39.57933345,33.75228923
18,1781860183.600040,53.05019735,48.17934748,43.86286184
18,1781860183.655876,61.71986911,56.37552582,54.21818032
18,1781860183.716415,68.94776740,63.42341270,61.44928778
18,1781860183.765030,74.86968811,69.70954479,69.06920372
18,1781860183.873771,76.57413854,72.06179933,75.50014375
18,1781860183.940873,73.79699906,72.37706240,74.91368843
18,1781860184.000906,80.78105749,77.49741016,84.26069047
18,1781860184.058715,83.40974933,79.47160067,91.08174818
18,1781860184.122372,83.42938003,81.79965465,90.12395796
18,1781860184.166269,88.38506923,83.51962677,91.49346981
18,1781860184.261176,86.48635626,81.75666888,89.02764446
18,1781860184.342152,87.53310767,82.09427447,89.45788174
18,1781860184.404020,87.27439685,82.11067643,89.92985780
18,1781860184.463465,87.71594366,82.30825330,89.43513253
19,1781860183.940873,110.00144838,94.15098693,77.53719408
19,1781860184.000906,110.73557038,92.23217007,80.74178418
19,1781860184.463465,108.02912850,93.45158303,90.36916008
19,1781860184.530278,107.83364118,93.03144820,89.42061238
19,1781860184.573931,103.11678594,91.61034982,84.98873223
19,1781860184.659742,101.30353402,90.16430607,85.31262474
19,1781860184.720105,97.78584903,88.23484874,84.97980829
19,1781860184.783815,98.44790305,86.92000051,89.26129533
19,1781860184.874403,93.21020726,85.38633767,88.28973109
19,1781860186.105341,94.23322470,84.90711938,86.66648744
19,1781860186.156529,94.07338430,83.94605884,85.58324012
19,1781860186.314180,96.70794923,85.66186770,87.18905204
19,1781860186.371323,97.33959270,86.40983269,85.69349383
19,1781860186.442633,101.43402607,87.43904074,85.61950769
19,1781860186.514449,105.88694488,87.95410216,90.31082132
19,1781860186.732690,101.32929741,88.06742654,83.31189504
19,1781860186.772271,102.28927800,88.13231663,81.38810328
19,1781860186.833760,106.77713256,89.14201447,85.86148482
19,1781860186.895006,108.18590451,89.25347552,84.70359846
19,1781860186.946926,109.95706866,90.67639708,85.28248547
19,1781860187.035702,112.48819976,91.75389044,84.38420637
19,1781860187.155653,115.14819888,95.64830802,90.18436864
19,1781860187.239336,111.95050414,95.18164074,85.61512550
19,1781860187.297556,110.67068119,93.50451961,86.18954490
19,1781860187.326508,110.63091426,94.57795464,86.42374921
19,1781860187.515577,134.10661565,118.55499545,115.68126539
19,1781860187.632278,145.79930956,129.25798998,120.33805530
20,1781860192.024162,127.43234737,120.18812215,119.28444806
21,1781860192.766676,71.50614606,55.50821587,34.60032909
21,1781860192.821763,73.82389917,56.75488897,34.89543151
21,1781860192.880267,78.57892474,58.12991073,39.20688049
21,1781860192.948347,79.02019476,58.29869612,38.57632524
21,1781860193.018870,77.34982335,61.20495767,41.09116863
21,1781860193.102668,76.95044129,63.48982661,45.15132148
21,1781860193.160040,79.22231183,66.59307027,47.89697920
21,1781860193.230760,81.62015154,69.43302351,49.91715320
21,1781860193.283349,81.18809292,71.34204432,51.48970499
21,1781860193.334313,83.31422237,71.05504792,49.93179224
21,1781860193.410166,83.84651221,70.60289885,49.92576357
21,1781860193.505634,82.39353072,65.79248529,44.29749446
21,1781860193.569058,83.63334370,65.52094016,42.09966022
21,1781860193.625871,83.90121422,63.41552028,39.47534934
21,1781860193.698666,83.66145527,62.21801001,37.87984957
21,1781860193.716923,84.35090049,62.42862436,36.76164771
21,1781860193.809574,81.61626525,60.24924659,35.75390223
21,1781860193.892232,79.82635101,59.25305110,35.67897511
21,1781860193.971083,76.91550729,56.76621736,33.93257435
21,1781860194.037367,75.21980418,54.71792013,32.69636854
21,1781860194.090077,73.25701079,56.34045375,29.81914991
21,1781860194.142786,74.61419218,57.31055951,30.08070648
21,1781860194.217717,73.97081242,54.26267505,35.15888870
21,1781860194.296540,68.28162902,51.46990299,29.61618545
21,1781860194.355945,65.66862456,48.92028139,28.21838475
21,1781860194.420218,62.62136633,47.19751752,27.53265503
21,1781860194.494775,58.01674902,43.93209511,25.63845350
21,1781860194.550329,56.65529109,43.65446918,26.07218642
21,1781860194.618918,64.34215591,49.83933962,32.21865026
21,1781860194.694187,78.25288892,67.36707425,48.78704586
22,1781860199.890934,94.57133978,80.26241063,54.68847091
22,1781860199.953051,89.71722430,73.99595479,52.03790948
22,1781860200.018527,94.47502453,79.00994734,55.35950909
23,1781860204.360725,66.19686899,52.89195298,37.22511014
23,1781860204.412433,102.74528660,80.80744444,51.72574446
23,1781860204.494203,98.25126304,80.05736122,52.50909369
23,1781860204.562636,102.26871090,83.37164817,57.90976416
23,1781860204.620037,107.08478853,97.92812470,82.21224034
23,1781860204.697056,103.19194835,91.48331491,74.00365786
23,1781860204.755772,104.97906340,92.22961520,73.44954112
23,1781860204.828131,112.70063338,93.69511379,74.45412226
23,1781860204.879248,108.45097388,91.03710721,63.70214322
23,1781860204.975934,109.83276473,91.34729624,62.28706882
23,1781860205.021378,104.11161157,86.17645173,51.72552981
23,1781860205.093377,112.51587195,90.66642864,58.09427928
23,1781860205.163902,114.57671117,89.42543855,59.42566539
23,1781860205.218352,117.73884732,92.25436001,60.65903054
23,1781860205.298174,124.06051530,101.47450222,64.98888061
23,1781860205.349817,127.22800893,104.37032468,67.11788995
23,1781860205.423743,129.03044705,105.84990258,67.73213618
23,1781860205.491106,129.57673127,109.71884448,68.16261654
23,1781860205.560411,141.48313701,122.57512475,80.06354504
23,1781860205.618683,152.18186259,134.70367097,100.09189731
23,1781860205.699685,157.85679738,145.05075921,107.91069068
23,1781860205.747419,156.83443490,144.62592834,109.07675977
23,1781860205.823418,152.49444949,140.14715515,105.08765116
23,1781860205.906115,148.90940679,133.88587980,102.01064063
23,1781860205.963760,148.23939729,130.63011216,101.10602024
23,1781860206.031641,142.70773476,125.57535060,97.32793414
23,1781860206.106867,141.80788516,124.27208460,96.27060483
23,1781860206.161766,141.30965014,123.62168079,96.17657050
23,1781860206.228630,139.59740026,119.83315009,89.02344679
23,1781860206.311498,139.95431018,121.41232936,90.61586729
23,1781860206.361293,137.29077487,119.45280783,86.19654672
23,1781860206.430634,136.17822870,116.49547450,87.09377610
23,1781860206.487210,132.56708277,115.57244006,83.68906702
23,1781860206.555545,131.69112202,114.80330552,82.74193039
23,1781860206.620387,133.07678095,113.63637312,84.58857351
23,1781860206.701915,130.96267808,111.76737204,83.49807245
23,1781860206.764875,130.42933686,111.66044157,84.13097189
23,1781860206.828773,131.48755399,112.73496250,85.70034439
23,1781860206.893203,132.99467235,114.26643075,87.09485504
23,1781860206.959698,132.51781566,113.23870845,86.44413541
23,1781860207.026998,130.01440393,114.11356233,84.35367604
23,1781860207.100010,123.07020439,106.94821198,80.35232510
23,1781860207.161313,110.38465149,95.38127542,71.80638297
23,1781860207.233051,86.85574677,72.69006718,57.18323653
23,1781860207.293332,69.10823346,55.36152020,44.37044885
23,1781860207.356229,64.70566474,51.96733148,40.38773824
23,1781860207.431729,54.93061590,45.27575995,33.26744722
23,1781860207.527444,56.08424895,47.02914741,34.97973438
23,1781860207.772628,67.13296897,57.25915689,43.87438971
23,1781860207.812390,77.73620838,64.58134188,48.78778072
23,1781860207.893127,77.99919621,67.67861976,48.39736446
23,1781860207.956443,79.53217084,69.03696596,49.59402025
23,1781860208.034851,86.64260149,72.10121144,54.32781211
23,1781860208.094525,89.72043060,75.00515091,55.39962844
23,1781860208.150917,92.10407461,77.23458828,58.02352802
23,1781860208.253338,94.21125869,78.64061764,60.53455119
23,1781860208.302499,96.80531554,80.38434944,61.13757725
23,1781860208.361542,99.27485478,83.63358837,63.18507550
23,1781860208.438284,104.01738735,86.92587032,65.24004706
23,1781860208.497478,113.58537823,94.78361072,71.07285349
23,1781860208.555554,122.68070736,104.12230273,76.51768322
23,1781860208.613077,128.49157857,112.78616002,75.50059650
23,1781860208.706593,122.42752333,107.39703333,74.28179877
23,1781860208.784137,123.91052532,108.64981104,75.02673847
23,1781860208.836368,131.70702297,112.33319154,81.87361559
23,1781860208.897726,135.11972254,116.44944607,85.15671151
23,1781860208.963301,136.23668640,117.96879425,86.85380390
23,1781860209.018487,133.34792680,118.49213259,84.06817887
23,1781860209.104776,137.66491885,120.01582989,84.68649369
23,1781860209.158150,137.53964693,118.87644137,83.71073547
23,1781860209.251233,135.54482206,116.63492186,80.82314758
23,1781860209.312587,133.29739736,114.42473517,80.12412582
23,1781860209.362341,133.27840110,114.75724164,80.69753570
23,1781860209.417463,133.98237247,115.19708009,82.23345375
23,1781860209.497655,135.79255386,117.46434061,84.15508500
23,1781860209.562279,133.88089366,114.91351713,80.06702342
23,1781860209.635207,130.94167561,111.83442412,78.16463097
23,1781860209.713226,131.50443172,112.52729826,77.29961404
23,1781860209.786695,134.42440867,114.58632230,79.08207634
23,1781860209.836172,127.21761181,110.67225613,77.81170934
23,1781860209.897516,130.20584221,110.56496020,80.11608694
23,1781860209.959593,127.17957285,110.50290939,77.01147846
23,1781860210.029683,129.26948170,112.25058527,81.74040657
23,1781860210.099482,131.57838028,114.30256525,83.85226317
23,1781860210.163793,132.58437586,115.12649180,84.15823861
23,1781860210.251768,132.58317402,115.40198957,84.56640213
23,1781860210.303442,132.51226609,115.75441967,84.29675010
23,1781860210.361459,133.66748247,115.87984574,85.49782574
23,1781860210.425125,136.55405309,116.30242537,84.50470145
23,1781860210.510960,137.81592559,117.79656939,86.09625485
23,1781860210.559487,139.37789442,119.06125709,87.58925258
23,1781860210.614799,139.31697875,118.88197965,87.65559312
23,1781860210.721664,137.05081464,119.93842468,84.74437398
23,1781860210.805178,139.56963569,120.13045874,88.93161679
23,1781860210.850146,141.61810872,119.93973315,93.12347582
23,1781860210.908926,138.09993062,120.23651657,91.39390250
23,1781860210.966666,138.14397350,120.41923973,91.23994794
23,1781860211.026860,137.02676557,119.88660127,90.49139306
23,1781860211.102024,136.58326391,118.80489382,90.41603166
23,1781860211.163468,132.94404743,117.87922924,86.29124001
23,1781860211.257914,132.63454660,117.43679405,85.61927394
23,1781860211.318520,132.96972059,117.51882142,85.99336972
23,1781860211.389528,133.77542520,118.93355049,86.85006952
23,1781860211.429610,134.98003673,117.05910249,92.15487069
23,1781860211.507433,132.89593908,115.62372744,87.41838589
23,1781860211.563396,132.92873594,115.71280254,91.13118492
23,1781860211.626165,132.65028464,115.57379765,87.82446223
23,1781860211.696336,132.54141952,115.27385855,90.22548902
23,1781860211.785095,134.13025681,116.58913474,91.71802642
23,1781860211.829362,135.37582129,117.74625381,92.33518488
23,1781860211.908478,134.12543889,116.08159058,91.06310355
23,1781860211.976401,135.29740426,117.74657375,92.43763405
23,1781860212.030592,133.13056048,118.09330334,89.43083002
23,1781860212.094572,134.48475252,119.78790868,90.78123750
23,1781860212.153038,134.86016317,120.24200055,92.22790926
23,1781860212.235929,137.29976568,120.37186793,91.11119843
23,1781860212.307515,138.11332459,121.72419166,96.72889655
23,1781860212.376414,139.18319521,122.70537961,93.20010732
23,1781860212.429572,137.43078693,120.56737626,91.41887891
23,1781860212.490362,136.27932789,118.62288140,88.83256887
23,1781860212.548083,136.82397018,118.82172521,89.32605846
23,1781860212.615027,115.68992000,94.93801687,61.71200308
23,1781860212.704114,152.30608507,134.05009552,103.53382564
23,1781860212.788983,140.77433930,122.68406398,96.62715536
23,1781860212.838781,135.63527305,119.80753534,89.84570094
23,1781860212.898866,140.28144095,122.41206509,96.41467465
23,1781860212.966382,139.34447134,121.07846766,95.83328828
23,1781860213.021384,112.50186224,97.49110995,80.31072004
23,1781860213.103463,98.57138060,86.96954937,65.54986102
23,1781860213.157885,86.67912401,72.36163312,53.35436569
23,1781860213.245675,78.19372632,64.13675463,49.76487235
23,1781860213.296629,81.65306523,68.24185252,52.77562279
23,1781860213.343700,85.03772291,70.54502991,54.60840843
23,1781860213.419905,89.16582386,78.09389753,59.37848750
23,1781860213.500904,99.25122861,84.62922442,67.62767039
23,1781860213.559807,101.32468409,89.67464270,69.60308641
23,1781860213.621476,108.22368251,95.32934981,76.13538049
23,1781860213.712315,139.91492257,128.44017501,108.53712169
23,1781860213.847213,101.33526400,86.87737653,63.89886376
23,1781860213.902898,90.47503695,80.17339396,58.59048469
23,1781860213.967711,85.47200399,75.17692720,53.50788240
23,1781860214.024271,90.48084382,75.13614319,60.57368012
23,1781860214.091036,89.38853178,72.31382865,53.57257555
23,1781860214.154385,89.81772906,72.79297358,54.36378843
23,1781860214.228460,79.50806101,64.30347666,48.05254019
23,1781860214.305623,67.44181231,54.54396282,40.28282129
23,1781860214.374120,55.72784815,45.19493361,32.65818744
24,1781860209.158150,116.79895698,104.70909021,104.94991367
24,1781860209.251233,118.83522466,106.70346786,106.95950780
24,1781860209.312587,117.07204717,102.96277553,101.56321969
24,1781860210.029683,133.63227900,121.55152054,118.23373882
24,1781860210.099482,141.37340249,132.28495117,128.22129019
24,1781860210.251768,147.71265474,137.45152982,132.77253282
24,1781860210.303442,149.74506539,140.03102050,136.23149651
24,1781860210.559487,156.93681056,143.65003132,139.70197129
24,1781860210.614799,159.74160392,146.92785151,142.58748993
24,1781860211.026860,187.81947796,180.70677256,176.75897989
24,1781860211.102024,177.65162518,170.65373992,167.78472610
24,1781860211.163468,158.45848883,154.14087073,147.45305970
24,1781860211.257914,146.91152964,140.21826792,132.54205660
24,1781860211.318520,141.27598634,138.18976214,131.38443463
24,1781860211.389528,137.95480458,133.50182972,127.32021421
24,1781860211.429610,140.05803087,131.11756531,131.60093164
24,1781860211.507433,135.10298408,123.80104718,118.45914605
24,1781860211.563396,128.91707675,115.40184507,111.72477214
24,1781860211.626165,126.48022854,111.79527380,101.62165324
24,1781860211.696336,123.05708626,106.65941205,99.97280442
24,1781860211.785095,118.84107123,102.69458071,95.97417449
24,1781860211.829362,116.97500313,101.27981947,92.62230467
24,1781860211.908478,111.09901160,94.15020220,86.45114616
24,1781860212.030592,101.74091027,88.16627114,77.01401915
24,1781860212.153038,98.78195604,86.71616924,77.54731409
24,1781860212.235929,100.97449397,87.04531495,78.27792495
24,1781860212.307515,96.51912937,83.28276723,80.19530043
24,1781860212.376414,94.54760844,82.15824838,76.95580372
24,1781860212.429572,95.50465478,83.36884835,77.31095950
24,1781860212.490362,97.88700533,85.68075235,80.91436636
24,1781860213.902898,111.36376141,104.63134851,96.15140196
24,1781860213.967711,124.30113784,114.83000906,104.33902032
24,1781860214.091036,159.88052566,163.07638796,170.94665450
24,1781860214.154385,169.07599283,175.55854451,186.39345189
24,1781860214.305623,187.20088046,201.05049228,216.44649850
24,1781860214.374120,189.67809528,203.16536537,218.37638515
24,1781860214.430489,195.14421623,204.84996826,215.82035381
24,1781860214.490581,199.01032846,205.76405592,216.45599661
24,1781860214.885507,188.81851440,196.55011226,203.32836404
24,1781860214.935678,185.90373628,191.48657468,196.88360591
24,1781860215.009956,169.92230049,171.37072070,175.23402204
24,1781860215.090140,160.81248311,157.77776006,158.48580278
24,1781860215.178732,131.25619792,117.82653245,118.89538616
24,1781860215.232404,98.39643846,80.18356547,75.67504623
24,1781860215.291641,87.19472201,69.92425771,62.86202786
24,1781860215.344358,85.37866187,67.51615511,60.10535395
24,1781860215.407381,81.91660544,64.03283325,60.54822554
24,1781860215.549083,77.24569533,62.02512502,58.93708018
24,1781860215.615688,78.94588581,63.87385694,60.31694864
24,1781860215.693783,78.97451752,66.96134685,61.00054250
24,1781860215.926918,78.75891205,65.15133430,64.22406458
24,1781860216.019940,75.20768141,62.00355160,62.73374567
24,1781860216.062903,71.84692413,61.13024282,57.91878900
24,1781860216.129798,73.38218997,62.34286213,59.05935062
24,1781860216.175468,73.95943950,62.19585293,59.55519868
24,1781860216.252291,73.24619730,61.95181730,59.38969429
24,1781860216.363365,73.94507655,62.76223597,59.40624714
24,1781860216.412021,71.36981644,61.59715769,59.24842010
24,1781860216.455701,68.47293985,59.81207122,56.30507146
24,1781860216.563203,68.03168600,56.85713952,57.05937915
24,1781860216.730521,66.78679857,56.17009455,56.78506747
24,1781860216.800587,65.32340472,56.53891755,56.55659406
24,1781860216.888223,64.88661772,56.25403152,55.93375641
24,1781860216.930604,69.62259491,57.25122426,60.18843738
24,1781860216.982216,68.21515417,58.38620175,56.04781071
24,1781860217.063726,68.36871808,58.58544560,55.51319312
24,1781860217.194228,70.64343126,59.83983231,55.63623122
24,1781860217.259919,70.23994388,59.45974637,55.64055136
24,1781860217.346399,69.49271824,58.94625108,53.76282420
24,1781860217.413555,68.63030902,58.12083354,53.82943382
24,1781860217.458545,67.57800711,57.43432017,53.06999557
24,1781860217.531421,67.30611512,57.14106426,53.60773464
24,1781860217.597700,68.04341079,58.32541468,53.70562092
24,1781860217.666617,68.04168857,58.09891534,54.33734648
24,1781860217.718717,69.60313958,59.08448483,55.07091892
24,1781860217.764707,75.23847053,64.28789488,58.81782472
24,1781860217.859625,79.93704810,68.47219838,64.11747662
24,1781860217.938199,86.12844247,71.68431690,66.85049295
24,1781860218.113517,80.39881327,67.24178846,65.44697666
24,1781860218.161702,79.87251228,66.73922038,65.03122186
24,1781860218.258156,80.33122896,67.47929059,65.53132716
24,1781860218.366946,82.44199909,68.68983930,66.73996328
24,1781860218.416313,84.84618992,70.61842040,66.72078613
24,1781860218.459394,87.57574061,72.74429620,67.57480387
24,1781860218.798469,84.07188848,72.69071044,68.75710048
24,1781860218.853474,83.25350919,72.33395575,68.30388377
24,1781860218.916283,83.64413700,71.99038602,68.17506447
24,1781860218.969977,87.40166135,72.48347128,67.90288019
24,1781860219.044409,86.60511511,72.12340116,67.52143809
24,1781860219.133598,86.33194937,71.86319720,67.01396787
24,1781860219.201978,86.32752488,71.17492726,70.95962662
24,1781860219.263190,85.26431301,69.89707886,65.69318734
24,1781860219.352909,84.72066914,68.88316092,69.99240691
24,1781860219.404749,84.49110016,68.62300683,65.39031243
24,1781860219.526809,85.45657502,69.03472426,65.91720483
24,1781860219.590319,86.54878414,69.88667699,64.69140656
24,1781860219.652290,88.98134981,73.61596509,66.16470207
24,1781860219.730724,91.88480098,76.50538528,68.70279732
24,1781860219.779268,87.82897241,75.31621500,69.35229763
24,1781860219.869971,88.79213675,77.08469299,72.85984810
24,1781860219.933763,87.36035547,75.00024034,67.29541989
24,1781860219.998247,87.77307332,74.52362016,65.01857995
24,1781860220.517673,93.10652863,74.58860258,69.23781053
24,1781860220.564344,93.53601188,75.33309158,69.29162879
24,1781860220.657339,95.00405586,76.31590063,69.34922309
24,1781860220.725693,95.71337835,79.51405241,70.96560871
24,1781860220.794857,99.08497682,83.80124625,72.08198619
24,1781860220.882702,101.12427436,84.65468563,67.82481403
24,1781860220.975884,106.72145561,87.64338111,72.82817836
24,1781860221.348847,107.55500824,86.82958487,76.31843429
24,1781860221.441004,108.44426845,87.68538355,71.73719319
24,1781860221.535419,106.19294114,85.75957768,70.60479762
24,1781860221.594098,105.25411843,85.31967490,70.59231534
24,1781860221.668416,105.10484563,85.42266210,71.63885010
24,1781860221.725545,103.85989275,83.65740362,70.88790076
24,1781860222.175886,95.22293369,79.70904964,66.14567818
24,1781860222.247778,98.20687491,81.46282972,66.77457540
24,1781860222.354533,100.14170649,83.73941818,68.32669123
24,1781860222.420128,103.76352561,82.96869832,71.48198579
24,1781860222.469180,101.52497960,81.86224367,71.13368274
24,1781860222.524850,100.63340084,80.85617448,70.19256200
24,1781860222.581959,98.52558344,82.28738252,67.56820495
24,1781860222.658590,99.00361310,82.40649448,67.92943424
24,1781860222.730509,97.38568301,81.19206995,67.12892111
24,1781860222.793300,97.10671327,80.56074603,66.57594742
24,1781860222.889639,98.37978920,82.06600642,68.30463710
24,1781860222.943014,97.30519618,82.10202432,68.80301136
24,1781860222.976909,94.69324937,79.87899215,67.65816586
24,1781860223.058482,97.01689430,81.56150734,67.86723695
24,1781860223.127725,101.03161220,82.71877443,72.54492210
24,1781860223.194580,101.85416840,82.94634809,71.67804116
24,1781860223.258014,98.72654355,83.89221753,68.41733896
24,1781860223.349782,97.84320077,82.91262535,68.17614547
24,1781860223.392179,96.97267600,82.32249690,66.43331764
24,1781860223.535549,96.77393291,82.05720886,71.14497928
24,1781860223.656620,97.45534423,80.30417887,69.78465292
24,1781860223.848166,98.19091720,80.93619433,75.08938108
24,1781860223.927939,98.76638684,81.46927609,71.05119706
24,1781860223.990100,99.87643396,82.32396308,71.31445967
24,1781860224.057847,100.99201571,83.25056053,71.98873038
24,1781860224.126046,100.63401665,83.06118379,71.34027647
24,1781860224.194181,102.08569255,83.64597507,76.36792304
24,1781860224.653752,99.10494831,83.75085031,71.20139715
24,1781860224.792792,99.39002882,83.74249363,72.63451504
24,1781860224.865723,97.37279886,81.92843983,71.55160374
24,1781860224.933355,97.83880482,82.03887561,71.55550635
24,1781860224.976899,99.31053151,83.14422913,72.44600804
24,1781860225.056929,100.28436942,83.69920406,72.48745886
24,1781860225.123527,99.82246922,83.12676511,72.01223325
24,1781860225.182394,98.96570180,82.51726232,71.31452176
24,1781860225.934417,96.02973312,80.94428527,68.04133964
24,1781860226.003404,94.52701177,81.00003893,67.37019948
24,1781860226.056165,92.90114421,80.16635683,67.33085513
24,1781860226.122490,92.08890900,79.80759850,67.99500233
24,1781860226.180089,92.83037717,78.36493630,71.08454001
24,1781860227.178895,91.76674052,77.12483153,67.02264024
24,1781860227.257867,94.71277636,80.00607314,69.37530337
24,1781860227.352084,99.41514463,81.59139047,72.76240946
24,1781860227.402152,99.90231940,82.09207958,72.84495233
24,1781860227.448104,102.04685865,84.06706847,73.66074397
24,1781860227.524503,103.46895322,85.02988254,74.15205710
24,1781860227.704981,106.18404190,83.79993992,73.59626281
24,1781860227.791127,106.73115714,84.01343521,73.16317846
24,1781860227.865275,106.41156855,83.93964767,73.41891747
24,1781860227.935654,106.72759430,83.83270746,73.97517632
24,1781860228.001151,108.65500790,85.71482805,73.72357573
24,1781860228.056329,109.60014868,85.47368359,73.07987279
24,1781860228.118923,107.06000074,82.86703258,75.84500411
24,1781860228.180478,104.36807323,83.57453909,72.68408128
24,1781860228.257272,110.51927878,88.74542186,77.43894963
24,1781860228.359999,110.71805244,89.09898850,77.52122811
24,1781860228.432701,104.46737577,82.95009765,78.24654922
24,1781860228.457508,97.08015378,80.06803102,71.75241315
24,1781860228.527690,88.39568511,75.50384512,68.52475769
24,1781860228.579157,87.70589445,72.62647820,67.22901169
24,1781860228.655472,82.30927594,70.33187582,66.60411260
24,1781860228.737354,82.26831227,68.56270897,64.96525765
24,1781860228.790216,79.81615224,65.44941634,66.51407542
24,1781860228.881253,74.26467089,63.96964219,62.55401660
24,1781860228.950678,79.35891239,69.30699841,69.32059917
24,1781860229.002243,77.36817230,67.97443727,69.89220079
24,1781860229.038054,75.91050924,71.22928937,76.94597411
24,1781860229.140127,79.82281918,76.85799032,82.37621145
24,1781860229.192901,82.77532573,79.54203797,85.64842826
24,1781860229.256553,86.68515889,82.99137906,92.97671067
24,1781860229.346438,86.45976804,82.44615515,86.87772149
24,1781860229.414094,81.41915942,77.04317066,80.80182344
24,1781860229.455063,84.43124479,76.42761583,80.35011238
24,1781860229.540409,80.09406628,73.07778797,64.97027122
24,1781860229.597066,91.74353168,82.84880095,62.79744375
24,1781860229.661131,95.94317356,86.40605749,61.43266350
24,1781860229.719583,96.69717386,87.02610779,61.66087813
24,1781860229.783479,93.14198274,83.28591450,60.54675640
24,1781860229.874229,82.35914747,75.05188668,53.54220400
24,1781860229.919948,62.79151806,53.46409020,41.56726124
24,1781860229.990941,57.27471005,48.52914882,38.77513015
24,1781860230.052661,63.09121767,53.40767723,42.51422432
24,1781860230.121879,64.46719039,56.56836333,41.97345782
24,1781860230.181248,69.54224559,60.80203475,44.61796581
24,1781860230.246218,70.35950051,61.12550665,45.66087267
24,1781860230.348920,70.65964776,61.06415058,45.69706788
24,1781860230.412608,72.10956266,60.08755020,48.47546949
24,1781860230.478403,76.02772250,61.14102109,52.38247652
24,1781860230.527526,72.97306113,60.72110588,49.02215682
24,1781860230.587693,73.57023430,61.35694020,49.97711780
24,1781860230.648601,75.10162433,62.36886802,51.13236502
24,1781860230.717117,73.38646993,60.79761070,50.62347258
24,1781860230.786263,72.06740714,59.79917466,51.08832665
24,1781860230.872474,76.67475042,61.27124355,54.21465038
24,1781860230.943482,73.72642798,61.63097415,51.28400374
24,1781860231.000741,76.85830461,61.62035332,54.35131501
24,1781860231.074380,76.71218654,63.52596564,53.61621192
24,1781860231.127785,79.96381617,64.33839721,57.07817706
24,1781860231.183781,85.45645854,71.92314588,60.99945477
24,1781860231.251061,93.25380086,81.04568053,68.19497373
24,1781860231.340247,94.11532908,78.43372408,68.47708829
24,1781860231.406217,94.21618112,82.18570953,68.66456508
24,1781860231.463612,93.62942474,78.61907752,69.06800800
24,1781860231.527709,96.96325808,82.59902409,72.45298692
24,1781860231.582982,92.27722740,77.85232555,69.67562463
24,1781860231.643699,82.20465823,67.88019488,61.50893062
24,1781860231.709069,74.19373147,62.41293582,55.38217911
24,1781860231.786934,74.21586211,59.96830872,55.90565841
24,1781860231.863893,64.77922202,54.23215094,49.36469166
24,1781860231.922976,65.35751264,52.41542876,51.66271806
24,1781860231.989747,61.76830622,51.93888888,50.21082062
24,1781860232.049717,60.82865781,52.12091367,50.30880962
24,1781860232.110171,60.20302941,51.59123530,49.62522792
24,1781860232.174066,59.62305232,51.11482365,50.20267217
24,1781860232.250492,60.26375485,52.06447718,50.00659780
24,1781860232.345437,61.46216577,52.79557856,50.45334729
24,1781860232.411953,61.98642611,53.07856407,50.82931976
24,1781860232.456593,63.76609420,54.24242477,51.70362608
24,1781860232.512352,68.15016230,56.00626025,55.39815215
24,1781860232.577580,68.65681433,58.23043710,53.68893833
24,1781860232.637961,69.54930811,57.39188150,52.68256828
24,1781860232.730689,70.09399126,57.69729892,52.93307534
24,1781860232.792781,73.04468213,60.18450467,54.45532088
24,1781860232.882717,72.39736336,59.60953353,53.89995368
24,1781860232.944599,71.82830242,58.75824104,53.80486033
24,1781860233.009934,73.79807363,62.36654313,56.42001569
24,1781860233.069562,75.31084204,64.49523543,58.12541308
24,1781860233.131035,71.85459071,60.57369772,54.94830122
24,1781860233.193378,68.97358211,57.77423992,52.49677954
24,1781860233.255921,69.34711613,58.08292015,52.48887148
24,1781860233.348769,69.39196345,58.38042448,53.16451859
24,1781860233.414756,68.74345115,57.67363893,52.08149054
24,1781860233.456596,67.76950294,56.66876810,51.70390907
24,1781860233.516828,69.80766515,56.14239807,51.74453997
24,1781860233.590669,69.57622288,56.29930462,51.54510592
24,1781860233.652696,68.79437924,55.88814567,51.29091381
24,1781860233.714235,68.68390570,55.86400986,50.50411298
24,1781860233.778384,65.22794840,55.59773402,51.05954989
24,1781860233.867322,65.65743548,55.51522922,51.04623631
24,1781860233.929537,65.34218769,55.05013369,51.26764127
24,1781860233.991411,64.24707685,54.48790941,50.64295049
24,1781860234.051314,64.44472980,55.02240670,50.86123204
24,1781860234.114397,65.89486988,55.35523453,51.21390681
24,1781860234.171834,65.99016981,55.57216489,51.05046723
24,1781860234.254606,66.19684211,55.88139639,51.50145538
24,1781860234.345920,65.41072871,55.61567450,50.53739482
24,1781860234.395306,65.03897935,55.00557052,50.43801141
24,1781860234.452033,65.64348933,55.54736741,50.62322894
24,1781860234.517175,65.43796836,55.51982331,49.67419723
24,1781860234.573544,65.33451711,55.36295221,50.70897079
24,1781860234.638891,65.48326690,55.29052799,50.99877158
24,1781860234.725658,66.31552647,55.68069492,51.76672998
24,1781860234.787343,65.64722169,55.37750384,51.29592833
24,1781860234.882862,66.56703247,56.45176197,51.69677971
24,1781860234.941504,67.45984292,56.89728704,50.92105710
24,1781860235.007560,67.67799217,56.93937884,51.62545247
24,1781860235.063600,67.46953511,56.63721072,51.75213049
24,1781860235.130678,66.66369842,56.38084175,52.67121774
24,1781860235.185975,68.54367169,56.25579610,50.97862716
24,1781860235.248919,69.20170451,57.14569185,52.56254429
24,1781860235.341533,68.46824164,56.42575655,51.28721507
24,1781860235.370760,68.42036247,55.83481100,55.25652365
24,1781860235.452929,69.77686582,56.81497014,54.79576050
24,1781860235.527993,70.61031713,57.71198902,55.33585105
24,1781860235.587808,70.83547115,57.66308303,54.91939396
24,1781860235.651412,69.45830736,57.85508325,54.54451003
24,1781860235.710746,65.96690836,56.89112503,51.79234477
24,1781860235.779137,62.90529885,55.76814696,48.43061757
24,1781860235.870499,62.27971680,55.81823656,47.57693732
24,1781860235.929483,61.29583313,54.72135678,46.95368712
24,1781860236.666295,62.78691051,53.94041557,48.25553958
24,1781860236.750165,63.80142944,54.62761640,49.53788444
24,1781860236.815931,62.92323090,54.13561341,49.64469328
24,1781860236.875626,60.06697422,51.55956193,48.60976530
24,1781860236.945305,59.70586055,50.65600581,50.45787597
24,1781860237.002500,58.33550337,49.12427575,51.93360214
24,1781860237.070167,63.74621513,56.92941037,61.59153732
24,1781860237.151721,68.63026206,68.12605849,77.99519045
24,1781860237.209071,68.79649451,76.80003895,87.92599765
24,1781860237.283013,112.47549257,118.14641748,110.61872622
24,1781860237.345238,110.99323798,118.19361176,100.27745119
24,1781860237.407347,84.66338310,95.16995523,95.03539899
24,1781860237.473699,82.03716786,92.07868170,88.70436126
24,1781860237.549881,67.99809057,76.18527926,83.24751067
24,1781860237.616169,65.76039092,75.43827352,79.45763968
24,1781860237.676812,69.08902192,78.09703297,84.98621404
24,1781860237.739507,88.21548631,87.72008874,83.68368556
24,1781860237.805035,81.94947033,46.81523167,31.48571451
25,1781860213.157885,89.63026437,81.12724141,76.37523440
25,1781860213.500904,107.63443814,97.18535924,93.68031968
25,1781860213.559807,128.43634654,123.05977288,112.77296515
25,1781860213.621476,166.38668925,164.12686128,151.47277483
25,1781860213.792525,195.43249771,200.87537448,193.39071003
26,1781860228.527690,94.90875035,82.04046331,71.63521810
27,1781860230.943482,114.97498922,104.68824002,80.09007367
27,1781860231.074380,116.93368691,106.91947436,82.75919060
27,1781860231.251061,118.08603926,108.31494993,83.07035177
27,1781860231.406217,118.28735933,108.30715363,83.35509522
27,1781860231.527709,120.73194806,107.61256206,86.03324541
28,1781860237.616169,57.33321155,52.32414312,34.78824264
29,1781860252.548046,124.34845948,103.16396159,79.56921667
29,1781860252.604179,134.79135455,109.44181710,82.14749620
29,1781860252.674083,145.54169553,125.23763348,99.70116883
29,1781860252.736165,138.59192699,120.29176171,91.34588114
29,1781860252.797762,155.58377251,142.61923584,113.05237154
29,1781860252.861732,134.74180162,115.34463563,85.01771255
29,1781860252.941913,151.68504801,142.53113855,119.37448560
29,1781860253.005433,152.34504780,145.06882131,126.31215345
29,1781860253.071809,156.01407222,147.90018375,123.03559464
29,1781860253.132703,159.72025677,156.02059844,132.10406378
29,1781860253.196785,163.45121739,159.44911825,134.89577522
29,1781860253.263922,162.24901445,161.83308558,141.67049705
29,1781860253.342731,171.77682238,166.14272751,145.24012654
29,1781860253.401684,176.72630578,173.07378258,152.34188403
29,1781860253.471690,179.87197456,174.41977772,147.83668593
29,1781860253.532301,184.29998238,179.82394448,155.18992608
29,1781860253.593395,190.73255370,185.75651919,160.93929402
29,1781860253.662175,198.55914245,192.32873355,168.32363402
29,1781860253.742237,200.00066081,191.36969867,172.41462244
29,1781860253.806424,192.98713266,186.52776306,162.48889390
29,1781860253.871214,191.12214019,183.71968437,160.09358224
29,1781860253.933408,184.62912010,177.24591113,155.15811958
29,1781860253.998546,178.74567858,170.08097492,147.75460610
29,1781860254.065893,178.70761475,169.51256407,146.94970856
29,1781860254.141522,177.35752862,167.28778269,143.29060201
29,1781860254.206644,170.80659711,157.08617478,132.97481201
29,1781860254.271708,168.39240687,151.90313345,125.50252390
29,1781860254.329731,163.82436927,144.54642298,118.40682148
29,1781860254.402294,156.31850008,135.22600643,108.68653356
29,1781860254.462368,158.79750221,135.42261770,106.18820621
29,1781860254.545084,165.00341684,138.06467445,113.72600558
29,1781860254.605616,165.23443669,139.45989228,109.70020555
29,1781860254.669863,173.58602155,148.67213868,113.56395622
29,1781860254.737139,173.99403001,152.18862581,116.92762685
29,1781860254.798878,171.08590025,153.06778441,118.85499933
29,1781860254.861942,171.76075490,155.23306030,123.27227905
29,1781860254.942405,173.87221100,159.41765911,127.03763051
29,1781860255.005499,177.78100171,160.64239347,130.09388848
29,1781860255.070400,174.73951318,160.59250236,129.64881869
29,1781860255.136374,173.61312412,160.84713615,131.39811548
29,1781860255.199670,170.66157634,158.51979230,128.81835401
29,1781860255.262942,170.01436149,159.20470593,126.01556787
29,1781860255.343540,168.27038313,156.13281617,125.77173166
29,1781860255.406736,164.72414346,150.88343133,119.90478870
29,1781860255.474187,159.84937339,146.11618719,111.52601233
29,1781860255.537705,155.58902081,137.81790030,99.09377173
29,1781860255.599665,155.64768849,130.58350370,96.31074508
29,1781860255.659430,118.18422377,87.55303910,53.89322493
29,1781860255.742319,118.67407626,86.41300243,49.24602276
29,1781860255.808321,123.54855753,90.85640057,50.79819451
29,1781860255.872479,127.85440186,94.44409230,55.57969514
29,1781860255.934706,131.75745875,98.57665153,57.99019305
29,1781860256.173512,124.80183423,92.43455507,61.60164884
29,1781860256.212824,127.57967056,96.00215147,63.23790833
29,1781860256.233383,133.40557342,105.19264205,76.67648835
29,1781860256.299973,146.59798725,120.91518243,92.25040960
29,1781860256.365246,161.00578477,134.86959167,106.77512699
29,1781860256.431139,161.48463418,135.66904756,110.05832864
29,1781860256.509322,163.14596330,135.09893986,115.41653885
29,1781860256.575845,155.66741253,129.43323973,108.08060247
29,1781860256.643665,150.77518735,122.91580319,104.47289881
29,1781860256.700496,135.86323766,115.18219927,91.85102891
29,1781860256.766333,143.46992191,116.98316767,97.88847293
29,1781860256.830588,142.34386041,116.05140594,95.72448483
29,1781860256.912642,146.35842045,119.01003542,98.63384064
29,1781860256.969895,141.91386816,114.25140962,92.05666114
29,1781860257.037662,135.06877567,107.06030921,85.31083593
29,1781860257.116624,119.88752483,94.22307758,72.39186016
29,1781860257.163596,104.52204432,79.29789555,51.44141845
29,1781860257.228850,121.67573208,99.88384831,64.13918505
29,1781860257.310671,158.93217952,140.09553703,91.92352763
29,1781860257.374182,157.91237527,134.71478459,88.42989030
29,1781860257.437335,126.79673953,96.25291237,57.80363590
29,1781860257.502100,116.84030977,86.83667220,50.22945991
29,1781860257.569381,116.31975811,85.42581661,55.51273118
29,1781860257.632142,116.21244276,85.28490547,55.42088166
29,1781860257.713753,116.91401954,85.92505435,55.51016112
29,1781860257.776623,117.48651308,83.65933642,52.89322011
29,1781860257.840983,127.83643282,91.14269274,57.65688272
29,1781860257.903479,127.80801130,94.23158788,57.58666538
30,1781860258.640347,99.37452999,82.21982628,66.23032981
30,1781860258.698524,101.83729701,84.49474929,68.59791804
30,1781860258.829455,102.25900036,84.59759718,67.94221477
30,1781860258.911695,106.36493046,89.83301275,71.36319797
30,1781860258.974245,111.70930503,93.28471422,72.76432133
30,1781860259.038738,108.07511795,88.99304636,70.73610467
30,1781860259.106255,107.14853540,88.01052292,69.46369130
30,1781860259.168092,105.76524718,86.16705724,66.00887407
30,1781860259.229651,105.13508679,85.86054995,65.48997763
30,1781860259.310876,102.77729807,83.48115199,62.89325750
30,1781860259.376970,111.11871182,90.29020420,65.59796818
30,1781860259.441406,114.85192599,95.77107419,68.83204152
30,1781860259.500301,112.85609056,94.48756300,67.92362776
30,1781860259.566254,115.30992231,97.83033298,70.54939231
30,1781860259.634761,106.44293868,93.01786628,67.69692856
30,1781860259.713936,109.56182256,96.37746400,71.63256098
30,1781860259.776427,117.76448952,103.92614687,70.05963034
30,1781860259.837751,107.18228804,95.19963221,66.53795974
31,1781860260.107793,125.59584280,107.90749041,79.59342205
31,1781860260.173145,107.12644695,78.52217150,51.27431047
31,1781860260.240173,134.57919089,109.95760647,82.65560224
31,1781860260.366805,115.59821108,89.79622521,64.75288908
31,1781860260.433276,118.84142800,92.23535449,68.32616129
31,1781860260.505623,135.65547408,115.11977189,90.27987646
31,1781860260.573539,144.41629681,124.76614728,106.25451222
31,1781860260.639602,154.94232491,132.65749753,114.68335063
31,1781860260.698571,153.86265695,131.58745283,114.62197916
31,1781860260.764326,150.12434078,128.41449147,110.51386658
31,1781860260.828968,146.88988005,125.25508814,106.73696611
31,1781860260.912780,140.86155861,118.25205342,104.71706381
31,1781860260.971742,136.49121213,115.32909327,97.58749475
31,1781860261.037263,136.50835543,115.29189802,99.17447505
31,1781860261.101703,140.17794037,115.84019398,101.70390258
31,1781860261.169136,143.65238751,120.06409550,103.54494949
31,1781860261.231798,145.23520292,121.08572731,103.37674419
31,1781860261.305897,143.48302368,120.56720704,102.08334699
31,1781860261.371172,142.27779698,118.94637097,100.85736047
31,1781860261.436345,138.18489316,116.74467539,99.20685296
31,1781860261.497218,138.03290377,114.87714707,99.42689430
31,1781860261.561470,137.10483602,115.24724706,99.02091722
31,1781860261.625871,134.12475740,113.55014824,97.93325348
31,1781860261.711675,139.14160463,116.76933806,98.42388759
31,1781860261.776450,140.54490126,117.58194833,99.81407789
31,1781860261.837890,139.09240710,118.59301773,100.43966166
31,1781860261.903993,139.25349730,118.07034161,99.82588285
31,1781860261.963965,141.81229271,118.41217805,100.70885253
31,1781860262.025102,139.35964280,116.57955790,99.42508564
31,1781860262.114578,129.66793453,110.30922910,93.78038471
31,1781860262.169291,128.69753845,108.52009395,92.50481234
31,1781860262.238931,134.82381570,111.49154337,92.78647804
31,1781860262.303465,140.87867745,115.79031374,97.55140810
31,1781860262.366953,142.23374961,117.90546608,97.58443822
31,1781860262.431011,141.55300100,116.43988654,99.02797738
31,1781860262.510200,138.12796995,117.16395104,96.30307605
31,1781860262.575399,134.07724833,113.79451804,96.71053720
31,1781860262.638847,133.83076088,111.18462143,94.70592919
31,1781860262.701233,133.65037382,111.06419794,93.70106225
31,1781860262.759811,134.32198032,110.62353334,95.68882093
31,1781860262.830424,137.64020437,113.98239380,96.25147757
31,1781860262.909639,142.67540703,119.45220812,100.04607455
31,1781860262.973896,143.91409057,120.84650003,100.40210604
31,1781860263.038916,144.66768316,120.25233366,98.58583940
31,1781860263.099745,144.64625065,119.07819787,99.89820490
31,1781860263.167120,143.31564048,118.30936542,100.18287332
31,1781860263.229190,140.89167971,117.42832551,99.94083138
31,1781860263.308615,141.18164713,117.59288897,101.56364480
31,1781860263.369382,144.51323718,119.92396363,100.88956555
31,1781860263.440663,149.59604851,124.27990604,104.73192812
31,1781860263.499551,145.20801817,120.69741132,101.92625793
31,1781860263.585094,147.47855115,121.69484710,101.50669529
31,1781860263.787760,139.28363528,115.78772523,97.57170907
31,1781860263.818759,138.32269289,112.55696012,95.11243524
31,1781860263.867332,141.55728310,118.42230470,98.78899071
31,1781860263.937654,140.14884027,117.10985271,98.77290433
31,1781860263.998785,136.20310973,112.37855745,95.00946139
31,1781860264.061612,142.55631133,118.77697295,98.05481595
31,1781860264.143837,148.13896776,121.80256072,101.96845059
31,1781860264.211850,144.34671926,119.74251618,99.53310275
31,1781860264.268122,134.07881849,112.11368150,96.75061457
31,1781860264.333606,134.26880105,109.70465299,91.99274724
31,1781860264.397323,138.54716703,114.83425552,93.98941734
31,1781860264.462193,145.57543880,125.55640244,105.48333045
31,1781860264.542575,146.47778853,126.25158339,105.66291344
31,1781860264.602484,141.59206349,117.35243360,100.73561094
31,1781860264.674882,142.28145262,118.42124098,98.88177970
31,1781860264.729479,142.59193614,118.25461310,99.61051533
31,1781860264.797466,142.21402625,117.02000916,98.64157073
31,1781860264.861385,136.63706611,112.38923775,94.96457134
31,1781860264.942763,135.23539541,112.83417402,96.78119387
31,1781860265.006386,133.32676262,110.63025860,93.63224302
31,1781860265.069760,134.27989758,112.03046699,96.38167239
31,1781860265.134892,136.56487498,114.09461882,96.71061008
31,1781860265.209222,137.66011236,115.07271159,95.66743294
31,1781860265.262330,138.37582839,114.80198814,97.35193399
31,1781860265.341605,141.53926564,116.87461701,96.62612628
31,1781860265.407601,142.96458933,118.89130804,99.35504038
31,1781860265.472279,150.40265913,127.41925017,104.82971685
31,1781860265.534205,142.33595490,121.26263937,102.25568350
31,1781860265.598410,131.72665373,108.02211012,93.38564351
31,1781860265.667517,139.26826473,116.53614139,99.93892116
31,1781860265.740740,136.86995572,113.25521631,96.57001233
31,1781860265.805741,139.71353322,116.57088200,97.65831606
31,1781860265.871053,140.03238617,118.09116214,98.42945731
31,1781860265.935110,139.72484760,117.09105142,96.78463819
31,1781860265.998689,140.54026073,117.74303883,98.99849768
31,1781860266.060067,142.27860946,120.26465495,99.62660287
31,1781860266.142381,144.15380184,120.90060164,102.39042499
31,1781860266.214669,141.35578072,119.44260565,100.76609587
31,1781860266.272433,140.32662090,117.16652012,99.11654765
31,1781860266.334832,153.73915372,130.31920837,108.28429011
31,1781860266.392637,155.90496045,133.06593410,108.80986142
31,1781860266.461059,140.38367192,117.50330369,99.15001406
31,1781860266.542370,143.82515573,121.48882870,100.84958926
31,1781860266.605588,139.32290418,117.37878923,97.82708987
31,1781860266.674903,142.63278897,120.22300563,99.82518133
31,1781860266.730613,144.18646902,122.04873433,101.82829228
31,1781860266.799956,140.83219724,116.94275637,97.78338132
31,1781860266.864703,140.02760088,115.27864809,96.84361078
31,1781860266.941684,141.67266976,117.38889311,98.78116652
31,1781860267.005737,155.22356850,134.94762556,114.16630838
31,1781860267.071961,149.28115027,127.53529727,107.43225553
31,1781860267.134074,140.34409240,114.81137251,94.73441873
31,1781860267.202555,164.02657287,140.97900946,120.66872948
31,1781860267.260232,165.14720383,140.27412946,119.56830390
31,1781860267.341320,169.39906512,147.45568067,120.10687268
31,1781860267.405703,170.12290679,150.95374659,124.82113761
31,1781860267.471041,160.06574282,139.22491672,115.35149236
31,1781860267.534419,151.45671943,128.10552753,105.66147375
31,1781860267.598584,152.91905361,127.44873960,103.15633186
31,1781860267.669528,161.89000650,137.41912097,110.62064454
31,1781860267.739607,168.42463723,144.17810257,116.97127665
31,1781860267.806186,170.07204436,145.71527071,119.62413011
31,1781860267.870354,170.78622175,147.19696962,119.66614370
31,1781860267.936245,170.89830408,146.79995302,119.88666292
31,1781860267.999829,169.54778176,146.29666987,119.15640040
31,1781860268.064809,170.26075422,147.33245573,120.56221526
31,1781860268.142575,170.96444027,147.90896381,121.32864174
31,1781860268.220587,170.26985038,147.70396262,121.17231727
31,1781860268.271096,171.19592905,149.25990419,123.03077812
31,1781860268.337592,171.77113932,149.76337034,124.24223312
31,1781860268.398930,172.45196556,150.52745498,124.25791950
31,1781860268.462879,174.01790838,152.72442779,126.98066071
31,1781860268.542102,174.52746702,152.99433364,128.15566860
31,1781860268.605819,174.53427981,153.71373597,128.30726288
31,1781860268.671148,174.00515022,153.57501905,128.32511023
31,1781860268.729754,173.31680735,152.10783603,127.39041022
31,1781860268.799226,170.74580756,150.54452775,127.27190001
31,1781860268.863363,168.91610223,147.97701739,125.05123424
31,1781860268.938246,168.38128700,147.28435572,123.91524600
31,1781860269.008013,171.12692758,149.91273498,126.16485255
31,1781860269.073093,169.98973395,148.61073409,124.34346712
31,1781860269.135624,156.56624531,135.74718032,115.62415858
31,1781860269.207005,138.24198590,116.95989684,99.35457134
31,1781860269.262401,118.67061553,97.89918519,84.33159186
31,1781860269.342709,108.20003287,90.52760236,80.78633075
31,1781860269.409883,116.40219291,104.06126278,90.20224382
31,1781860269.470717,145.39412693,130.80201083,120.32907609
31,1781860269.538774,162.49957881,147.67238636,133.93678935
31,1781860269.600264,160.81602997,149.19954154,132.37579792
31,1781860269.667883,162.38548702,147.95507639,131.41862068
31,1781860269.739982,145.21591230,130.95544179,109.46950441
31,1781860269.805333,138.75349330,126.88163187,107.11695422
31,1781860269.868810,130.64713940,119.95953846,98.16394890
31,1781860269.935492,135.99868198,123.37701158,104.36066966
31,1781860269.998292,140.44896569,125.63781352,106.33464055
31,1781860270.066398,142.15085433,128.83118868,105.11161873
31,1781860270.142077,171.92862906,162.95028690,135.83970424
31,1781860270.209065,183.63684730,177.60818337,150.21846761
31,1781860270.271230,178.79020504,172.05820812,144.91944582
31,1781860270.336747,163.31584192,151.63792858,121.96240655
31,1781860270.399082,130.28880689,114.59628551,87.06290182
31,1781860270.462826,133.11784024,115.79306090,83.25651024
31,1781860270.543541,143.99625072,126.78102061,91.39412371
31,1781860270.605998,160.94257485,144.21113604,102.79102999
31,1781860270.667660,162.62899021,144.84203467,101.53967333
31,1781860270.737717,160.89849158,140.17870911,96.51394668
31,1781860270.800928,165.81770959,144.92782004,101.94497593
31,1781860270.869643,174.23087948,156.08984629,109.26530693
31,1781860271.263726,187.79831677,166.48728902,115.34278703
31,1781860271.342989,187.96162863,166.52020297,123.22560725
31,1781860271.415945,185.48794033,159.53428462,124.96753318
31,1781860271.467695,195.74355314,169.62189135,132.67269947
31,1781860271.538654,203.47679484,178.59263660,140.16156417
31,1781860271.601802,202.97726121,177.50101525,144.32975824
31,1781860271.671624,203.81953269,178.22894520,146.44418427
31,1781860271.745512,200.53737996,171.71218046,135.42984982
31,1781860271.809779,197.45535869,166.86904065,128.96353532
31,1781860271.874774,190.41393461,156.58061212,119.09577734
31,1781860271.937127,185.08751323,151.92197531,113.54947090
31,1781860272.003449,178.55268308,147.06803451,110.72357253
31,1781860272.063145,174.09742121,144.75385747,112.87048461
31,1781860272.145030,169.61756644,141.20761073,113.37759669
31,1781860272.221034,159.57843715,130.66822987,104.46574188
31,1781860272.272635,152.48880283,122.53635461,98.72287005
31,1781860272.335999,151.60947956,123.21222769,100.28298723
31,1781860272.403569,166.48256891,138.48855675,113.56274154
31,1781860272.466946,183.66998835,156.80775720,128.50119484
31,1781860272.545259,186.85691468,157.50077539,125.41924062
31,1781860272.607923,176.04248229,144.59099140,112.52197497
31,1781860272.682884,184.39825190,155.36093107,121.45354859
31,1781860272.739939,174.49189296,149.01405100,115.60433266
31,1781860272.799614,167.76454850,142.85980635,110.63308154
31,1781860272.860842,163.03844230,138.96285249,108.15921215
31,1781860272.944092,159.86555937,136.11853918,106.99088897
31,1781860273.008884,156.57162671,133.65388107,107.11361764
31,1781860273.070124,158.50775377,135.57393187,106.61245029
31,1781860273.137890,162.11907762,136.52239153,107.98692116
31,1781860273.217989,164.65158472,138.71656303,106.81310092
31,1781860273.265131,169.10915743,142.04754106,106.63086842
31,1781860273.346150,167.81851294,139.40100204,107.90236372
31,1781860273.411160,163.29909159,134.88504682,99.99432418
31,1781860273.474258,164.59601848,132.52425832,92.81150185
31,1781860273.533771,158.52013723,124.68688215,89.35213078
31,1781860273.599444,156.66486799,122.66530417,86.85821580
31,1781860273.666663,152.09255348,121.22437586,83.46168386
31,1781860273.746821,151.59991212,118.90693442,86.38435599
31,1781860273.807148,147.64315285,119.71427348,87.77375265
31,1781860273.866698,150.08555784,121.63141081,96.81142672
31,1781860273.934729,149.16638562,125.23703776,98.62735023
31,1781860273.998177,157.06929555,132.66499389,110.06815186
31,1781860274.062492,160.36254738,137.07259250,108.86761070
31,1781860274.143442,168.60511341,141.01130774,111.49120640
31,1781860274.214773,167.77844601,136.99182730,98.68777837
31,1781860274.270847,165.89930878,129.37313759,91.33454443
31,1781860274.332261,158.09573858,121.72774944,85.68971015
31,1781860274.398843,152.42730269,116.80437693,82.45812278
31,1781860274.461322,148.21980424,112.84236642,79.01594270
31,1781860274.538871,150.18454765,114.67788247,80.20840224
31,1781860274.605102,150.90041215,113.42736173,80.06972181
31,1781860274.670253,150.74077890,112.98535053,79.43585991
31,1781860274.729989,152.60239535,116.62175788,77.27900478
31,1781860274.796868,156.24402511,120.59097317,81.13060857
31,1781860274.859106,159.07455567,124.12520630,83.25591363
31,1781860274.943640,164.32635781,132.75969114,95.39798951
31,1781860275.009023,170.17360821,142.45483798,107.86403146
31,1781860275.074088,167.31295939,139.79145494,104.41551940
31,1781860275.135181,164.66054933,133.71659014,101.32550312
31,1781860275.207446,161.09796605,133.12389440,95.83074785
31,1781860275.263663,161.65162149,134.29807686,99.66839703
31,1781860275.343453,162.58326649,136.92003273,107.91012015
31,1781860275.405477,163.57078926,138.01100980,109.31770983
31,1781860275.464300,164.59270926,140.35128419,113.06282085
31,1781860275.533120,164.76814464,141.63564849,110.43166746
31,1781860275.598233,164.92506570,141.53666626,111.72108592
31,1781860275.660821,167.49730569,144.12556862,112.84087369
31,1781860275.744090,169.09652059,147.29542085,116.13198272
31,1781860275.805236,171.88052200,149.59920491,117.00096542
31,1781860275.870371,173.66971953,152.04136751,119.00276318
31,1781860275.939515,175.50663562,152.69022228,119.85455148
31,1781860275.999516,176.33755542,153.72892881,121.03137374
31,1781860276.062810,178.36438716,156.43469156,124.81796224
31,1781860276.144263,182.43356953,158.88078214,132.50199851
31,1781860276.210069,182.50298513,160.53567451,131.83919940
31,1781860276.270606,183.32763364,162.10875545,134.45891912
31,1781860276.334583,181.00268660,161.20040082,135.50940748
31,1781860276.397593,178.69102128,159.35272595,134.84094613
31,1781860276.464221,166.33004009,150.41848189,126.90048331
31,1781860276.539176,164.21247676,148.30965139,126.69455379
31,1781860276.611678,147.21265508,130.25002956,113.99226961
31,1781860276.684922,137.12620281,120.32525741,107.44257935
31,1781860276.737354,136.88564699,117.14545728,106.23519123
31,1781860276.803094,128.00686900,109.65088175,97.85626279
31,1781860276.862103,132.38042246,109.21836559,99.34899440
31,1781860276.940375,135.55658251,115.13683566,100.63210969
31,1781860277.009194,147.43249255,127.79281909,110.78843781
31,1781860277.070065,158.83723487,139.50481378,120.73372723
31,1781860277.140420,170.74377840,149.47486883,131.39228479
31,1781860277.203635,173.28959983,151.59986348,125.67594413
31,1781860277.264032,175.01896981,150.04362034,118.46860935
31,1781860277.342074,175.23918969,146.49838344,118.52043969
31,1781860277.405515,156.00233124,129.59270873,107.09510693
31,1781860277.473472,138.55454359,117.84343021,99.66829357
31,1781860277.536650,131.13758705,113.70454440,100.51765226
31,1781860277.598202,134.59719157,117.76586425,105.40002779
32,1781860273.474258,105.37206603,89.83414386,66.22791243
32,1781860273.533771,95.81991188,77.07866842,55.23869608
32,1781860273.599444,103.01982895,83.77646468,57.91395924
33,1781860276.464221,120.67625619,112.61220942,97.32648765
33,1781860276.684922,99.43665807,88.57063271,82.40287017
33,1781860276.737354,101.61528542,89.46966466,86.10745035
33,1781860276.803094,102.05516949,92.40224742,85.53027798
33,1781860276.862103,103.93554389,91.47408134,90.22167217
33,1781860277.009194,102.25183782,94.32817735,87.75479958
33,1781860277.070065,105.58957486,97.85742576,88.61857367
34,1781860277.009194,156.56028657,131.27950273,104.16632763
34,1781860277.264032,127.90946886,106.70743573,88.83788831
34,1781860277.342074,132.37281877,109.64015298,94.73782243
34,1781860277.865818,133.03308286,114.53872797,98.17357790
34,1781860278.269337,131.66090345,111.27804339,99.27668176
34,1781860278.332603,135.83845818,118.08599929,100.43911284
34,1781860278.397746,131.88457556,115.10471332,97.11609383
34,1781860278.463020,126.20894593,110.06244849,96.08496193
34,1781860280.147302,117.85053409,107.14309778,93.46117593
34,1781860280.205201,118.75618881,105.44720230,96.74133863
34,1781860280.271785,114.58081148,103.60909167,91.87752672
34,1781860280.332696,113.11384917,103.36193245,91.91356714
34,1781860280.459023,119.29934291,104.99918168,96.86441469
34,1781860280.736922,116.27400076,105.03992279,92.20491063
34,1781860280.799709,116.20227902,106.45772467,94.87990384
34,1781860280.860700,117.11564215,106.65494858,94.57530124
34,1781860280.938189,117.48212326,106.40206766,92.61229569
34,1781860281.199185,118.00915736,108.11685694,94.86648256
34,1781860281.262615,118.48760665,107.89466133,95.06816953
34,1781860281.342788,119.02220614,108.22073079,94.39223579
34,1781860281.742059,113.94505549,102.35677284,91.63644569
34,1781860282.143216,115.03050178,104.55627833,93.46579065
34,1781860282.205880,117.28602170,107.01338649,94.65754271
34,1781860282.273457,117.78993324,107.19417914,93.78499706
34,1781860283.262469,118.73493702,106.03590097,94.25722781
34,1781860283.345540,125.23777271,109.25144647,98.47099532
34,1781860283.407130,127.35201202,111.50598787,96.31887318
34,1781860283.472376,125.91141820,109.43623219,95.12122114
34,1781860283.538650,130.68099208,111.13021925,94.39481441
34,1781860283.598196,134.73976744,116.69307415,97.81364469
34,1781860283.663507,139.94218581,124.08123102,110.53132394
34,1781860283.745681,161.56017483,148.73052114,130.72828448
34,1781860283.808065,171.23498337,161.97094291,139.52410283
34,1781860284.001413,156.47297914,148.38172239,138.36549900
34,1781860284.063969,153.91522328,146.70174880,139.43400049
34,1781860284.149145,156.15286302,150.54116604,141.04246500
34,1781860284.208151,212.50543062,201.78164157,173.79354632
34,1781860284.272352,197.94066849,188.10351582,169.20681764
34,1781860284.607250,154.24464299,150.60201890,139.60321320
34,1781860284.675741,158.88269908,154.76997677,145.14247379
34,1781860284.737505,188.11713115,182.73987018,162.86877965
34,1781860284.802578,203.34117604,199.40159353,177.15855765
34,1781860284.862949,189.39199689,190.59299138,178.87399879
34,1781860284.945663,196.82046897,203.88807979,190.03162522
34,1781860285.009687,203.16154262,209.47640940,193.20521039
34,1781860285.075813,153.49772450,148.26119717,134.36673295
34,1781860285.139231,139.50841663,124.45151555,104.23763174
34,1781860285.394753,109.56231791,99.56399175,94.16454026
34,1781860285.500283,110.19635666,100.92061467,99.17698595
34,1781860285.774189,120.06632173,111.09892381,113.00152536
34,1781860285.840117,114.07461988,107.73282993,105.22820224
34,1781860285.901360,113.51384713,103.92176032,101.16455296
34,1781860285.963937,113.99197921,103.73613991,102.33956150
34,1781860286.031299,115.74117060,103.02554369,103.72722647
34,1781860286.093251,114.85680501,104.27188587,99.88151238
34,1781860286.171015,118.46441452,106.55501884,103.25736623
34,1781860286.301888,122.98938839,109.51978228,101.69818102
34,1781860286.363876,128.45648427,113.65734472,101.81127205
34,1781860286.431966,132.85553655,117.30082663,104.10218277
34,1781860286.495824,136.72799396,119.89440861,104.49683346
34,1781860286.576375,139.91145821,122.79086540,106.20713344
34,1781860286.640547,137.25796578,122.08843558,105.15684572
34,1781860286.696627,133.66335009,117.67097992,103.17168874
34,1781860286.763955,133.18740606,118.17326977,103.28885597
34,1781860286.974103,137.06215950,119.57705538,104.10104121
34,1781860287.906011,178.68589098,176.84453221,156.64717773
34,1781860288.178615,144.49633647,129.52759956,112.11423130
34,1781860288.240716,131.46968222,117.28171338,101.65706374
35,1781860284.401705,153.53538754,128.10844793,104.13207714
35,1781860284.460840,160.77506716,132.65171593,104.93023762
35,1781860284.544133,156.38809400,130.22584778,98.80946404
35,1781860284.607250,166.67582844,140.03776766,109.74041325
35,1781860284.675741,172.58422188,146.99607195,119.14528494
35,1781860284.737505,173.96485746,147.92307106,119.17571391
35,1781860284.802578,171.29205680,143.84915025,110.47304846
35,1781860284.862949,152.87623603,124.42335449,92.76750236
35,1781860284.945663,185.49425884,160.30871798,128.07691284
35,1781860285.009687,202.19071221,175.79178097,141.08743927
35,1781860285.075813,188.27395002,160.10756581,128.33889592
35,1781860285.139231,178.42372062,152.10586161,122.34891047
35,1781860285.363785,173.42519613,141.75638608,106.75281423
35,1781860285.394753,167.73574630,137.48866424,105.93482712
36,1781860284.544133,147.01500519,126.37149738,98.69520098
36,1781860284.675741,149.53394550,126.99537233,97.12371543
37,1781860285.139231,158.05028974,139.88351455,116.81428550
38,1781860287.500419,165.57713499,138.46844796,105.99950974
38,1781860287.564080,167.88615597,136.33725500,105.65749149
38,1781860287.636192,168.71768072,133.99672994,104.74942583
38,1781860287.700658,182.52937853,153.95525078,114.62051116
38,1781860287.777651,169.86508464,139.57326756,105.67653565
38,1781860287.842078,154.69633187,124.16023577,101.77539853
38,1781860287.906011,158.85201209,135.46576819,113.68892337
38,1781860287.968680,170.36725911,145.90999971,124.37153413
38,1781860288.027495,172.89700723,148.43645120,120.28490013
38,1781860288.096285,182.74016726,158.31688384,129.93126332
38,1781860288.178615,197.62363622,172.39780556,142.95483325
38,1781860288.240716,205.26645271,181.71597234,153.76813609
38,1781860288.310867,206.77148180,183.65392006,153.93204650
38,1781860288.363616,215.79532284,194.39991652,164.72786526
38,1781860288.432270,217.43587690,193.42006090,161.60281592
38,1781860288.496110,194.39656085,168.66869227,137.32357636
38,1781860288.577288,194.86010468,174.89464856,143.66136229
38,1781860288.639692,188.15504681,164.83263126,134.76132479
38,1781860288.704179,208.16183941,186.46919960,159.53740147
38,1781860288.769405,185.32689951,160.84636739,136.50444488
38,1781860288.830168,192.67164600,169.23829864,143.01737168
38,1781860288.896304,216.15646888,194.44309272,173.62940534
38,1781860288.973542,187.89365019,165.50344513,137.86247492
38,1781860289.038545,189.23302791,167.54366706,141.43722947
38,1781860289.103119,198.87303384,176.55110914,149.22599947
38,1781860289.165994,210.39351248,189.46018632,160.13518046
38,1781860289.232457,219.60123442,197.70194595,166.79692626
38,1781860289.344085,231.29592059,204.29638469,167.41932438
38,1781860289.409544,216.24610398,188.75028862,155.48053206
38,1781860289.473427,204.40075845,177.05014209,150.36385474
38,1781860289.533175,197.21853079,173.88419741,153.58406141
38,1781860289.605385,186.63892612,167.79638606,152.94608998
39,1781860291.593050,165.27248819,132.65756473,95.52527062
39,1781860291.627168,136.75357041,99.74355238,60.24713970
39,1781860291.693124,198.62600495,172.05043290,147.16651206
39,1781860291.755694,187.78119210,162.42234294,138.50006041
39,1781860291.842147,181.61255353,152.81870633,128.15010142
39,1781860291.906435,172.07840067,141.80349418,117.98530834
39,1781860291.970730,163.48229933,135.42874351,116.25562285
39,1781860292.068476,172.61890701,146.68353387,128.61841492
39,1781860292.093013,173.73865921,153.08989076,128.52353075
39,1781860292.160055,175.67476383,159.86509494,136.57490560
39,1781860292.237307,172.62353080,154.42612483,126.49700264
39,1781860292.299083,167.49873336,148.39127830,123.39424784
39,1781860292.363721,159.63123143,136.97842016,120.19023382
39,1781860292.432959,159.59669344,137.34259724,119.31147064
39,1781860292.496205,155.94739386,132.94507856,116.94800180
39,1781860292.555795,151.20213890,126.13659728,106.50623653
39,1781860292.643231,146.65686515,122.07700569,101.69363192
39,1781860292.704908,137.49812570,111.05421109,91.84651126
39,1781860292.771728,138.18044985,110.26412661,93.96231777
39,1781860292.833616,141.96586250,116.12814128,98.45031849
39,1781860292.893968,151.07477699,127.72604794,107.48938328
39,1781860292.957159,164.61262752,140.23217032,118.10460788
39,1781860293.040844,175.45622474,151.51828050,128.84128503
39,1781860293.103679,182.40543846,156.24992844,132.74793130
39,1781860293.165966,188.87194434,165.18348266,136.99308370
39,1781860293.229190,196.59508400,173.54661578,146.28758798
39,1781860293.293844,200.41776550,178.43405141,147.08523688
39,1781860293.354353,201.17693132,179.35124103,147.61966552
39,1781860293.434289,203.35700964,181.86992630,151.02993695
39,1781860293.497993,205.96273498,184.13073560,153.65446240
39,1781860293.568341,209.05204999,184.59202507,157.95825438
39,1781860293.627968,204.34130323,181.36931886,153.94737398
39,1781860293.693825,196.56250804,174.00630697,146.13966725
39,1781860293.762045,189.65403707,165.68474381,142.99289210
39,1781860293.842417,175.58974405,153.10345578,129.86145842
39,1781860293.904460,165.73803239,142.23484307,123.47953610
39,1781860293.968524,160.64900220,133.92267469,115.87736992
39,1781860294.033063,157.87923128,130.98967665,113.38101181
39,1781860294.095958,158.78405052,131.86676043,113.99980655
39,1781860294.159603,162.94766483,139.83294615,114.55555620
39,1781860294.240448,184.13692730,169.21628851,140.16215991
39,1781860294.302927,195.75724054,182.46142200,159.47212491
39,1781860294.372576,194.63083757,180.02381988,162.67235972
39,1781860294.433160,193.38895133,178.12008610,161.41373163
39,1781860294.491724,194.23846035,177.65282489,162.81184306
39,1781860294.556227,183.53409936,164.21508264,142.52461153
39,1781860294.634982,172.33468915,148.90715839,124.11664254
39,1781860294.704114,172.08490493,147.19775610,121.21549526
39,1781860294.780267,167.67320944,140.75231360,114.36946734
39,1781860294.985696,144.29191134,118.52705713,91.81719404
39,1781860295.016705,145.03987432,116.18065884,93.24655419
39,1781860295.070402,144.23085382,115.15153884,93.76647407
39,1781860295.134970,145.85420163,116.46938371,93.82952202
39,1781860295.200646,145.10683938,115.94055434,93.51938459
39,1781860295.262197,145.17796297,116.74159476,94.60857060
39,1781860295.327518,148.45271506,119.83207843,96.25136028
39,1781860295.401735,150.34280339,121.53122557,97.68861379
39,1781860295.467325,152.11643871,124.57944551,99.84920420
39,1781860295.532314,158.00331744,130.76006783,104.92916225
39,1781860295.597690,161.67946451,136.30258452,109.06759973
39,1781860295.659784,163.84514148,141.17614592,110.76331404
39,1781860295.721552,166.59494609,144.62056353,115.50812823
39,1781860295.801738,167.50081245,144.98097702,116.60238666
39,1781860295.877150,170.41098533,146.42909042,123.69490836
39,1781860295.931819,170.86128984,146.71740696,124.35761867
39,1781860295.998748,170.64704275,147.51902753,124.33229716
39,1781860296.069150,171.16161243,148.60808679,126.19253311
39,1781860296.126958,169.58610359,147.53634837,124.27482899
39,1781860296.205762,170.58570047,147.00479540,123.74653881
39,1781860296.268230,170.23728015,147.25949218,122.84383115
39,1781860296.338012,172.33021938,148.27987864,122.02195516
39,1781860296.417342,169.37786192,145.85837159,118.78620915
39,1781860296.461379,162.28881647,140.39018237,111.82883234
39,1781860296.525880,154.00155628,131.14117322,98.31626608
39,1781860296.608466,147.97090957,120.38581159,93.91163016
39,1781860296.670781,140.37994875,112.54145596,88.40403491
39,1781860296.736241,137.36965333,107.91215961,84.52204301
39,1781860296.794728,131.20998198,103.97743340,81.23309570
39,1781860296.861151,129.70860055,102.26062393,79.75624378
39,1781860296.923744,128.45879823,101.29553163,80.13586403
39,1781860297.007220,127.21459464,100.33089984,77.85837542
39,1781860297.074003,128.40319409,101.89375443,79.56659946
39,1781860297.139641,129.94893163,103.78497868,79.25161164
39,1781860297.201347,133.18120697,104.54703179,80.92761635
39,1781860297.262391,132.68351992,104.93650497,82.68021461
39,1781860297.323109,134.42321383,106.42457396,82.22510916
39,1781860297.405595,133.46522175,106.12386075,82.96377289
39,1781860297.472991,133.54677068,106.34337895,82.82982738
39,1781860297.537503,135.79133951,107.33041966,83.03754167
39,1781860297.598781,135.25296528,107.74348674,84.11480540
39,1781860297.665233,136.94081930,108.70068926,86.95607903
39,1781860297.725496,141.23578832,112.38408569,87.75952574
39,1781860297.807966,142.94486563,114.40015961,90.94415643
39,1781860297.872699,148.18283366,119.77119070,91.69129411
39,1781860297.932198,155.25164312,126.22345600,97.35472984
39,1781860297.997736,159.48410968,132.31059558,103.35721413
39,1781860298.060061,162.88566959,136.01445683,108.45364388
39,1781860298.128154,162.84803243,140.72400742,109.85164586
39,1781860298.207479,164.88243870,143.55109239,112.28979825
39,1781860298.271178,169.61876785,145.34698770,117.83827893
39,1781860298.333633,169.25209077,144.56157845,118.87107612
39,1781860298.413099,169.37797192,145.03836109,120.07226016
39,1781860298.463400,169.94230227,146.12833707,121.06767347
39,1781860298.524071,171.32999509,147.56787851,123.82288095
39,1781860298.607498,171.85813065,147.76341852,122.20249154
39,1781860298.674313,170.72790297,147.52341731,120.73291357
39,1781860298.736720,171.05990341,147.75682011,122.48615360
39,1781860298.798046,172.13650258,149.52302155,122.84301126
39,1781860298.866760,174.30860043,148.60958080,122.59550287
39,1781860298.921129,172.33605761,148.45017226,123.36194764
39,1781860299.006474,171.47400975,147.88835980,122.30034876
39,1781860299.070858,170.94252952,147.76406639,121.10878597
39,1781860299.134905,170.79013222,147.31188267,119.71902607
39,1781860299.192883,168.17972157,145.45975207,119.50014981
39,1781860299.262294,167.74983956,144.20357675,117.37273428
39,1781860299.326711,166.70084536,142.17099791,114.81581296
39,1781860299.402626,164.34753601,139.76623833,111.96953880
39,1781860299.468308,161.94366801,135.82031127,107.75388674
39,1781860299.530668,156.44202466,132.85917135,100.84438207
39,1781860299.597054,153.74771107,129.29395027,97.47843195
39,1781860299.663363,151.63587371,125.98295892,94.99947053
39,1781860299.722784,151.72911955,124.55345289,97.69787070
39,1781860299.806791,150.02415857,120.53309933,94.25380352
39,1781860299.878994,145.90461766,117.20677321,92.76233295
39,1781860299.928993,145.23460200,116.98031786,90.90458376
39,1781860299.996783,144.92393645,115.92668283,90.37933329
39,1781860300.060124,145.89513545,116.70496379,90.87781778
39,1781860300.128390,146.44399738,117.11870926,90.20334445
39,1781860300.206476,146.24282077,117.28957504,91.64887810
39,1781860300.273009,146.69993866,117.65638423,92.13439752
39,1781860300.334381,147.46959283,118.69401869,92.39756691
39,1781860300.404431,147.54458658,119.33011193,91.37068495
39,1781860300.461925,149.56284511,120.60573073,92.41316088
39,1781860300.528141,150.91690503,122.46438567,94.72068139
39,1781860300.605827,150.19212915,123.17521279,96.70723834
39,1781860300.671406,149.86055184,122.81046484,95.43724225
39,1781860300.731867,151.76655562,123.78892405,96.37342829
39,1781860300.799373,151.08059222,122.63501660,94.65532752
39,1781860300.865594,149.61558628,121.27873439,95.13768535
39,1781860300.928842,149.78108427,121.06666330,94.18708959
39,1781860301.006588,146.57745193,118.42510539,92.26469091
39,1781860301.071798,144.81781308,115.54585734,89.78278081
39,1781860301.133788,141.83121700,112.60765771,87.31992124
39,1781860301.199144,138.39747036,110.02739609,83.65452105
39,1781860301.263349,135.64468837,107.73286956,84.44523150
39,1781860301.327675,134.15646307,106.77103856,82.05220022
39,1781860301.402895,131.82352044,105.29812426,81.01105459
39,1781860301.470427,130.50994526,103.15321604,78.65586937
39,1781860301.533847,128.76174774,102.04018325,79.38406170
39,1781860301.599628,127.98980395,101.14050020,78.81503802
39,1781860301.666208,128.04882133,101.45565647,78.70944013
39,1781860301.727558,127.14065498,100.86306568,77.99546936
39,1781860301.810162,126.94612868,100.30258186,78.57192857
39,1781860301.865212,125.64997466,99.56047093,76.69765211
39,1781860301.933804,126.32439075,99.87558623,77.49110342
39,1781860302.000393,124.68659443,98.70586351,78.56978835
39,1781860302.064409,122.93947587,98.35412469,77.44288728
39,1781860302.128511,125.05179407,98.28696893,77.30891553
39,1781860302.209527,124.51050264,98.77666863,77.09186185
39,1781860302.273890,124.74051913,99.00784009,76.40166810
39,1781860302.337389,125.36771403,99.18198998,77.23997040
39,1781860302.404861,126.50090058,99.40976723,75.83161371
39,1781860302.465054,125.76032933,99.79672320,77.91275231
39,1781860302.528724,125.35177906,98.48108872,78.44751276
39,1781860302.610017,124.61926873,98.15376173,76.92114115
39,1781860302.671346,121.06159072,96.65110921,75.22947067
39,1781860302.735349,121.97275057,96.38814106,76.11304443
39,1781860302.804724,119.69281354,94.90989011,75.52582418
39,1781860302.870572,122.30924902,95.15468131,75.51345893
39,1781860302.926688,121.09095371,94.28471187,75.46929740
39,1781860303.009143,120.65672212,93.40125149,75.76003064
39,1781860303.071462,118.74435389,95.03632751,71.56278054
39,1781860303.136989,121.51607653,95.92786571,72.56851128
39,1781860303.200123,124.19863324,98.34274845,74.23573687
39,1781860303.263420,127.80818365,100.72422258,74.60816283
39,1781860303.329820,132.72673733,105.03720742,76.06861698
39,1781860303.409924,134.85066703,105.85311892,75.89873302
39,1781860303.474321,136.91684835,107.10555638,78.71054866
39,1781860303.538286,155.86566488,125.86363122,103.59866361
39,1781860303.602333,163.13792747,140.35685469,114.45708896
39,1781860303.664851,161.42069914,139.03195977,114.45400771
39,1781860303.729496,159.69818598,138.09490691,113.94778900
39,1781860303.810363,152.58629722,133.78715881,112.85520403
39,1781860303.885735,140.74013802,125.43093037,108.17628403
40,1781860292.068476,142.98248212,128.28102006,118.16637420
40,1781860292.093013,142.20149561,126.47085683,114.76517503
40,1781860292.160055,139.53211424,124.03568816,110.39171491
40,1781860292.363721,139.62290340,124.58723897,110.20240071
40,1781860292.432959,136.70311383,121.53168270,109.24156149
40,1781860292.496205,136.71216422,122.37965674,109.38251652
40,1781860292.555795,132.23597362,121.25173917,110.11448993
40,1781860292.643231,124.68094464,115.57715768,106.08934501
41,1781860292.068476,188.81679179,168.66012701,143.38603605
42,1781860294.704114,127.69778058,103.48521371,84.93510784
42,1781860295.931819,133.88583803,110.20727496,91.92510488
42,1781860296.069150,133.37973293,110.12088765,91.02918546
42,1781860296.126958,135.60244374,111.44456733,92.46619656
42,1781860296.417342,127.06723995,104.21987112,85.55883897
42,1781860297.201347,117.85739490,96.37509901,81.57677612
42,1781860297.405595,117.78917747,96.46545814,80.68630045
42,1781860297.537503,117.74887364,95.34085743,79.15658791
42,1781860298.736720,125.99319274,103.09670909,84.72032987
42,1781860300.273009,117.66833328,95.37872046,79.17769010
42,1781860301.810162,116.59607738,96.10427634,81.90397757
42,1781860303.810363,138.43331425,125.45634443,112.15936572
42,1781860303.885735,137.86628046,125.23223492,111.04227741
43,1781860310.990398,102.28566141,90.93997829,80.07394957
43,1781860311.068432,117.96037466,107.60563117,94.73831330
43,1781860311.198139,137.06552097,117.16845479,98.18687403
43,1781860311.263535,155.85174105,132.86144458,104.21716486
43,1781860311.327533,167.54413557,142.86220167,119.15651142
43,1781860311.393738,185.32069419,160.94871820,137.56809061
43,1781860311.476874,192.37490266,170.13667925,143.11624159
43,1781860311.533949,193.02689898,170.38923543,142.88209250
43,1781860311.600731,196.67027839,171.84599268,147.49371886
43,1781860311.665207,195.46061126,170.30631936,145.08388349
43,1781860311.730207,191.67416674,166.78982727,141.28909237
43,1781860311.792331,191.81426199,165.94889439,140.17767205
43,1781860311.875180,188.94827130,162.52958870,136.85927311
43,1781860311.938711,185.04275352,158.54241138,131.72528733
43,1781860311.999073,181.45225338,153.87744534,127.14531674
43,1781860312.059495,175.73278359,147.27800976,119.40047485
43,1781860312.127739,169.02985539,143.64715672,114.61834504
43,1781860312.195161,166.01642048,140.88376485,110.63374855
43,1781860312.272632,166.50899521,142.01606175,111.27592750
43,1781860312.329942,158.89731976,134.11421883,105.47348541
43,1781860312.399096,157.90278167,132.18440696,105.71810524
43,1781860312.462498,160.23594730,133.92426922,107.88404958
43,1781860312.529390,161.14662611,135.00120543,106.28186891
43,1781860312.592316,164.90801686,139.30512136,108.84932787
43,1781860312.671611,171.70269884,143.15375182,114.85159214
43,1781860312.735717,177.01466552,148.58759620,119.81548691
43,1781860312.802637,176.33185189,148.49425780,118.93144783
43,1781860312.865561,182.87963941,155.98872269,123.14630092
43,1781860312.931247,187.59858471,161.50023907,127.57256520
43,1781860312.992282,182.32059829,157.47245008,127.41525476
43,1781860313.075126,174.08096607,152.05295706,122.12693921
43,1781860313.137992,171.62917703,146.90784011,124.06080021
43,1781860313.202046,170.91411721,148.65159056,122.58907716
43,1781860313.264256,173.00997520,149.73556939,126.71151388
43,1781860313.330640,175.22102637,152.03555871,130.89164395
43,1781860313.397029,178.72443330,155.60739850,133.81182090
43,1781860313.474546,180.75064463,157.33715915,135.30574063
43,1781860313.539547,181.04115998,158.12457105,134.39245354
43,1781860313.603570,179.59823147,155.69006453,131.01662286
43,1781860313.669257,178.94406496,154.35528767,129.54227192
43,1781860313.725409,192.88499467,170.46361883,138.20907557
43,1781860313.794672,191.34737233,169.15109903,132.38607833
43,1781860313.874151,185.70435688,162.93835075,129.22299295
43,1781860313.938662,184.84338922,160.83687919,124.00775647
43,1781860313.996025,187.90799194,164.23628680,124.38404527
43,1781860314.062700,196.14090503,171.40439071,134.32258835
43,1781860314.127298,190.66535266,165.08744781,133.60063548
43,1781860314.190394,190.09331143,163.68371443,132.34461585
43,1781860314.270488,188.99569257,163.15001083,132.08846082
43,1781860314.336710,185.56632532,158.95106524,128.69763080
43,1781860314.563152,177.70792820,153.98318479,116.92044420
43,1781860314.595313,176.29097969,152.55939208,116.17389773
43,1781860314.635307,174.98206966,151.25892398,115.29017611
43,1781860314.702726,170.71203568,147.20164912,112.46322171
43,1781860314.765878,166.38109637,144.87872964,111.33614551
43,1781860314.830820,162.61449906,142.10781567,113.03372154
43,1781860314.894930,157.59083460,137.38159424,110.98681572
43,1781860314.972892,154.71710093,134.32686383,109.53977846
43,1781860315.034686,152.76238227,131.72452978,106.71210302
43,1781860315.103571,149.87689285,128.31029112,105.91881878
43,1781860315.165160,151.35602241,128.59666200,106.05898693
43,1781860315.230519,150.85038665,125.68030118,102.44193122
43,1781860315.296346,148.62155620,122.47224907,98.70639890
43,1781860315.357447,147.16789590,119.15256490,94.21555231
43,1781860315.438994,146.77239058,118.19409760,93.14007102
43,1781860315.509091,145.92163024,116.99449701,89.19345711
43,1781860315.569733,147.64276737,117.59219871,91.35703770
43,1781860315.633520,148.44636599,117.95053817,89.89944189
43,1781860315.693989,149.21102567,118.64084878,91.36042399
43,1781860315.763251,149.67723981,119.75788047,91.63130508
43,1781860315.837780,149.08973718,118.49773516,90.59893998
43,1781860315.902576,151.72921406,121.79859022,92.82363254
43,1781860315.966389,154.69763719,125.35412084,96.62968045
43,1781860316.029246,154.43028643,124.75006990,95.77655360
43,1781860316.094196,156.55013107,125.84925920,97.25578725
43,1781860316.163393,157.33236019,127.41215229,97.42683871
43,1781860316.237184,158.33263188,128.88734679,98.49187326
43,1781860316.303891,159.93354618,128.84791990,98.71492998
43,1781860316.366203,162.36506741,132.02287389,101.80770084
43,1781860316.431576,163.30796269,133.44589741,102.08597764
43,1781860316.492405,163.86065586,134.14938730,101.93054844
43,1781860316.566902,164.05094274,135.06432135,103.66445087
43,1781860316.632965,165.98960469,137.22103554,106.23982304
43,1781860316.698302,166.62851092,138.88629462,107.15646470
43,1781860316.761487,165.16596852,137.61197822,106.90915876
43,1781860316.830130,164.89878512,137.64039347,106.09976124
43,1781860316.895925,165.06421192,137.24914627,107.45316110
43,1781860316.957033,165.34542913,137.93410711,107.51407709
43,1781860317.040670,166.00731886,137.60334994,107.40590670
43,1781860317.098437,165.73886347,138.82652869,110.04983159
43,1781860317.164827,167.80915721,140.30751692,108.99923326
43,1781860317.231394,168.78221119,140.69719073,109.98345281
43,1781860317.294656,170.25903496,142.23498553,111.49240140
43,1781860317.356063,169.96041389,142.70620460,112.05684978
43,1781860317.439310,169.19682756,142.77565349,110.93534380
43,1781860317.506466,169.96195677,143.29202108,113.73280912
43,1781860317.565478,167.51332760,142.02764256,110.82145656
43,1781860317.628783,166.80594145,140.63885129,111.06917095
43,1781860317.695446,166.20499463,140.66591209,112.32366643
43,1781860317.757748,167.75902236,141.43126339,113.63796906
43,1781860317.839831,167.55371104,141.43651755,112.83255413
43,1781860317.902414,166.96948492,141.69815943,113.73340586
43,1781860317.970515,167.46788664,141.78249101,115.98787477
43,1781860318.030563,168.79124748,142.63736692,114.68264879
43,1781860318.094452,170.95670761,143.29521822,117.71613261
43,1781860318.158452,171.08154685,143.09855395,117.25433781
43,1781860318.239353,171.27495694,142.57374344,117.23326508
43,1781860318.299601,171.35674079,142.02496928,115.66401423
43,1781860318.367984,166.44309684,139.11557788,110.64575910
43,1781860318.434367,168.64008508,139.10416305,112.50324423
43,1781860318.507061,165.32652593,137.79688140,108.01691249
43,1781860318.557008,169.25544997,139.32185685,107.84989831
43,1781860318.638800,168.88685006,138.82445748,106.15894198
43,1781860318.703312,169.88154436,139.45708829,111.48055128
43,1781860318.766416,170.38828520,139.63408815,112.83722239
43,1781860318.829552,170.75795471,140.31126242,113.87502881
43,1781860318.897453,169.27319671,141.77267724,110.00836634
43,1781860318.957297,170.37788063,143.36427754,111.63008119
43,1781860319.035774,173.22657188,146.40171772,115.77355912
43,1781860319.103025,171.38260507,147.64756652,113.24060693
43,1781860319.167978,174.39197162,149.59744567,119.93323697
43,1781860319.232295,173.65239681,149.97487894,124.52716718
43,1781860319.298515,168.35902785,147.46664945,122.57858287
43,1781860319.357498,168.13933048,146.96706749,122.98132295
43,1781860319.441475,165.65768357,143.88600740,121.89946748
43,1781860319.518117,160.78218606,139.53980444,117.43310173
43,1781860319.569908,159.06053065,136.24610760,118.70555002
43,1781860319.626441,158.33387126,132.78499151,114.78072855
43,1781860319.694993,154.50410211,129.37059918,112.00452588
43,1781860319.759506,151.61662988,125.62623197,110.11630741
43,1781860319.839709,150.35973375,124.43221420,109.05827987
43,1781860319.900237,150.13110068,122.86387332,108.24957000
43,1781860319.973415,145.84971216,119.00690088,105.11229418
43,1781860320.028470,140.29068192,116.47784487,98.39847688
43,1781860320.093148,143.65461978,116.76476566,101.07209597
43,1781860320.159642,173.52368698,155.83156033,140.02695579
43,1781860320.239385,149.72274287,126.97530733,109.18135423
43,1781860320.300540,140.83248106,114.72898807,92.60264462
43,1781860320.387926,151.23634648,122.87484642,94.78747818
43,1781860320.454855,151.33576278,124.64261709,99.51681631
43,1781860320.540208,163.54593814,135.04268581,114.92996405
43,1781860320.574457,170.34308526,143.11656347,122.35674556
43,1781860320.649510,177.81982241,150.94381460,130.74030335
43,1781860320.714106,186.41468468,161.18863363,139.07617117
43,1781860320.776061,195.81405857,172.58545408,146.93065495
43,1781860320.838663,201.49535450,178.58213308,152.46930169
43,1781860320.899959,209.19398548,186.52733094,157.31296621
43,1781860320.972326,212.62964068,189.63769508,157.27819788
43,1781860321.023237,197.20467170,172.40341221,139.38991249
43,1781860321.103420,185.15272239,165.98589864,143.84986007
43,1781860321.167417,186.69025765,168.13125403,151.19544768
43,1781860321.229138,184.13150313,166.74080664,151.20670763
43,1781860321.293640,179.81027076,164.69612548,152.71451779
43,1781860321.352726,178.84438270,163.84647101,153.32130471
43,1781860321.420122,176.30608322,162.95120982,153.33098775
43,1781860321.504340,176.52998640,163.04886968,154.36856593
43,1781860321.566916,174.88995456,162.32965422,151.68521950
43,1781860321.632696,172.20610079,160.75360321,145.11606910
43,1781860321.698979,176.63713578,160.57383662,146.04585469
43,1781860321.760357,177.30032438,159.42646872,142.16559327
43,1781860321.825680,174.96154870,158.40376122,133.35378926
43,1781860321.905675,178.47498692,155.50372534,131.23366095
43,1781860321.973151,175.39922124,150.75876314,126.32704932
43,1781860322.026721,170.80523329,145.49404986,120.98608054
43,1781860322.096854,167.90886932,142.74169081,119.68840568
43,1781860322.155405,169.64214756,144.81149086,120.98809636
43,1781860322.226116,172.33844479,145.49862417,121.95051376
43,1781860322.300012,174.81171488,148.78305714,123.22415195
43,1781860322.368510,182.29712075,157.23141367,125.59409927
43,1781860322.430363,193.60003530,168.66202039,138.78592902
43,1781860322.507338,197.39019713,172.91413978,143.00469534
43,1781860322.556763,200.63653335,175.74140167,146.45137933
43,1781860322.623006,201.11956578,173.45934630,142.68666770
43,1781860322.705141,196.55586776,167.41222483,135.55279773
43,1781860322.769677,194.77154602,164.41234591,130.83703984
43,1781860322.836912,192.19122455,161.16503951,127.47578622
43,1781860322.898349,191.15074217,160.19817769,125.63773505
43,1781860322.963166,194.15421585,162.53019562,126.02605909
43,1781860323.025476,194.76180812,164.05031468,127.25840484
43,1781860323.100051,195.43315215,165.47534323,127.58716889
43,1781860323.165881,195.28678331,165.87476826,135.37972774
43,1781860323.225878,191.93033498,163.46187034,134.07960347
43,1781860323.294111,188.67988334,161.07400805,133.09659025
43,1781860323.359103,187.96167260,163.51902885,133.74432851
43,1781860323.424816,186.14874421,161.86802689,132.16306006
43,1781860323.511457,195.47442537,172.37397179,138.29815071
43,1781860323.566557,188.29607614,164.92393501,136.52091460
43,1781860323.632700,190.75967744,164.88952975,137.14635882
43,1781860323.697699,191.63084879,166.09385889,136.80865829
43,1781860323.761115,199.05403120,172.12641068,143.61309923
43,1781860323.823428,200.51761988,173.97602937,142.07581304
43,1781860323.906747,202.49004841,175.09224323,142.54420880
43,1781860323.973203,201.51452172,174.05329472,141.04955951
43,1781860324.028342,202.18501077,174.30909007,140.24118634
43,1781860324.095795,201.76526057,172.36132339,137.26636557
43,1781860324.158793,199.91656998,170.53358724,135.19314915
43,1781860324.224293,199.04924336,169.98759020,134.31623361
43,1781860324.302752,197.23216992,167.28741822,132.39324129
43,1781860324.371017,197.55222978,166.90916811,134.64396425
43,1781860324.427790,189.92374902,160.81655085,129.62862684
43,1781860324.512800,190.52406738,161.00007369,129.73449021
43,1781860324.556940,191.91081529,161.65892883,129.78728162
43,1781860324.624710,191.78724234,161.51297901,129.69336753
43,1781860324.704582,192.32190922,162.52673058,130.68601126
43,1781860324.765617,191.90400248,162.07432447,129.90804569
43,1781860324.832646,191.95702630,161.35515099,128.69382032
43,1781860324.896199,191.30631271,161.44223588,127.89057389
43,1781860324.958893,191.99124181,161.54652950,128.11558640
43,1781860325.023790,192.21339454,161.99325173,127.67052731
43,1781860325.101463,192.70534779,161.83614591,128.54978916
43,1781860325.171326,193.85107117,163.28317873,128.78128090
43,1781860325.230292,192.84935335,162.54024611,128.41311260
43,1781860325.295648,192.77188159,162.52754781,128.65443424
43,1781860325.360281,193.15763504,162.93544760,128.75244315
43,1781860325.422425,190.98891755,161.86470666,128.67789919
43,1781860325.507348,191.21788369,162.57764832,127.80514860
43,1781860325.562057,192.99762134,163.08905042,127.39577594
43,1781860325.631309,193.20238202,163.44345378,129.85298129
43,1781860325.695096,192.29122260,163.43798403,131.10340135
43,1781860325.763144,193.43481636,164.50954794,130.72094585
43,1781860325.822356,193.47202083,164.49551265,131.35337999
43,1781860325.903063,190.73836024,161.63716436,127.67672356
43,1781860325.965934,190.02944414,159.94492124,126.73012186
43,1781860326.028550,185.12240545,155.00521283,123.14159200
43,1781860326.093812,179.44220143,149.92333731,118.99338536
43,1781860326.158570,175.57578558,147.90053611,120.11498794
43,1781860326.222627,175.58168249,147.53730109,121.25775452
43,1781860326.304373,174.57727843,147.04165608,120.79865347
43,1781860326.369097,171.20855550,144.29850440,118.82253189
43,1781860326.428304,172.05723379,144.16653172,119.03193260
43,1781860326.496578,172.23606947,144.40784440,118.76062953
43,1781860326.566279,173.60863840,146.53428659,118.96807175
43,1781860326.625822,171.18700681,144.56741524,121.43167470
43,1781860326.707257,172.63257559,144.77623490,122.37272226
43,1781860326.770720,171.12024651,142.42996352,117.41608364
43,1781860326.835906,170.89718475,140.19734850,114.58023589
43,1781860326.900122,170.80516068,139.59764035,113.93027999
43,1781860326.970140,172.28810881,142.58007751,119.98096569
43,1781860327.030027,190.36779871,170.36990286,144.52256962
43,1781860327.105625,184.50400399,157.30896278,125.63957688
43,1781860327.166680,178.63888671,148.88393945,122.11819479
43,1781860327.225428,180.40218067,150.86770646,124.46387479
43,1781860327.288675,181.66926404,153.06311369,129.32209167
43,1781860327.355668,183.44987301,157.35792618,128.76184067
43,1781860327.426124,188.15748958,162.56960590,133.81294205
43,1781860327.519594,200.04122394,171.52131883,135.69454526
43,1781860327.567516,190.24247578,158.33959551,119.51741504
43,1781860327.635477,194.61222526,163.68438709,128.75614989
43,1781860327.700476,192.57853578,164.02633489,128.33508530
43,1781860327.760015,202.58185236,177.60703394,145.24972092
43,1781860327.824195,196.71445363,173.49524822,145.05539833
43,1781860327.902554,198.77973719,174.08247311,142.95437826
43,1781860327.979180,198.43065693,175.65536459,143.27787621
43,1781860328.031188,220.91644778,202.34992761,166.82586650
43,1781860328.098751,231.86795333,218.52459281,175.60778215
43,1781860328.768790,178.22875220,158.46599617,132.46465877
43,1781860328.832868,181.88516972,159.62836829,131.43312521
43,1781860328.897238,186.55460098,155.36679609,127.14374826
43,1781860328.958454,187.91499949,155.68145168,119.30382237
43,1781860329.024455,174.44948614,143.03149332,104.98017288
43,1781860329.105473,160.03846858,127.97374366,99.18848080
43,1781860329.165887,142.17838246,114.82586478,92.59130951
43,1781860329.232413,128.06447803,104.97159489,90.15648788
44,1781860311.476874,140.29447467,125.00969642,111.69085811
44,1781860311.533949,152.15381013,138.44573206,123.67846149
44,1781860311.600731,165.28976767,151.56886592,141.77390544
44,1781860311.665207,178.98414006,169.58842340,159.41217390
44,1781860311.730207,191.55405341,187.46048137,177.31215643
44,1781860311.792331,194.82587598,194.17072371,187.00716866
44,1781860311.875180,190.90018691,191.98795288,185.14840637
44,1781860311.938711,187.18005366,188.87447947,181.35650087
44,1781860312.931247,153.50157918,148.50523252,140.61163096
44,1781860313.075126,114.03917828,104.64954220,97.14536563
45,1781860314.972892,137.66142670,112.06390721,89.31353576
45,1781860315.165160,130.71234819,106.82928911,86.06584279
45,1781860315.296346,129.32266164,106.21286659,85.71641206
45,1781860315.509091,129.36480035,105.87953257,85.86992895
45,1781860315.633520,129.04060549,105.58561294,85.01563660
45,1781860315.763251,129.94234590,106.94928979,84.36434353
45,1781860316.163393,131.18169836,107.07490155,86.06114967
46,1781860318.897453,155.81797970,129.11810552,102.55731459
47,1781860321.420122,146.93725003,121.73205612,102.40864633
47,1781860321.566916,129.85502617,107.75208692,96.04893250
47,1781860321.698979,131.32458055,111.28426236,100.14996031
47,1781860321.760357,128.55972630,106.87484737,97.61528721
47,1781860322.368510,122.79915027,102.55292807,85.09901399
47,1781860322.507338,139.21821259,116.81169813,99.56155582
47,1781860322.836912,135.73540175,110.95431746,94.88943319
47,1781860322.898349,137.18568878,110.92311683,94.69407948
47,1781860323.165881,143.57319105,117.32354920,104.78922152
47,1781860323.761115,151.82539291,126.29668386,112.02779133
47,1781860323.973203,143.78370976,119.57780356,105.48095363
47,1781860324.095795,143.23628866,118.01539654,104.22450447
47,1781860324.224293,146.57924280,119.76874784,104.48808770
47,1781860324.371017,146.36232022,120.36286467,104.35636648
47,1781860324.512800,149.26137068,123.40654466,105.06505404
47,1781860324.624710,149.81382364,123.29024118,105.49851846
47,1781860324.704582,149.85990403,124.06613288,104.94870214
47,1781860324.832646,148.69953235,123.06464925,103.63180683
47,1781860324.896199,149.19712069,123.06994871,105.38757764
47,1781860325.023790,149.83933173,123.58584389,104.92151737
47,1781860325.230292,143.21058922,118.18071838,102.63981162
47,1781860325.295648,144.89013621,119.72607172,103.89288814
47,1781860325.360281,147.53269744,121.24175770,105.31351425
47,1781860325.507348,145.85249050,119.92704472,104.45139373
47,1781860325.631309,146.66506915,121.24023861,105.10004321
47,1781860325.763144,145.34465890,120.19953666,103.40921649
47,1781860325.903063,147.69778514,121.74846693,104.77531802
47,1781860326.304373,134.86238825,111.07997774,97.05647318
47,1781860327.426124,152.17783687,129.87088710,107.60190696
47,1781860327.979180,190.87777502,178.94394841,156.49263678
47,1781860328.098751,206.71248843,191.27865134,162.83227453
47,1781860328.495114,185.93400329,178.51263042,156.63699755
47,1781860328.564827,181.91785999,173.39330845,152.22907112
47,1781860328.624992,183.33207149,172.85032865,152.49732210
47,1781860328.702492,182.44451016,170.97888174,147.64860179
47,1781860329.105473,132.06103045,104.02568182,85.03920309
48,1781860334.499969,157.20795532,131.70168724,105.90833645
48,1781860334.559309,183.52208950,153.98179959,121.12600811
48,1781860334.622489,184.80947217,149.76474672,119.02777632
48,1781860334.703036,196.58416602,171.22305269,137.29956729
48,1781860334.765287,199.57404548,174.73475495,143.82811209
48,1781860334.826912,200.73227882,174.77640113,143.10547151
48,1781860334.895483,197.68586165,171.16120424,136.67573744
48,1781860334.958000,194.55489099,167.36800605,136.07495343
48,1781860335.022116,189.91526052,162.95642541,132.08459953
48,1781860335.105255,187.48711855,161.64575226,133.76051302
48,1781860335.170497,183.45887317,156.53063702,128.15920649
48,1781860335.232968,180.95792328,155.80232804,125.32035714
48,1781860335.297765,177.26463215,151.88056632,119.68279264
48,1781860335.360398,178.89493151,151.07359404,120.90587884
48,1781860335.424649,177.15934253,152.11150371,125.81070719
48,1781860335.506593,175.82295771,149.41800091,124.28960613
48,1781860335.566887,183.64503026,157.24254764,124.84423087
48,1781860335.631586,187.18113076,160.02393612,127.12383007
48,1781860335.696253,185.91435580,158.38108347,125.72493683
48,1781860335.762452,168.93380425,133.78207895,102.09772099
48,1781860335.820654,140.91904893,110.90356924,84.10694547
48,1781860335.901653,149.08671510,120.75470289,91.51901614
48,1781860335.963786,168.74481125,141.45428817,106.95774323
48,1781860336.033796,195.91618930,160.57386417,117.97010077
48,1781860336.125483,211.32604981,169.28146453,111.99777730
48,1781860336.191042,214.01991706,179.21429595,126.85896976
48,1781860336.276353,217.76684856,181.65686923,134.72374041
48,1781860336.335492,213.79214322,178.52492946,131.55361568
48,1781860336.399424,213.07107261,178.80409957,128.82566236
48,1781860336.430336,159.66015951,123.19407734,75.23763601
48,1781860336.490174,197.97453143,169.30012237,135.41615144
48,1781860336.558629,171.89195663,143.93141977,117.44812679
48,1781860336.623186,144.32021502,118.46813242,96.03690937
48,1781860336.703343,129.69578749,103.07243490,86.42539818
48,1781860336.765366,121.59894696,98.45302490,80.63719989
48,1781860336.830757,124.23518367,100.97201690,86.12965399
48,1781860336.896235,139.49574727,117.92691062,95.25730703
48,1781860336.959451,155.83319456,134.56773275,106.31562438
48,1781860337.026461,169.39618721,146.02185262,118.50348539
48,1781860337.101858,168.73996706,145.83274460,113.89613698
48,1781860337.171091,166.53116955,143.84338410,115.88455414
48,1781860337.230532,163.51439110,138.83462625,113.03652095
48,1781860337.296889,154.15585899,127.03180377,100.60349245
48,1781860337.357154,136.84914402,108.64934110,84.56572841
48,1781860337.419768,111.69517188,86.65578065,61.77647147
48,1781860337.500660,97.08449752,73.95551487,59.14094192
48,1781860337.571742,112.49116407,91.76601926,74.11037720
48,1781860337.633231,129.86662893,109.80064052,91.39206260
48,1781860337.697249,138.74512564,117.59533590,101.30407277
48,1781860337.761603,140.74367100,119.89907657,105.41368593
48,1781860337.819301,142.13981811,122.37739998,107.54079342
48,1781860337.907145,146.57235386,126.94878695,110.68803162
48,1781860337.983545,142.93855965,122.94022972,105.40513199
48,1781860338.191753,120.46624175,95.43535050,76.91300897
48,1781860338.223176,106.04682424,77.00991168,53.74048918
48,1781860338.251372,107.80145656,76.63591875,53.12696102
48,1781860338.337700,124.11344980,95.54936571,72.27262555
48,1781860338.399212,143.55253531,117.39712996,91.46121746
48,1781860338.464376,163.47131265,143.21876741,120.22573101
48,1781860338.528824,169.83550734,153.08702730,123.80185127
48,1781860338.602074,173.54918989,153.96042565,127.45371599
48,1781860338.650456,171.39548047,151.41037287,124.48108814
48,1781860338.733503,167.30235745,147.58936781,116.33185207
48,1781860338.799455,163.68420871,142.50843297,109.47782772
48,1781860338.862645,161.18571888,139.00678428,101.12872960
48,1781860338.929024,157.46307323,130.66963748,97.36141050
48,1781860338.989926,155.06007826,126.59132126,96.52416766
48,1781860339.057466,150.68067496,122.44510360,91.71183452
48,1781860339.132670,147.73335777,120.85641441,87.92234475
48,1781860339.197925,147.54493723,120.76237332,87.54004892
48,1781860339.261647,147.11325575,120.34318045,86.93158673
48,1781860339.324062,147.99333114,123.03853301,90.18244082
48,1781860339.393044,149.39691273,124.51948766,91.84220354
48,1781860339.454294,146.92842255,119.97289362,85.80931884
48,1781860339.532651,145.54643649,114.73849027,81.94618670
48,1781860339.606230,143.27853191,108.10907206,76.96977573
48,1781860339.659779,139.25745008,104.56006144,72.65683564
48,1781860339.727946,133.65133478,101.22456710,68.40241703
48,1781860339.791025,127.29130203,95.14885580,62.13851106
48,1781860339.851556,123.68440276,91.37102511,59.43423469
48,1781860339.934834,122.44501329,88.21314946,58.17674926
48,1781860340.000305,121.06177114,85.31800367,55.91726177
48,1781860340.065297,119.00003687,83.84675737,53.93694784
48,1781860340.122640,118.08146738,83.92608648,54.05969745
48,1781860340.191122,120.71998039,86.74710601,58.00617658
48,1781860340.257925,123.64466914,91.78061645,61.35125167
48,1781860340.335436,128.29443490,95.22167963,66.82560836
48,1781860340.397593,126.65935128,94.16092345,67.12852763
48,1781860340.461247,127.98365584,95.87846254,69.27299353
48,1781860340.525843,130.10655191,97.78274574,70.03031640
48,1781860340.597858,135.42390111,103.32665553,72.46719318
48,1781860340.649600,138.00448448,106.37891892,78.62786787
48,1781860340.730147,139.91520924,106.31501103,76.71926040
48,1781860340.797621,141.23663702,109.34941655,77.10439620
48,1781860340.864283,139.63946669,108.50022912,75.58170472
48,1781860340.929981,133.82811539,101.29869088,73.16433510
48,1781860340.990195,122.47895863,92.22594265,64.51078394
48,1781860341.057541,111.93988096,84.14615262,59.56618023
48,1781860341.133174,112.36788485,84.43101281,59.64855889
48,1781860341.196998,112.58903660,84.24405974,60.94986158
48,1781860341.261379,113.68117964,85.47082721,61.65434410
48,1781860341.326370,110.88284671,82.58636536,58.43740499
48,1781860341.391425,116.52040665,85.52860494,63.03034202
48,1781860341.449198,131.90099355,96.03690555,68.58035697
48,1781860341.533736,147.06557582,110.35873210,72.59259150
48,1781860341.607633,152.15668050,118.58029949,75.02006070
48,1781860341.660936,162.66345244,125.52317796,86.76868581
48,1781860341.724864,163.97112851,128.16512748,87.41780056
48,1781860341.790446,171.97155444,137.24602209,101.67099004
48,1781860341.854507,169.57577741,141.26161235,105.18997985
48,1781860341.934788,176.17968460,138.96841999,100.02919317
48,1781860341.997809,171.20397634,132.54906644,89.74127854
48,1781860342.070910,171.73147961,130.84647734,90.06314661
48,1781860342.128083,172.11640751,128.84838763,87.38132871
48,1781860342.194337,171.30867793,128.72239714,87.00740553
48,1781860342.254112,169.45255926,129.97818760,91.02614019
48,1781860342.331624,175.20070107,133.24534268,88.73933322
48,1781860342.398987,179.50036755,136.44506477,89.74493634
48,1781860342.458992,182.33011977,139.14126545,91.93770512
48,1781860342.525371,181.99984052,138.50750045,90.79330128
48,1781860342.591021,179.62546351,137.14297249,90.81198039
48,1781860342.654894,180.52588319,136.88420316,89.91015778
48,1781860342.736703,177.16600176,136.37719532,90.25572001
48,1781860342.799892,176.03762616,133.42067609,88.71179920
48,1781860342.863929,180.93074205,136.69523504,92.11886231
48,1781860342.927567,178.46013849,136.49209419,91.77950354
48,1781860342.988917,195.74599940,153.24363866,105.47295142
48,1781860343.055090,188.46022745,155.73025310,117.25775466
48,1781860343.135498,181.19399941,146.60424644,107.50766946
48,1781860343.198788,177.32625652,145.95291113,106.80190157
48,1781860343.260084,177.05837158,146.09433088,111.08122422
48,1781860343.326988,180.72538442,150.69426865,114.68724107
48,1781860343.392316,186.06351417,155.94622681,119.49307813
48,1781860343.455055,186.88953927,156.36461576,119.50846368
48,1781860343.535906,185.45653223,152.64642357,115.14313586
48,1781860343.609804,187.46397680,152.01122319,112.33482677
48,1781860343.660723,189.70195459,155.19292108,116.20021141
48,1781860343.726624,187.47332661,152.08710406,114.86123384
48,1781860343.791758,196.58214732,164.80229455,129.56982840
48,1781860343.857236,184.35253193,157.21876415,125.77199087
48,1781860343.935442,159.01881733,129.95983816,102.06501766
48,1781860343.994804,99.51356219,71.34049458,58.81911154
48,1781860344.062624,106.75799203,80.60597925,65.69427505
48,1781860344.124051,132.81674875,106.00874837,87.09322592
48,1781860344.187034,142.41026782,117.32665315,94.54849358
48,1781860344.258122,146.40462924,120.41989226,99.91992113
48,1781860344.334494,147.41236123,119.11345748,95.96011478
48,1781860344.399747,147.97254760,112.91059006,89.03263810
48,1781860344.463012,144.61811193,109.48198795,80.03724803
48,1781860344.526630,146.18939690,107.45622039,79.67653688
48,1781860344.597129,141.56257935,105.57360684,73.94002103
48,1781860344.654072,143.85515257,107.12959479,74.09347625
48,1781860344.734801,139.87194828,103.04064368,71.29564865
48,1781860344.799984,135.58703727,98.73453865,67.16941445
48,1781860344.860178,130.89165232,93.32613589,64.01208162
48,1781860344.931401,123.06220059,86.80729357,59.39088106
48,1781860344.992029,120.11676515,84.56047162,56.49840789
48,1781860345.065433,118.14152596,83.00411560,55.11580611
48,1781860345.133374,116.98222864,83.32403530,55.63415845
48,1781860345.201996,114.95282888,82.45656555,54.20740282
48,1781860345.266349,117.69420498,82.47129564,55.55336405
48,1781860345.330475,118.57269061,83.75370004,56.46096859
48,1781860345.394723,120.12971376,85.72536626,59.02323783
48,1781860345.458716,123.72413028,88.34543620,61.64377697
48,1781860345.535363,125.76409224,90.60197177,64.07557152
48,1781860345.605538,124.98292125,92.80292659,64.09898232
48,1781860345.667031,124.09941441,91.71748906,63.11194637
48,1781860345.729357,123.21406303,90.99015603,61.93106649
48,1781860345.792556,123.07460020,90.18092116,62.89089068
48,1781860345.854344,124.69181462,89.50853854,65.50427230
48,1781860345.935944,123.51424734,91.28898498,64.82644467
48,1781860345.995537,123.99207103,92.06708755,66.02707307
48,1781860346.070682,123.95987631,90.16417486,65.08098176
48,1781860346.124627,125.29827424,91.68756737,68.72707310
48,1781860346.190371,123.47566571,91.28657088,68.39453065
48,1781860346.256364,124.51804411,93.53969341,66.24048586
48,1781860346.336277,129.37869369,96.41687231,68.71984599
48,1781860346.399405,126.39919441,93.06519274,65.89266022
48,1781860346.463799,125.13955936,91.87056320,65.92564280
48,1781860346.528148,123.36324513,92.52119789,65.47661220
48,1781860346.609343,121.85187040,90.40094962,64.61356631
48,1781860346.652941,118.38368078,87.89219476,63.77076323
48,1781860346.738459,116.98380530,87.53350312,64.21000273
48,1781860346.801753,117.18903562,87.86876915,64.16893998
48,1781860346.868062,118.37204230,88.44473562,64.99340562
48,1781860346.929207,118.02386094,87.08154398,63.40551072
48,1781860346.991284,120.13406268,88.54819813,64.69501088
48,1781860347.063298,120.35578203,89.25653120,63.82436318
48,1781860347.134959,123.49177463,91.24904174,68.33200432
48,1781860347.199546,120.50955303,90.33664864,63.03363374
48,1781860347.264048,117.39829591,88.48509921,64.24806052
48,1781860347.328163,116.03733617,87.57122863,62.38169478
48,1781860347.392401,115.58570180,86.72567380,61.95329360
48,1781860347.457826,117.41481710,87.74265250,62.21507606
48,1781860347.531702,119.89617604,87.79878656,64.46066469
48,1781860347.609701,117.44737503,86.35421548,66.05377899
48,1781860347.660902,113.10918048,84.45546418,59.64253330
48,1781860347.726281,110.46166744,81.82350176,56.85186167
48,1781860347.793257,107.17454875,79.36198606,54.18528244
48,1781860347.854465,107.71782755,77.38666550,53.96547264
48,1781860347.934081,101.67711954,74.47562277,49.15412873
48,1781860347.996200,105.30374560,74.69651920,49.30661707
48,1781860348.064162,104.65555704,74.98815267,50.36608111
48,1781860348.122610,105.91148596,75.88349337,50.58557817
48,1781860348.193675,105.74243798,75.50683730,51.37392643
48,1781860348.256390,104.71395838,76.41229347,51.41094964
48,1781860348.339829,103.95991977,75.87641890,52.18086837
48,1781860348.401396,104.26852473,75.92440634,52.10943219
48,1781860348.465642,105.25218168,77.20834541,52.90581509
48,1781860348.526730,105.51292905,77.25858920,53.22297711
48,1781860348.609212,103.30744488,76.24852444,52.92896851
48,1781860348.656072,104.52370257,77.29089052,53.50841331
48,1781860348.737030,103.90090414,76.28344414,52.23841989
48,1781860348.798939,105.02854716,76.29719156,53.20160183
48,1781860348.862635,102.94075499,74.51888755,53.53490235
48,1781860348.927066,100.50952002,75.15199052,51.90436350
48,1781860348.991168,100.01335728,72.09170421,52.04733940
48,1781860349.056575,98.56488164,73.11742589,51.57921502
48,1781860349.132146,99.02394259,73.92221751,52.37344304
48,1781860349.198755,99.67769091,74.42106206,51.35816138
48,1781860349.262753,100.68865530,75.06238750,52.47961651
48,1781860349.326970,100.55603467,74.96861159,52.53898105
48,1781860349.390348,100.58741002,73.57613292,50.93951056
48,1781860349.454224,100.00539440,73.56070010,50.53302546
48,1781860349.531203,99.30020240,72.78059510,52.23404091
48,1781860350.129214,101.70706817,77.65593379,55.64943836
48,1781860350.189437,102.13859992,76.99561612,55.01989730
48,1781860350.254632,105.28830570,79.37033180,55.88334403
48,1781860350.330168,104.52152919,79.30688585,57.20438703
48,1781860350.396950,104.70536121,79.00465191,55.92197898
48,1781860350.461914,106.83062982,80.66658520,56.71009300
48,1781860350.526930,110.81796050,80.89142385,59.51120098
48,1781860350.600260,108.05501944,79.56465832,57.87961270
48,1781860350.653107,109.90779260,80.69525274,59.16929880
48,1781860350.729379,108.92368218,79.77397418,57.08823056
48,1781860350.798637,108.90954148,79.58335953,56.56391876
48,1781860350.858109,111.37596732,81.73277796,58.28283337
48,1781860350.923420,110.70611082,81.55203924,58.66899315
48,1781860350.991078,108.49347681,79.33246677,56.71649370
48,1781860351.057760,111.07891011,81.73509865,57.63858011
48,1781860351.133895,110.50338861,80.94725973,57.12089056
48,1781860351.198262,109.70028427,80.91013789,57.03212584
48,1781860351.263752,110.20439312,80.78308538,57.02383623
48,1781860351.325027,110.01385188,80.60892529,57.77015732
48,1781860351.390057,109.28699540,79.66320124,56.57901583
48,1781860351.456158,108.77110470,79.59310981,57.68042008
48,1781860351.535250,110.19640993,80.97708530,57.82180275
48,1781860351.607971,107.37264449,79.79682920,57.79671347
48,1781860351.661904,108.41458134,81.05627543,57.30044876
48,1781860351.724550,108.44205523,81.07006998,58.32534040
48,1781860351.790761,107.87777215,80.22625643,55.06073041
48,1781860351.854362,108.34604129,81.65758240,56.53706522
48,1781860351.936011,109.37675442,82.25666935,56.30869011
48,1781860351.998392,108.24703677,81.53834709,56.49073735
48,1781860352.065871,109.90575862,83.13142525,56.52527144
48,1781860352.123300,109.15016834,83.91372441,58.10761397
48,1781860352.190523,108.97744738,83.15183907,58.28494097
48,1781860352.254934,109.50594111,82.98694259,57.14053281
48,1781860352.334009,111.90955199,82.43600399,59.35814136
48,1781860352.400007,110.28321552,80.96655329,58.38003441
48,1781860352.461703,110.72578431,81.30576412,58.87152737
48,1781860352.525583,108.56995259,79.26948003,58.14196993
48,1781860352.595266,108.73660606,78.99666094,58.10019552
48,1781860352.654812,111.08269592,81.16439655,57.38063952
48,1781860352.738975,111.17048683,80.54686558,58.91366024
48,1781860352.799547,108.13709522,80.33850353,58.49799798
48,1781860352.860665,107.10574115,80.16109586,55.41499096
48,1781860352.930030,107.11093318,79.53870777,55.75607050
48,1781860352.989812,106.29583563,79.35001857,54.73921660
48,1781860353.052112,108.85472105,79.82495041,59.00800882
48,1781860353.133452,107.19761897,80.07166592,55.66199425
48,1781860353.199666,107.09635709,78.69861250,55.00469639
48,1781860353.264545,108.77673039,79.06973563,54.97005100
48,1781860353.326799,110.10969003,80.24740373,58.31741956
48,1781860353.393160,109.33456627,79.77915128,58.45237058
48,1781860353.456263,110.43709704,80.23739866,59.25305489
48,1781860353.535375,109.97940867,79.57211712,58.46259673
48,1781860353.614255,109.06671191,79.53888749,58.22487156
48,1781860353.662987,110.19759389,80.21120298,58.84328825
49,1781860334.958000,163.58581578,149.05865332,127.96026965
49,1781860335.022116,165.66825589,153.32471561,129.26132941
49,1781860335.105255,143.65714083,131.37788638,113.14653408
49,1781860335.170497,142.91735558,131.15505344,112.96771626
49,1781860335.232968,149.72895812,140.17156870,116.86070698
49,1781860335.297765,153.68165480,144.56993164,116.01869015
49,1781860335.360398,140.84804222,127.73102283,109.04120798
49,1781860335.424649,116.62511207,106.56208842,98.82642008
49,1781860335.506593,106.55832905,97.30201685,91.23956224
50,1781860335.566887,158.27871614,132.36778355,102.84085645
50,1781860335.696253,143.43450143,118.79995863,96.89849305
50,1781860335.762452,139.18115733,111.60605266,93.70426894
50,1781860336.276353,171.52345774,126.57842295,90.99235638
51,1781860337.171091,138.90385219,103.26134011,82.05185394
51,1781860337.230532,155.89484152,114.37705833,90.75549658
51,1781860337.296889,146.39521477,109.57126348,85.20609363
51,1781860337.357154,138.93815396,108.25482901,88.10093287
51,1781860337.419768,127.46097156,100.45795190,79.47863539
51,1781860337.500660,119.90885356,95.67084235,80.12323858
51,1781860337.571742,115.16327881,95.55797528,75.82464558
51,1781860337.633231,117.93700547,97.34136364,79.91665645
51,1781860337.697249,122.38358664,100.96295743,87.22167357
51,1781860337.761603,124.77204269,102.15591798,86.25620155
51,1781860337.819301,133.42179397,111.35858586,90.36035670
51,1781860337.907145,141.35661666,114.50814925,90.64100731
51,1781860337.983545,140.90315690,111.80995744,88.11462973
51,1781860338.191753,111.11131076,93.56982688,81.54062017
51,1781860338.223176,115.32577849,100.51537973,88.18851443
51,1781860338.251372,115.89468085,99.25237360,83.91529780
51,1781860338.337700,114.15132311,94.93870138,79.99422360
51,1781860338.399212,106.06448657,86.69424092,71.38839781
51,1781860338.464376,78.07791587,62.09297496,55.03832923
52,1781860338.464376,79.31611786,67.71748177,57.98215562
52,1781860338.528824,68.35006369,58.88789894,44.04470598
53,1781860344.992029,115.99765579,118.05960580,110.30456146
53,1781860345.065433,117.91446740,116.83895569,107.90721459
53,1781860345.133374,107.87419694,104.61776361,93.13507010
53,1781860345.201996,97.22940809,92.14369313,80.52534754
53,1781860345.266349,99.43697168,90.75548871,78.29784826
53,1781860345.330475,99.89574337,91.32414604,79.29633724
53,1781860345.394723,100.92248491,90.94422521,79.23909362
53,1781860345.458716,102.73296427,90.14816988,78.71559536
53,1781860345.535363,115.51811574,106.43544023,93.45180644
53,1781860345.605538,128.16218953,117.27778829,98.90111812
53,1781860345.667031,139.50242179,130.70136413,114.48105730
53,1781860345.729357,148.70710714,142.72244482,124.12685553
53,1781860345.792556,158.44291572,152.68541255,132.72418428
53,1781860347.392401,143.39208370,139.48151888,122.51571188
54,1781860355.855015,101.78504537,72.68583758,52.56706071
54,1781860355.933342,102.37340502,72.93022673,53.09300671
54,1781860356.000381,103.53996491,74.64230741,55.03863909
54,1781860356.061169,102.65549108,73.67171160,53.19989851
54,1781860356.127907,102.11030601,73.40626723,52.91525222
54,1781860356.191223,104.88986355,74.84659156,53.73212648
54,1781860356.254694,103.81316781,74.16843771,53.31317776
54,1781860356.337448,104.42724654,74.37102416,52.88675399
54,1781860356.399413,105.49967874,74.84374279,54.89977762
54,1781860356.461038,104.95836780,75.63952728,54.22654833
54,1781860356.521882,105.53467790,76.11992485,53.92457830
54,1781860356.589512,106.75303680,76.90611114,54.38389877
54,1781860356.652619,107.67053805,77.66303799,55.45236794
54,1781860356.729859,107.40162535,77.65529012,55.90080787
54,1781860356.792919,107.46429454,76.94450895,55.30807107
54,1781860356.857069,108.13929546,76.96262847,54.72139639
54,1781860356.926204,106.24498569,75.55657616,54.53679198
54,1781860356.987425,106.06706829,76.25698235,54.84450771
54,1781860357.050665,107.66796505,77.54075317,55.89583619
54,1781860357.132607,106.79695257,77.02697139,56.65451252
54,1781860357.198283,107.21316203,76.61324072,55.46364756
54,1781860357.258466,107.56994506,78.10987453,56.00451044
54,1781860357.322575,107.32115639,77.26165028,56.55910906
54,1781860357.385445,107.22986317,77.27600728,55.28593560
54,1781860357.457714,107.72063186,77.88982786,56.27175722
54,1781860357.534356,106.25942840,77.01031144,54.97689362
54,1781860357.599613,105.89987957,75.56663420,54.94179738
54,1781860357.656846,104.59045276,75.46305542,54.43454187
54,1781860357.726877,105.20908742,75.22556761,53.18749007
54,1781860357.791137,104.99968068,75.65114261,53.58692084
54,1781860357.856227,105.16128028,75.42563066,53.03317648
54,1781860357.937962,103.22907320,74.29433142,52.68904271
54,1781860357.999423,103.21266890,74.31750843,52.24601247
54,1781860358.057430,101.67568899,72.72537851,51.18054776
54,1781860359.601055,110.61150810,80.84059345,59.66401917
54,1781860359.661916,111.11861637,81.10742051,59.91078511
54,1781860359.730459,109.36103606,79.46720117,57.91569880
54,1781860359.794398,108.87652899,79.36859158,57.31647237
54,1781860359.854458,107.55081502,78.12610298,55.73472287
54,1781860359.934865,106.74103288,77.47500810,55.97089574
54,1781860359.999033,108.23752597,78.43980255,55.96037208
54,1781860360.061188,107.14213369,77.92978902,56.27433608
54,1781860360.125609,104.32825925,76.59831408,54.67376647
54,1781860360.191270,104.94499587,76.69293766,55.37718709
54,1781860360.255937,105.91474092,76.63834602,54.15521467
55,1781860367.326996,101.45605596,74.04037308,53.68108269
55,1781860367.385503,99.28067396,72.11306105,52.75348865
55,1781860367.449091,100.41800338,71.88475608,51.52416276
55,1781860367.529851,102.08798760,73.48487310,52.60608841
55,1781860367.593884,101.69047391,73.27597434,52.21418565
55,1781860367.657882,101.11628819,72.90497526,53.12216252
55,1781860367.725358,103.25814138,74.23622988,52.89644843
55,1781860367.784899,103.30573187,74.78192593,52.91771285
55,1781860367.852512,101.11250915,72.24300987,51.81839924
55,1781860367.932449,102.76484944,73.41183549,51.87601950
55,1781860367.998663,101.22284396,72.33964265,51.67084042
55,1781860368.058393,100.12056788,71.22830275,51.50346139
55,1781860368.127785,99.60571247,73.22988475,48.76963871
55,1781860368.185523,98.41833771,72.80432656,50.57428362
55,1781860368.258185,98.01358940,72.17895940,49.64075612
55,1781860368.334716,98.58006845,72.66286050,49.23444099
55,1781860368.396313,99.48287797,72.83082037,49.36763131
55,1781860368.461449,97.82244977,72.01899905,48.66174967
55,1781860368.526078,99.13400176,72.67168738,48.72640130
55,1781860368.593180,99.60590457,72.48536073,47.30219436
55,1781860368.656235,97.71679467,72.39521557,48.70655947
55,1781860368.736854,98.65442770,72.76873791,49.73271692
55,1781860368.798454,98.00530924,72.02897811,48.96965184
55,1781860368.863026,97.87301462,71.82954937,48.98869778
55,1781860368.926396,97.87956119,71.99072778,50.05650538
55,1781860368.991060,97.67907506,72.10446951,49.03224673
55,1781860369.052557,97.52423357,72.04527222,49.07807251
55,1781860369.135223,100.14861522,72.78526437,52.96475595
55,1781860369.200635,100.06533997,72.26145552,52.24101128
55,1781860369.263627,99.80870228,72.43913088,51.84230152
55,1781860369.328467,101.31601081,73.14688843,53.04672682
55,1781860369.387149,100.57815259,73.11727934,53.12266159
55,1781860369.449721,100.47358714,72.90530496,52.68236966
55,1781860369.540735,101.05683631,72.75328507,52.51991821
55,1781860369.599227,101.83400888,73.56671216,52.64230654
55,1781860369.662637,101.44975334,73.26208960,52.56195735
55,1781860369.726392,103.65990867,75.20522804,54.64270454
55,1781860369.792004,103.65568428,75.46630018,55.51107183
55,1781860369.858086,103.39867222,75.55272930,54.12012863
55,1781860369.937139,104.18252141,76.31707338,53.48860784
55,1781860369.997593,103.44555913,75.18913336,52.31717924
55,1781860370.060690,102.38233368,74.60895644,53.23243547
55,1781860370.126213,102.96728238,75.09149882,53.56258590
55,1781860370.191067,103.32159010,75.26263804,55.45594950
55,1781860370.255091,104.00712648,75.28070440,55.91710856
55,1781860370.337357,103.12203205,75.20737515,54.08582905
55,1781860370.399241,103.05808725,75.92030044,55.72344277
55,1781860370.462801,106.69246611,78.13015496,59.18166287
55,1781860370.525355,109.88358014,85.68143780,65.17887588
55,1781860370.749376,141.16082352,126.60741570,115.37131976
55,1781860370.781292,142.13509241,130.51455854,121.83112801
55,1781860370.829121,139.02505083,131.24040916,126.84478260
55,1781860370.889317,135.64698775,130.71860843,126.83295331
55,1781860370.958701,138.48592324,133.96594605,130.57063138
55,1781860371.023745,140.13140668,136.88191511,133.43672934
55,1781860371.087941,141.01593270,138.17338216,136.68558926
55,1781860371.170010,143.70324992,140.54052677,138.79721076
55,1781860371.227338,146.24745413,142.06639781,141.06913409
55,1781860371.293069,146.38729774,142.23029562,140.96810235
55,1781860371.362472,148.40162142,144.05193905,141.62783239
55,1781860371.424410,149.25251053,143.97975381,140.05398985
55,1781860371.485257,145.98930682,140.56931061,137.59232955
55,1781860371.561549,144.48920223,137.85805906,132.65538213
55,1781860371.629940,147.27235091,139.13119105,131.13365025
55,1781860371.702445,138.68148148,129.50301357,119.81651714
55,1781860371.756970,135.23007119,125.41902721,112.96048538
55,1781860371.822570,137.08405891,122.54927969,112.06738803
55,1781860371.884677,142.78687788,122.88791685,107.99404112
55,1781860371.966442,144.37180314,125.69345432,100.69721738
55,1781860372.029487,149.39051022,127.33200408,100.32165761
55,1781860372.093776,160.89010618,133.62387375,103.06923785
55,1781860372.164834,160.34455687,128.89379500,95.21817219
55,1781860372.216488,161.25758873,126.13542952,95.31762024
55,1781860372.285605,153.30916379,118.43134165,83.54951440
55,1781860372.367102,152.18055286,118.37641808,82.10013534
55,1781860372.430519,154.97282255,120.10983361,83.79691358
55,1781860372.495088,157.79373036,123.49619443,86.08107067
55,1781860372.558863,160.63086724,126.24599993,88.10158248
55,1781860372.623560,160.86125908,124.70272280,86.77802296
55,1781860372.689870,160.50735397,124.75404536,87.15896460
55,1781860372.764611,164.78732843,127.49921192,88.66943688
55,1781860372.839968,166.86658040,130.00193680,91.22327943
55,1781860372.890298,166.77386534,130.09544578,90.32892424
55,1781860372.958821,164.88618666,129.18064822,89.98809499
55,1781860373.023953,165.64369944,129.57896787,90.90680953
55,1781860373.085412,169.36787038,133.08607322,94.02950055
55,1781860373.173419,160.27157971,126.68675727,90.52678400
55,1781860373.230772,131.26607006,98.75846621,71.31975696
55,1781860373.294953,127.57363023,93.41145078,66.29025379
55,1781860373.358003,133.31474597,97.64993839,71.28456531
55,1781860373.422074,132.72876527,99.50507818,70.51981630
55,1781860373.486676,137.28545073,104.82790205,74.97358638
55,1781860373.562951,151.84430311,117.48151891,86.67089532
55,1781860373.633299,170.79375469,139.52977853,106.50371096
55,1781860373.695718,183.92182989,155.07561317,125.22626907
55,1781860373.758993,186.30677883,160.21956958,130.73260988
55,1781860373.823861,183.35595134,158.54186514,130.79548766
55,1781860373.888782,176.10585271,151.04563165,124.51671087
55,1781860373.966982,168.19702103,144.78214671,120.53129973
55,1781860374.032978,162.53220381,140.52194081,116.50377440
55,1781860374.095330,156.44480060,137.95590539,116.87308537
55,1781860374.162804,157.06334961,139.09718991,117.55280575
55,1781860374.223237,160.78470523,140.93048632,118.46359474
55,1781860374.287950,158.84581141,141.37943303,117.87170018
55,1781860374.366643,156.99925709,140.72040184,117.30210538
55,1781860374.434712,150.46447127,134.00853028,115.53793920
55,1781860374.496123,143.26306406,127.73081753,118.41912993
55,1781860374.558327,137.40779600,121.18482899,110.90424753
55,1781860374.623867,136.82349358,118.67761717,108.88532527
55,1781860374.697095,133.33938053,115.87175165,104.27646194
55,1781860374.766752,117.12111346,97.02800210,83.49276131
55,1781860374.832886,101.42670215,79.65282082,63.45094335
55,1781860374.897067,100.89358710,77.28623726,59.20813808
55,1781860374.959743,103.67070236,78.64083725,58.97104014
55,1781860375.026115,116.82933051,87.82121674,65.68988667
55,1781860375.085637,136.12347939,106.67738092,85.77863915
55,1781860375.168872,138.51904785,107.03133209,79.12969951
55,1781860375.226319,148.83742567,114.69867680,86.54482746
55,1781860375.295828,151.01191928,126.25832018,101.72288273
55,1781860375.359137,143.75214686,122.27652292,105.97344155
55,1781860375.424187,135.11958054,118.63137346,108.13080196
55,1781860375.486932,128.79726314,118.57695622,111.65428862
55,1781860375.566468,136.08776063,126.63386665,124.45584175
55,1781860375.630774,135.38147097,129.20137903,123.33747484
55,1781860375.699186,135.18420622,127.15475128,119.66283048
55,1781860375.758601,136.63321559,125.62074498,119.56625864
55,1781860375.821868,133.66705565,124.21382714,110.73527108
55,1781860375.887716,135.45363844,124.12431663,108.51767032
55,1781860375.966168,138.90241653,123.13130061,110.55810070
55,1781860376.030495,136.92132763,120.81289603,103.45086834
55,1781860376.094863,140.99980631,123.23822244,102.05217733
55,1781860376.158758,143.18390675,122.32862694,103.88682906
55,1781860376.224935,149.90615125,122.39754687,99.75892611
55,1781860376.285361,156.90890042,120.60310499,92.23511759
55,1781860376.366842,171.23814199,133.90049422,97.29720163
55,1781860376.430781,174.96401029,140.03798261,105.77741113
55,1781860376.493445,171.00203860,138.10451559,108.06296826
55,1781860376.555035,164.56141430,130.96756654,105.13671201
55,1781860376.622591,165.60244053,133.99974412,104.76481067
55,1781860376.701071,170.26404819,140.67490627,103.05849633
55,1781860376.765051,184.39129334,153.24019328,113.28991441
55,1781860376.826796,194.71563649,163.70062060,125.25833433
55,1781860376.895840,195.73281142,165.08841186,128.78975443
55,1781860376.959730,196.89689410,167.44277960,126.16687562
55,1781860377.026967,196.53988652,168.01301895,127.87285587
55,1781860377.087632,199.97951900,171.61862746,134.08013078
55,1781860377.169340,201.34934449,172.37732361,135.58676023
55,1781860377.225660,199.34558534,171.73674636,131.44168686
55,1781860377.292490,200.19447743,171.55772215,137.03705250
55,1781860377.357286,201.48134241,172.73384774,135.83751851
55,1781860377.420779,201.55396905,173.87896017,135.31614893
55,1781860377.487226,204.90377876,176.18724868,137.48298071
55,1781860377.566837,207.60759951,176.25785395,140.95802915
55,1781860377.630762,203.04356504,171.83343801,134.85867987
55,1781860377.698448,200.75429820,171.08362548,132.44814353
55,1781860377.754841,198.82307008,167.31504004,127.43456236
55,1781860377.822670,192.74912878,158.76771244,119.07937589
55,1781860377.886672,188.13942130,154.05636801,112.99283764
55,1781860377.962681,179.50998922,143.14288822,101.97325145
55,1781860378.029615,178.99628177,139.95411765,102.76194626
55,1781860378.094993,173.93637125,134.61260086,98.05966097
55,1781860378.159297,173.25415368,134.10953191,98.13206808
55,1781860378.218581,172.75427636,133.12293867,97.29889186
55,1781860378.287148,168.79049514,129.31279845,91.51907590
55,1781860378.367659,165.11112675,125.05451965,87.73365622
55,1781860378.430277,155.59181168,115.23519411,79.52751884
55,1781860378.495608,152.96305663,112.27710320,76.17267709
55,1781860378.554181,156.36733253,111.93216976,80.39426957
55,1781860378.623194,157.07950805,112.85324755,79.18691352
55,1781860378.703012,160.05407587,116.50766747,83.71928975
55,1781860378.768658,164.12652875,120.12652875,87.42889670
55,1781860378.829319,167.69408257,123.37608417,88.22373391
55,1781860378.893559,173.01016751,129.39065214,94.90974094
55,1781860378.957979,176.83047659,134.39872831,98.40178752
55,1781860379.023310,181.15552752,140.80828984,105.19856001
55,1781860379.086422,187.39275034,146.52787303,109.86546759
55,1781860379.167993,191.27243091,149.98415721,112.01090445
55,1781860379.233555,194.01961812,153.60575344,115.69598383
55,1781860379.294556,197.03071292,163.47520141,125.85537637
55,1781860379.356291,173.39325323,143.00080328,112.56622394
55,1781860379.424134,111.58647143,82.45866145,65.82794775
55,1781860379.487418,98.46892961,75.21001488,59.86697988
55,1781860379.566851,104.04254039,81.73621427,65.99412537
55,1781860379.629325,117.75130050,95.95030728,79.25011496
55,1781860379.707997,130.47497360,111.03926666,94.59258805
55,1781860379.760671,133.09038134,112.98231945,97.78813983
55,1781860379.823965,135.49083797,112.01384286,93.97601159
55,1781860379.885425,134.27896417,108.51504539,86.58025827
55,1781860379.965814,134.36322681,103.88824480,82.87267449
55,1781860380.028560,134.52376845,102.98454518,76.73664658
55,1781860380.094728,136.95163189,103.55681975,73.98752938
55,1781860380.159258,135.26161167,102.05932787,71.36987327
55,1781860380.220571,132.08001037,100.53220664,69.69501542
55,1781860380.287370,134.76933019,100.62480425,68.85977231
55,1781860380.365502,136.10938533,101.82263707,69.71143390
55,1781860380.430703,130.63831366,97.17474155,64.03311016
55,1781860380.495023,125.76773653,92.19371316,66.58877265
55,1781860380.563294,127.19782318,101.32040792,76.37119216
55,1781860380.622801,132.26012338,105.59278112,78.88632533
55,1781860380.699363,151.22090183,117.80969991,88.10171249
55,1781860380.767489,158.06082190,124.40215221,86.76362036
55,1781860380.831018,165.98360723,134.36127751,98.29796410
55,1781860380.895564,157.93569668,129.69283231,93.12941053
55,1781860380.958769,146.98906194,118.15966633,87.00566217
55,1781860381.022734,133.14391714,105.68767106,79.42337728
55,1781860381.082615,123.85985145,99.27297566,76.84182003
55,1781860381.168488,109.27251522,88.39608585,66.73099566
55,1781860381.226547,108.07499203,85.79453534,68.91236127
55,1781860381.295209,107.78182891,85.47598724,69.46208251
55,1781860381.359658,108.26883387,86.38933795,69.05995587
55,1781860381.423626,109.97970702,85.94965312,63.06457487
55,1781860381.487101,115.23909859,90.39890733,65.35313484
55,1781860381.566471,128.73246068,100.48517732,70.89685199
55,1781860381.631485,154.23033039,123.84763941,85.99962039
55,1781860381.697814,173.60504707,144.33335026,108.81287420
55,1781860381.757340,178.21253785,147.59369093,108.24024704
55,1781860381.823920,177.94150706,147.21215491,108.25138517
55,1781860381.885113,179.78562116,148.58708246,109.39286848
55,1781860381.968262,178.54126152,147.65414298,108.21842730
55,1781860382.025830,175.22440708,144.48952820,105.58739265
55,1781860382.097366,173.71014792,141.42541711,101.27880261
55,1781860382.167356,170.36806528,137.16472669,97.93464870
55,1781860382.226085,169.65329163,135.06228306,96.26072948
55,1781860382.285700,168.35031330,133.66477942,95.59239671
55,1781860382.368098,172.52704504,134.51175033,99.59073402
55,1781860382.429627,172.16793112,137.12534763,99.56795575
55,1781860382.494851,174.67646711,136.41124627,101.38234581
55,1781860382.557275,173.83887894,138.94519843,100.67540036
55,1781860382.622498,169.82091545,133.30260255,94.57541610
55,1781860382.687450,171.30064888,134.67706808,95.61780268
55,1781860382.767800,175.16934858,137.58252605,97.11255510
55,1781860382.832408,179.20297252,142.61676732,101.40238456
55,1781860382.894181,183.46276766,147.95522810,106.75144607
55,1781860382.959286,184.07575451,149.42996544,107.86162326
55,1781860383.016330,186.24255558,152.58415056,110.97382273
55,1781860383.085300,188.36651411,155.24870964,112.79254174
55,1781860383.173263,188.66059987,155.22620279,113.23634684
55,1781860383.235592,188.48788814,154.66119506,112.04189738
55,1781860383.295808,189.03097643,155.70569330,111.30572391
55,1781860383.358780,188.09746644,155.23715596,111.19537006
55,1781860383.422865,187.06712950,154.82272258,111.09477124
55,1781860383.491671,187.10317761,155.80456650,113.10242003
55,1781860383.565212,188.97651515,155.66843434,115.61717172
55,1781860383.632399,188.03390360,157.50767982,115.07030470
55,1781860383.714556,184.51040687,155.71374756,115.55574049
55,1781860383.754637,158.70387064,125.24068957,96.14868418
55,1781860383.823732,122.66790031,90.49263948,63.80486406
55,1781860383.886182,114.58908222,86.80365760,63.22253324
55,1781860383.965910,121.36225143,92.29079333,69.61610894
55,1781860384.031872,135.12183734,105.98029936,78.18745396
55,1781860384.096134,140.60047094,111.20734359,83.59904932
55,1781860384.160349,150.94966165,122.13644724,90.22477463
55,1781860384.226402,157.74141876,130.79793053,101.38287053
55,1781860384.286599,163.13424120,135.64509058,104.20687850
55,1781860384.368259,164.80629682,136.49835775,103.92498422
55,1781860384.431217,166.59812354,137.76079734,103.96099422
55,1781860384.494549,166.14972197,137.81800177,104.66414248
55,1781860384.554303,165.74859995,137.58762639,104.60073965
55,1781860384.619765,168.48599498,138.98599001,102.27415791
55,1781860384.682635,163.05979179,134.44796213,103.70527903
55,1781860384.765658,161.22625547,130.50917327,93.83600029
55,1781860384.833744,155.14005967,126.19854438,94.87933780
55,1781860384.894840,151.41305509,123.08846427,93.69983901
55,1781860384.961110,148.31293736,120.36909598,90.12130234
55,1781860385.027419,150.73882108,121.12684334,87.94896975
55,1781860385.086498,159.76167324,126.65517060,96.57182738
55,1781860385.168777,155.11033285,125.13271616,90.47764518
55,1781860385.227021,160.35759769,128.94354609,96.74124695
55,1781860385.298346,158.34940885,129.33357844,94.76025903
55,1781860385.358891,162.16960746,129.81932243,96.75075629
55,1781860385.423000,163.17137599,130.64583052,98.82798189
55,1781860385.486877,163.91529739,131.18904681,98.80988106
55,1781860385.566252,162.44252201,131.79635027,95.77451221
55,1781860385.633193,164.78714738,132.77469199,94.76097299
55,1781860385.703770,164.97236776,133.07078473,95.10194666
55,1781860385.758770,165.54932215,133.25113704,95.69685898
55,1781860385.822742,166.60808216,135.07554946,97.18307768
55,1781860385.892030,169.01912048,136.75083093,97.09984914
55,1781860385.967429,169.17735201,136.37888909,99.19942502
55,1781860386.033141,163.95987895,131.89647879,94.29168273
55,1781860386.097482,156.57620859,123.89215497,88.30237209
55,1781860386.159834,152.27948752,118.09966349,87.50249938
55,1781860386.227268,155.96254087,121.38589364,88.74943641
55,1781860386.288037,155.41807897,123.54659155,89.17925257
55,1781860386.367663,145.47713630,117.16793337,88.41138105
55,1781860386.431366,145.01343082,114.16796819,85.60157788
55,1781860386.494565,145.88608638,115.99206764,83.18776618
55,1781860386.554283,151.74806900,121.14125023,88.25824523
55,1781860386.623030,152.94900269,123.83632633,91.99654166
55,1781860386.688859,156.72112083,125.21970180,87.85111851
55,1781860386.766239,155.89773727,126.57182225,93.73600288
55,1781860386.832135,161.06321809,131.37704763,98.17173821
55,1781860386.895425,171.16553388,142.08715524,107.40017730
55,1781860386.956394,148.67779318,117.07886802,85.75458660
55,1781860387.023507,126.77451620,94.52606705,69.25552870
55,1781860387.091243,123.43846249,91.85639389,64.54466839
55,1781860387.174362,128.86656160,95.97424197,68.55841259
55,1781860387.227575,140.05302711,105.69586487,76.70879438
55,1781860387.297148,150.91251354,117.43787345,86.47962723
55,1781860387.360326,163.95604266,128.39824728,97.29657799
55,1781860387.427198,170.05153451,137.19804737,101.11536741
55,1781860387.485421,175.38085102,140.82858448,99.14193256
55,1781860387.569772,150.50489106,114.80769447,84.11824682
55,1781860387.631473,130.57151694,99.68084362,70.00284919
55,1781860387.705513,141.27378509,109.53090100,83.45670685
55,1781860387.756202,144.63680896,113.86254693,87.10602103
55,1781860387.825321,144.32659345,114.14113654,87.65393130
55,1781860387.889195,146.66602150,116.92181217,85.72991804
55,1781860387.966574,155.33140190,124.16875940,96.99457879
55,1781860388.029666,158.72567950,129.92764278,102.37374068
55,1781860388.111578,164.63064791,134.06337955,107.90834330
55,1781860388.163611,161.22617430,133.57570618,105.44737939
55,1781860388.223616,161.04624051,137.40282376,114.15030696
55,1781860388.288057,156.73399798,133.91279396,113.50156523
55,1781860388.366328,150.61835071,129.76965448,109.65936780
55,1781860388.435143,109.84900545,89.56071107,77.40484366
55,1781860388.517245,85.80649908,67.66081669,53.63835160
55,1781860388.580037,76.59583307,58.96326666,47.27169810
55,1781860388.638994,79.86719677,62.72231986,49.73376505
55,1781860388.726814,73.58388876,57.38045319,48.04957258
55,1781860388.778301,74.64733726,58.55215707,48.86035349
55,1781860388.838018,74.10527403,57.61083186,48.08349574
55,1781860388.917758,77.70438409,61.67281775,50.74847490
55,1781860388.980862,74.00948747,59.15019315,51.48942436
55,1781860389.042686,76.85871106,64.05155437,55.36448182
55,1781860389.103021,76.28616066,64.83861472,56.45543821
55,1781860389.191919,86.00722067,70.16302020,64.42719242
55,1781860389.240577,85.46693702,70.06211220,65.02787313
55,1781860389.302604,90.85346267,77.42834383,68.56353536
55,1781860389.379773,95.18083568,80.35193007,71.09679972
55,1781860389.441112,103.09805822,88.77794125,78.28379365
55,1781860389.502666,104.33765385,89.69041837,77.20248118
55,1781860389.563797,112.31321246,95.91596783,82.27471020
55,1781860389.639033,119.72023509,101.82288879,89.06659023
55,1781860389.748926,128.27903825,108.52419905,95.59157213
55,1781860389.779975,133.55510813,112.58118081,100.18765728
55,1781860389.839731,137.79263369,119.11778765,101.72934987
55,1781860389.900801,137.70434350,118.80752869,100.89714261
55,1781860389.962902,142.75871807,122.44307509,102.62395247
55,1781860390.039833,145.35471493,124.05335801,102.02715402
55,1781860390.119705,148.05064054,127.35546174,104.55575172
55,1781860390.190530,149.44788290,129.65313367,106.57871227
55,1781860390.239531,155.81551244,134.64255020,110.39899717
55,1781860390.302344,159.80584324,138.74343903,114.17403697
55,1781860390.363877,162.06736051,141.78716939,116.51836835
55,1781860390.457243,162.04200088,142.92772637,116.97148354
55,1781860390.502496,161.57810397,142.51452266,112.06880567
55,1781860390.581521,158.10522777,138.49593283,111.05498195
55,1781860390.692886,152.93644855,132.22591451,111.16392801
55,1781860390.745660,153.38487155,132.69008826,111.70263323
55,1781860390.776659,157.22127424,136.04192170,114.75269304
55,1781860390.851082,156.14517161,133.74421099,113.22477356
55,1781860390.916164,149.55820474,127.87038555,109.52784081
55,1781860390.979766,148.82395794,127.10726741,108.10518036
55,1781860391.091830,139.65411915,120.87629836,105.01108717
55,1781860391.111830,146.05071690,125.54327851,109.12613794
55,1781860391.174919,149.29609410,127.11779957,114.18569635
55,1781860391.415000,138.67836829,119.12993660,107.12844803
55,1781860391.493338,135.35838272,115.38807989,104.47480191
55,1781860391.518399,141.31413241,120.89570188,109.98225430
55,1781860391.564706,141.50806548,121.84156746,110.43294643
55,1781860391.656490,145.42223887,124.79385622,112.75901130
55,1781860391.718298,149.23923201,128.74421312,113.11091834
55,1781860391.790519,148.75841975,127.99115168,111.56749912
55,1781860391.885899,149.20409452,127.70171958,111.01963083
55,1781860391.918858,150.93093453,128.81375503,111.13569644
55,1781860391.964864,149.96085114,128.27360117,112.43157723
55,1781860392.045106,150.49701101,130.08536354,110.52779954
55,1781860392.107652,153.34320229,130.78593366,113.33514537
55,1781860392.166500,153.52695929,131.01985033,112.13877244
55,1781860392.289228,150.15951667,127.09298381,110.52548455
55,1781860392.367590,154.76122632,131.48309835,114.03296577
55,1781860392.398783,153.12271284,130.47098605,112.58219336
55,1781860392.447077,152.29223892,129.02285262,110.19039787
55,1781860392.510333,154.72891678,131.51781579,111.16908377
55,1781860392.571870,155.81496601,132.76116078,114.08251004
55,1781860392.693084,154.69355473,131.71869062,113.24140373
55,1781860392.708084,158.19814764,135.00330141,115.62135294
55,1781860392.783787,159.54584391,136.89413944,115.12766902
55,1781860392.863316,160.14720410,136.72138986,115.57759545
55,1781860392.910639,160.46691269,137.19279948,116.74022496
55,1781860392.972218,162.37209916,138.60261607,118.01682350
55,1781860393.090550,163.15000110,140.71807132,117.21945963
55,1781860393.113658,163.65404412,140.73630472,116.53120078
55,1781860393.166581,163.97503870,141.09170253,117.11429415
55,1781860393.218812,164.71639201,141.73765354,116.41220240
55,1781860393.374511,164.54737038,141.71709363,117.43898855
55,1781860393.408510,166.62001779,144.02130424,118.78857760
55,1781860393.490397,167.44430166,144.54458888,118.74003600
55,1781860393.514450,166.10252062,143.31086139,117.59784449
55,1781860393.563389,166.78801271,145.29369462,118.15630237
55,1781860393.629869,167.70865909,145.98424544,120.16767354
55,1781860393.706469,166.14251296,144.07122933,118.21813810
55,1781860393.796295,166.18933240,143.77512090,117.66029496
55,1781860393.887728,164.14741667,140.50837996,116.89722799
55,1781860393.950327,163.64946916,141.07705935,116.79137269
55,1781860393.983493,162.80933111,140.56346237,116.99404365
55,1781860394.032785,165.86881325,143.38823214,116.63828540
55,1781860394.109213,165.18121682,142.40804611,115.98838664
55,1781860394.172868,166.76296004,142.95486692,115.85093752
55,1781860394.293302,164.84163672,142.50306693,116.46824257
55,1781860394.373401,164.99156181,143.45259244,118.10781116
55,1781860394.404494,164.20075821,142.61802866,118.20617383
55,1781860394.437764,166.36268589,144.19643573,117.62444390
55,1781860394.514758,166.30505496,144.20195447,117.96549570
55,1781860394.578447,166.84825501,144.76966947,118.49959286
55,1781860394.694502,168.95929449,146.06708427,118.81626080
55,1781860394.758080,170.25247648,147.13130151,120.44010951
55,1781860394.786810,168.58733004,145.89592286,120.02793075
55,1781860394.867809,169.23385816,146.37500762,120.74551036
55,1781860394.914916,171.78789134,148.71572092,124.13031514
55,1781860394.980073,174.81908780,151.79300512,125.28691026
55,1781860395.087503,181.86747441,158.77997064,132.29637839
55,1781860395.154916,182.03932647,158.76376863,130.71165480
55,1781860395.175905,180.00972997,156.13729365,129.25635763
55,1781860395.226380,178.18615507,155.23506219,127.07113319
55,1781860395.362652,177.07283228,154.34596786,127.07256544
55,1781860395.393998,178.19459458,155.26756871,126.04090960
55,1781860395.491774,185.47346710,163.55006557,134.85763461
55,1781860395.555153,185.37018093,161.93117945,135.07904314
55,1781860395.583446,184.53885247,161.02270352,134.38608921
55,1781860395.634705,185.09598301,163.04871983,138.37369999
55,1781860395.708416,182.07634353,159.47830994,132.13684900
55,1781860395.784286,181.20534563,158.03421968,131.40505619
55,1781860395.889165,182.51824555,159.37004029,132.30008018
55,1781860395.956443,183.66930351,162.16015649,135.59240342
55,1781860395.988531,180.86320100,159.20113293,131.70477505
55,1781860396.017587,178.02641330,155.52310689,126.90702148
55,1781860396.098555,177.75704339,154.61707831,125.99422685
55,1781860396.172386,177.56258665,155.61018526,127.73156503
55,1781860396.291095,177.57806511,155.08690219,126.22754484
55,1781860396.358669,177.25873163,154.32144909,124.45365162
55,1781860396.390871,177.77211978,154.56401708,123.54673616
55,1781860396.418874,177.09383890,154.95755795,125.18278557
55,1781860396.498735,176.70099177,154.38080268,124.33569905
55,1781860396.574737,176.92899058,154.58062516,124.61544099
55,1781860396.689593,177.57358129,156.05513242,126.36581818
55,1781860396.755218,178.66754196,156.21396848,125.44930574
55,1781860396.824553,178.63464618,156.15743269,125.46413269
55,1781860396.962781,178.56860223,156.36818027,126.44571880
55,1781860397.027413,179.05301032,156.34277442,127.88877901
55,1781860397.096695,177.72652971,156.43890314,127.54635997
55,1781860397.179667,179.29485876,157.39462532,127.86982608
55,1781860397.237955,179.81291943,158.08725989,128.54798178
55,1781860397.281047,179.97839691,157.61284843,128.61493906
55,1781860397.364695,179.21961873,156.95061291,127.65131824
55,1781860397.435689,179.31073546,157.79532915,127.71261136
55,1781860397.495788,179.49103110,157.36919542,128.67912984
55,1781860397.576139,178.80589585,157.59450385,127.68411850
55,1781860397.639243,179.55850804,157.81403386,127.52946949
55,1781860397.678241,178.27768147,156.76399254,126.71924318
55,1781860397.764389,177.54311865,155.68081428,125.47715846
55,1781860397.829417,177.70011945,155.83539448,127.30847055
55,1781860397.910568,177.74943249,156.20007856,126.56902911
55,1781860397.991739,179.30694035,155.83327740,129.90205818
55,1781860398.019793,178.65670600,155.11909077,129.01272139
55,1781860398.083020,176.87751158,154.90485785,126.93643085
55,1781860398.164518,176.47191066,155.18024715,126.38394173
55,1781860398.225333,174.22134238,153.18574661,124.04894419
55,1781860398.299471,175.11072922,153.19383453,124.78816124
55,1781860398.363755,174.40436966,153.46203198,124.34817892
55,1781860398.488771,173.18276313,152.02730970,124.28104739
55,1781860398.568123,173.09282790,152.26028636,122.50658022
55,1781860398.687823,173.00333865,150.74255939,123.85125072
55,1781860398.754627,172.08844753,151.33727983,122.97218161
55,1781860398.815543,172.50549925,151.13461553,122.90099779
55,1781860398.840952,172.50549925,151.13461553,122.90099779
55,1781860398.891242,171.40932984,150.47187899,122.99102661
55,1781860398.980854,171.87121550,151.16171369,123.35809322
55,1781860399.087723,172.09152870,151.24173939,124.24116755
55,1781860399.154545,172.23522463,150.60327625,123.95917139
55,1781860399.219538,171.91047467,151.07555116,123.44618313
55,1781860399.241821,172.43993977,151.64216755,123.99333704
55,1781860399.288126,173.96132391,152.37726502,124.31774879
55,1781860399.367422,174.27411915,152.78510453,124.62511324
55,1781860399.490872,174.98099406,153.14579928,126.14254871
55,1781860399.561881,176.64135455,154.89930985,127.35255654
55,1781860399.617826,178.30220475,156.02849738,127.75786125
55,1781860399.639826,178.30220475,156.02849738,127.75786125
55,1781860399.685060,179.17213262,157.73329893,129.76956660
55,1781860399.763410,179.99172533,159.23169939,130.69659343
55,1781860399.888539,185.58207875,163.69793678,133.24140603
55,1781860399.954584,188.13043155,165.81595936,136.30658898
55,1781860400.033114,195.54824331,172.31730898,142.85276101
55,1781860400.143590,195.86084631,174.93263193,143.13850289
55,1781860400.229707,195.09861878,174.52292088,142.59793133
55,1781860400.296709,197.77029253,178.45278110,145.17428896
55,1781860400.379155,201.20441006,181.51088677,149.18885121
55,1781860400.439155,202.00419289,183.46837928,150.78534591
55,1781860400.501439,201.93517546,183.29622247,150.32437256
55,1781860400.543832,202.74229307,183.10411469,150.74562589
55,1781860400.624011,201.75505364,183.13535903,150.62685041
55,1781860400.706382,202.46707377,183.32094780,150.22698017
55,1781860400.768434,200.77795075,180.99886209,149.74005732
55,1781860400.828736,200.87582333,180.62050220,148.29631789
55,1781860400.891124,200.26011307,180.09066938,147.92155217
55,1781860400.945482,198.92887678,178.45668378,147.66550936
55,1781860401.029576,200.26719430,179.97004357,147.78580468
55,1781860401.112431,199.21358845,179.22466781,147.75487459
55,1781860401.179322,198.28129268,177.93430340,146.78952576
55,1781860401.226525,198.17448351,178.34513231,147.51457865
55,1781860401.288953,198.28208339,178.79989646,146.96630874
55,1781860401.344688,198.07548918,177.97350560,146.93153525
55,1781860401.423517,198.44272110,178.71416338,147.63720286
55,1781860401.503468,197.97440135,178.39575032,147.18979300
55,1781860401.565208,196.34680614,177.24151897,146.94122235
55,1781860401.690286,199.19728238,179.52285415,148.15601923
55,1781860401.754048,199.35101783,180.16529581,149.52769132
55,1781860401.889230,200.55463137,181.56532716,151.36285777
55,1781860401.952985,201.37380885,182.11032780,151.79415471
55,1781860402.019046,201.12215680,181.92867682,151.63190194
55,1781860402.083050,202.11819107,183.13227462,152.90415918
55,1781860402.096269,200.62573504,181.85640650,152.28965001
55,1781860402.165609,201.95372461,182.70070206,152.23039481
55,1781860402.292484,202.86295493,183.38816913,152.82996595
55,1781860402.357867,197.49314188,177.18364483,149.35731847
55,1781860402.417588,185.94917846,164.89780330,137.70768965
55,1781860402.482592,175.50260990,154.86673975,129.33828377
55,1781860402.511835,179.03167545,158.62629903,131.88092214
55,1781860402.561001,172.46102406,152.48421743,128.16665649
55,1781860402.690947,172.57216602,152.53764114,127.93323933
55,1781860402.775540,173.16374115,153.71235552,128.53900983
55,1781860402.812914,174.15472217,154.42292878,129.24730927
55,1781860402.882448,176.89769576,157.03595895,130.03667716
55,1781860402.914486,176.41166260,156.38929281,128.94535490
55,1781860402.964006,179.18908125,158.26760258,130.13147278
55,1781860403.089499,177.72064332,157.21322000,130.16071835
55,1781860403.154766,176.86296924,156.73486859,130.41598479
55,1781860403.221151,177.27834207,156.47752090,130.93504066
55,1781860403.294941,178.93623954,158.92538785,131.97061517
55,1781860403.341537,181.16620539,160.18887445,133.62541114
55,1781860403.365542,181.20660938,160.04137388,132.98524649
55,1781860403.493001,195.88276879,174.42260323,146.05701121
55,1781860403.556108,198.98104198,178.27028514,148.63071331
55,1781860403.618509,201.17614367,180.58620172,151.42092417
55,1781860403.680773,198.50914157,178.42000213,147.16391527
55,1781860403.767785,198.97313167,179.75867090,148.14611041
55,1781860403.799139,199.69873496,180.34380101,148.56374738
55,1781860403.890471,201.07873652,181.53452539,150.10235213
55,1781860403.954335,200.67705600,182.94181269,152.39760226
55,1781860404.018332,200.83158260,181.91290864,151.66011197
55,1781860404.082058,201.91967017,182.41685665,153.21563968
55,1781860404.145434,204.93891675,186.13275355,155.41512156
55,1781860404.174480,204.44469875,185.68509990,154.88249532
55,1781860404.291376,211.86020289,194.06706402,164.02704290
55,1781860404.354757,219.66599568,201.96954346,173.60720970
55,1781860404.419622,221.18592835,203.79817847,177.38499599
55,1781860404.482973,217.38744226,201.73392437,176.42585382
55,1781860404.547287,217.42775300,205.53490428,186.49861654
55,1781860404.558672,217.44010932,204.95412508,185.25984843
55,1781860404.693194,205.67263579,191.21101907,173.19332579
55,1781860404.759760,195.97135117,186.60390141,175.54479727
55,1781860404.815861,197.74547217,193.52754204,186.46935358
55,1781860404.882244,195.94882530,195.54322782,192.58454535
55,1781860404.944382,191.88848158,194.40570279,197.23123102
55,1781860404.978411,185.39605957,188.27782969,190.48188529
55,1781860405.074862,182.69160213,188.21907879,192.80853602
55,1781860405.153929,180.76722655,183.54762481,187.81782785
55,1781860405.229710,174.77230547,177.80909461,181.20168581
55,1781860405.300191,162.31979191,166.99591277,165.49945144
55,1781860405.342405,161.12167140,164.08492950,158.68792942
55,1781860405.363407,161.19683265,162.63698797,155.21787057
55,1781860405.474097,168.02556571,162.97625206,152.65246201
55,1781860405.553430,185.06184442,175.68611620,159.61633193
55,1781860405.618972,172.79029304,154.53402523,130.54301994
55,1781860405.680221,158.51238635,140.64030463,119.62957076
55,1781860405.756269,147.18125338,131.05455874,111.14261766
55,1781860405.789636,155.60161317,138.62309881,117.54960102
55,1781860405.877981,123.68760100,104.91573671,86.25782513
55,1781860405.954756,127.32304433,106.04572167,85.38650707
55,1781860406.020770,126.25800046,103.94316376,84.00260342
55,1781860406.081455,131.42320999,109.69903942,88.43538676
55,1781860406.145311,142.04132516,121.60389686,102.05775924
55,1781860406.211814,152.64268082,133.50793234,114.96038595
55,1781860406.310862,160.15787037,141.14952697,121.98239734
55,1781860406.350036,169.01297373,148.91761493,128.79047231
55,1781860406.420533,172.14665397,152.22593871,129.62438299
55,1781860406.483542,171.65429778,150.02049504,124.62731362
55,1781860406.548115,153.23024769,131.36882941,106.51469281
55,1781860406.606564,131.63719246,110.61482696,87.53519712
55,1781860406.675222,118.63798026,97.30548232,76.75980480
55,1781860406.769624,120.64937207,100.35526600,79.20281270
55,1781860406.811961,126.94176690,106.52481182,83.82403882
55,1781860406.882263,145.01070467,125.00342384,102.26799934
55,1781860406.947865,166.00070408,145.21888275,121.32322446
55,1781860407.016682,177.27333861,157.60257710,135.05179508
55,1781860407.076055,184.90066558,166.47230468,139.73367249
55,1781860407.154078,186.59003778,166.27708454,140.60670943
55,1781860407.230050,188.23315994,165.00063270,138.11152604
55,1781860407.317614,185.96529937,162.79948481,135.22337170
55,1781860407.342048,185.97743741,161.22116042,133.65317791
55,1781860407.413190,188.22517749,161.58183205,135.60676794
55,1781860407.475830,184.13092374,157.52804332,130.36322200
55,1781860407.556048,182.56243335,156.10544245,129.69955999
55,1781860407.616146,180.11924556,153.94011341,127.98569668
55,1781860407.681649,184.23643357,155.75535211,133.02609823
55,1781860407.758722,180.54470046,153.44248763,130.73192780
55,1781860407.805386,173.76273449,148.60818903,124.22193362
55,1781860407.874021,173.56962037,149.05200650,124.39716791
55,1781860407.956245,177.86645963,153.52158620,124.03308218
55,1781860408.018793,177.42427223,152.65776527,124.25263639
55,1781860408.081635,172.90036994,148.79484534,121.91915762
55,1781860408.144343,171.10787233,148.28470607,123.06391091
55,1781860408.218909,172.17024759,147.18051583,122.56254635
55,1781860408.301005,170.08391577,146.71826564,122.95208983
55,1781860408.331647,176.09268842,152.69370001,126.82311211
55,1781860408.413203,177.30619101,153.51142663,128.21125252
55,1781860408.484042,178.94398694,155.04211223,126.49014686
55,1781860408.548720,181.30005486,157.86409187,128.14391778
55,1781860408.609508,184.21224824,160.13236896,127.24683942
55,1781860408.676935,185.46005588,160.69797995,127.68757887
55,1781860408.761954,186.02284970,161.30578113,129.55238704
55,1781860408.819082,187.07101795,162.78795383,132.10034237
55,1781860408.887447,192.43902129,165.70756962,135.68600706
55,1781860408.945865,197.55870695,170.30339697,139.79553974
55,1781860409.014581,216.49235433,190.50612645,162.38257627
55,1781860409.074495,225.71761414,206.64807306,181.90891730
55,1781860409.132657,220.51079150,204.38985851,179.25432737
55,1781860409.224661,217.72419782,201.99863807,177.50725799
55,1781860409.320568,215.14165003,198.51220200,173.97811792
55,1781860409.347493,212.21645022,195.28956229,170.82202982
55,1781860409.409584,209.37236255,191.99479272,167.72712157
55,1781860409.475179,209.51992665,192.56109910,168.49790115
55,1781860409.537057,209.34672224,192.98701528,168.83756473
55,1781860409.617266,213.35946692,196.30632008,172.64775372
55,1781860409.682648,215.54944343,199.27329990,175.32717146
55,1781860409.750575,220.63696152,204.14060124,179.21379029
55,1781860409.809559,222.90284714,206.51114108,180.62463513
55,1781860409.871292,220.42801459,199.51782994,170.35339542
55,1781860409.938669,214.24892452,190.67902702,158.42001843
55,1781860410.019341,210.86929952,185.45824477,150.90391304
55,1781860410.084338,211.50768418,186.15024062,150.79216323
55,1781860410.147712,211.83614609,186.61002847,152.21822199
55,1781860410.210252,214.61093693,187.53128707,157.72810075
55,1781860410.305642,219.53453207,192.95470923,161.07150302
55,1781860410.333841,217.69035575,193.30912606,158.62526641
55,1781860410.420619,217.78117827,192.62366466,157.34761754
55,1781860410.484298,217.18731852,190.96304894,154.30548959
55,1781860410.546228,211.46216498,185.62275179,148.65615158
55,1781860410.612439,210.30186633,184.21012082,147.78308076
55,1781860410.674740,210.64151212,184.89596269,148.96776502
55,1781860410.768759,212.01045655,185.95629466,149.14469717
55,1781860410.814689,212.18666259,186.05228595,149.33608401
55,1781860410.882149,211.08401058,184.94242074,147.36889983
55,1781860410.947397,213.70121706,187.24326992,149.55382103
55,1781860411.016792,209.61335574,183.48195472,147.64776312
55,1781860411.080599,209.69183593,182.66049419,146.64532457
55,1781860411.132662,207.90612015,182.28721938,146.17685435
55,1781860411.210981,207.98780135,181.17818353,145.73620334
55,1781860411.289636,203.75447259,178.14490596,141.96713737
55,1781860411.345896,202.66932269,176.08465729,139.82798794
55,1781860411.406456,199.79212539,173.35088731,138.01228712
55,1781860411.469648,200.41290772,173.81464560,138.02121984
55,1781860411.539905,201.36860969,174.52061993,139.06126099
55,1781860411.600052,202.36210282,175.52049700,140.95336845
55,1781860411.689771,199.71658591,173.07681986,139.12635051
55,1781860411.769192,199.47046898,172.15350535,139.10810401
55,1781860411.807948,199.18124867,171.83003806,139.49675945
55,1781860411.876102,201.23468040,174.13533442,138.42974570
55,1781860411.939251,203.56203423,177.09363873,141.74309090
55,1781860412.002531,207.77919742,180.99551698,143.84096932
55,1781860412.085393,210.05625840,183.42561541,145.94437488
55,1781860412.143174,214.40232572,187.82119948,149.32651446
55,1781860412.221923,214.37327469,187.15206664,148.87496460
55,1781860412.299432,210.82955540,184.49907173,146.70029338
55,1781860412.334753,211.04211303,184.96323659,148.47886338
55,1781860412.398975,212.79626329,186.76347456,150.13382654
55,1781860412.485968,214.65235675,189.11277587,151.56519131
55,1781860412.546624,212.46463729,187.26402996,150.53725111
55,1781860412.610020,205.64699961,179.77634573,145.61454874
55,1781860412.674903,184.54688540,159.92109171,129.55177938
55,1781860412.763961,163.46423196,138.70356294,110.67417774
55,1781860412.797396,155.16266296,132.18458153,103.85167471
55,1781860412.884030,156.56530897,134.61865712,108.56623140
55,1781860412.948305,159.21306084,138.62771681,113.73867132
55,1781860413.012737,165.23274520,144.55425967,121.22813605
55,1781860413.075314,172.75710613,151.57397088,126.71865919
55,1781860413.131995,181.05616278,158.00561150,130.70343534
55,1781860413.213304,186.32972238,161.96819961,134.15500968
55,1781860413.292364,190.50418646,165.95620199,137.09536646
55,1781860413.345222,194.03192764,169.01261044,139.32727332
55,1781860413.409945,198.77570172,174.02776277,144.03031677
55,1781860413.468360,204.69608066,180.80173945,149.05536542
55,1781860413.540230,210.98133068,186.81927382,156.21124761
55,1781860413.605419,208.09178987,182.89189371,151.29762163
55,1781860413.684634,210.11854356,184.06458519,153.06305521
55,1781860413.760401,209.72228929,184.26510619,152.85295775
55,1781860413.813445,213.15378263,187.93672155,157.03946892
55,1781860413.872190,209.92163301,184.12297625,152.95789195
55,1781860413.937828,210.12288748,185.16753379,152.80589784
55,1781860414.004522,204.56701359,179.01145593,147.52305718
55,1781860414.083534,200.01193070,173.67097302,142.64028776
55,1781860414.142792,197.25312779,171.71242424,139.82482147
55,1781860414.217453,198.32524665,172.80639535,140.52760747
55,1781860414.294656,202.28251020,176.59163335,144.27648863
55,1781860414.334511,206.56754165,181.04923169,146.51923907
55,1781860414.402912,214.19091394,189.32565947,153.23804956
55,1781860414.470469,211.91187721,188.69383337,152.77153724
55,1781860414.545917,205.64914681,181.62399293,148.93019426
55,1781860414.609434,200.31113456,176.38411026,144.60788555
55,1781860414.675543,201.49236745,176.89907576,143.44534138
55,1781860414.756839,201.04623523,175.87702278,145.48013225
55,1781860414.798227,200.59024083,176.02612386,145.16598729
55,1781860414.866920,205.98237865,181.53941799,147.12558086
55,1781860414.953681,209.24770645,184.19860346,147.67889705
55,1781860415.012190,212.42973388,186.73464947,150.10110557
55,1781860415.082647,211.53766243,186.40681368,152.47739815
55,1781860415.139831,212.45994401,187.35927528,155.41207574
55,1781860415.207966,215.44310870,191.14287519,160.14580097
55,1781860415.289330,217.43958531,193.47113959,162.32345046
55,1781860415.349008,225.62789661,204.32026144,174.21140325
55,1781860415.414019,222.34833656,200.56416484,171.18565062
55,1781860415.471450,222.57160479,202.41588174,172.05908959
55,1781860415.537674,220.45854836,197.35048019,166.66370423
55,1781860415.601684,218.94522230,194.83892367,163.96824209
55,1781860415.667720,217.11036456,192.76413650,159.68455776
55,1781860415.742002,213.55398044,188.54756457,152.35124551
55,1781860415.806517,212.15451317,186.59578465,149.32215349
55,1781860415.876056,212.11206083,186.16418511,150.20042336
55,1781860415.936596,212.76423976,187.65937557,153.01495259
55,1781860416.004077,214.44085277,189.46367956,153.63189333
55,1781860416.066654,213.90178555,188.86850592,151.85244804
55,1781860416.141557,213.96095060,188.64046806,152.09270938
55,1781860416.220286,213.45663919,188.31550923,151.37938852
55,1781860416.293496,214.80628243,189.99057015,152.24439798
55,1781860416.334027,215.37282053,190.00193741,151.54902354
55,1781860416.403332,214.37090006,188.40080631,152.53524805
55,1781860416.472729,214.89398126,189.23548928,152.41656202
55,1781860416.549362,212.87776683,187.35649383,150.66142934
55,1781860416.612865,217.06745511,188.96730883,155.10669830
55,1781860416.675400,215.02125514,187.30370828,153.71363687
55,1781860416.775593,214.93678472,188.84069806,150.74712488
55,1781860416.801655,214.82484719,189.00995828,150.92171342
55,1781860416.865019,215.81215283,187.77268117,154.39250961
55,1781860416.943775,215.34423681,188.01856477,154.07862562
55,1781860417.016037,218.05075741,189.68811163,155.33679615
55,1781860417.077689,216.46393755,188.71183420,154.09400134
55,1781860417.134212,212.47850277,186.64247843,149.24873584
55,1781860417.213538,212.13573323,186.71847080,148.50409246
55,1781860417.282691,213.55429884,186.03524379,151.93065915
55,1781860417.345224,213.10989371,185.92595647,151.07621668
55,1781860417.408271,211.02110761,186.05669242,147.50054427
55,1781860417.476760,211.40817245,185.80468554,147.90977571
55,1781860417.541572,212.89522748,184.66973304,150.61568840
55,1781860417.601897,212.02171543,184.68246375,151.15014399
55,1781860417.668429,210.77058205,184.76913930,148.24408502
55,1781860417.762275,210.75418484,184.57010893,145.52311818
55,1781860417.808560,212.79574608,184.57668173,149.69229753
55,1781860417.876959,211.96097406,183.75474410,149.46046150
55,1781860417.940678,210.93771288,183.52126897,149.58947757
55,1781860418.003112,211.66655429,183.93704265,149.94662175
55,1781860418.068658,207.21684812,181.75960458,144.64845349
55,1781860418.129093,206.19028053,180.62810136,142.17558876
55,1781860418.223728,205.44790611,178.84299902,145.50911557
55,1781860418.297993,204.51232669,178.71049007,145.13574152
55,1781860418.334101,209.03359662,180.87093642,146.95465226
55,1781860418.403246,209.07605030,181.29003741,147.22690387
55,1781860418.469687,207.10885303,181.94261894,148.15660546
55,1781860418.525290,207.54493399,182.23557738,147.98795087
55,1781860418.608218,212.87383971,185.60256780,149.49944617
55,1781860418.676508,215.54079247,187.35046801,156.80184150
56,1781860387.889195,48.04892267,35.80242360,30.66341034
56,1781860387.966574,56.47458645,38.42917965,33.10893343
56,1781860388.029666,65.45936865,44.77456056,34.47164070
56,1781860388.111578,80.80631747,55.07740567,41.84242004
56,1781860388.163611,82.35519028,57.75135488,43.34452395
56,1781860388.223616,83.85415166,59.23795816,47.29309902
56,1781860388.288057,91.24953913,65.45480699,50.99273784
56,1781860388.366328,97.40815510,70.80859675,50.08857052
56,1781860388.435143,101.50809901,74.66879206,57.88682916
56,1781860388.517245,104.37150088,72.72270557,44.20555016
56,1781860388.580037,103.65510560,73.83731341,44.81210949
56,1781860388.638994,112.61438096,85.53787314,56.02300001
56,1781860388.726814,112.13089674,89.04191477,62.33609194
56,1781860388.778301,113.28683626,92.14519977,65.87089245
56,1781860388.917758,113.32530466,99.59920228,76.47724836
56,1781860388.980862,118.29943682,103.24812463,76.99159831
56,1781860389.042686,124.34438941,109.24779723,87.18885874
56,1781860389.191919,132.85319117,113.75116499,96.31629147
56,1781860389.240577,123.86513562,103.67883906,85.79282967
56,1781860389.302604,137.52593370,115.06519543,89.09979360
56,1781860389.379773,144.94012136,117.97930673,88.45791929
56,1781860389.441112,148.89918143,118.28388394,88.73850899
56,1781860389.502666,147.52081560,113.85579961,86.61608052
56,1781860389.563797,145.55933591,110.56348330,86.70463375
56,1781860389.639033,141.64968925,108.65788291,85.93444071
56,1781860389.748926,143.25904878,107.49890801,89.21127327
56,1781860389.779975,141.83427954,105.21259365,87.15499906
56,1781860389.839731,139.05475909,104.94032984,84.05369807
56,1781860389.900801,139.61418245,105.41316679,83.53577715
56,1781860389.962902,139.14829565,103.09291739,81.70311985
56,1781860390.039833,137.34136852,101.84284384,81.12391299
56,1781860390.119705,136.78486545,100.79795704,80.31948500
56,1781860390.190530,133.89255461,98.21647789,77.15611911
56,1781860390.239531,133.20459591,97.91832947,77.35361422
56,1781860390.302344,133.56962199,97.61772808,77.89513270
56,1781860390.363877,129.67872208,96.62711686,76.99361381
56,1781860390.457243,129.11893140,96.29262356,77.54947826
56,1781860390.502496,128.28570334,95.83832583,72.70253492
56,1781860390.581521,127.45758498,95.08520548,71.51666510
56,1781860390.692886,129.33604550,96.20882136,76.41089452
56,1781860390.745660,128.87533312,95.59175120,75.86728307
56,1781860390.776659,128.33290225,95.09211846,75.11591071
56,1781860390.851082,127.79587734,94.67494791,75.87191145
56,1781860390.916164,127.53015053,94.48873448,74.40091000
56,1781860390.979766,126.92017181,93.71799567,74.84904598
56,1781860391.091830,128.57599375,94.70217983,74.07872584
56,1781860391.111830,128.67117337,94.78634518,74.12543723
56,1781860391.174919,131.51679332,94.29135529,78.67547032
56,1781860391.415000,130.36240455,93.09291244,77.91309734
56,1781860391.493338,128.92177650,92.19674677,76.09977701
56,1781860391.518399,129.50915878,92.55406152,76.27287805
56,1781860391.564706,129.47625802,92.15253459,76.06768062
56,1781860391.656490,129.80131879,93.02596744,76.58205876
56,1781860391.718298,126.70243994,92.57672555,73.78585785
56,1781860391.790519,125.61041966,91.68670702,73.16352298
56,1781860391.885899,122.44830650,90.40105266,72.50813337
56,1781860391.918858,122.03756116,90.11482012,72.29565511
56,1781860391.964864,123.77393521,90.63297163,73.02351357
56,1781860392.045106,125.66581797,92.60801726,73.32554226
56,1781860392.107652,125.04113210,92.05609354,72.85499794
56,1781860392.166500,125.33794254,92.02848812,73.20824535
56,1781860392.289228,126.39434206,93.24725156,71.60808122
56,1781860392.367590,125.86951850,92.51931556,71.11216364
56,1781860392.398783,125.22710981,91.62756992,72.16249893
56,1781860392.447077,125.82648228,91.97967642,71.96104609
56,1781860392.510333,126.02149989,91.68470877,71.49104204
56,1781860392.571870,127.29891597,92.33451468,71.68952138
56,1781860392.693084,127.36260728,93.24723847,74.68458652
56,1781860392.708084,127.11169102,93.13590312,74.55387458
56,1781860392.783787,127.68364563,92.62158430,72.53048837
56,1781860392.863316,127.68718788,93.04807553,73.44555962
56,1781860392.910639,126.61866954,92.35910605,73.57372100
56,1781860392.972218,125.60025804,92.28565567,72.71644494
56,1781860393.090550,127.39281734,92.52416925,72.56685243
56,1781860393.113658,127.53269339,92.69540769,72.68151259
56,1781860393.166581,126.42075144,92.80234915,72.89426994
56,1781860393.218812,127.83337935,93.33386631,74.45636662
56,1781860393.374511,125.96283958,93.45960705,72.68812374
56,1781860393.408510,127.13330146,92.77815274,73.30457496
56,1781860393.490397,127.61771858,92.99123848,73.00572832
56,1781860393.514450,127.86897171,93.15576251,73.21554069
56,1781860393.563389,127.15631759,93.22860096,74.07527620
56,1781860393.629869,127.51303409,93.33958209,72.74453585
56,1781860393.706469,126.63341492,92.67599162,72.51084340
56,1781860393.796295,126.51766875,92.72879549,72.63952886
56,1781860393.887728,125.00578205,91.32106701,71.57299725
56,1781860393.950327,126.28663854,91.72567258,71.04119083
56,1781860393.983493,126.57535877,91.88741900,71.12755445
56,1781860394.032785,126.45640583,92.11590502,72.43098842
56,1781860394.109213,126.09695447,91.90883159,72.38995860
56,1781860394.172868,125.69416456,91.95970443,71.11148618
56,1781860394.293302,125.48195753,92.10463652,72.05561742
56,1781860394.373401,125.50057346,91.81633002,72.65530185
56,1781860394.404494,125.24650424,91.55540014,72.43563826
56,1781860394.437764,126.62796119,92.84710302,73.26959851
56,1781860394.514758,125.50866944,91.83215517,72.50154148
56,1781860394.578447,126.54614515,92.42644180,72.27224923
56,1781860394.694502,125.63805256,91.32393539,70.58699352
56,1781860394.758080,126.40768047,91.73800559,70.43181524
56,1781860394.786810,126.42428049,91.86671853,70.52147312
56,1781860394.867809,126.21377908,92.42812699,71.15556440
56,1781860394.914916,125.19369865,91.90702739,71.80223471
56,1781860394.980073,124.35584810,90.73882007,71.26258190
56,1781860395.087503,123.81939121,90.62068658,69.54977872
56,1781860395.154916,124.86519349,90.91957815,69.49413140
56,1781860395.175905,124.94599558,90.94585951,69.49300057
56,1781860395.226380,125.61098670,90.78552653,71.21763895
56,1781860395.362652,124.72773754,90.14861329,70.61978487
56,1781860395.393998,123.31141400,90.28494038,69.59887769
56,1781860395.491774,124.68967170,90.48813282,70.18156382
56,1781860395.555153,125.02990493,91.25396729,69.54969815
56,1781860395.583446,125.16318968,91.32681089,69.58805918
56,1781860395.634705,124.37169419,90.71954467,69.88693203
56,1781860395.708416,124.44761767,90.30920073,70.16577821
56,1781860395.784286,124.16737573,90.19640326,70.47746859
56,1781860395.889165,124.03880180,89.66662968,70.30265681
56,1781860395.956443,123.54845268,89.57105997,70.29114514
56,1781860395.988531,123.79603115,89.94705728,70.59252390
56,1781860396.017587,124.45665899,90.26537695,69.06386542
56,1781860396.098555,123.54822279,89.81717885,69.69763921
56,1781860396.172386,123.85823999,90.11524100,70.56383166
56,1781860396.291095,123.90174422,89.62727819,69.27811505
56,1781860396.358669,122.96857909,90.09568922,69.62988391
56,1781860396.390871,123.09992207,90.21051785,69.72520865
56,1781860396.418874,123.98143517,90.44816798,70.71781824
56,1781860396.498735,124.78895482,90.44143541,70.84452747
56,1781860396.574737,125.01354355,91.83426825,70.82112956
56,1781860396.689593,124.52912815,90.81578970,70.56620051
56,1781860396.755218,125.00626256,91.02945852,71.69184746
56,1781860396.824553,124.30310668,90.89144100,71.44945416
56,1781860396.962781,125.98981959,92.22721946,71.26186081
56,1781860397.027413,126.99801756,92.97134815,73.13344620
56,1781860397.096695,127.06251580,92.78238496,73.32979060
56,1781860397.179667,125.94867842,92.57030278,73.16574432
56,1781860397.237955,126.36538257,92.04405609,72.58052495
56,1781860397.281047,127.25354390,94.02128054,75.14939014
56,1781860397.364695,126.92152075,94.73599350,75.05901385
56,1781860397.435689,129.17117841,95.53589353,75.91033866
56,1781860397.495788,127.62601125,94.22874156,76.73715124
56,1781860397.576139,123.78675193,92.05350610,75.03822920
56,1781860397.639243,124.33414703,91.77299253,73.33894680
56,1781860397.678241,125.70914201,93.07845990,74.12336829
56,1781860397.764389,126.66389043,94.05180742,75.31389622
56,1781860397.829417,126.89073551,94.43626783,75.74290301
56,1781860397.910568,128.26033672,95.25919576,78.02494921
56,1781860397.991739,132.97320981,97.06972734,81.66166125
56,1781860398.019793,130.81744771,95.12232791,80.98005049
56,1781860398.083020,127.18427127,94.23996214,76.96279035
56,1781860398.164518,125.88798797,93.51381993,76.04770695
56,1781860398.225333,124.41570490,92.04716773,74.78557801
56,1781860398.299471,124.77699011,92.17072802,75.08548970
56,1781860398.363755,125.11534128,92.15233459,75.68475363
56,1781860398.488771,123.58878515,91.40473844,74.15186579
56,1781860398.568123,126.36109942,92.44030945,74.60844074
56,1781860398.687823,125.16359309,91.86010284,73.95500907
56,1781860398.754627,124.90738878,91.72660947,73.65597595
56,1781860398.815543,124.72426929,91.25898839,73.65000313
56,1781860398.840952,124.94059762,91.50027694,73.74113954
56,1781860398.891242,125.03054394,91.39226176,73.92628648
56,1781860398.980854,124.92084267,91.63996112,72.15562364
56,1781860399.087723,124.95498123,91.65128408,73.24771565
56,1781860399.154545,125.01295609,91.92973614,72.94128015
56,1781860399.219538,124.01461543,90.94471957,73.40093576
56,1781860399.241821,124.07575109,91.00621781,73.46569182
56,1781860399.288126,123.94058970,91.58544951,72.95468706
56,1781860399.367422,124.47672972,91.64867886,73.60487267
56,1781860399.490872,124.88811567,90.85107512,71.71389258
56,1781860399.561881,124.58590960,90.88832205,72.92906053
56,1781860399.617826,122.78443549,90.31507854,71.77777944
56,1781860399.639826,123.00831777,90.48214603,71.87282535
56,1781860399.685060,123.86295548,90.91754701,72.04214977
56,1781860399.763410,124.13982933,90.65299944,72.10402681
56,1781860399.888539,124.55439103,91.37494055,73.17778063
56,1781860399.954584,125.58771492,91.28803603,73.10290659
56,1781860400.033114,124.30572395,91.22933196,72.01478777
56,1781860400.143590,125.62092809,92.16769700,72.52316687
56,1781860400.229707,126.29822091,92.01485359,73.26651153
56,1781860400.296709,126.21412298,92.20402970,71.83668410
56,1781860400.379155,126.81753612,93.13584229,73.40823071
56,1781860400.439155,126.37594995,92.49798776,72.10742937
56,1781860400.501439,125.35320087,91.93315280,71.53524369
56,1781860400.543832,125.31811875,91.81848067,72.94130840
56,1781860400.624011,125.15213920,91.22938724,72.77090010
56,1781860400.706382,125.39809376,90.94804270,72.11506884
56,1781860400.768434,124.26814409,90.14356050,71.28357520
56,1781860400.828736,125.21346630,91.33529161,71.04043097
56,1781860400.891124,125.73713359,91.28446011,72.00272382
56,1781860400.945482,126.10560579,91.67262690,72.71812908
56,1781860401.029576,125.82352056,91.94538531,70.92871544
56,1781860401.112431,126.05810991,91.70818071,71.41058929
56,1781860401.179322,124.74729047,90.45288478,70.36809941
56,1781860401.226525,124.08430999,90.68544725,72.17693091
56,1781860401.288953,125.36666376,91.28229708,70.63260522
56,1781860401.344688,124.96491730,90.51561711,71.42786417
56,1781860401.423517,123.70948711,90.62546299,70.14010352
56,1781860401.503468,124.28028884,90.84291130,69.77762446
56,1781860401.565208,123.59109051,90.62253141,70.94381451
56,1781860401.690286,125.10815928,90.52754276,71.29105006
56,1781860401.754048,123.67092021,89.81379874,70.20050141
56,1781860401.889230,123.79149432,90.30528176,70.07554904
56,1781860401.952985,124.46899160,89.40723448,69.93882044
56,1781860402.019046,122.90007281,89.35080841,69.73371542
56,1781860402.083050,124.01059259,89.87191721,69.29477698
56,1781860402.096269,124.14656420,89.98768057,69.36547737
56,1781860402.165609,123.62722109,89.76495742,68.68032218
56,1781860402.292484,123.44149750,89.77976066,70.33905848
56,1781860402.357867,123.48308780,89.13775073,69.60434198
56,1781860402.417588,122.74097418,88.49177122,69.19108644
56,1781860402.482592,123.10301678,89.07671531,68.31610835
56,1781860402.511835,123.16431573,89.13908386,68.33343152
56,1781860402.561001,122.38784440,88.09806287,68.39882751
56,1781860402.690947,125.02108090,89.93042384,69.56314164
56,1781860402.775540,124.09993250,89.39811687,68.89428055
56,1781860402.812914,124.69029377,89.50295189,69.56406661
56,1781860402.882448,124.91252994,90.06088025,70.03511780
56,1781860402.914486,125.44390066,90.49226156,70.17471071
56,1781860402.964006,124.06240286,89.78181958,69.81256748
56,1781860403.089499,123.45021630,88.69969935,69.37925470
56,1781860403.154766,122.65326565,88.40679447,69.32874493
56,1781860403.221151,122.86305954,88.18079211,70.09991001
56,1781860403.294941,123.33034557,88.23227587,68.54494239
56,1781860403.341537,123.53719412,87.72745200,68.79481768
56,1781860403.365542,124.27753774,88.44388414,69.20638871
56,1781860403.493001,123.50947553,87.97891648,69.94853432
56,1781860403.556108,124.73616764,88.36108936,69.39716839
56,1781860403.618509,124.07019493,88.27968036,68.66861794
56,1781860403.680773,123.21917402,87.74320971,69.52767519
56,1781860403.767785,121.83363966,87.04334438,67.87449220
56,1781860403.799139,121.77473950,86.99490113,67.84097115
56,1781860403.890471,124.41683786,89.60877545,69.80505152
56,1781860403.954335,122.81199101,88.16230024,67.91054968
56,1781860404.018332,124.44496641,88.66276708,69.95589192
56,1781860404.082058,124.75836663,88.88571003,69.25608032
56,1781860404.145434,123.54927342,87.64003977,69.63062040
56,1781860404.174480,123.50364434,87.48460717,69.54473481
56,1781860404.291376,122.24456680,87.20992993,67.23223470
56,1781860404.354757,121.77375363,86.70151731,68.28956322
56,1781860404.419622,121.56031870,86.69754642,67.46204796
56,1781860404.482973,121.61500599,86.17053943,67.72793543
56,1781860404.547287,121.50915628,85.91953420,68.60228706
56,1781860404.558672,121.55912144,85.99673012,68.68338376
56,1781860404.693194,118.87738268,84.66060967,67.07256957
56,1781860404.759760,116.38689216,83.03669898,65.93079103
56,1781860404.815861,117.75769572,83.65006019,66.58591470
56,1781860404.882244,119.34814426,85.11875366,67.64258969
56,1781860404.944382,119.66562482,85.78798381,68.15856067
56,1781860404.978411,119.31276781,85.37069405,67.99737043
56,1781860405.074862,119.78916365,85.47465266,65.58587975
56,1781860405.153929,122.21814725,85.22285232,67.07259481
56,1781860405.229710,122.57645994,85.95319852,67.86728083
56,1781860405.300191,118.10655095,85.41063888,63.51947554
56,1781860405.342405,117.41873759,84.30960511,62.15259387
56,1781860405.363407,117.15117106,83.89535505,61.79349514
56,1781860405.474097,116.71959416,84.35740043,66.13660292
56,1781860405.553430,117.19934702,84.26027458,66.84811120
56,1781860405.618972,116.80202657,84.32187704,66.80834497
56,1781860405.680221,116.71291343,84.42451727,66.78455608
56,1781860405.756269,116.87809468,84.07533527,67.15841679
56,1781860405.789636,116.81376348,84.03505597,67.21364873
56,1781860405.877981,115.95764831,83.52477906,68.54818251
56,1781860405.954756,116.58094403,83.54847990,69.52444844
56,1781860406.020770,114.91935295,82.99365483,69.55308383
56,1781860406.081455,114.36037466,82.30983215,69.57828095
56,1781860406.145311,114.65265645,82.48346206,68.44075607
56,1781860406.211814,114.21727179,82.44430082,68.42811817
56,1781860406.310862,113.51421302,81.82202813,69.16717297
56,1781860406.350036,115.04223550,83.04923581,70.57972480
56,1781860406.420533,114.80388741,83.97729161,70.42008897
56,1781860406.483542,115.79231394,83.98489579,69.29400684
56,1781860406.548115,114.67330622,82.41484689,70.05931023
56,1781860406.606564,115.57213998,83.50575145,69.90674840
56,1781860406.675222,115.25969068,83.64671173,70.60758603
56,1781860406.769624,114.78096283,83.61933433,69.65296914
56,1781860406.811961,114.01842179,82.77097026,67.25346416
56,1781860406.882263,114.16194080,82.61580695,67.11262145
56,1781860406.947865,114.62873897,82.90031461,68.29079528
56,1781860407.016682,114.97194323,83.46850483,68.71014720
56,1781860407.076055,115.45164667,83.88783446,68.82529254
56,1781860407.154078,114.02309880,83.85961938,68.68093144
56,1781860407.230050,114.72178649,84.30106339,69.11991908
56,1781860407.317614,113.45977280,83.76942344,67.79280075
56,1781860407.342048,113.10358753,83.79729466,68.40276092
56,1781860407.413190,112.88559123,83.36016080,68.45306669
56,1781860407.475830,112.09433381,82.93299396,67.99799968
56,1781860407.556048,111.83733456,82.97575399,69.17777698
56,1781860407.616146,112.35023243,83.74831596,70.70294112
56,1781860407.681649,112.94318779,82.45682523,73.21701341
56,1781860407.758722,110.42102899,80.70274424,72.72174046
56,1781860407.805386,107.17235004,79.28549494,69.84050170
56,1781860407.874021,105.70070328,79.19657007,69.01998921
56,1781860407.956245,104.75833876,78.92408328,64.86727590
56,1781860408.018793,106.71789457,80.05820061,67.58637433
56,1781860408.081635,107.96677573,80.93563731,68.37646708
56,1781860408.144343,108.38521563,82.76150128,69.42682806
56,1781860408.218909,108.51053761,83.71332467,68.42403095
56,1781860408.301005,107.28337623,82.29453060,68.85868732
56,1781860408.331647,108.04995825,83.99775118,70.17089266
56,1781860408.413203,106.64855826,82.30796214,69.52754147
56,1781860408.484042,104.66766822,80.10819301,69.05461953
56,1781860408.548720,103.99623079,80.33481397,68.91245891
56,1781860408.609508,102.23620073,79.45168020,62.70221724
56,1781860408.676935,102.55501618,79.11255290,63.75942620
56,1781860408.761954,104.87654805,79.09814752,68.32452788
56,1781860408.819082,105.14191730,79.90759126,68.76700303
56,1781860408.887447,108.48431803,79.86420910,68.90612564
56,1781860408.945865,109.63506276,80.27015726,69.35085414
56,1781860409.014581,108.95467968,79.56938229,69.83043499
56,1781860409.074495,108.49107567,79.24546358,67.93991311
56,1781860409.132657,107.45404811,80.00769680,66.83954743
56,1781860409.224661,107.52936543,80.47989771,68.04538634
56,1781860409.320568,106.84683939,80.69229996,67.69825307
56,1781860409.347493,108.99874915,81.14876470,68.32709652
56,1781860409.409584,109.17075731,81.40984058,69.29133690
56,1781860409.475179,108.57102905,81.07270074,68.00110876
56,1781860409.537057,109.20275646,82.40848162,70.08052789
56,1781860409.617266,108.05017582,82.86925845,68.79219007
56,1781860409.682648,108.31464859,82.53768685,69.73976382
56,1781860409.750575,109.16752360,82.85978626,70.63276866
56,1781860409.809559,109.48631406,82.71180246,69.75736531
56,1781860409.871292,108.66859128,82.59619092,69.08364661
56,1781860409.938669,109.25255547,82.01117818,68.55180687
56,1781860410.019341,110.34629895,82.17870776,68.13085317
56,1781860410.084338,110.04565518,81.49447922,68.63144753
56,1781860410.147712,110.32726444,80.71829446,66.89589611
56,1781860410.210252,113.37356613,80.65193757,70.28695990
56,1781860410.305642,112.69339301,80.33222080,68.90199610
56,1781860410.333841,112.40867847,82.07321657,67.07721219
56,1781860410.420619,113.59020957,82.70776748,67.30225599
56,1781860410.484298,114.32403311,82.72940325,67.55290971
56,1781860410.546228,115.26681594,84.09492893,66.23289449
56,1781860410.612439,116.11904146,84.14049257,66.94558256
56,1781860410.674740,116.92453981,84.31598277,67.82007818
56,1781860410.768759,117.61694050,84.62863914,67.63256079
56,1781860410.814689,116.54031624,84.13086852,67.99121905
56,1781860410.882149,114.53744080,82.83889109,65.71859263
56,1781860410.947397,115.61524215,83.24972895,67.02413279
56,1781860411.016792,113.97293536,82.51548477,65.07375649
56,1781860411.080599,115.55997439,83.00115544,65.39675860
56,1781860411.132662,115.23148260,83.00176774,66.40706133
56,1781860411.210981,114.97272663,82.22713394,66.12188869
56,1781860411.289636,113.11934480,82.19006989,65.22546818
56,1781860411.345896,113.24783956,82.07334461,64.61812438
56,1781860411.406456,112.17323083,81.21752387,64.41620185
56,1781860411.469648,111.72176426,80.54355793,65.17334344
56,1781860411.539905,110.92606237,80.90826265,64.09560734
56,1781860411.600052,110.47355278,80.62165775,63.55586072
56,1781860411.689771,110.76316669,80.84899296,64.96662456
56,1781860411.769192,109.44131663,80.14681083,62.98679505
56,1781860411.807948,109.63897551,79.94844203,63.31745046
56,1781860411.876102,109.12119137,79.87408635,63.67296841
56,1781860411.939251,109.97606330,80.80521907,63.70507470
56,1781860412.002531,110.16324080,80.33776524,65.25102943
56,1781860412.085393,110.69307855,80.05151916,63.63255574
56,1781860412.143174,110.52686834,80.93845651,63.74868851
56,1781860412.221923,109.59629063,80.43501906,63.99375753
56,1781860412.299432,110.34173590,80.67303879,63.31242153
56,1781860412.334753,110.35672156,81.00926033,65.44372562
56,1781860412.398975,110.48832522,80.59338618,64.19467706
56,1781860412.485968,108.94403452,80.58682622,62.52250216
56,1781860412.546624,110.35395164,80.56451864,64.80892748
56,1781860412.610020,110.27563907,80.30904994,64.19530486
56,1781860412.674903,110.07268338,80.95074651,63.83134148
56,1781860412.763961,110.37622392,81.22704481,64.73190523
56,1781860412.797396,109.74156998,79.97247997,63.56447540
56,1781860412.884030,110.30644527,80.50763301,64.05353665
56,1781860412.948305,110.66997633,80.86763746,64.60214804
56,1781860413.012737,109.24649533,80.29719627,63.85621242
56,1781860413.075314,109.19204260,80.11611664,65.87952744
56,1781860413.131995,110.18440503,80.90059006,64.10965627
56,1781860413.213304,109.77859064,80.79974611,64.08943935
56,1781860413.292364,109.06444047,80.89826621,64.82684969
56,1781860413.345222,110.63142905,80.93912510,64.37986675
56,1781860413.409945,109.72499304,80.89145312,63.44954895
56,1781860413.468360,109.28203843,80.47113917,63.17811029
56,1781860413.540230,109.58277285,80.52719199,63.58293309
56,1781860413.605419,109.97261022,80.27160415,63.76875961
56,1781860413.684634,109.94414826,80.62374152,62.92105313
56,1781860413.760401,109.43057904,80.66192892,65.00860006
56,1781860413.813445,109.84710242,80.96110887,63.51283116
56,1781860413.872190,110.66665889,81.10033331,65.29971126
56,1781860413.937828,109.25285006,80.93409066,64.56824181
56,1781860414.004522,109.58510617,81.31088973,63.79432306
56,1781860414.083534,110.87328550,81.70971212,63.37214866
56,1781860414.142792,109.31464169,82.13115648,64.96317750
56,1781860414.217453,111.09164048,82.50964998,65.18771356
56,1781860414.294656,110.41697010,81.92503626,65.46514991
56,1781860414.334511,110.46107037,82.42053501,65.75518686
56,1781860414.402912,111.30267868,82.88518995,64.29411257
56,1781860414.470469,111.40531187,82.82657500,66.30199668
56,1781860414.545917,112.18687067,83.56592832,65.10676888
56,1781860414.609434,111.35078425,83.18198943,65.40324710
56,1781860414.675543,111.97855425,82.79253533,66.56484345
56,1781860414.756839,111.68234940,83.07392960,66.01818288
56,1781860414.798227,110.75682715,82.59679568,66.13950861
56,1781860414.866920,111.10893142,82.93733830,64.84373560
56,1781860414.953681,111.22192944,82.47598155,64.97160884
56,1781860415.012190,110.40184815,82.11001341,65.04017505
56,1781860415.082647,111.93459572,82.75157235,65.74140834
56,1781860415.139831,110.79733158,82.62334980,63.94662693
56,1781860415.207966,111.07017202,82.70027228,65.07116896
56,1781860415.289330,112.22697798,82.27723502,63.91684430
56,1781860415.349008,110.92126551,82.24245381,64.03997021
56,1781860415.414019,110.18393456,81.08894699,64.09602070
56,1781860415.471450,110.72855664,81.72146566,63.54985887
56,1781860415.537674,111.07157546,81.44068471,64.39867810
56,1781860415.601684,111.23181441,81.08055392,64.08143144
56,1781860415.667720,111.25733485,81.26589992,63.98304593
56,1781860415.742002,111.10667988,81.46798724,63.48181562
56,1781860415.806517,111.16005859,81.60131139,63.23057813
56,1781860415.876056,111.30746133,81.42431941,64.46768405
56,1781860415.936596,111.47026973,81.34874730,63.16636286
56,1781860416.004077,111.49347416,81.24834834,64.32782062
56,1781860416.066654,111.59469058,81.60273381,63.86400198
56,1781860416.141557,111.23405184,81.44326749,65.11139780
56,1781860416.220286,111.90121382,82.04363728,65.85548612
56,1781860416.293496,111.54684995,80.91031876,64.38165817
56,1781860416.334027,111.35520165,80.93271780,64.99647701
56,1781860416.403332,112.14531939,81.12462774,63.16933231
56,1781860416.472729,111.91781572,80.93891629,63.03337763
56,1781860416.549362,111.88027502,81.46363862,64.79598578
56,1781860416.612865,115.66278487,81.30061963,67.18927184
56,1781860416.675400,115.60824171,80.96272240,66.48368933
56,1781860416.775593,111.82140452,81.33056823,63.41986739
56,1781860416.801655,111.51849962,81.16244715,63.58582752
56,1781860416.865019,115.86866732,81.55380685,66.35806396
56,1781860416.943775,115.05173046,81.07608887,66.49133107
56,1781860417.016037,115.75167556,81.20954498,68.27695795
56,1781860417.077689,115.53174483,81.47979858,66.47894859
56,1781860417.134212,113.19860351,81.35091456,64.87553669
56,1781860417.213538,111.66531891,80.09385375,63.45526486
56,1781860417.282691,114.91193403,80.73995771,65.20229038
56,1781860417.345224,116.29537549,81.05187088,67.39406456
56,1781860417.408271,112.22340208,80.19463192,62.23983122
56,1781860417.476760,111.95231543,80.26285130,62.55330216
56,1781860417.541572,115.61796665,80.32928831,65.73808687
56,1781860417.601897,114.51020394,79.63401350,64.10370122
56,1781860417.668429,112.37771609,80.20739840,62.55478106
56,1781860417.762275,111.59434276,78.93245909,61.41361902
56,1781860417.808560,114.63342604,79.55313908,63.65872376
56,1781860417.876959,114.55870007,79.40454809,64.69417394
56,1781860417.940678,114.56366417,79.45669655,63.44918626
56,1781860418.003112,114.91126992,79.31531100,63.53617072
56,1781860418.068658,111.25647310,78.89870634,61.17208547
56,1781860418.129093,111.94346372,79.11401846,60.50134041
56,1781860418.223728,111.66785275,78.41498012,62.24616668
56,1781860418.297993,112.12610826,78.77561362,63.34229258
56,1781860418.334101,115.07046696,78.97584450,61.39788726
56,1781860418.403246,116.07787024,79.22832063,62.74947914
56,1781860418.469687,115.01223959,80.45453882,64.83241917
56,1781860418.525290,115.32970726,80.68611846,65.95560203
56,1781860418.608218,113.64201893,80.13980814,68.61681821
56,1781860418.676508,113.43940962,80.55715476,68.15426273
56,1781860418.744146,113.06819235,80.17774242,66.75530246
56,1781860418.798254,112.82291424,80.06837189,65.65693029
56,1781860418.866437,108.15043379,77.78355290,61.79676249
56,1781860418.929255,105.90581913,76.13833206,60.56675906
56,1781860419.009150,100.73703059,71.47191783,55.54902641
56,1781860419.074528,99.30190693,70.55855077,54.44737406
56,1781860419.131427,93.46357233,65.85244732,52.99164607
56,1781860419.198105,92.32314595,64.94386030,51.98417547
56,1781860419.259072,88.45053850,58.73556526,45.68473761
56,1781860419.321210,79.12787036,54.30724131,43.19788980
56,1781860419.408237,77.46572779,51.86136623,43.87620849
56,1781860419.472701,75.57177520,50.95790806,43.55695890
56,1781860419.535324,72.63422873,51.50201120,41.23788239
56,1781860419.603195,75.69955807,53.97890484,43.26124994
56,1781860419.659747,76.63293009,55.00041701,43.01437655
56,1781860419.722876,75.88845876,53.87984127,42.62261849
56,1781860419.807666,74.21348346,52.60962043,44.35054396
56,1781860419.871134,74.64640428,52.58591339,43.55890786
56,1781860419.934947,79.97650315,55.31331226,44.80218487
56,1781860419.999306,90.77360768,61.31955012,48.81834652
56,1781860420.065116,98.50362813,62.49153801,51.03892498
56,1781860420.124900,99.07450746,62.17648499,50.38812134
56,1781860420.208272,96.76258655,63.39321262,46.31521097
56,1781860420.269759,95.81855199,63.79891934,48.41326035
56,1781860420.333838,92.29376493,62.73489807,47.83456672
56,1781860420.400187,92.42664043,64.00551344,47.48559579
56,1781860420.458546,95.93707822,68.13275126,49.50223595
56,1781860420.526268,129.63507527,100.17737501,75.17983982
56,1781860420.673399,83.74867900,63.15373618,46.13896396
56,1781860420.728817,83.97461346,65.79170173,51.03992162
56,1781860420.793597,82.05772646,65.29515732,53.24845559
56,1781860420.862092,88.37326596,72.30201470,61.38387804
56,1781860420.927445,88.18728619,73.57147221,62.95859301
56,1781860420.990875,99.82264189,82.36575269,71.26273242
56,1781860421.072036,100.36939011,82.93187604,71.50080855
56,1781860421.130310,103.41064111,85.97163180,74.62115618
56,1781860421.199677,104.32237277,85.49858451,73.13259168
56,1781860421.269356,104.91259407,86.26259437,71.66669747
56,1781860421.325296,105.10005862,86.37427991,70.37324664
56,1781860421.389915,124.41790744,103.72457710,85.98989277
56,1781860421.475898,136.02023961,114.61463092,95.33961423
57,1781860406.769624,131.37771325,108.51028818,88.07969923
57,1781860407.413190,188.99690428,171.07956467,155.19844429
57,1781860408.144343,137.59490106,118.19557046,99.16403719
57,1781860408.301005,130.79890009,113.45085797,95.60034274
57,1781860408.548720,137.44980129,122.42154054,101.94945907
57,1781860409.320568,193.70129106,183.98088723,170.71012700
58,1781860418.469687,167.18115942,149.21038020,123.49167137
59,1781860419.603195,80.08986244,67.65299160,56.71954765
60,1781860421.269356,195.94418630,166.62823367,132.62714015
60,1781860421.325296,192.46787457,166.78272258,137.26686499
60,1781860421.389915,188.11188248,162.57298042,135.36871855
60,1781860421.475898,184.38068728,158.95444207,131.53434118
60,1781860421.538191,194.85710879,167.25895223,137.49200545
60,1781860421.602349,198.37047151,171.07952280,139.75443631
60,1781860421.665782,199.96320514,172.36285817,139.73960820
60,1781860421.730456,200.19509854,172.54489786,142.21910404
60,1781860421.795574,205.51318713,180.29222965,145.70020665
60,1781860421.868402,208.48401292,182.99409537,150.89295529
60,1781860421.935971,206.88151514,182.18108728,148.31447275
60,1781860422.005099,209.62456538,184.83036029,151.69521290
60,1781860422.066250,217.57386990,192.93241457,160.08497320
60,1781860422.127437,216.35011586,191.34224411,156.85487077
60,1781860422.191605,215.30636366,187.76508357,152.94654343
60,1781860422.270184,215.75608553,188.55033295,154.30090605
60,1781860422.328991,213.01142891,182.83465093,147.40394631
60,1781860422.393635,216.80291548,187.78461264,151.06428012
60,1781860422.457623,216.07472617,183.74694576,142.50186203
60,1781860422.525120,221.08867830,191.63180386,151.27557075
60,1781860422.594752,217.42482004,188.59198401,148.54346770
60,1781860422.673439,205.00506066,176.06206521,140.07700868
60,1781860422.735160,182.83940879,148.87968016,111.44791160
60,1781860422.794497,144.17414814,111.19903358,76.17393820
60,1781860422.857981,121.94672500,91.51032557,61.36892884
60,1781860422.922286,121.00872138,89.29261242,57.97939660
60,1781860422.989317,125.23020833,91.21930556,56.37377315
60,1781860423.068819,131.82663933,94.83993199,59.32548217
60,1781860423.131167,132.94531657,95.83351593,58.69926769
60,1781860423.169521,80.17961385,50.61272135,25.07687745
60,1781860423.230619,148.97968351,116.33835916,83.59761845
60,1781860423.290889,154.22531726,118.00538847,83.37191988
60,1781860423.357404,155.22608308,117.75708409,81.34798244
60,1781860423.423466,155.70131621,117.26703898,81.49698502
60,1781860423.503232,163.45614970,122.88656870,84.23017278
60,1781860423.569331,160.39489688,117.37423913,80.97407376
60,1781860423.627485,152.61832546,112.31778056,75.50497193
60,1781860423.690784,154.45926880,113.59580355,74.85492164
60,1781860423.754146,157.27577977,113.64417724,78.12129167
60,1781860423.825291,157.33029513,117.04326618,76.57571313
60,1781860423.904598,158.84264468,118.54337673,79.94522156
60,1781860423.970641,162.06358000,120.08665688,80.77918807
60,1781860424.031279,163.49794358,121.66965977,84.46572137
60,1781860424.094208,174.54171336,131.65557341,94.27449375
60,1781860424.160767,186.71548641,144.95644150,104.93147476
60,1781860424.223139,181.78168423,141.30952285,100.01826262
60,1781860424.302463,186.45633598,143.76616303,104.02900149
60,1781860424.361928,193.17405410,147.20846136,106.96497653
60,1781860424.431023,187.20413144,144.77435903,104.32243819
60,1781860424.494908,192.32698264,146.48773284,104.97715000
60,1781860424.558003,196.52506150,151.36446344,110.89321046
60,1781860424.624708,195.40725144,150.72242661,107.67998885
60,1781860424.873766,193.90019605,152.85544368,111.66866716
60,1781860424.907922,193.94195841,155.87388384,115.44726890
60,1781860424.936064,191.97985047,157.96684252,118.64164510
60,1781860424.985543,192.17753988,161.47186486,125.57231348
60,1781860425.072411,159.28437635,134.09346568,110.66559544
60,1781860425.132936,136.81051356,119.34907631,102.46552723
60,1781860425.199557,126.39024997,114.41292327,105.35706004
60,1781860425.269849,128.76441579,114.48503471,109.98575602
60,1781860425.324156,125.72386089,111.95735852,107.53340410
60,1781860425.387089,126.16524254,113.39201306,103.36344611
60,1781860425.469839,129.82603313,114.18806375,102.42003497
60,1781860425.532495,137.47930271,119.24316117,102.78980063
60,1781860425.596681,140.77855804,120.60315187,102.11821291
60,1781860425.663193,167.21597010,139.26653150,115.36201885
60,1781860425.727224,165.28842882,138.20042033,112.10194878
60,1781860425.800748,187.40294362,152.68981954,114.41789477
60,1781860425.864967,154.61651706,119.94748283,78.27951657
60,1781860425.929034,146.86602663,112.94136798,74.11458440
60,1781860425.993648,152.98800006,118.00899499,78.66359093
60,1781860426.059166,150.19777691,116.16324807,76.62638845
60,1781860426.129139,149.10596214,114.34582019,74.09254931
60,1781860426.185879,152.01288619,115.90930130,76.72515141
60,1781860426.272730,145.03661428,107.91458109,74.14243545
60,1781860426.330536,124.66856625,104.10870879,84.28482523
60,1781860426.392912,140.98317440,117.49696243,102.77781804
60,1781860426.457431,166.47800494,138.56097454,116.18391227
60,1781860426.520005,175.36060606,148.27019231,123.49905927
60,1781860426.591450,183.87753310,158.41838780,126.92017362
60,1781860426.670155,187.19628906,159.51327833,133.16947876
60,1781860426.734385,190.76148360,162.97617704,136.45578361
60,1781860426.803595,192.64329257,164.54876358,131.79384228
60,1781860426.862654,178.08743365,146.29428170,113.86077715
60,1781860426.928277,181.17297987,149.00726646,115.72630228
60,1781860426.991370,178.07001664,147.54640130,108.80802806
60,1781860427.071936,175.11412424,139.82376034,103.77297382
60,1781860427.134103,163.74113314,132.40147588,98.44995664
60,1781860427.193611,155.70375308,127.10099030,97.81000241
60,1781860427.259631,142.45097360,114.09535531,87.40066747
60,1781860427.322647,128.42741208,98.63632177,75.58229901
60,1781860427.392281,118.09384819,88.99713904,66.92614421
60,1781860427.471905,110.61581823,82.61261550,60.94170400
60,1781860427.529565,106.06522288,79.44389897,58.54971022
60,1781860427.598120,102.65345828,77.47182213,57.54854911
60,1781860427.662859,103.12258256,78.01096745,56.18090568
60,1781860427.728765,101.87672706,76.80762475,56.08890144
60,1781860427.804765,101.85210830,76.77397453,54.96618763
60,1781860427.869107,104.14438852,76.20865863,55.64336089
60,1781860427.935600,105.65626452,77.40071976,57.00150165
60,1781860427.999727,109.58420030,80.68189731,59.94468300
60,1781860428.062763,111.35048726,81.88869827,59.99231263
60,1781860428.127199,116.53659857,86.14583333,63.90226686
60,1781860428.190657,120.97541370,91.16321433,69.06154748
60,1781860428.273695,129.98762392,99.03698860,76.88639775
60,1781860428.336120,135.90981732,103.85759819,79.92279574
60,1781860428.398722,143.97579590,112.10278770,86.21145272
60,1781860428.465587,146.06501280,112.24107993,83.89747664
60,1781860428.527208,161.64072485,127.59085320,96.27396320
60,1781860428.591576,163.80715527,135.72119467,104.17796839
60,1781860428.667055,165.14835214,138.44015573,109.59763608
60,1781860428.732090,162.13918881,139.39412283,115.23069949
60,1781860428.811111,162.85914571,142.46809147,122.31003323
60,1781860428.860286,169.53919341,151.22489603,134.47640326
60,1781860428.928257,176.59779942,158.82996945,144.31358264
60,1781860428.993750,177.21211577,160.24902740,147.00267102
60,1781860429.074296,173.13030748,156.56593077,145.49127371
60,1781860429.135993,168.77706970,153.28951424,145.40337197
60,1781860429.201169,164.94737995,149.89186732,139.26868360
60,1781860429.268335,157.78969627,143.90820139,139.32092727
60,1781860429.325065,153.08198454,138.06749322,134.34949931
60,1781860429.389421,145.73036040,131.23597247,127.96086773
60,1781860429.455072,140.10699178,126.07121869,122.95083591
60,1781860429.529624,136.20649983,119.70459672,117.54045925
60,1781860429.599386,130.70043100,118.61173042,116.06232509
60,1781860429.663645,129.32540785,117.24227201,115.24079053
60,1781860429.725712,129.52160459,118.02014505,114.61660446
60,1781860429.806209,133.51482321,118.59743782,115.73954990
60,1781860429.853568,133.18531825,118.22829998,112.75506578
60,1781860429.933910,139.82914617,121.25764757,111.47168795
60,1781860430.001139,144.71804388,123.74902193,109.35423739
60,1781860430.061254,148.99462012,127.02368901,107.96345630
60,1781860430.126926,149.99648276,129.10560153,107.76837548
60,1781860430.191026,149.84688613,131.09256884,104.90713107
60,1781860430.254703,152.39854513,130.47475678,106.59653866
60,1781860430.333354,151.30143069,128.26134415,103.74259491
60,1781860430.397948,146.41370207,121.45011217,95.73875219
60,1781860430.461396,139.23223835,112.70368088,86.60793027
60,1781860430.526999,135.22495539,106.89080860,82.89848472
60,1781860430.587101,130.80254220,103.94605939,75.24683789
60,1781860430.650483,126.86352241,99.94790327,76.62435686
60,1781860430.728471,127.50172909,102.73372009,75.92544570
60,1781860430.794576,127.66740050,102.67548321,75.75420837
60,1781860430.861016,132.67679355,104.48621341,81.34257076
60,1781860430.926326,132.00973465,103.66033337,81.88767554
60,1781860430.991527,135.62610808,106.16241644,79.19214324
60,1781860431.056693,137.92108182,107.46194313,81.88473602
60,1781860431.137096,144.64068327,114.88970309,85.49052298
60,1781860431.197105,156.38825279,126.51415942,95.75532975
60,1781860431.263376,165.56936220,135.32994087,101.94756434
60,1781860431.323825,180.48633521,147.67346960,110.66251347
60,1781860431.390879,191.35197684,158.62794161,115.23308161
60,1781860431.457457,197.95220057,167.46191881,120.52615596
60,1781860431.536926,212.04297707,180.28125933,134.40445487
60,1781860431.598854,209.69655043,181.62506139,133.94079545
60,1781860431.660480,204.60238161,178.78304091,135.12547748
60,1781860431.726523,203.80142019,176.82188587,138.99050215
60,1781860431.800858,199.01696431,173.25920726,137.05580695
60,1781860431.853414,194.77460008,171.56311823,134.34520153
60,1781860431.934922,190.90277739,168.96818450,133.17499457
60,1781860431.997373,196.22769003,173.52235483,136.96544698
60,1781860432.062739,197.27363670,171.87298128,137.54560586
60,1781860432.128125,193.75072190,168.78594126,135.71466178
60,1781860432.188125,190.56859435,165.55814575,131.63968050
60,1781860432.255543,183.48970287,160.95829951,123.50121403
60,1781860432.334148,184.85001368,161.53352594,124.43794269
60,1781860432.398559,184.93735072,161.50973162,122.70099156
60,1781860432.461001,185.36183048,161.48264207,126.14403347
60,1781860432.524102,184.86252456,160.85531295,123.15679845
60,1781860432.590392,188.45992802,163.72631133,124.77651919
60,1781860432.654384,189.08816279,163.33891630,126.73306827
60,1781860432.737869,188.49901024,163.46021512,127.18489489
60,1781860432.803653,186.46703544,163.61963614,125.04695223
60,1781860432.859819,190.20686219,165.77714080,130.88575520
60,1781860432.926687,187.17767756,164.43443557,128.92610320
60,1781860432.992259,183.79537228,160.78847649,123.89183683
60,1781860433.055549,182.91747821,159.99729733,121.83934497
60,1781860433.137370,176.15820983,152.45998364,115.22271120
60,1781860433.198844,167.00049058,143.17678634,108.43883616
60,1781860433.264931,165.23972343,138.65943603,107.51819222
60,1781860433.326073,158.03835729,131.46120432,102.10190538
60,1781860433.392372,160.73036183,137.19672650,109.10075856
60,1781860433.454681,166.67539467,145.03798348,116.64700578
60,1781860433.534925,167.87977537,147.19680452,118.46528093
60,1781860433.597808,164.13359057,147.59155394,116.91954354
60,1781860433.663435,159.12126631,144.07584470,115.12684440
60,1781860433.738427,154.56007825,140.66928591,111.48474212
60,1781860433.800911,154.40750080,140.43804721,113.58891928
60,1781860433.855229,151.82813369,138.10614309,108.64326535
60,1781860433.932813,153.51052550,140.80670168,111.85485496
60,1781860433.999616,154.78077888,141.35694530,112.52073799
60,1781860434.062621,160.05270110,142.84424110,115.99852953
60,1781860434.126190,155.85567302,140.57761324,110.37729074
60,1781860434.191023,154.13409018,138.23246034,112.81773360
60,1781860434.257989,155.60618812,140.43376902,109.84800083
60,1781860434.335838,159.09454820,142.83878788,114.92852461
60,1781860434.398607,160.79869113,143.55379145,112.46806056
60,1781860434.465023,165.46263815,147.89319739,118.26663904
60,1781860434.529238,165.07471004,146.46716046,114.32163746
60,1781860434.593290,163.21360544,144.76705725,117.38701620
60,1781860434.654143,165.57484856,146.04739201,117.04484151
60,1781860434.734391,170.20841765,149.49943251,114.58038181
60,1781860434.802217,175.31696680,153.00589702,121.30776241
60,1781860434.861620,176.26263160,154.43261618,117.49799392
60,1781860434.927259,185.71332778,161.66012822,126.90673418
60,1781860434.991045,184.65239430,162.07069626,123.30607792
60,1781860435.054593,183.20235406,159.46200745,124.01110517
60,1781860435.133468,184.19523295,159.07578092,123.71940631
60,1781860435.199597,183.44877443,159.63476826,122.58948413
60,1781860435.263150,190.05276743,163.59878537,125.40767426
60,1781860435.324408,189.73493269,163.70637701,126.49792090
60,1781860435.390772,197.89491887,169.70577798,130.60212399
60,1781860435.456088,199.07629670,171.12980127,132.89546950
60,1781860435.535142,197.33699942,165.67263026,129.58950192
60,1781860435.598740,198.52035845,165.76133203,128.16348607
60,1781860435.661315,196.73539113,162.49853014,123.09988328
60,1781860435.728106,195.71677595,160.87362484,121.34393407
60,1781860435.800579,196.53029337,160.91295783,120.74617801
60,1781860435.852313,196.60229652,161.05228304,121.16466867
60,1781860435.933652,195.37696295,158.60156153,119.31526830
60,1781860435.999598,199.55369173,159.48058828,118.10806073
60,1781860436.064018,197.04983354,157.38006453,117.60016003
60,1781860436.126535,190.24665175,148.72417195,107.31342392
60,1781860436.187019,185.08172301,142.49084007,100.44719209
60,1781860436.254627,190.05050693,151.03623256,104.64430108
60,1781860436.330479,202.27036968,170.17333523,128.00013321
60,1781860436.397771,205.72953234,173.65660112,124.00125926
60,1781860436.465555,204.05591115,172.82135301,125.64247740
60,1781860436.527654,201.33975749,170.03630880,126.40509340
60,1781860436.590564,197.53915192,164.72371808,122.01132497
60,1781860436.653379,191.12696791,155.07532474,111.72741802
60,1781860436.732715,180.03445649,142.58988382,102.48666338
60,1781860436.803563,171.70591702,135.51343576,95.09944192
60,1781860436.860134,162.30670751,128.65605867,90.17557217
60,1781860436.930078,160.86524794,129.50493045,96.26269588
60,1781860436.990981,157.21404717,129.36866999,98.18884241
60,1781860437.055586,158.04231045,132.43340192,101.00398261
60,1781860437.133775,153.71406559,130.47833289,102.39629162
60,1781860437.199359,149.55141006,128.57662085,104.06121508
60,1781860437.262245,149.26945701,128.62019280,105.50221431
60,1781860437.321896,146.25307784,127.28382268,103.91806704
60,1781860437.392282,146.89339336,128.27488358,106.88139665
60,1781860437.455278,147.54074155,128.55658001,106.11608335
60,1781860437.535533,147.41134858,128.51759784,104.73856214
60,1781860437.600219,146.68330750,127.15264469,100.91360055
60,1781860437.663474,151.57007977,130.91442094,102.65266525
60,1781860437.726598,157.79865863,135.51641220,104.16445950
60,1781860437.793976,162.99083863,138.17368679,105.04526045
60,1781860437.854017,171.15883844,143.06372684,107.69093537
60,1781860437.935246,177.28126925,146.41155347,107.60674121
60,1781860437.997838,182.91913331,150.58600535,110.35930540
60,1781860438.063895,185.01547248,151.65537902,111.60784008
60,1781860438.125205,183.43382744,152.10328467,115.46335801
60,1781860438.188712,182.40160981,153.32611373,117.22000412
60,1781860438.256917,183.74905650,154.87410367,117.98897769
60,1781860438.334371,188.99814195,161.34651866,123.50418263
60,1781860438.397522,195.68980279,167.28611770,129.70424196
60,1781860438.464540,198.19764374,170.37087400,132.32992892
60,1781860438.527942,195.30038932,168.98964442,132.14729211
60,1781860438.590980,189.79868489,164.63455680,127.67787355
60,1781860438.653875,181.61418367,158.59042460,123.21888170
60,1781860438.733547,173.62758365,154.58070112,116.05214869
60,1781860438.821904,170.30265943,149.31996522,116.26876716
60,1781860438.857446,166.79848987,147.32375935,116.64819257
60,1781860438.927281,166.35975738,145.69494034,116.47743449
60,1781860438.991150,167.84958215,148.10436307,117.21232687
60,1781860439.054826,167.16369539,148.02892788,118.40975636
60,1781860439.133545,157.51282093,141.85498762,117.68226587
60,1781860439.199060,147.98695843,130.78150961,111.13380593
60,1781860439.262401,143.64358442,125.26514495,106.98340065
60,1781860439.322062,142.89085637,122.55027650,102.27610471
60,1781860439.390198,141.10036119,119.25437863,96.33972718
60,1781860439.454775,144.55995091,119.19082499,92.79673987
60,1781860439.536529,145.49449021,118.65108618,88.78078760
60,1781860439.597956,145.88652278,119.82968888,84.86471370
60,1781860439.662514,149.75852999,120.96040529,85.19835767
60,1781860439.725736,154.51209850,125.48466022,88.50438182
60,1781860439.826457,154.16271657,127.08174909,94.17564858
60,1781860439.858457,155.36290540,127.58750178,91.05585419
60,1781860439.933757,154.58493456,129.36253431,96.57158741
60,1781860439.998947,157.29472314,130.34544722,97.67403728
60,1781860440.061220,155.98873125,131.09890003,95.47611564
60,1781860440.125689,155.10915728,128.91389237,96.67599082
60,1781860440.187794,151.44449312,125.13840217,94.80058406
60,1781860440.255143,152.54870672,124.67874426,93.73662912
60,1781860440.332729,155.28434081,127.86148027,95.24907039
60,1781860440.397645,162.49877175,134.66318174,100.79208951
60,1781860440.462606,179.04044281,151.47951053,115.72988045
60,1781860440.529747,194.12023183,164.84670124,126.90267351
60,1781860440.590060,199.32251321,169.00963694,132.34571622
60,1781860440.655556,200.91845136,170.36969210,132.66896280
60,1781860440.728275,199.57286388,168.89433720,131.84398886
60,1781860440.797137,198.25997531,168.92081096,132.78443248
60,1781860440.863410,196.90079525,168.18573383,133.67880079
60,1781860440.927584,195.33735533,167.10955154,131.70605281
60,1781860440.989779,196.54963309,168.81962302,132.67445907
60,1781860441.053479,199.88988744,171.96247810,134.67250460
60,1781860441.137790,198.41909729,169.97152583,132.47780395
60,1781860441.201194,199.44317552,170.44948507,130.23503585
60,1781860441.268481,199.36503177,170.06068106,131.83241545
60,1781860441.324769,199.53630831,168.90032412,130.54391333
60,1781860441.389575,200.26386897,169.97794974,130.09329026
60,1781860441.459802,201.85104817,170.95407399,130.33705770
60,1781860441.533610,202.30044349,170.42432432,130.36603623
60,1781860441.597914,203.02222384,171.96296081,130.41622961
60,1781860441.662781,202.26243844,170.00014151,129.09840785
60,1781860441.725780,202.35030166,169.67986425,128.16192631
60,1781860441.795944,202.47817460,168.44637603,126.54459407
60,1781860441.854141,202.23432941,167.17583536,125.71993682
60,1781860441.934548,204.18092307,168.87023140,126.61923465
60,1781860441.998273,204.26953047,168.76194639,125.49451382
60,1781860442.062274,202.70853162,167.14482187,125.00382118
60,1781860442.125839,200.52547020,165.91343941,123.12564525
60,1781860442.191595,200.41021075,165.59803032,125.92920279
60,1781860442.255422,199.33240183,164.99196515,123.44856818
60,1781860442.330699,197.83435851,164.25365836,123.42103945
60,1781860442.397450,198.59111959,163.50802469,122.50179887
60,1781860442.462762,199.47101798,166.65831288,124.25937774
60,1781860442.526859,198.54551417,166.77826936,125.76303746
60,1781860442.591525,193.42451373,164.12403116,123.54850105
60,1781860442.656873,182.40917530,155.05035840,118.50787790
60,1781860442.734379,167.54072794,139.52168835,108.13797005
60,1781860442.814717,160.31075058,130.67110396,99.84118677
60,1781860442.858724,158.27223740,128.93810979,98.73853375
60,1781860442.926950,172.43684970,142.57224193,110.14926103
60,1781860442.989712,184.03124075,155.09870677,121.84339680
60,1781860443.055106,192.74632844,164.39460878,126.21618037
60,1781860443.134578,192.90417690,163.64482664,125.02875953
60,1781860443.195817,196.34572916,166.78048562,126.27676349
60,1781860443.262171,197.17298359,164.80460010,123.04756194
60,1781860443.322549,197.13872847,164.41267945,121.94792791
60,1781860443.390854,198.09428984,165.58411066,123.78441375
60,1781860443.450480,197.44612707,165.47543998,124.71487336
60,1781860443.535696,197.00790791,164.20989628,123.49726694
60,1781860443.599380,198.15239787,164.92436334,124.29559198
60,1781860443.663705,197.28575352,164.93755168,122.59212476
60,1781860443.729584,197.78243347,165.70499828,120.63400334
60,1781860443.796788,198.43141968,166.45387586,124.84701864
60,1781860443.854258,198.81335557,167.01010642,121.88486568
60,1781860443.929268,199.43368649,167.41684412,126.55595439
60,1781860444.000295,198.72526215,166.74458293,121.81368302
60,1781860444.063705,200.33511410,168.09063065,126.81662353
60,1781860444.126144,200.99441356,169.48000097,127.33886993
60,1781860444.189917,201.74282549,170.52312704,125.99628917
60,1781860444.251368,199.84174393,169.16051633,128.34901974
60,1781860444.332862,198.64100795,166.59580214,121.49576007
60,1781860444.396902,198.25192942,165.16640403,125.03596221
60,1781860444.461835,197.92756033,165.33290431,120.65966425
60,1781860444.527442,198.59893160,165.66533913,121.22175841
60,1781860444.591797,200.40183240,167.26869581,126.21016208
60,1781860444.655093,199.37610624,167.40731978,123.28951398
60,1781860444.734759,199.25526533,166.54813265,121.88063319
60,1781860444.812964,199.19273065,166.09414023,125.87809627
60,1781860444.862355,198.55720353,165.30881276,121.04954469
60,1781860444.923705,197.62515087,163.73360954,123.79880982
60,1781860444.988358,197.82297535,164.41515122,120.37959239
60,1781860445.053727,196.94090645,162.64089333,121.56340990
60,1781860445.134878,196.71294784,163.56276356,119.43828578
60,1781860445.195180,197.20632466,163.61794321,123.09498655
60,1781860445.262990,197.27204481,162.81513081,123.06491810
60,1781860445.325120,196.28210680,161.62810936,117.29474265
60,1781860445.390788,196.29714356,161.44350898,121.71111049
60,1781860445.454520,194.65645031,159.69165200,118.55680402
60,1781860445.533987,195.10375135,161.49602765,121.48071535
60,1781860445.599031,195.84193927,161.63676056,120.57479510
60,1781860445.661416,195.51792445,160.60393490,120.50573854
60,1781860445.729059,194.76582319,158.36005562,116.38709667
60,1781860445.795480,193.90635011,158.02703644,116.48513618
60,1781860445.854528,181.38240324,143.36760170,105.51239203
60,1781860445.931182,157.08988854,125.65830272,97.24238932
60,1781860445.994868,154.66753536,126.42554231,104.34059698
60,1781860446.062867,132.63479437,110.97788389,88.02249560
60,1781860446.123209,135.56428056,114.95901909,92.80903470
60,1781860446.190365,140.41694189,118.66938667,96.59631009
60,1781860446.257802,142.72204995,118.72186933,93.35812082
60,1781860446.334255,142.60747869,118.64569392,97.89915281
60,1781860446.397431,148.06322583,124.94384595,103.08615486
60,1781860446.464003,151.00877540,129.10088702,107.37086483
60,1781860446.527178,149.92704310,125.84064471,103.91621722
60,1781860446.590536,151.18923792,127.48319195,103.56716976
60,1781860446.653908,154.17740710,130.11407923,106.92387702
60,1781860446.736405,155.96547170,132.62656440,107.55743824
60,1781860446.812761,158.72089612,136.63156924,110.57872089
60,1781860446.860760,159.35373262,137.89533946,112.79994233
60,1781860446.926013,159.20207425,138.41807556,113.98859643
60,1781860446.989287,157.69467741,136.26130823,111.83104819
60,1781860447.055287,159.10863567,137.74869219,112.82846564
60,1781860447.135135,158.54364651,137.04533833,112.91686746
60,1781860447.195706,157.50641741,136.04131499,111.71149526
60,1781860447.262440,158.73507863,137.67867330,112.76369546
60,1781860447.325491,158.48817602,136.90467675,113.89351515
60,1781860447.390803,148.51921582,128.30183288,106.20747708
60,1781860447.456161,155.31448349,134.33922088,106.03196536
60,1781860447.535428,155.53188220,131.36049947,101.40472865
60,1781860447.597564,152.91352671,124.97882701,95.39120713
60,1781860447.664686,156.63927175,128.82107158,97.76440368
60,1781860447.726310,199.62956314,167.58037122,122.75132379
60,1781860447.801033,205.11604193,170.53607601,124.98589284
60,1781860447.853149,203.77570131,168.10917994,124.61343644
60,1781860447.934546,199.76109000,165.16535789,123.24689182
60,1781860447.997786,202.08418543,166.65362030,123.29148045
60,1781860448.062159,201.33900615,167.50240388,123.57484596
60,1781860448.126738,200.71334311,165.14185590,123.11863047
60,1781860448.190299,196.67555845,163.74458468,119.48141374
60,1781860448.262679,191.10672817,160.20014622,119.87530932
60,1781860448.333792,188.37496423,154.42626876,111.82098678
60,1781860448.399046,182.01559445,151.41666110,115.14386871
60,1781860448.461970,179.41701414,149.14565985,112.68232561
60,1781860448.526715,176.88847937,147.52074576,113.53023618
60,1781860448.589701,176.84440429,146.16483130,114.12148543
60,1781860448.656939,171.95471968,141.08486391,110.28561882
60,1781860448.735323,170.24123457,140.91180982,110.51904912
60,1781860448.800023,168.71457606,139.07430058,109.89673707
60,1781860448.863341,166.30332989,135.15912571,103.72581505
60,1781860448.927457,163.42195263,133.75598093,97.89229374
60,1781860448.986947,172.43649749,139.49038585,105.73700128
60,1781860449.051004,178.86616857,147.75087350,106.15089596
60,1781860449.136772,188.60773030,156.92156592,112.64095709
60,1781860449.197913,201.49611280,167.71862047,123.41808264
60,1781860449.264375,204.65055371,171.62168790,127.43214929
60,1781860449.323209,198.72691422,167.81532436,120.34385056
60,1781860449.389689,187.77503391,156.79747811,110.16151807
60,1781860449.455164,173.69469877,144.84119009,100.96258325
60,1781860449.538419,164.88669213,136.27997462,95.21210013
60,1781860449.598798,159.55094260,131.55558721,90.29114006
60,1781860449.667318,161.76089126,132.39567714,93.36918177
60,1781860449.728582,167.32600738,138.63528174,94.92895537
60,1781860449.795079,174.51979070,144.59961072,100.68860169
60,1781860449.855320,176.23384150,148.15374170,104.63298962
60,1781860449.936173,182.11399223,153.60224677,111.34409358
60,1781860449.998369,190.77764059,162.80905274,117.10178084
60,1781860450.061408,189.36644215,162.65411813,117.78711317
60,1781860450.125819,188.01404969,159.36499273,119.74685427
60,1781860450.186782,185.03597375,158.31520222,114.65179582
60,1781860450.255896,183.99578273,157.13455466,114.35645334
60,1781860450.333666,185.37726159,157.29143385,117.92293219
60,1781860450.402788,188.82137515,161.25959249,121.09659646
60,1781860450.461305,192.03532107,163.09143567,123.32174858
60,1781860450.526873,196.36856407,167.04138471,125.39627949
60,1781860450.587719,199.15749736,171.32218507,129.29729561
60,1781860450.658200,200.93838316,172.92710030,129.36398519
60,1781860450.728871,204.10784546,175.36320856,132.35179591
60,1781860450.817250,206.26705247,177.37225309,134.18112654
60,1781860450.860648,203.85501933,177.17675181,130.48894538
60,1781860450.927110,203.17820969,175.09514725,127.80663575
60,1781860450.989946,201.42885260,172.70965550,124.18327771
60,1781860451.055032,201.47865274,170.36674955,122.44641359
60,1781860451.133522,204.04163561,173.33463006,125.68997417
60,1781860451.193103,207.71197773,176.85697420,128.80515097
60,1781860451.264132,207.77655576,176.97739320,129.84200352
60,1781860451.323371,208.94350906,179.28398801,130.67354516
60,1781860451.393600,209.48928075,180.26122754,131.92442526
60,1781860451.458179,209.03319307,180.86499680,131.92414652
60,1781860451.531814,211.81204755,184.02694854,136.07815574
60,1781860451.600687,214.56837952,184.37556572,139.88103282
60,1781860451.666040,213.03402909,183.43502831,138.19095013
60,1781860451.730321,212.55458967,183.40104756,139.47049891
60,1781860451.791137,210.49975141,183.55677745,136.81849265
60,1781860451.854764,205.46582286,179.22450235,133.99101612
60,1781860451.935793,203.49622453,177.30619533,131.75029789
60,1781860451.999791,204.04324440,177.44156067,130.49219819
60,1781860452.061783,199.46160708,174.01969722,128.94915880
60,1781860452.125907,201.71164193,175.37165237,135.78776739
60,1781860452.187253,196.89326145,172.29380575,134.46176332
60,1781860452.254846,195.90426010,171.13081420,133.29095431
60,1781860452.333555,196.68686559,171.56302813,135.52433532
60,1781860452.398114,194.67785226,170.45021878,134.37099800
60,1781860452.462595,196.85510176,171.97752480,135.17471805
60,1781860452.525409,198.26766333,173.03590757,136.23015332
60,1781860452.589571,201.44826547,176.70081888,138.00740849
60,1781860452.654581,203.18619285,178.16334672,139.33742480
60,1781860452.734255,203.71761648,177.56576775,137.88147021
60,1781860452.802836,205.50113560,178.65419764,138.65769381
60,1781860452.859002,205.31325603,176.68177110,137.00206765
60,1781860452.929557,204.67099778,175.36257827,134.77332437
60,1781860452.991310,207.85544814,178.47185032,135.69789445
60,1781860453.055714,207.99689335,177.00678602,134.41834728
60,1781860453.136228,209.48241326,178.48765469,134.28467732
60,1781860453.194583,207.08344015,179.37699848,133.75643307
60,1781860453.264754,205.37365355,175.43775975,133.44873688
60,1781860453.332286,207.36790852,176.68259087,135.80649870
60,1781860453.389714,206.85523432,177.86320186,135.97856651
60,1781860453.455137,205.50405128,175.16438514,134.83276351
60,1781860453.535728,204.59870395,174.12311721,132.43296058
60,1781860453.599911,204.74024479,175.10582846,134.63745595
60,1781860453.662254,205.01664959,175.00255697,133.03368467
60,1781860453.727502,205.57305903,174.64989962,132.31405869
60,1781860453.797579,204.12100356,175.34738503,129.19228115
60,1781860453.850454,205.99516318,177.23277690,131.16919985
60,1781860453.933922,209.72591123,181.87991661,134.31202621
60,1781860454.002434,213.83453021,185.60150320,138.27569147
60,1781860454.060236,210.85211598,185.01376045,139.73442295
60,1781860454.121184,211.04013446,184.67958099,140.13725115
60,1781860454.189631,206.80754974,180.33814500,136.45761267
60,1781860454.257481,203.21300915,176.12398321,130.57232362
60,1781860454.333749,205.90477053,178.20029450,133.15240431
60,1781860454.400218,205.02660226,177.14662592,132.97832734
60,1781860454.464185,208.49780527,178.44058522,130.78263185
60,1781860454.528543,209.38126175,177.18776787,134.00227273
60,1781860454.589481,207.25326539,174.14466397,126.21305170
60,1781860454.657364,203.29768908,166.74794046,123.31351720
60,1781860454.735886,196.13850334,158.21570048,116.74697603
60,1781860454.807505,187.75584444,149.56483705,108.56619696
60,1781860454.861496,185.46354185,144.95291945,105.07794510
60,1781860454.925746,178.49133694,141.41320823,98.83838876
60,1781860454.990735,173.23715580,139.93351991,102.23090041
60,1781860455.057943,173.66154387,137.90574116,96.72169799
60,1781860455.135642,173.63720728,136.89898225,100.48217317
60,1781860455.198067,177.40519067,140.51080480,105.66094804
60,1781860455.265430,178.71831392,143.07725559,108.05729797
60,1781860455.321179,180.33957765,146.80006721,115.12008431
60,1781860455.391040,178.17028996,146.92654803,116.88913941
60,1781860455.456255,171.55524201,142.36856598,114.83415086
60,1781860455.534687,156.35811763,130.27220762,106.48849173
60,1781860455.601350,148.88087192,123.56885806,101.10177135
60,1781860455.663556,147.93773093,123.75473221,103.41021834
60,1781860455.725527,146.13302512,123.79261886,98.29983025
60,1781860455.799701,154.57545637,130.13474183,102.11547660
60,1781860455.855701,157.72331095,130.75380755,101.41431753
60,1781860455.938288,163.20490089,133.27306367,98.75100924
60,1781860455.999557,172.18857316,138.79434848,102.45976174
60,1781860456.058866,171.21934680,137.99545603,100.49171649
60,1781860456.126564,179.59610171,143.28469833,108.25476228
60,1781860456.191357,183.66583542,146.47733874,108.31450838
60,1781860456.258349,190.06294669,154.03575858,115.18061673
60,1781860456.332651,190.24700338,154.78026588,116.72492826
60,1781860456.399044,179.74098911,145.47514502,109.33673948
60,1781860456.463012,169.88261735,138.21060040,98.89342650
60,1781860456.522228,168.29334626,135.88335309,96.87378804
60,1781860456.591282,164.65725350,132.34361225,93.75699424
60,1781860456.657349,168.58896012,136.17857821,96.30415615
60,1781860456.737414,176.97450188,143.61122808,101.66937762
60,1781860456.807480,186.35531785,152.35199090,108.00997915
60,1781860456.863666,190.00649285,156.79305143,112.61123186
60,1781860456.927792,195.56926384,163.33236494,117.18930331
60,1781860456.992269,201.02444307,167.97939718,122.09549321
60,1781860457.054707,202.10464661,169.61375234,124.01454308
60,1781860457.137170,204.57966536,172.43442912,127.82832230
60,1781860457.198981,206.91937724,172.50801077,131.55268892
60,1781860457.264207,204.61673462,172.69590441,128.53530425
60,1781860457.323030,203.82074402,172.75053769,127.39303252
60,1781860457.389111,202.63342489,170.31185897,126.37719921
60,1781860457.455120,200.83934972,168.30615069,124.17108553
60,1781860457.537567,199.47122805,167.30480149,123.37148122
60,1781860457.597891,199.72065957,164.96169243,125.28639062
60,1781860457.661520,196.71334452,164.83435143,121.89513097
60,1781860457.727364,197.70830348,162.65758114,122.86079875
60,1781860457.795740,196.87011039,161.93730557,122.45011250
60,1781860457.851931,194.71788906,159.81198285,119.39920764
60,1781860457.933999,195.49271119,160.72419206,121.45331975
60,1781860458.000466,193.66210228,158.42395943,118.29726787
60,1781860458.062557,193.08456262,157.86496241,118.47052878
60,1781860458.127120,193.40038116,158.19461145,119.62342415
60,1781860458.190403,191.30778660,154.66990932,115.59800691
60,1781860458.261715,183.53096429,147.20143193,108.32223310
60,1781860458.334793,179.42974548,142.60332262,103.74814462
60,1781860458.398258,176.75892307,137.71146444,98.29531284
60,1781860458.465721,174.04466988,133.39199430,92.20669478
60,1781860458.528737,175.46473763,133.60924176,94.32676519
60,1781860458.591194,175.97587610,134.29605893,93.24540477
60,1781860458.656069,172.87382971,131.24808970,91.44427506
60,1781860458.736630,173.12916278,132.11537983,91.77959132
60,1781860458.808894,170.13137095,129.01263949,89.74495974
60,1781860458.864190,168.83365812,127.66167909,88.15774327
60,1781860458.927693,169.58947136,128.94036927,90.54193108
60,1781860458.992671,173.57135854,134.74492686,99.26714908
60,1781860459.055985,175.54478292,137.24997436,100.69275655
60,1781860459.130867,176.71917217,139.06686988,100.18944046
60,1781860459.193756,180.78887897,143.84405963,107.94464619
60,1781860459.265926,184.51997438,147.99909144,112.33536794
60,1781860459.324001,187.84509038,150.53526675,115.06753255
60,1781860459.389796,183.39189373,145.56458492,109.56205053
60,1781860459.458975,186.51255977,152.09081763,116.23083720
60,1781860459.533356,186.65721456,150.73718101,114.98373372
60,1781860459.598846,186.89837177,152.82198529,116.07342756
60,1781860459.664366,180.26650847,143.41372956,107.18808827
60,1781860459.727592,187.76880025,154.01255627,116.16226788
60,1781860459.803412,177.08651700,136.70019212,101.59115522
60,1781860459.853380,182.25995930,146.06285714,108.90536427
60,1781860459.936364,182.68223919,146.83279994,109.08487540
60,1781860459.999824,181.80263629,146.45448070,109.00505739
60,1781860460.062202,176.61259884,138.82547191,102.36932904
60,1781860460.129393,176.76835249,138.99455939,102.06392720
60,1781860460.189210,184.24405696,148.23647601,112.54272572
60,1781860460.258857,186.20145715,151.63295975,113.05347027
60,1781860460.335052,191.20669165,158.29650123,120.19032743
60,1781860460.397567,179.82440884,143.24097588,108.98633484
60,1781860460.462767,177.46837475,140.31085887,106.98838348
60,1781860460.526720,186.77006827,152.95781672,117.89657023
60,1781860460.591742,184.54257838,152.51438675,118.11603675
60,1781860460.657643,185.16285900,154.18721780,118.77548992
60,1781860460.738389,186.37138602,153.70068046,118.36560602
60,1781860460.800780,186.20382000,153.97200767,119.99088648
60,1781860460.861306,186.80719996,152.98106751,117.02836884
60,1781860460.929542,189.08683641,154.88859447,117.16198260
60,1781860460.989643,192.53504081,160.67840323,123.86109704
60,1781860461.056801,195.16233660,166.67824074,129.78897059
60,1781860461.132442,181.95873233,154.31422277,119.97062141
60,1781860461.198823,164.54062101,134.35831393,104.88519966
60,1781860461.264840,163.14326992,133.78418175,106.42727254
60,1781860461.321173,149.62804745,119.35336871,92.44008407
60,1781860461.386032,155.47194181,124.08152714,94.63520710
60,1781860461.449568,179.97882640,151.64566554,114.21296068
60,1781860461.529763,196.25600387,166.67900531,127.68041528
60,1781860461.598116,201.87336148,169.32693550,124.04730273
60,1781860461.663537,201.96615574,167.98712198,126.79877960
60,1781860461.722790,201.75364760,166.43463030,124.70253557
60,1781860461.791331,199.32762231,163.24478905,120.78272429
60,1781860461.854598,193.61210476,156.44117301,114.74432650
60,1781860461.935762,185.84475241,152.73959315,107.85559454
60,1781860461.998336,192.07293989,155.81134169,114.00121081
60,1781860462.062732,196.59378342,161.38401970,120.19174896
60,1781860462.127531,200.36721800,164.52442972,121.73728640
60,1781860462.189585,204.69024987,170.23347501,128.05416137
60,1781860462.255828,202.04779855,167.64677145,125.54736637
60,1781860462.335270,201.52829009,167.44853742,125.99752707
60,1781860462.399474,199.07927468,164.45311219,123.01213049
60,1781860462.456852,193.03990703,158.72015182,118.13201646
60,1781860462.526125,188.62406245,154.04739192,113.68792812
60,1781860462.592833,185.83611181,151.63567435,111.54124568
60,1781860462.655512,183.92039955,150.11511150,112.14811002
60,1781860462.735874,186.94427487,152.41415094,113.03835574
60,1781860462.807342,186.99424186,152.34244350,113.66471489
60,1781860462.857454,189.90578385,155.60157556,116.42530542
60,1781860462.930489,194.85419305,158.29524860,119.27178262
60,1781860462.990946,198.68834188,162.89520327,121.65887855
60,1781860463.055032,200.03138539,163.52018727,122.46233938
60,1781860463.136824,198.59177747,161.07432838,120.39034234
60,1781860463.198774,197.01058675,160.55492708,119.48410969
60,1781860463.262143,198.10079947,162.05742393,121.85170116
60,1781860463.326614,198.82582416,163.11393585,123.26436860
60,1781860463.391025,196.66353972,162.73672022,122.97428707
60,1781860463.455374,191.32911608,158.41640299,118.97286181
60,1781860463.536187,186.28649766,152.21195854,114.33586044
60,1781860463.598477,177.94078085,140.02628189,102.03200008
60,1781860463.662500,178.94361410,140.87587483,101.23088165
60,1781860463.725608,179.51278822,140.58427294,100.31906746
60,1781860463.798655,176.87140299,138.38573810,99.30830922
60,1781860463.854439,172.15379567,135.78580842,96.13273867
60,1781860463.935582,170.77037350,135.27518576,100.27266560
60,1781860463.997509,175.00967591,140.66785005,105.50423575
60,1781860464.066069,175.18777205,142.12024541,106.79228997
60,1781860464.128254,180.80547379,147.57153797,112.64270551
60,1781860464.196564,187.13268346,155.94608265,121.94312602
60,1781860464.251302,185.04766147,154.03346062,119.11437576
60,1781860464.336369,185.09650740,153.93178915,120.03842995
60,1781860464.400063,185.02759740,153.01425585,118.37261938
60,1781860464.461761,185.31813865,153.06475114,119.06551848
60,1781860464.527287,191.20499522,160.37439917,125.03404158
60,1781860464.589937,188.61031733,156.03558454,120.45627248
60,1781860464.656119,190.89903989,161.87401306,128.24710161
60,1781860464.737553,185.73851417,155.29972439,122.55641767
60,1781860464.797507,191.84456589,163.49017731,128.73030935
60,1781860464.863065,192.37218903,163.73999286,129.46926529
60,1781860464.925171,189.11133330,157.94405124,123.10203493
60,1781860464.990569,193.44714636,163.01062675,125.42419468
60,1781860465.054641,189.21704229,155.94331189,119.07404851
60,1781860465.136595,191.82839607,157.56140510,120.72201006
60,1781860465.198737,203.54576940,172.18451167,133.56733786
60,1781860465.265181,201.17415848,167.56738130,126.98962493
60,1781860465.323454,200.45172716,165.59485996,124.96148850
60,1781860465.389688,199.10016259,164.14896715,121.94474378
60,1781860465.453955,192.07475175,154.60862089,114.40094832
60,1781860465.533381,202.68908213,170.24100132,129.79003325
60,1781860465.600985,199.51116360,164.19044602,126.04379071
60,1781860465.663407,211.19075893,182.79928293,144.24609486
60,1781860465.728528,200.29138322,172.97972266,136.30828100
60,1781860465.803643,184.36565478,155.35187102,122.74842248
60,1781860465.853738,176.80394386,147.18968314,116.86347232
60,1781860465.936059,170.00484327,139.04590105,107.77372269
60,1781860466.000345,190.22951919,161.83161428,128.21604501
60,1781860466.062476,208.74690551,180.63513761,142.32926068
60,1781860466.126404,213.67292225,183.18299693,140.62917620
60,1781860466.190836,213.11267528,176.31183151,132.29078866
60,1781860466.259335,205.52770067,168.30042196,121.24311788
60,1781860466.335830,202.80703563,164.99560145,118.38144036
60,1781860466.402452,201.01023898,163.29485588,116.99994580
60,1781860466.465541,199.34766626,162.81037316,116.30221449
60,1781860466.523324,199.42704968,161.83591822,116.27945069
60,1781860466.594539,198.87769418,162.05637779,120.89945232
60,1781860466.656078,198.95644810,162.81667901,122.10723235
60,1781860466.735510,203.05404374,167.28929017,121.88259148
60,1781860466.812039,208.59020601,175.19885838,130.31102585
60,1781860466.862390,213.02705789,180.42047285,135.34030761
60,1781860466.927129,212.76725961,183.09805815,137.12187085
60,1781860466.989815,213.11482218,184.06636726,139.07786777
60,1781860467.056268,212.88636475,181.45753336,140.18408160
60,1781860467.134794,209.84078579,178.69443666,137.95296593
60,1781860467.198107,210.46230457,179.67207511,138.60321816
60,1781860467.263192,210.85310169,179.10528387,137.79027140
60,1781860467.328490,213.06356223,181.51598114,139.26830803
60,1781860467.392534,214.18870111,182.59901026,140.32048780
60,1781860467.453617,212.73621142,180.41282877,139.00652466
60,1781860467.535963,206.46658809,174.34028801,134.11526135
60,1781860467.597429,199.85917031,168.10887437,128.71975339
60,1781860467.662192,190.68027976,156.33070916,117.77722261
60,1781860467.727419,185.73420199,148.76242971,106.90482419
60,1781860467.804801,182.31243691,148.75694281,102.56700188
60,1781860467.849807,182.46252981,145.10855137,105.86771238
60,1781860467.935032,181.08511275,144.40516690,106.11405960
60,1781860467.997175,184.48126261,153.05385585,112.74803277
60,1781860468.068212,187.60784132,159.56900331,120.71839975
60,1781860468.129295,188.76552572,162.80507154,124.93956846
60,1781860468.189440,185.96354045,160.57842250,124.02698929
60,1781860468.256502,190.73498469,166.72123438,131.30928029
60,1781860468.335090,191.08205394,167.78102224,130.23044031
60,1781860468.398785,191.92544868,169.51870474,133.19140950
60,1781860468.463110,196.55329696,171.69918564,133.23177577
60,1781860468.526495,196.08928541,169.68666962,128.95329192
60,1781860468.592213,195.62987396,167.81198785,126.69610396
60,1781860468.655812,199.26421315,169.99645939,131.68647196
60,1781860468.736579,195.04131797,167.47697780,129.29597600
60,1781860468.798872,199.47706531,172.83808632,134.35183985
60,1781860468.861583,202.64582018,172.24651827,135.54022692
60,1781860468.926583,200.90569469,172.56741140,132.23097580
60,1781860468.990118,201.93862453,169.75293561,133.25922901
60,1781860469.057178,201.50994763,173.75595954,130.18521463
60,1781860469.131737,209.71050923,182.41004456,145.72600010
60,1781860469.198481,199.21217698,175.63167127,136.66864121
60,1781860469.276478,175.63986969,148.62265883,113.94881478
60,1781860469.337585,148.97067351,117.51525369,89.48089550
60,1781860469.390838,134.57094510,104.16717216,76.54494746
60,1781860469.454036,147.74996562,118.26801471,94.26019324
60,1781860469.535512,163.83517809,135.61939572,109.52143008
60,1781860469.599138,169.02545227,139.01547657,112.95972735
60,1781860469.663185,166.64334216,138.57666553,107.90834472
60,1781860469.727427,162.92106543,133.72343649,106.71063955
60,1781860469.799562,158.62738012,130.65868983,103.03707099
60,1781860469.854842,165.13048378,133.64839223,103.62077667
60,1781860469.934197,164.62582649,132.50763152,104.66208859
60,1781860470.000250,171.94472595,136.61623156,105.54736785
60,1781860470.060487,175.29319531,139.22946640,105.96430838
60,1781860470.128733,180.87086411,142.48119815,105.76582402
60,1781860470.190415,184.77224596,144.56941707,105.08940083
60,1781860470.258781,182.97174918,142.96640722,102.26974752
60,1781860470.336722,178.40324086,139.86830203,98.60253666
60,1781860470.401895,171.01527341,134.73174279,101.07298400
60,1781860470.463546,163.79450309,133.89422750,107.98886900
60,1781860470.530057,151.86120617,127.79578997,103.48032161
60,1781860470.591911,149.66902648,126.08805935,104.26049906
60,1781860470.654363,159.77368080,133.16518897,102.65300837
60,1781860470.735394,168.76902472,138.15136803,103.58921955
60,1781860470.809552,165.76379640,135.50488644,97.29570567
60,1781860470.859776,174.58480924,141.30437355,103.68510630
60,1781860470.927207,183.27821339,149.12617257,110.47107650
60,1781860470.990436,193.99345802,161.57382810,118.22813549
60,1781860471.057798,198.77698050,167.76698523,129.47728194
60,1781860471.137012,197.45537365,168.48147695,126.69888619
60,1781860471.197514,193.01202971,162.75741690,127.20217864
60,1781860471.265178,183.11658651,154.94973581,121.04543214
60,1781860471.322897,173.44907927,149.54033681,118.74581349
60,1781860471.389395,173.29220024,151.46650844,122.67126966
60,1781860471.454179,176.42015429,155.78921542,127.18709878
60,1781860471.537963,173.31657851,152.13687092,124.12034453
60,1781860471.598408,164.03872422,147.05603256,115.64771074
60,1781860471.662409,158.01158218,143.23674007,115.00502678
60,1781860471.727491,154.49906185,141.04531758,111.19871951
60,1781860471.797069,156.95362498,138.34111150,115.82463342
60,1781860471.854948,159.29986406,140.03422353,117.52232232
60,1781860471.936328,157.98976869,138.63560187,118.01179467
60,1781860471.998795,154.88740379,134.47764111,113.40134613
60,1781860472.063779,157.95964815,137.58503810,115.24087228
60,1781860472.126292,156.89793375,136.08731750,111.99528771
60,1781860472.190959,159.59840039,138.32412412,114.66356544
60,1781860472.257893,172.22952402,151.59565422,125.59740472
60,1781860472.331789,183.90265747,160.31852578,129.54835487
60,1781860472.398264,185.27892818,159.70280691,125.73967636
60,1781860472.460865,188.01007246,163.72089984,125.87167153
60,1781860472.528924,195.64079776,169.08741855,132.78802837
60,1781860472.591131,203.30373712,175.68303831,138.62042988
60,1781860472.649589,204.60259600,175.63644444,136.91467543
60,1781860472.733175,204.32963393,173.38670359,134.23123782
60,1781860472.800978,205.67553405,174.16329883,134.26013501
60,1781860472.863301,205.90218525,173.90905922,132.96209150
60,1781860472.926535,203.51352899,171.00607183,130.32435609
60,1781860472.992089,202.29637964,168.30191697,127.95190833
60,1781860473.057338,198.64405799,164.53676587,123.96805353
60,1781860473.135560,194.03186439,158.61389583,117.65395850
60,1781860473.199560,190.15394108,153.75261683,114.38301517
60,1781860473.263093,186.96602558,151.20806115,111.68044778
60,1781860473.324064,184.60997093,148.46762898,104.76342935
60,1781860473.392126,179.19384180,142.94832555,104.35995487
60,1781860473.456362,179.27015213,141.12212061,102.32091709
60,1781860473.518542,173.28502981,135.08731569,96.99994462
60,1781860473.600147,168.46925441,130.63588333,92.87135917
60,1781860473.662351,165.09822456,127.76839336,90.09886698
60,1781860473.726445,160.45148980,124.12249321,90.26190050
60,1781860473.795191,154.30041804,119.73818898,90.09264640
60,1781860473.854174,150.79319092,121.25135596,91.07773139
60,1781860473.919342,147.13488639,116.99800015,93.36852216
60,1781860473.998574,141.07221716,113.66652461,88.10107309
60,1781860474.063439,144.91103748,119.89554071,96.05572626
60,1781860474.126732,152.35325909,131.97086800,110.46390095
60,1781860474.187594,163.18588801,148.11345096,123.72344091
60,1781860474.263139,170.45909932,135.64925507,100.55071514
60,1781860474.315918,142.67539812,122.14510610,103.80716904
60,1781860474.392986,137.86956467,122.89575551,107.92270667
60,1781860474.463592,146.60445255,130.80340489,113.71044259
60,1781860474.528750,144.33262666,130.41792430,107.64696570
60,1781860474.590656,162.28986025,139.71690295,113.91553157
60,1781860474.657156,159.06279855,143.73128408,125.26690033
61,1781860432.737869,207.85917074,182.70936662,141.66679410
61,1781860433.663435,217.31670394,191.33020584,143.93265793
62,1781860475.391846,142.21446037,138.62602257,131.41107749
63,1781860475.490332,165.36983016,128.41716932,88.97084621
63,1781860475.566335,188.48010185,152.84818579,112.39852805
63,1781860475.631546,193.21486642,159.00012422,115.02006015
63,1781860475.698572,184.70867883,152.08330578,111.15089167
63,1781860475.760825,165.95798926,134.26498459,93.38457168
63,1781860475.789932,100.55479951,71.02693500,41.85671839
63,1781860475.856248,163.78178979,133.06764074,99.18854031
63,1781860475.918341,161.26945453,127.61575082,92.61103279
63,1781860475.999216,154.99712495,120.49000351,88.31235037
63,1781860476.064039,153.19148487,117.97006360,83.95601778
63,1781860476.127240,149.26310124,113.08639844,79.62896021
63,1781860476.194277,159.44455883,122.13795842,78.18422564
63,1781860477.198074,171.83627219,136.83519670,97.36858081
63,1781860477.258134,183.32175374,147.74341104,109.83863844
63,1781860477.329304,194.93773360,161.53646664,122.81436112
63,1781860477.392236,195.91412319,160.26036917,121.06636111
63,1781860477.452327,196.12680997,158.93277748,115.22647815
63,1781860477.512146,189.59050653,150.65276952,109.21939736
63,1781860477.593604,188.76408668,148.18284321,104.80692160
63,1781860477.657683,191.00257504,152.98379556,112.26632551
63,1781860477.726243,201.46278051,173.13076699,139.29342479
63,1781860477.790949,177.95912950,152.27291376,122.89080157
63,1781860477.855794,130.41990148,104.26446425,82.99841977
63,1781860477.920110,103.71813368,79.11826846,65.74123769
63,1781860477.997445,108.71880002,85.07603479,69.37791346
63,1781860478.061305,112.99375702,89.98723550,72.32991850
63,1781860478.123696,113.29036005,89.19022306,70.46325680
63,1781860478.191985,108.86863917,85.18978154,63.50861616
63,1781860478.251931,110.98929976,85.72379501,62.25468027
63,1781860478.316368,110.34991544,84.45411664,58.41184935
63,1781860478.398256,114.35447551,87.22650920,62.92080994
63,1781860478.462543,117.29693398,88.01099513,63.04963593
63,1781860478.524420,116.37830513,85.44438919,60.42597793
63,1781860478.589913,117.54480406,86.64713716,59.43136545
63,1781860478.658711,116.59511724,86.37193369,58.33595665
63,1781860478.716714,117.67054739,87.49524680,59.14348997
63,1781860478.798296,123.07074348,92.69987814,65.14766917
63,1781860478.862773,133.41919977,102.49817378,75.52066068
63,1781860478.927162,146.64650904,114.01840447,84.70846172
63,1781860478.986368,157.56083099,123.62366044,92.95348521
63,1781860479.055315,168.35301712,131.78705322,102.19924007
63,1781860479.118944,171.82602855,136.05051188,102.03773790
63,1781860479.197250,169.40687277,135.76602593,101.13453883
63,1781860479.264688,168.92094700,134.34047392,103.65410404
63,1781860479.328426,161.05001612,129.67193927,98.58576182
63,1781860479.391113,158.67152291,126.98048964,100.13806578
63,1781860479.448472,155.56339303,126.05455768,92.90134619
63,1781860479.519452,155.67264103,123.65315674,97.01580076
63,1781860479.596995,154.24904617,122.08805419,96.00206462
63,1781860479.661099,148.84252951,120.44531944,91.81847756
63,1781860479.721282,154.25616753,122.33395487,97.65449098
63,1781860479.953612,139.44305278,111.07696989,84.01894397
63,1781860479.983711,140.97551433,110.42119947,88.62082660
63,1781860480.030968,143.97598245,113.54216163,88.86831253
63,1781860480.095030,142.03537169,114.70660791,86.74895417
63,1781860480.158269,143.84840532,116.75509471,89.11911337
63,1781860480.220276,146.70270699,119.34860826,90.75250316
63,1781860480.290353,148.50617703,121.10072042,92.76373443
63,1781860480.370000,149.52711670,123.37965442,95.04890533
63,1781860480.425717,150.33949678,125.39807971,97.51880032
63,1781860480.496324,153.64379654,129.76832958,100.95085146
63,1781860480.557606,154.18531732,129.76679959,104.00986323
63,1781860480.618123,156.20287598,129.38501803,109.45926739
63,1781860480.687332,156.26246682,129.75882428,106.38281490
63,1781860480.764255,156.76475864,130.92009672,106.05343074
63,1781860480.828096,154.80023904,128.39094366,103.29762436
63,1781860480.904052,152.20728555,125.32136144,99.69408975
63,1781860482.493050,179.75408520,174.93931610,175.33742875
63,1781860482.560233,164.65686162,162.33204676,165.21681024
63,1781860482.622950,158.14702615,158.09322941,161.43653187
63,1781860482.686846,158.16565555,160.03272867,156.67677428
63,1781860482.768553,156.19971334,155.81460340,149.76274515
63,1781860482.830555,152.52807229,147.33859908,145.32945753
63,1781860482.896972,149.20731449,143.03120381,139.39279556
63,1781860482.959635,146.14024336,139.22115613,133.28734953
63,1781860483.023439,141.62078728,132.56275340,127.66338322
63,1781860483.089494,139.54527392,128.73839835,123.04820304
63,1781860483.167780,140.63181853,127.82467647,120.50429750
63,1781860483.227948,144.51274449,129.47631403,119.66953816
63,1781860483.293494,149.49121372,133.09112855,120.51809027
63,1781860483.360561,147.71077441,132.42579697,113.52685928
63,1781860483.437258,152.79621711,134.23921420,112.40886948
63,1781860483.485538,163.71920558,141.38781837,118.66172409
63,1781860483.568163,179.64934834,158.75172623,132.62636491
63,1781860483.630406,211.43262370,189.55204368,154.12347610
63,1781860483.698625,198.98449138,170.80437636,133.86875506
63,1781860483.759982,144.94994270,116.68874075,88.16672514
63,1781860483.829330,123.26531165,102.43834970,82.87361936
63,1781860483.903254,118.55227301,97.65050096,80.78927798
63,1781860483.966459,118.68534939,97.93740374,82.28478434
63,1781860484.030603,120.66318116,98.94621234,83.99501439
63,1781860484.366744,135.64893140,123.45554237,114.46347147
63,1781860485.426586,144.93350754,118.72607221,98.20975584
63,1781860485.490501,172.00892206,149.26130453,122.16165787
63,1781860485.567768,207.09134583,186.39834355,151.96366762
63,1781860485.630010,214.44652610,189.90793856,157.57722684
63,1781860485.698020,211.29686662,186.42557803,152.85992115
63,1781860485.760399,210.18307111,185.99559854,153.32634270
63,1781860485.842620,214.35138334,189.78870549,156.43216923
63,1781860485.899015,215.26182289,191.28289149,157.22919394
63,1781860485.966170,211.72354523,190.17312489,153.52412804
63,1781860486.033146,211.01731336,190.15443969,154.44234617
63,1781860486.089473,211.05630453,190.05187340,154.86141381
63,1781860486.158746,210.95726078,190.36929877,154.11383051
63,1781860486.239029,210.40353382,189.82435121,153.17704838
63,1781860486.285674,208.82928329,188.17833261,153.69019884
63,1781860486.375183,202.13057848,181.13456595,147.32981428
63,1781860486.427758,186.84981192,164.90631251,132.34166381
63,1781860486.492818,170.51972398,146.67758186,116.73018097
63,1781860486.558828,164.00534567,134.30236020,108.04529116
63,1781860486.642605,158.06621222,128.04456852,103.52124838
63,1781860486.687782,156.88575652,126.06279248,102.02175722
63,1781860486.769346,165.32240393,134.38554822,108.67085964
63,1781860486.830697,173.21004449,145.97638543,114.23146971
63,1781860486.895741,187.79215287,162.59055276,128.74097909
63,1781860486.958929,198.99088798,176.61913913,144.08640154
63,1781860487.035550,204.19040986,182.57042854,151.46154746
63,1781860487.085549,207.69468196,186.24059116,154.02032897
63,1781860487.167820,207.18735144,186.26395812,156.43491305
63,1781860487.225678,208.10758580,187.27220291,156.45585508
63,1781860487.294234,204.70306864,183.80911332,153.96976789
63,1781860487.363317,202.12889357,181.14245442,150.38080135
63,1781860487.433669,169.28948193,143.42604905,114.27984557
63,1781860487.484353,132.94793015,111.03308106,91.95781390
63,1781860487.568039,129.22331285,111.18777541,92.08340942
63,1781860487.626240,125.61477886,108.61547740,91.51482518
63,1781860487.693598,139.27364566,123.78377112,111.58625128
64,1781860492.493072,161.01797342,131.83058044,102.94504251
64,1781860492.558317,190.11570649,157.69056778,115.46429038
64,1781860492.636809,201.16728103,170.68539529,131.71652932
64,1781860492.683952,204.19896705,174.64497018,134.31413862
64,1781860492.751094,206.55304906,176.47448596,136.23859636
64,1781860492.830046,210.23676358,180.18834677,139.33092976
64,1781860492.895699,212.34970569,183.65985142,144.03047591
64,1781860492.957780,211.80050047,183.82858785,144.61682243
64,1781860493.028050,207.77842451,180.07568304,143.97116677
64,1781860493.085116,209.13930040,181.88210545,146.24275853
64,1781860493.149421,211.01033453,187.75056522,152.56010493
64,1781860493.225391,211.91718595,188.36923308,154.08458971
64,1781860493.295199,211.42559543,187.67124315,154.13935547
64,1781860493.353168,209.83542307,187.23549787,157.68482838
64,1781860493.429832,208.41881002,188.47455277,159.19557169
64,1781860493.483266,200.72048045,183.57281145,153.54783087
64,1781860493.547793,196.67117505,180.47397576,151.24166618
64,1781860493.631093,193.83900629,177.28901776,149.64614026
64,1781860493.695025,194.35986142,177.97340943,150.20374251
64,1781860493.759753,197.75232821,178.44577515,153.17288617
64,1781860493.829037,198.43594802,176.92941946,150.44487047
64,1781860493.882929,199.18491798,176.98764110,149.42400133
64,1781860493.949350,206.46301282,184.47189510,157.11011817
64,1781860494.031980,207.73233113,188.24768145,154.08782713
64,1781860494.093553,206.88753836,186.74704834,151.46817941
64,1781860494.156541,202.70212000,179.54177078,143.75590657
64,1781860494.233108,198.26881969,174.49098855,140.90342986
64,1781860494.287196,197.85195403,175.04726542,137.19211830
64,1781860494.352475,203.05961421,180.75231485,142.55780647
64,1781860494.430259,202.28898109,181.88999500,145.70104884
64,1781860494.494144,201.31950335,179.80964065,149.99027632
64,1781860494.558539,188.55867610,170.62005563,144.99140495
64,1781860494.628434,165.64605831,154.32472089,132.43821279
64,1781860494.682675,165.29685423,154.98801129,135.45195954
64,1781860494.748047,168.86595865,161.60626629,144.04293709
64,1781860494.835268,166.87554924,163.13814358,148.64338114
65,1781860497.949789,136.27272823,103.82446395,80.02758994
65,1781860498.029026,138.66695928,110.64183200,84.11417101
65,1781860498.095277,182.29575883,150.86711444,113.75414286
65,1781860498.159995,196.71579192,166.67603918,126.81079294
65,1781860498.235787,199.44665884,171.40519897,132.31728258
65,1781860498.285293,196.54328333,169.61596894,132.10998207
65,1781860498.350849,199.32763068,172.88016672,134.71040047
65,1781860498.431475,200.80105755,175.14586344,136.55914393
65,1781860498.491194,201.70426216,175.65273508,137.46159528
65,1781860498.554085,202.75448743,177.01533870,138.97086896
65,1781860498.642569,201.58640850,175.38042540,137.46796654
65,1781860498.684277,201.41195728,175.14817635,137.57256069
65,1781860498.750484,199.01651280,172.55715020,134.71394057
65,1781860498.828497,198.58003579,171.52476987,133.33891886
65,1781860498.893773,198.02405853,170.08170247,132.33264601
65,1781860498.957043,196.17997298,168.36916645,130.40860412
65,1781860499.025597,197.38327452,171.54938315,133.13924701
65,1781860499.081561,198.26606381,172.97504344,135.37046322
65,1781860499.147793,175.15354429,152.25562909,114.53916102
65,1781860499.225532,150.96206970,122.05017578,91.26213812
65,1781860499.294732,126.92602384,100.21775962,74.19014389
66,1781860504.687859,97.30883156,75.25677320,51.22265688
66,1781860504.745126,100.57141655,79.63238904,52.74633143
66,1781860504.825755,98.52026882,77.68707885,51.18935484
66,1781860504.896832,96.38885719,75.19960901,49.36202672
66,1781860504.961340,97.44453906,76.23706804,49.95010581
66,1781860505.035431,99.82232286,78.49459568,50.95384559
66,1781860505.086434,100.73993002,76.78793825,53.01332735
66,1781860505.153902,101.60281270,76.96298040,53.83471715
66,1781860505.229591,97.28903772,75.26664555,48.67951109
66,1781860505.295554,98.02774074,77.02342400,51.38154317
66,1781860505.359719,102.64667862,78.71177159,52.83984427
66,1781860505.454788,97.17536995,75.04940271,46.05164513
66,1781860505.482342,97.94977142,73.38524150,48.42999404
66,1781860505.546499,98.56887331,73.68903566,46.59478190
66,1781860505.630125,95.59129875,71.55883777,46.40013854
66,1781860505.694407,97.51914509,72.06769623,43.21262661
66,1781860505.761068,99.23622410,73.18762971,45.98685153
66,1781860505.856403,97.06380748,73.62611141,48.88091273
66,1781860505.881657,97.18485135,72.08249488,49.27230994
66,1781860505.950447,99.16735211,75.28638786,50.51515098
66,1781860506.029248,96.22783339,73.68370214,46.96716546
66,1781860506.096441,95.45766231,72.61888803,44.36367774
66,1781860506.158006,97.87235270,73.73191958,43.78640396
66,1781860506.253631,95.94603558,70.74629618,42.88879670
66,1781860506.284073,95.20593676,69.54218251,44.13953650
66,1781860506.351451,93.75110594,70.63778036,41.62697667
66,1781860506.431047,98.96268095,72.76900939,44.56796851
66,1781860506.495559,95.87761655,72.18007984,41.54826664
66,1781860506.558857,97.37178755,73.11870967,42.43059546
66,1781860506.653773,96.33373021,72.32821037,42.14467301
66,1781860506.690217,96.10839382,69.19515033,44.44901416
66,1781860506.751810,97.37378033,74.26429231,43.92196997
66,1781860506.830335,100.74367952,75.47464986,47.06087409
66,1781860506.894942,98.01584890,71.05268017,48.18935317
66,1781860506.958361,97.92584020,73.61204314,47.12611582
66,1781860507.056527,99.28405710,75.01742013,48.33656210
66,1781860507.085781,100.44088740,75.53236400,47.22645726
66,1781860507.152355,102.76636350,76.57378002,52.66939232
66,1781860507.231523,103.98611531,79.29544530,55.24925575
66,1781860507.294999,102.63847810,77.34680776,52.27291526
66,1781860507.357264,99.51047384,77.45229798,51.75639948
66,1781860507.453615,99.28834264,76.77878695,49.05175534
66,1781860507.482202,106.32764603,81.68960913,54.78828868
66,1781860507.549702,104.67710344,79.73157554,52.51864002
66,1781860507.627051,104.02595757,82.03286577,52.27906533
66,1781860507.689367,105.16894690,82.60815403,51.91046736
66,1781860507.753428,109.89174451,83.22037830,54.44276566
66,1781860507.855688,103.38624823,80.03197049,50.11831339
66,1781860508.063957,100.52113473,74.56242493,46.61208627
66,1781860508.097957,100.80633631,75.26471912,45.92369129
66,1781860508.126982,101.93467209,76.22921030,50.14597150
66,1781860508.223874,98.03800715,73.51507510,43.94547800
66,1781860508.266875,101.64351980,77.87357147,45.46575310
66,1781860508.321886,105.87151800,80.52148468,49.02557139
66,1781860508.398081,104.26881131,79.48885790,48.18086638
66,1781860508.467374,104.76798898,80.91808807,50.35052335
66,1781860508.522100,103.06235751,79.64888411,52.19092323
66,1781860508.623548,106.46323731,83.51028807,54.45288066
66,1781860508.672041,103.32169322,77.62899150,48.49233461
66,1781860508.719086,102.71239206,77.70785076,47.64453989
66,1781860508.800537,103.96433177,80.75768833,50.95642516
66,1781860508.858000,100.47979738,76.89037351,43.56093710
66,1781860508.927226,102.69030044,79.75382025,47.08644134
66,1781860509.021257,102.86566151,78.83971306,46.91421513
66,1781860509.058674,103.06260926,79.19589838,45.70856515
66,1781860509.116567,103.94236537,79.37176336,45.04798335
66,1781860509.201073,104.52487324,79.81269130,45.68801318
66,1781860509.259271,108.89470875,80.37811950,49.38203827
66,1781860509.325977,109.52015820,83.41500130,50.15776095
66,1781860509.423915,113.09509160,86.30238638,50.70332939
66,1781860509.462338,114.84772915,88.25174952,52.62767657
66,1781860509.526570,116.77492091,91.23109393,53.94684529
66,1781860509.599952,121.66906380,93.82524187,54.35579889
66,1781860509.662392,127.70540799,96.93994708,61.41664547
66,1781860509.726566,127.54758017,99.80325974,59.64999876
66,1781860509.823384,135.51242500,105.34589124,61.97239880
66,1781860509.864386,137.05720719,107.42135365,64.04966786
66,1781860509.913909,137.30639584,106.48941243,63.58209142
66,1781860509.993690,145.33688993,111.77187116,69.50552740
66,1781860510.062994,147.83717609,115.72359599,70.00447514
66,1781860510.126183,162.21518677,126.67330339,78.77279950
66,1781860510.225485,173.64144124,145.26379100,98.93665920
66,1781860510.270268,173.48908599,142.96167027,93.66502240
66,1781860510.318721,174.13420275,144.58125953,96.21679174
66,1781860510.401690,189.60686273,164.35894964,118.84167970
66,1781860510.466372,184.22356119,155.48270202,108.43881842
66,1781860510.528283,189.28920355,162.35943870,117.63841817
66,1781860510.623442,179.30936184,150.81600259,108.18134899
66,1781860510.667788,174.03561752,144.44991714,103.05773304
66,1781860510.719779,170.88554663,141.59601990,103.74631968
66,1781860510.800277,172.02526963,142.77508375,108.06849263
66,1781860510.857647,171.24982216,141.90388208,105.73974761
66,1781860510.925735,168.15926527,138.30532131,99.65029623
66,1781860511.022943,124.11706207,97.42241038,65.20594186
66,1781860511.061945,121.96056963,94.43833399,65.59160189
66,1781860511.122951,120.25386129,93.66064611,68.08179036
66,1781860511.200937,119.97249485,94.48717007,66.71580652
66,1781860511.260115,122.10719072,97.02504815,69.62964400
66,1781860511.330379,121.50782800,96.22771963,68.55704091
66,1781860511.423988,128.08935117,101.69807938,69.88840941
66,1781860511.479395,139.99548969,112.46930126,77.85383734
66,1781860511.532419,154.67402141,125.65671427,90.06454646
66,1781860511.598815,164.73596646,135.66864177,101.42949658
66,1781860511.666265,171.96545957,144.77155902,110.81944297
66,1781860511.724380,176.83520421,149.08485743,113.36878540
66,1781860511.823970,188.37107907,156.37131898,110.35841610
66,1781860511.855809,188.37400621,160.59535062,115.87755134
66,1781860511.918019,181.67534674,162.80522830,124.60194390
66,1781860511.995915,169.30549247,152.13868694,117.17923041
66,1781860512.062918,165.13546349,149.54313719,116.42164111
66,1781860512.126472,163.23307540,149.40000755,119.52147385
66,1781860512.223093,160.00011228,147.02781734,116.67086668
66,1781860512.261101,160.24048382,145.17417892,114.59950730
66,1781860512.320398,162.06084204,145.78041575,112.23929021
66,1781860512.398177,164.81000696,148.02019808,112.43170618
66,1781860512.466707,176.63069196,158.02211947,120.32390306
66,1781860512.523285,184.82065204,165.34726006,125.91840974
66,1781860512.623342,197.84152144,173.37513656,132.80408966
66,1781860512.675118,200.58202222,173.07387320,132.79115425
66,1781860512.718090,191.99655383,161.69234455,122.05755990
66,1781860512.800828,179.77104366,150.88837975,106.21372812
66,1781860512.862282,177.55109474,147.48274907,103.48488030
66,1781860512.928074,179.52455043,146.84452591,105.62721755
66,1781860513.021322,181.73240498,149.81737938,109.60969697
66,1781860513.061518,181.21214111,149.44114812,108.39629905
66,1781860513.119822,177.10678844,147.20493248,103.17227339
66,1781860513.178609,181.64292164,150.31385063,109.92156413
66,1781860513.259892,181.52929155,149.49511449,109.63898429
66,1781860513.327674,179.34787618,147.14523093,105.84287896
66,1781860513.420003,177.42649612,147.53185206,103.13935879
66,1781860513.467344,175.81719702,145.76942987,100.62485218
66,1781860513.529348,177.27815756,144.94444032,103.50702070
66,1781860513.584151,174.35399915,143.76727745,97.89187934
66,1781860513.660627,179.82351854,148.48278551,102.75144962
67,1781860513.730932,190.64767277,168.64580745,128.20812499
67,1781860513.823424,176.53167528,146.70014384,107.74341968
67,1781860513.864288,177.19054905,147.80287377,107.67074841
67,1781860513.916427,169.72918038,138.34692875,100.04823202
68,1781860514.222096,162.59231417,157.47734495,137.13540481
68,1781860514.258488,126.63919157,109.03018692,88.76748401
68,1781860514.319944,126.47734130,103.45410322,81.08066751
68,1781860514.384677,125.12491473,111.19108576,86.45233926
68,1781860514.465971,132.58980124,126.59139944,107.66256536
68,1781860514.530914,131.28860610,126.12095043,110.36240361
68,1781860514.626494,127.26199582,116.21866923,98.38412584
68,1781860514.661749,127.05196940,113.35889965,93.52379117
68,1781860514.720252,142.12185935,128.40049139,109.65813714
68,1781860514.787253,157.31638171,153.17128382,140.11388568
68,1781860514.863332,157.14377287,157.84882170,140.66640966
68,1781860514.937345,147.90739235,149.26187910,123.77046026
68,1781860515.023434,131.82710608,134.79756344,111.95815321
68,1781860515.058950,130.66703328,133.15722061,109.54195269
68,1781860515.115403,131.40339294,133.49499530,111.27216620
68,1781860515.183866,131.00367760,132.78148169,109.78207890
68,1781860515.262376,124.64224997,125.94441652,105.53333948
68,1781860515.331696,102.14713663,95.69072207,78.04183992
68,1781860515.427025,105.41856389,89.56106993,69.03094855
68,1781860515.460813,114.37453627,96.63504473,70.70459053
68,1781860515.520973,125.69724184,106.16522209,75.11345234
68,1781860515.583416,133.04911702,113.07310727,78.82533576
68,1781860515.666399,140.25230461,121.54974733,90.25747168
68,1781860515.731154,115.14168882,120.20770208,107.60233129
69,1781860514.258488,107.71447598,84.79225885,74.26067302
69,1781860514.319944,102.17065477,82.92020001,78.83735898
69,1781860514.384677,96.15983503,81.32679223,77.65963984
69,1781860514.465971,98.10509831,85.76686792,85.01238260
69,1781860514.530914,106.80888328,95.91486269,94.12468474
69,1781860514.626494,120.41928887,107.65474221,102.67397840
69,1781860514.661749,126.02607477,112.20563073,105.53347671
69,1781860514.720252,138.88948558,123.89157079,113.13346206
69,1781860514.787253,149.23888296,129.90389220,122.72371815
69,1781860514.863332,143.07079704,125.66966670,115.28177660
69,1781860514.937345,142.60021643,121.31269674,103.46655273
69,1781860515.023434,131.42074766,110.77283817,91.48113935
69,1781860515.058950,130.65132526,110.25680388,92.30070127
69,1781860515.115403,131.13710242,109.48425169,91.11622297
69,1781860515.183866,130.39438406,109.28751720,90.75148099
69,1781860515.262376,131.55354458,110.00409836,90.98759381
69,1781860515.331696,131.50460076,110.81326484,89.76947362
69,1781860515.427025,134.80241802,111.71847079,94.45189907
69,1781860515.460813,134.37679802,111.17967641,92.53533487
69,1781860515.520973,132.77776570,109.23478656,90.09993345
69,1781860515.583416,128.50803849,105.17128896,86.25006522
69,1781860515.666399,132.23914026,109.18834849,90.04390028
69,1781860515.731154,156.82892815,137.56473348,119.66897878
69,1781860515.825835,212.46158423,207.59864449,197.76278591
69,1781860515.859913,212.18763124,208.27298241,198.75687295
69,1781860515.922245,219.00671360,212.51922415,203.61597849
69,1781860515.981715,218.92290268,212.75217970,204.31986637
69,1781860516.065967,219.46987926,210.89067940,203.53587814
69,1781860516.129766,216.90246440,208.70934105,198.55676026
69,1781860516.226856,215.17875447,204.83352006,191.73339407
69,1781860516.261144,212.15883916,200.54532481,187.33238523
69,1781860516.321401,208.91959706,197.18450420,186.79463262
69,1781860516.385474,205.06442960,192.15430475,182.71448313
69,1781860516.464190,203.34275240,192.50121744,187.72688407
69,1781860516.529437,202.99266551,194.70835782,190.69489959
69,1781860516.623408,198.01424489,190.83292606,185.21631564
69,1781860516.668395,190.73577215,184.66421542,180.39883048
69,1781860516.720119,177.18139067,169.93100791,167.53267369
69,1781860516.780017,157.85891125,150.40046942,148.51428602
69,1781860516.864165,152.86061017,140.97621711,138.18366437
69,1781860516.928368,141.32019029,132.61250945,124.49539174
69,1781860517.025812,139.39430050,129.22443099,120.68292957
69,1781860517.067078,136.97952496,124.82706763,116.05987953
69,1781860517.121768,132.67051895,117.53107860,113.09190853
69,1781860517.183549,118.59575286,102.52686696,96.95721319
69,1781860517.265413,123.98482041,105.88204014,97.23526079
69,1781860517.329418,140.73035889,123.58102322,112.05057199
69,1781860517.427039,150.56694224,135.45273767,122.24381221
69,1781860517.481237,143.05305256,129.59679977,116.75627908
69,1781860517.678086,139.03954212,126.29505495,120.46562271
69,1781860517.710222,121.76064292,108.69394935,103.36514722
69,1781860517.759897,113.81507636,101.13569287,96.54284433
69,1781860517.853044,105.84354878,96.70687562,91.97568541
69,1781860517.884331,122.28776144,109.02344776,105.29813162
69,1781860517.954652,128.62175891,110.90307355,110.19838256
69,1781860518.030896,135.13296341,114.31500696,106.50424919
69,1781860518.095295,131.99173421,114.88403959,111.53070152
69,1781860518.158800,135.06134994,118.14694979,108.30191055
69,1781860518.257880,137.12105425,120.25773291,109.34864744
69,1781860518.283240,139.28070796,122.09751496,115.85661623
69,1781860518.347386,143.10651783,125.13271612,119.01814891
69,1781860518.436104,154.11712113,137.60555739,122.66795886
69,1781860518.494212,154.09712430,136.94731886,123.89247100
69,1781860518.571598,153.64735885,136.62552550,124.71685906
69,1781860518.653040,156.68480403,139.03356373,125.45145491
69,1781860518.682569,162.14577046,140.70045710,131.25277686
69,1781860518.751679,167.03572003,145.69392513,130.74913568
69,1781860518.832843,163.73063551,143.72001876,130.04468650
69,1781860518.895715,160.23774223,140.48984263,128.19092946
69,1781860518.961888,159.52307491,140.15640769,129.13726108
69,1781860519.053145,156.46250263,137.49657175,128.12672683
69,1781860519.306156,156.51407200,134.11912547,126.08650653
69,1781860519.359932,155.78639250,134.84806594,124.20463616
69,1781860519.458353,174.00873701,150.54406565,137.22375477
69,1781860519.483361,169.40624676,149.23216764,131.69260550
69,1781860519.553376,169.25217954,148.64483684,136.45140165
69,1781860519.633320,161.57279848,141.57096698,127.76997361
69,1781860519.696954,164.65520454,140.70890313,130.36613768
69,1781860519.768020,174.51673132,150.00198165,137.06221198
69,1781860519.854383,168.80184262,146.57438784,130.21477269
69,1781860519.884271,168.77648053,146.11993267,130.22175246
69,1781860519.952418,171.14069934,148.00673866,130.79326449
69,1781860520.029760,172.01308211,148.75174791,131.45766162
69,1781860520.091254,176.53233445,152.84476734,135.65655501
69,1781860520.161544,160.89580992,141.39395123,130.87424827
69,1781860520.256988,142.24581859,122.72199054,112.01198331
69,1781860520.328760,137.49564551,121.06988370,117.43488550
69,1781860520.360616,144.45110257,124.12661993,122.26003619
69,1781860520.433613,141.60343823,124.88119715,117.68081151
69,1781860520.498038,140.40953143,123.71174446,117.70805659
69,1781860520.559828,142.04827376,124.83891244,124.15567482
69,1781860520.660963,146.44074579,129.80708724,121.69439471
69,1781860520.688191,147.61075256,131.09345236,122.09968375
69,1781860520.766382,150.39162985,132.34552029,123.56767438
69,1781860520.840384,148.79825593,132.05712994,121.05927658
69,1781860520.896095,155.79023716,139.23319329,127.85886339
69,1781860520.959419,164.07128957,147.25444953,136.81963661
69,1781860521.057580,169.93026609,154.01241226,143.37337920
69,1781860521.086578,169.83328144,153.94361653,137.18172870
69,1781860521.156112,170.75224384,155.37909340,139.27081596
69,1781860521.236289,169.84683192,155.68024880,138.43926256
69,1781860521.322445,170.93776422,156.84068403,140.14079339
69,1781860521.356699,173.05670544,159.49334332,145.75151224
69,1781860521.457679,170.04105114,159.94328655,142.62747284
69,1781860521.486051,169.24085943,159.30712073,142.16997345
69,1781860521.554122,169.38406582,159.15051731,141.35435174
69,1781860521.630988,163.11382560,152.35725004,136.75756957
69,1781860521.697952,160.72913105,145.17449828,134.08519316
69,1781860521.769938,161.85334748,146.65421016,134.61094450
69,1781860521.853508,158.76897814,145.38890682,127.85677595
69,1781860521.883916,146.64360883,135.27812874,120.26315991
69,1781860521.956026,152.77392760,135.85928281,128.61838877
69,1781860522.036038,157.28597250,139.10119498,132.34536120
69,1781860522.097034,149.13740806,133.11429863,127.54477453
69,1781860522.161651,152.56618044,137.27346393,128.85474665
69,1781860522.259216,157.77705131,143.25582438,132.43873050
69,1781860522.312915,158.94670773,144.86670262,132.75315124
69,1781860522.347939,160.02420267,145.59608832,133.57229965
69,1781860522.434557,156.02772591,141.66601248,130.33865145
69,1781860522.495867,138.20993348,129.70746978,118.71869389
69,1781860522.563298,128.24447520,117.62181949,114.26098305
69,1781860522.656438,119.18504812,109.92548212,105.43404757
69,1781860522.688968,123.71754765,111.08990512,109.03893677
69,1781860522.765200,124.18239873,111.38746093,110.71183428
69,1781860522.831474,119.40243140,110.48719939,104.46730158
69,1781860522.895852,121.54215113,112.12782938,105.89996560
69,1781860522.960853,120.79355392,114.35759462,112.05011273
69,1781860523.058887,128.41697389,117.78390245,114.40056891
69,1781860523.083035,133.28724959,119.82226792,110.11033588
69,1781860523.147191,137.11620732,122.86509008,112.21865900
69,1781860523.232605,140.41441149,125.62460674,112.76254402
69,1781860523.335933,145.94378957,130.64202899,117.16768388
69,1781860523.366430,149.58179095,133.88715435,118.89445834
69,1781860523.458584,152.23018145,136.23155500,119.36666539
69,1781860523.488584,153.34182489,137.17830793,120.35076976
69,1781860523.555022,153.41729611,137.68568737,120.90287991
69,1781860523.635093,153.91064038,137.96785939,120.38063274
69,1781860523.698408,154.63487703,139.10744048,121.48251690
69,1781860523.773103,155.14059294,139.35609391,121.20784241
69,1781860523.853488,156.10223827,140.18647553,122.33491219
69,1781860523.884573,156.01487603,139.79325794,121.63292736
69,1781860523.952914,155.86182909,140.00000463,122.72840651
69,1781860524.034123,155.60880767,139.45653708,122.50952008
69,1781860524.096770,153.59919252,140.20747419,128.58753318
69,1781860524.160549,153.21943347,139.82672723,129.21467013
69,1781860524.257362,149.42342257,136.45795903,126.36951248
69,1781860524.328618,146.53234646,134.33921168,124.73787712
69,1781860524.357615,140.33205359,128.37471337,120.20114724
69,1781860524.433673,135.61943970,124.47193891,113.41964155
69,1781860524.493940,135.31264488,127.44333771,115.04647912
69,1781860524.562425,141.56598333,129.11381075,116.00348103
69,1781860524.658210,147.46799105,130.40243303,121.64865531
69,1781860524.684223,149.16620630,131.90819003,122.37931600
69,1781860524.764320,146.18137142,131.79913580,118.90662333
69,1781860524.836632,144.59024186,130.60752896,118.84506565
69,1781860524.896878,147.23938534,132.56119606,120.19205113
69,1781860524.962322,149.10289020,134.76716670,121.61109072
69,1781860525.058166,149.37507357,135.33036022,121.64008049
69,1781860525.087715,150.44697163,136.44775117,122.59566068
69,1781860525.147049,152.75392261,139.17653172,123.10579042
69,1781860525.234292,154.44219106,141.12836485,123.67756973
69,1781860525.327523,156.04854493,142.75797800,124.88357408
69,1781860525.357520,155.56562862,142.20332288,123.72558567
69,1781860525.457145,149.08121442,136.00949425,119.36543362
69,1781860525.485660,144.91692714,132.32891226,117.27107800
69,1781860525.554026,131.95613614,121.10128175,110.74296401
69,1781860525.630715,125.87397833,113.47221999,111.33813479
69,1781860525.698049,135.93823560,124.61685032,120.20211352
69,1781860525.774180,155.95821528,145.22448257,131.07591555
69,1781860525.853642,182.07789103,169.74007343,157.54216408
69,1781860525.882699,183.37506437,171.00180680,158.49510601
69,1781860525.950019,193.58682961,181.15277582,167.44814534
69,1781860526.034422,197.82420089,186.19189093,172.59449973
69,1781860526.097970,201.37820054,190.86759087,179.64903882
69,1781860526.160028,201.08209279,189.61234426,180.63771052
69,1781860526.259000,212.18941757,207.26631866,200.94281082
69,1781860526.325879,215.30607164,205.44821313,200.02306685
69,1781860526.357061,209.29557523,200.28615717,192.75115626
69,1781860526.435269,203.70165842,193.32222888,186.44212759
69,1781860526.497128,186.33680320,177.88201474,172.32712561
69,1781860526.562264,160.27976802,154.39362006,150.03915709
69,1781860526.658810,139.43703965,137.64068211,141.52152094
69,1781860526.683975,132.80252537,134.01568351,138.62378774
69,1781860526.762281,117.88231573,123.54796716,126.83799114
69,1781860526.843341,102.93155632,108.99857692,114.80735441
69,1781860526.897066,100.99638625,102.18347405,108.48595527
69,1781860526.963778,102.25814292,100.72112339,103.56370399
69,1781860527.057480,107.23055994,99.69963273,101.14481451
69,1781860527.090913,103.72404580,93.47128682,92.77006830
69,1781860527.154681,103.10390531,89.29597771,84.00741803
69,1781860527.232971,99.29310618,85.17820506,72.33152639
69,1781860527.330838,106.13012520,86.90059990,76.19645714
69,1781860527.360839,114.55750023,92.86482999,80.36542081
69,1781860527.456968,111.17584351,93.18315393,77.52985335
69,1781860527.501466,115.06341173,93.22069678,82.15816590
69,1781860527.555155,123.56213234,101.75125637,88.59054230
69,1781860527.633649,130.85138318,108.86642664,93.14748888
69,1781860527.695886,135.65530275,113.91983532,97.07193600
69,1781860527.771564,136.61827726,117.75636057,96.92843893
69,1781860527.855115,138.55057879,120.92448697,108.40286892
69,1781860527.903314,136.16339843,123.16413760,108.17107825
69,1781860527.947494,142.30050693,127.06736797,113.01252625
69,1781860528.033126,144.69218884,125.74885790,117.69087842
69,1781860528.097351,137.37681491,122.02664344,110.63806495
69,1781860528.160980,133.79349304,117.51999489,107.69029623
69,1781860528.255271,107.43044604,92.87656666,87.30596328
69,1781860528.348595,86.81774269,74.08397195,62.48775833
69,1781860528.379769,80.95238171,68.28271806,63.83581864
69,1781860528.432796,89.06064835,75.68253510,81.93358271
69,1781860528.495857,92.58561293,79.36850782,86.11283017
69,1781860528.560919,99.97049232,87.22611103,88.56060247
69,1781860528.656539,125.68629507,111.22301923,107.70558206
69,1781860528.703968,107.41985704,93.49938663,92.67723065
69,1781860528.765049,88.98137346,78.13666135,80.03685113
69,1781860528.842499,73.22912681,65.51721844,76.16434809
69,1781860528.896345,68.09500556,65.16966545,74.10437488
69,1781860528.960568,68.43681564,66.53924271,72.24841086
69,1781860529.057013,71.79580193,70.73574429,77.66171114
69,1781860529.109227,72.88160689,69.27186714,78.25295928
69,1781860529.151963,71.68843100,70.58646061,76.27092846
69,1781860529.235236,72.13238231,70.75101703,76.03322598
69,1781860529.340602,76.55428401,74.46444253,78.39853743
69,1781860529.368956,76.45121633,74.50981346,77.63955334
69,1781860529.456359,74.35580952,71.07672696,76.82704667
69,1781860529.494668,71.95077508,68.16298218,73.26855556
69,1781860529.554758,68.85125106,63.86036102,67.43258378
69,1781860529.638109,67.25360124,59.89751327,62.46296836
69,1781860529.697816,73.74455884,65.51982075,66.83600568
69,1781860529.770437,103.82987408,94.11624542,89.78595759
69,1781860529.851249,78.42066955,69.11706450,69.02388246
69,1781860529.894749,72.19199059,64.21534917,67.56582415
69,1781860529.954829,78.38148210,68.44936434,77.24093924
69,1781860530.032410,79.55998705,70.73990218,79.90546421
69,1781860530.097055,73.43300836,68.65923444,77.91930204
69,1781860530.160806,77.69997791,72.26510450,86.32992568
69,1781860530.261615,98.25872146,88.99805966,94.05047307
69,1781860530.359296,112.27726046,99.72689158,101.67506917
69,1781860530.391224,133.44913439,122.53463114,105.30818527
69,1781860530.430012,141.41627096,129.50000453,104.66776017
69,1781860530.496166,144.06032535,131.84111442,105.61274383
69,1781860530.559665,146.67934425,134.41817252,107.07883237
69,1781860530.658178,147.84001440,137.33948379,110.99249147
69,1781860530.707494,142.28349677,135.52013667,106.79654149
69,1781860530.765792,145.64315493,137.33322719,116.79611022
69,1781860530.843215,160.67350099,150.66563449,136.36406187
69,1781860530.898479,142.95071553,133.74411297,118.80363605
69,1781860530.963340,123.58385166,113.22770353,101.93850121
69,1781860531.059328,107.22765278,92.09529556,91.75509273
69,1781860531.105007,99.42961623,87.62511964,83.18074836
69,1781860531.151929,96.74684750,83.32396628,78.82415339
69,1781860531.497070,98.68816174,88.89827629,76.32580113
69,1781860531.773207,80.57400994,70.39809998,65.33632823
70,1781860515.731154,154.07475779,132.37388714,98.47916121
70,1781860515.825835,164.47211801,142.58247890,108.34077515
70,1781860515.859913,161.89168554,139.27296205,107.21218793
70,1781860515.922245,170.68940714,149.20406923,119.24542759
70,1781860515.981715,170.08067020,148.45248744,117.84304062
70,1781860516.065967,172.05877256,145.18398385,117.17635419
70,1781860516.129766,166.58511849,141.82635750,108.34368723
70,1781860516.226856,160.68097417,135.32204177,100.18011705
70,1781860516.261144,161.69849770,136.05362229,100.90977345
70,1781860516.321401,165.44314744,140.87757216,110.39964462
70,1781860516.385474,168.56062828,144.27926678,114.84036876
70,1781860516.464190,176.43112403,153.57036975,128.00647924
70,1781860516.529437,172.51768070,148.78283304,120.67270115
70,1781860516.623408,159.42429819,136.19222614,103.58010215
70,1781860516.668395,158.46895218,135.67894021,102.44610642
70,1781860516.720119,159.45186873,136.45635097,105.05305183
70,1781860516.780017,156.94048020,133.87887133,101.91540554
70,1781860516.864165,156.98562526,130.04304619,97.50402395
70,1781860516.928368,150.53557723,126.61023735,90.41437901
70,1781860517.025812,151.10425096,126.69052912,91.28313835
70,1781860517.067078,149.07597341,125.24207480,90.44732736
70,1781860517.121768,149.29378522,124.75316621,95.78779688
70,1781860517.183549,148.77985344,123.58524561,92.15970652
70,1781860517.265413,152.99257994,128.52895345,98.59474082
70,1781860517.329418,161.41637245,137.33570517,108.10519991
70,1781860517.427039,164.42113584,141.03561687,111.50979611
70,1781860517.481237,159.60047654,135.60738763,104.72045917
70,1781860517.678086,157.71994915,133.41668089,106.47464677
70,1781860517.710222,158.54454798,133.87103473,107.65711234
70,1781860517.759897,157.91766017,132.71224655,105.06550433
70,1781860517.853044,154.40655818,132.14534801,99.99579017
70,1781860517.884331,154.73599560,133.97478898,101.76288166
70,1781860517.954652,156.97079697,131.82573590,104.54389090
70,1781860518.030896,158.76632611,131.43670185,98.23801894
70,1781860518.095295,156.19406884,130.45424903,101.33254677
70,1781860518.158800,155.20546810,129.71205993,97.71185320
70,1781860518.257880,156.38955073,131.47885716,97.71159031
70,1781860518.283240,155.85668365,130.15001961,100.72008861
70,1781860518.347386,155.87415127,130.69332778,100.66141510
70,1781860518.436104,154.55748627,132.81624889,97.86729062
70,1781860518.494212,154.91200574,134.22884639,98.59548334
70,1781860518.571598,156.41311828,134.61655117,101.93217045
70,1781860518.653040,156.61534113,135.08675895,103.07755361
70,1781860518.682569,160.02892234,135.52613620,106.90588769
70,1781860518.751679,159.22938017,135.41620605,103.38156268
70,1781860518.832843,159.49886410,135.59704805,104.14720078
70,1781860518.895715,159.69257937,135.66747121,103.71683606
70,1781860518.961888,160.24218731,136.10157526,104.90373764
70,1781860519.053145,160.77095396,136.31088446,105.06433967
70,1781860519.306156,161.06000282,136.02519237,104.29635754
70,1781860519.359932,158.59263860,135.26339921,102.68354031
70,1781860519.458353,159.47910108,134.83618811,104.76456508
70,1781860519.483361,155.77216394,133.20497030,99.87859477
70,1781860519.553376,155.50307262,134.35149156,105.01624050
70,1781860519.633320,156.37984638,135.10188569,101.04918447
70,1781860519.696954,161.24630513,136.14770840,107.22244590
70,1781860519.768020,159.43690070,135.26788395,106.48787168
70,1781860519.854383,157.96472260,136.56069410,103.02931098
70,1781860519.884271,157.59589553,136.05586804,104.19078111
70,1781860519.952418,156.12997548,134.76012918,102.82780177
70,1781860520.029760,155.92085262,135.57531691,103.13034258
70,1781860520.091254,157.87557387,136.70086179,104.37816900
70,1781860520.161544,158.10445006,137.05865735,105.15845268
70,1781860520.256988,160.52089910,133.59111084,95.19928798
70,1781860520.328760,157.06568233,135.07245951,102.88653890
70,1781860520.360616,161.39018290,136.80707586,108.20818368
70,1781860520.433613,158.18688387,137.56799822,106.26002747
70,1781860520.498038,157.30540080,134.29911439,100.96576987
70,1781860520.559828,158.35225608,136.59822893,109.07916765
70,1781860520.660963,157.21985973,136.21493234,103.59529252
70,1781860520.688191,156.76714315,135.49310073,103.76343288
70,1781860520.766382,156.75040926,135.68615441,103.60562739
70,1781860520.840384,155.33730588,135.72779696,101.71519321
70,1781860520.896095,162.58191878,142.58803154,108.75475928
70,1781860520.959419,168.01722920,148.23411256,114.69850382
70,1781860521.057580,173.40142521,153.74546749,125.00154236
70,1781860521.086578,173.98417445,154.96047812,121.87790394
70,1781860521.156112,169.09361600,150.38311505,121.25017909
70,1781860521.236289,156.40084767,138.52090421,111.49232793
70,1781860521.322445,143.19319387,124.47170206,98.91371932
70,1781860521.356699,129.84699264,113.82656615,94.78375368
70,1781860521.457679,131.66102626,123.35383943,100.40111728
70,1781860521.486051,132.76560188,124.73689177,101.42815672
70,1781860521.554122,144.25251747,137.58896021,112.70301907
70,1781860521.630988,147.43599618,141.37886200,116.06470639
70,1781860521.697952,152.86591725,144.45937889,124.06764159
70,1781860521.769938,150.16329340,142.99347217,122.73273950
70,1781860521.853508,150.12322038,148.86533506,126.65361351
70,1781860521.883916,147.83223900,147.40240449,125.83317615
70,1781860521.956026,150.49926044,148.56038631,130.88261184
70,1781860522.036038,151.87927276,150.65555087,133.66888453
70,1781860522.097034,151.74246099,150.84212730,134.16933573
70,1781860522.161651,147.03037427,145.84574866,128.89842776
70,1781860522.259216,140.19233491,139.22903622,121.99820084
70,1781860522.312915,132.79798458,131.67505219,114.34484133
70,1781860522.347939,115.75509402,113.84332164,97.57362597
70,1781860522.434557,100.31240958,96.37577007,81.82930040
70,1781860522.495867,88.10484588,85.38615501,67.66813825
70,1781860522.563298,93.06845737,86.22431312,70.05945801
70,1781860522.656438,98.58417432,90.95127638,68.88796369
70,1781860522.688968,107.87301326,97.05294790,78.33502598
70,1781860522.765200,115.54626827,105.65871296,86.39284747
70,1781860522.831474,125.26328653,118.68240096,92.82387846
70,1781860522.895852,133.70413666,127.19723648,100.01409993
70,1781860522.960853,135.86873917,132.39536303,108.82635564
70,1781860523.058887,144.23940131,138.11921095,111.82206469
70,1781860523.083035,147.55804251,139.21444672,108.51991216
70,1781860523.147191,147.31668027,138.87681773,108.48565325
70,1781860523.232605,145.29632493,137.23253806,104.81494549
70,1781860523.335933,144.85261486,135.46921651,102.49661936
70,1781860523.366430,145.88818343,136.27065598,103.85758902
70,1781860523.458584,145.16824075,135.13456783,101.17719333
70,1781860523.488584,144.77660217,134.27717924,101.21649200
70,1781860523.555022,144.56250302,134.25825130,100.66660814
70,1781860523.635093,143.10250294,132.22488368,99.19411239
70,1781860523.698408,142.86763248,133.67680667,101.30181061
70,1781860523.773103,143.13471333,133.99957670,101.33563039
70,1781860523.853488,142.85607557,134.56789002,102.22613574
70,1781860523.884573,144.13019204,135.35381238,102.09755869
70,1781860523.952914,145.06898610,136.64938419,104.35225900
70,1781860524.034123,145.32597689,136.90465823,104.55052658
70,1781860524.096770,144.43785848,138.10791934,109.60701445
70,1781860524.160549,144.41144910,137.73744468,109.16038296
70,1781860524.257362,145.39346442,137.80914294,108.79289634
70,1781860524.328618,146.33804217,138.53661873,109.60507099
70,1781860524.357615,145.80435050,137.69798937,108.49600260
70,1781860524.433673,145.86600755,137.61970600,103.32467208
70,1781860524.493940,144.08838429,138.73744132,104.26901074
70,1781860524.562425,146.44446185,137.79163118,104.15487735
70,1781860524.658210,149.33526358,138.76374151,108.05904355
70,1781860524.684223,150.03523069,138.55336586,108.72236977
70,1781860524.764320,147.01251777,138.61904615,105.09534449
70,1781860524.836632,143.83747765,136.06480358,103.28430216
70,1781860524.896878,143.03337720,135.36693348,103.48703923
70,1781860524.962322,140.58758185,132.74877799,101.10850961
70,1781860525.058166,137.22616006,129.80302519,98.64206091
70,1781860525.087715,137.39050366,130.19601060,98.74793286
70,1781860525.147049,136.66289668,129.36873780,98.10038517
70,1781860525.234292,137.40899691,130.08938734,98.76370394
70,1781860525.327523,139.64821147,132.19054185,99.96117612
70,1781860525.357520,140.05675769,132.85320867,100.45473950
70,1781860525.457145,138.62204529,131.70256187,98.65736712
70,1781860525.485660,140.31055278,132.84528856,99.68526479
70,1781860525.554026,142.29548772,135.09401386,100.28415837
70,1781860525.630715,149.96675313,139.88340918,108.57436829
70,1781860525.698049,152.34974246,143.59723627,113.21914312
70,1781860525.774180,148.06030966,141.23897051,109.53245412
70,1781860525.853642,132.69904431,124.66182053,96.17795507
70,1781860525.882699,132.16335470,124.43532096,96.63243283
70,1781860525.950019,128.83143101,127.82963091,104.29942727
70,1781860526.034422,130.04539381,128.69137043,104.31164113
70,1781860526.097970,130.74655481,124.82381769,96.30907734
70,1781860526.160028,133.88136263,122.76684248,91.88324613
70,1781860526.259000,142.49187433,124.15288435,91.16354783
70,1781860526.325879,141.70468670,123.11204522,87.78166579
70,1781860526.357061,138.55905798,122.41228057,83.03990894
70,1781860526.435269,137.48925514,119.00880429,83.77875805
70,1781860526.497128,135.43478457,116.49601034,80.89127861
70,1781860526.562264,130.17790593,111.55534571,76.67080706
70,1781860526.658810,130.25198217,112.24006660,80.73559877
70,1781860526.683975,129.57582353,115.01317268,81.34606563
70,1781860526.762281,125.12631199,114.47799027,77.89958749
70,1781860526.843341,123.91597109,112.01290410,76.95204846
70,1781860526.897066,125.87053678,111.23632003,79.33335942
70,1781860526.963778,125.89615226,111.29645397,78.14928924
70,1781860527.057480,129.60163631,111.85272748,81.54889756
70,1781860527.090913,131.48156559,113.15866974,82.83578878
70,1781860527.154681,131.92776928,114.17272236,82.62880992
70,1781860527.232971,131.55714270,117.31357022,81.59942516
70,1781860527.330838,135.51669879,119.25024001,87.18908583
70,1781860527.360839,137.16453972,120.41300531,89.92800139
70,1781860527.456968,132.88991041,119.73486297,85.54569534
70,1781860527.501466,135.68139658,119.93795883,88.80090717
70,1781860527.555155,139.50036965,123.25621121,92.13896434
70,1781860527.633649,142.28183769,126.10517849,94.23550220
70,1781860527.695886,144.75267889,128.29166339,95.43676551
70,1781860527.771564,144.01256583,130.21457662,93.65312079
70,1781860527.855115,145.81530843,131.58098413,99.30403246
70,1781860527.903314,143.06712986,131.42221610,96.45939129
70,1781860527.947494,146.91273118,133.64360678,98.67036678
70,1781860528.033126,151.34161412,135.04875031,103.59380649
70,1781860528.097351,148.38305040,135.03944623,101.07307316
70,1781860528.160980,150.44262675,134.56311412,100.27616006
70,1781860528.255271,144.16707968,127.57036688,93.46384985
70,1781860528.348595,138.19326921,124.01034503,85.39259417
70,1781860528.379769,136.61206497,121.81011196,88.77727145
70,1781860528.432796,141.03835500,125.57478582,98.60058984
70,1781860528.495857,137.53055272,121.57432777,95.25634467
70,1781860528.560919,131.84517115,116.90565441,87.68890939
70,1781860528.656539,128.50227124,113.10468577,85.73645749
70,1781860528.703968,123.98516855,109.02056907,81.56937244
70,1781860528.765049,120.03683641,105.28547647,77.92202167
70,1781860528.842499,115.48705942,101.14405358,78.30346177
70,1781860528.896345,113.45074479,101.41464081,75.59049228
70,1781860528.960568,110.97518271,99.52355466,71.69375416
70,1781860529.057013,110.61825830,99.47750796,71.61616401
70,1781860529.109227,113.08642799,99.69598676,74.85019236
70,1781860529.151963,111.71818084,100.53908739,71.88762682
70,1781860529.235236,111.13893945,100.12364858,71.67838825
70,1781860529.340602,113.37805858,101.95213586,73.66289970
70,1781860529.368956,111.47360922,100.55667261,71.96402870
70,1781860529.456359,114.35367415,102.76352810,78.12641289
70,1781860529.494668,114.33148944,102.79269407,77.38640598
70,1781860529.554758,113.38629170,101.76914490,77.33381530
70,1781860529.638109,116.94645794,103.03795059,77.00999381
70,1781860529.697816,121.29083808,107.30564552,81.16387781
70,1781860529.770437,124.85716136,110.65765726,87.90851766
70,1781860529.851249,132.74681461,118.25459676,89.75306861
70,1781860529.894749,135.51674046,121.32849398,92.52515785
70,1781860529.954829,138.87357311,123.98811346,98.24329147
70,1781860530.032410,142.94128510,128.35192974,102.90408058
70,1781860530.097055,140.14905570,127.80683450,99.42494012
70,1781860530.160806,139.70705982,127.31806812,102.99148785
70,1781860530.261615,140.28851557,127.93338095,100.52565436
70,1781860530.359296,145.38871844,130.94062902,107.07361273
70,1781860530.391224,143.72785644,132.21112202,104.39936709
70,1781860530.430012,148.11533300,136.92944087,108.11439438
70,1781860530.496166,149.21902326,138.20925339,107.53007460
70,1781860530.559665,144.92020998,132.67636413,102.43975925
70,1781860530.658178,137.05718710,126.40407308,96.28900342
70,1781860530.707494,135.58846779,126.72057317,93.09554606
70,1781860530.765792,136.45409819,125.27165203,95.97214981
70,1781860530.843215,139.69766370,125.62849439,100.04376445
70,1781860530.898479,138.25165093,127.43652945,97.54621018
70,1781860530.963340,135.63971750,124.95045375,95.61600619
70,1781860531.059328,132.31646195,119.99886680,95.21513410
70,1781860531.105007,129.41030995,118.54631975,88.57842473
70,1781860531.151929,124.23210986,113.39505442,84.68451531
70,1781860531.234920,119.79153142,108.41802195,79.85656595
70,1781860531.304108,117.94218694,105.14432943,77.10022275
70,1781860531.359162,114.33214883,101.37505254,72.06086878
70,1781860531.457159,114.70414313,100.19318295,70.17085647
70,1781860531.497070,111.45471379,96.24734771,66.83700810
70,1781860531.549956,105.84583734,90.22799225,60.33449905
70,1781860531.632941,109.40061552,94.06469055,63.65541321
70,1781860531.698205,114.62275326,99.27046377,68.68547128
70,1781860531.773207,115.49449910,100.88421027,70.64116221
70,1781860531.856986,117.44162169,103.06335417,73.60878587
70,1781860531.903130,118.60522928,104.26360115,74.37626429
70,1781860531.951316,118.59737916,104.51837148,78.70414710
70,1781860532.033547,122.30844633,105.80428543,77.02001240
70,1781860532.097878,121.31288512,104.72170310,76.69241615
70,1781860532.162661,120.12837451,103.56150370,75.27776990
70,1781860532.254903,117.84118476,101.09276274,74.70639187
70,1781860532.328512,115.61888326,99.74188211,71.86663195
70,1781860532.361113,107.16454359,94.03835698,64.54415290
70,1781860532.432526,100.36449692,87.46988968,57.95816578
70,1781860532.499898,99.41555841,85.78941653,56.40078703
70,1781860532.563072,96.68159722,82.57069288,53.09022985
70,1781860532.656936,97.92914920,81.48247511,54.06611873
70,1781860532.711076,103.09952638,86.16660205,61.44079698
70,1781860532.762512,108.19709224,90.75971409,65.83135688
70,1781860532.831436,113.63871614,95.80017188,70.20091671
70,1781860532.898911,117.67108371,100.26098025,70.07752809
70,1781860532.964601,120.84876700,102.98005129,72.50849127
70,1781860533.057379,124.26993216,105.92847898,74.46501401
70,1781860533.105986,124.71639403,105.98714795,74.09712336
70,1781860533.152339,124.42950274,104.61991670,72.03101644
70,1781860533.231241,125.01358463,105.08474345,71.99581441
70,1781860533.308015,121.57397456,104.07181700,70.93731548
70,1781860533.357067,120.58471247,102.91219176,70.89430540
70,1781860533.454847,119.40036508,98.23217593,68.81396495
70,1781860533.492034,118.78856076,97.25000492,68.57755595
70,1781860533.554444,111.68912319,92.66203232,60.36829072
70,1781860533.627676,108.10474798,88.55587249,61.82734559
70,1781860533.696084,105.84137842,86.42942238,61.09132097
70,1781860533.768953,105.65266249,86.30185375,57.42053397
70,1781860533.856175,108.42233226,87.02663044,61.20600008
70,1781860533.914195,107.79190146,88.83435029,58.95344768
70,1781860533.948190,111.86843621,89.70655781,63.61928250
70,1781860534.033728,113.30236122,91.85070674,64.78662052
70,1781860534.100779,115.66359285,93.72829972,65.99829563
70,1781860534.166713,116.42991228,94.91657487,68.48363346
70,1781860534.256459,120.45331887,98.26052574,70.25942752
70,1781860534.325752,124.99266561,102.51667636,74.12298235
70,1781860534.356758,129.02286603,106.90804993,77.35468509
70,1781860534.431315,133.56625839,111.69500288,81.63164451
70,1781860534.497696,137.75939426,115.77472385,82.08160901
70,1781860534.562255,138.10273991,119.87853394,86.47376997
70,1781860534.658847,149.62804436,131.74328423,103.52809625
70,1781860534.695192,149.36745718,135.59151894,104.60256033
70,1781860534.762844,151.91981093,136.18902089,109.36577830
70,1781860534.813261,146.93888595,134.76298523,106.57871622
70,1781860534.896956,142.96176999,132.88131876,106.26977232
70,1781860534.961652,140.94620405,132.12647943,105.75170802
70,1781860535.056834,139.87954744,133.32228558,112.62741525
70,1781860535.096453,140.95673169,133.93921591,107.65167553
70,1781860535.150810,149.41567013,137.49632107,113.08726108
70,1781860535.228219,148.18552823,135.25754070,110.44851674
70,1781860535.497625,117.14962011,100.57839424,78.84392261
70,1781860535.551284,107.22121778,91.07399862,67.67191995
70,1781860535.613998,102.00763589,86.20994359,61.97417794
70,1781860535.699192,103.63792085,85.29993369,55.98020505
70,1781860535.761000,101.02099105,82.17095566,52.49611368
70,1781860535.852917,95.40407748,76.77211620,47.69038769
70,1781860535.903545,92.71737109,74.17049996,44.59495355
70,1781860535.963489,89.55892636,71.36381797,41.88524824
70,1781860536.043706,88.32180595,70.13119385,39.06910839
70,1781860536.092752,92.27244004,76.02155943,40.81921307
70,1781860536.162982,98.68249389,81.70723232,43.76733606
70,1781860536.252504,108.42166754,89.73107095,49.46878323
70,1781860536.304187,104.98778087,85.74885665,49.50167407
70,1781860536.351703,102.37166894,83.19556756,47.04654369
70,1781860536.416566,102.71629418,83.85381471,48.59780181
70,1781860536.502934,103.59778166,84.52401558,54.22895385
70,1781860536.557300,108.56521555,89.57569487,58.41456937
70,1781860536.654787,117.37692860,97.31598895,64.78840598
70,1781860536.705101,123.26063513,103.43413365,70.39135167
70,1781860536.747897,129.12832334,111.80718091,82.70500893
70,1781860536.817659,134.02845164,117.79607121,84.20676209
70,1781860536.897264,134.90231628,122.43407610,85.67902865
70,1781860536.970344,139.39319687,127.02100384,89.79682924
70,1781860537.056616,139.19917587,126.84934567,89.63392405
70,1781860537.105494,140.71867294,125.68957940,83.34462275
70,1781860537.154764,141.66313234,125.90114798,81.59262202
70,1781860537.218256,141.71276107,122.38327544,83.05567523
70,1781860537.292296,132.57562831,114.01939326,76.70210051
70,1781860537.360961,122.47038613,105.40139059,66.42681784
70,1781860537.456268,121.63395001,102.49825935,69.69679185
70,1781860537.551700,117.87507191,98.25387396,66.36460257
70,1781860537.581947,110.37161037,93.23668965,58.48329316
70,1781860537.614185,105.80318527,86.84492911,57.12617849
70,1781860537.695145,103.95893424,86.00872237,56.84479965
70,1781860537.759804,102.78236193,88.42930679,56.81082621
70,1781860537.854519,95.92781936,82.64642801,52.07365905
70,1781860537.892649,97.10511794,82.46380959,54.45858154
70,1781860537.951133,91.73628889,78.78753942,52.70491459
70,1781860538.016432,91.83053710,75.87686108,52.75767503
70,1781860538.098995,88.32602831,74.50171502,51.88178042
70,1781860538.158466,100.28645968,86.21093336,63.38807630
71,1781860530.261615,131.64304339,119.40245145,106.82762070
71,1781860530.359296,135.45432303,119.72281655,111.40601701
71,1781860530.391224,129.58103025,116.61490283,104.28477044
71,1781860530.430012,131.26956555,118.55812838,104.44698848
71,1781860530.707494,162.98446719,152.19763998,107.89637568
71,1781860530.765792,170.59692334,156.13288749,117.37495517
71,1781860530.843215,175.52324789,160.89406426,134.29668571
71,1781860530.898479,160.07688109,147.16011286,122.44510829
71,1781860530.963340,139.94706565,126.93677056,107.98501326
71,1781860531.059328,112.41435549,95.52032095,92.82003314
71,1781860531.151929,107.21990393,92.42642714,82.42971613
71,1781860531.234920,105.32527195,98.23912199,89.36179099
71,1781860531.304108,114.86389757,115.18739879,110.42379238
71,1781860531.359162,118.71204986,123.75902962,118.04126479
71,1781860531.457159,105.70620483,108.95194382,109.57144411
71,1781860531.497070,105.00152182,106.74080648,106.92450102
71,1781860531.549956,84.42790438,86.15973267,89.92333188
71,1781860531.632941,83.77676318,84.08739430,87.28401376
71,1781860531.698205,82.40368240,81.28631796,84.17203650
71,1781860531.773207,81.18641279,80.82411098,84.20358632
71,1781860531.856986,77.70219835,74.98304500,77.77240566
71,1781860531.903130,74.37585986,70.57301646,73.40577375
71,1781860531.951316,71.46291819,64.95574399,71.99128139
71,1781860532.033547,78.06788925,70.16382644,73.04071495
71,1781860532.097878,87.06852233,80.96957150,85.02527156
71,1781860533.454847,56.60008701,49.60925692,54.08161624
71,1781860533.554444,69.35126739,62.54202792,59.29260045
71,1781860533.627676,88.58201089,78.00297811,72.98515489
71,1781860533.696084,83.01410923,73.24047633,75.17726736
71,1781860533.768953,76.56839849,69.17275787,72.06960893
71,1781860533.856175,92.93375536,83.66005185,90.35685047
71,1781860533.914195,91.96357927,85.02922781,86.35844272
71,1781860533.948190,98.60330624,86.35582614,87.39825106
71,1781860534.033728,106.61380776,93.11375975,90.13314702
71,1781860534.100779,115.54212790,101.50289256,95.70135559
71,1781860534.166713,117.57053911,102.90651725,98.49410691
71,1781860534.256459,123.78186317,108.58413815,103.28346932
71,1781860534.325752,125.85248456,110.29170396,104.12162479
71,1781860534.356758,128.92264263,112.82292696,107.37329882
71,1781860534.431315,134.88373346,117.49946283,112.59055419
71,1781860534.497696,140.07790720,122.66360288,113.05600680
71,1781860534.562255,137.87387690,123.82697005,113.91263602
71,1781860534.658847,140.74307221,123.87509599,119.86009953
71,1781860534.695192,136.71161257,123.42682106,112.35068191
71,1781860534.762844,136.25790435,119.86721075,115.07087813
71,1781860534.813261,131.48071499,118.31454657,108.32617724
71,1781860534.896956,131.91693004,118.84530014,106.48467199
71,1781860534.961652,128.60780658,115.86810424,103.56060344
71,1781860535.056834,106.50838490,99.57483187,102.29742433
71,1781860535.096453,105.50970103,99.38677965,97.73796096
71,1781860535.150810,108.87733918,103.12368011,111.30217531
71,1781860535.228219,112.56195658,112.36526941,124.54203185
71,1781860535.497625,161.49403170,167.78832021,183.43721890
71,1781860535.551284,161.91312665,169.56225883,181.75536963
71,1781860535.613998,166.15509793,173.36957777,184.12228126
71,1781860535.699192,170.98082876,175.16736886,181.91369724
71,1781860535.761000,166.67880794,171.80014067,179.34713814
71,1781860535.852917,161.54990756,166.60632341,175.02978872
71,1781860535.903545,160.34650082,165.00322644,172.05515511
71,1781860535.963489,152.69414496,154.54888841,162.11342577
71,1781860536.043706,134.83829431,134.85154837,141.70775734
71,1781860536.092752,113.56244724,114.42534262,119.91551369
71,1781860536.162982,100.07674923,101.15096776,105.27660468
71,1781860536.252504,81.57933395,73.65155797,68.56740184
71,1781860536.304187,76.13367342,67.15841750,65.03789691
71,1781860536.351703,82.35201414,73.55514919,69.20674587
71,1781860536.970344,154.63285528,149.59564025,142.19924570
71,1781860537.154764,143.73668842,133.51278800,114.51891056
71,1781860537.218256,133.13797054,121.00765406,112.54287886
71,1781860537.292296,133.40882832,123.29237312,118.69510272
71,1781860537.360961,129.07848646,121.29028191,121.09824048
71,1781860537.456268,127.40012612,117.95554400,123.55048463
71,1781860537.551700,114.79694139,103.87399883,109.31957584
71,1781860537.581947,92.52575106,84.44705016,83.79212663
71,1781860537.614185,80.93349879,71.06995064,71.42683037
71,1781860537.695145,83.34952680,73.85291746,70.59699801
71,1781860537.759804,94.83276080,83.84653298,72.78931540
71,1781860538.016432,51.71333172,31.53735895,12.91154348
71,1781860538.098995,61.76230124,45.79564477,29.55837129
71,1781860538.158466,67.58347402,55.19004864,47.55238999
71,1781860538.261124,47.30271842,39.45444080,31.99227031
71,1781860538.295552,46.91717418,38.82580565,31.08347035
71,1781860538.350073,50.20318366,39.72601142,32.66384027
71,1781860538.416574,53.74537333,42.75878801,34.14164643
71,1781860538.509770,106.03599108,102.11052460,84.57943574
72,1781860538.261124,143.04099951,122.57824787,89.02725547
72,1781860538.295552,144.16696567,123.64369135,91.06941837
72,1781860538.350073,146.68703795,121.66613923,89.94142691
72,1781860538.416574,144.06467934,117.48913121,85.98251734
72,1781860538.509770,77.17037869,71.99762220,72.10993627
73,1781860538.649751,144.82871871,120.02484529,85.23453250
73,1781860538.691436,145.98328716,122.78105517,91.55467091
73,1781860538.747295,112.09600714,100.95572123,75.50608768
73,1781860538.815758,128.45951255,117.57147785,82.90109206
73,1781860538.897377,154.73902745,141.72387517,102.20027609
73,1781860538.958563,168.75832867,152.58477834,113.79934785
73,1781860539.057604,163.04106273,145.19509656,116.02140132
73,1781860539.090953,158.96460212,149.20273121,127.80144367
73,1781860539.150205,169.84766811,165.04682602,148.51099685
73,1781860539.214716,182.94623256,186.52273078,172.21900012
73,1781860539.292975,195.15668049,199.48870129,187.35060368
73,1781860539.359150,212.56339254,218.20441770,207.89869574
73,1781860539.452524,210.24382390,217.20178450,206.36694446
73,1781860539.493672,202.53929651,201.82121322,191.15935521
73,1781860539.551571,183.46503576,178.79466210,166.38341572
73,1781860539.615734,165.68461451,155.90360382,138.59060701
73,1781860539.694386,162.16408560,148.38453801,131.70067432
73,1781860539.760162,169.09871856,151.62075424,132.37308311
73,1781860539.853780,159.36104513,139.47881258,120.40535485
73,1781860539.891777,160.46956804,139.11453030,120.21462633
73,1781860539.949010,159.30633335,139.06139810,122.10206621
73,1781860540.014530,159.17008374,137.74383845,119.16352426
73,1781860540.095153,158.23678939,135.78813073,116.35579550
73,1781860540.156624,154.81155720,131.44591053,111.71067810
73,1781860540.256069,150.97489871,126.76468620,105.94068467
73,1781860540.295410,148.85996968,121.75590870,95.86634967
73,1781860540.346105,145.33373869,116.14107543,87.95163787
73,1781860540.415732,142.92769908,112.71958015,84.83446571
73,1781860540.496409,143.24857250,111.32698109,83.42330178
73,1781860540.559821,147.77048280,114.71721148,85.28747352
73,1781860540.655626,155.87704095,123.79973371,93.79405478
73,1781860540.708618,154.05852120,125.16758071,91.94699140
73,1781860540.750267,156.38334547,127.40516479,97.04955711
73,1781860540.811645,157.21327891,129.04639294,98.17486096
73,1781860540.894235,156.60269229,128.84746423,95.60716430
73,1781860540.958531,161.20127339,134.41497063,100.18685345
73,1781860541.055206,172.34731939,144.38623150,112.89914565
73,1781860541.110838,174.16804628,145.33487100,114.29736061
73,1781860541.147838,172.12254600,143.41347025,112.20780154
73,1781860541.213692,162.62740006,134.66584092,105.81540969
73,1781860541.293346,153.01655013,125.20040821,98.01100059
73,1781860541.359095,135.79156098,107.01984116,81.84329334
73,1781860541.449779,113.99907298,85.31170622,58.75554541
73,1781860541.493621,122.61327141,94.28342071,65.98465961
73,1781860541.549289,144.83719269,117.46772703,90.52465290
73,1781860541.615476,166.00326453,138.49189923,110.69128878
73,1781860541.694898,175.82201072,150.17435335,116.61325417
73,1781860541.758264,181.05647575,155.74232797,122.09030554
73,1781860541.854500,188.37348410,163.55174582,129.92450906
73,1781860541.896746,187.85801144,164.20232078,132.18746318
73,1781860541.968390,191.32203029,170.36812339,138.54235667
73,1781860542.177872,184.69848447,170.09378122,152.35243314
73,1781860542.224306,181.11260631,169.01371166,153.31387614
73,1781860542.285908,173.64040951,162.33508738,141.69561074
73,1781860542.314025,173.34401376,161.65204462,140.64282273
73,1781860542.383018,167.93371650,156.23947571,139.59063580
73,1781860542.462391,166.96060905,156.87025467,134.81062278
73,1781860542.528745,170.39115337,155.26721444,137.51136969
73,1781860542.624429,172.90816686,159.91236127,135.97798015
73,1781860542.685664,186.97528870,170.59856501,147.27591910
73,1781860542.716200,195.15980665,177.84240561,153.09596918
73,1781860542.780345,199.64033141,182.05446144,156.56728951
73,1781860542.862144,199.91092363,180.77580606,155.91376007
73,1781860542.926447,193.87829470,172.95901205,149.43860793
73,1781860543.022405,187.12516708,164.95895610,140.72352142
73,1781860543.091883,186.84456937,163.28420154,139.34967469
73,1781860543.145363,188.76766527,164.55861626,139.74040040
73,1781860543.181360,183.95800396,162.73707398,139.11913646
73,1781860543.261528,183.77297484,159.23998811,134.66653407
73,1781860543.325382,180.42141205,158.32982577,129.02187021
73,1781860543.425145,156.11714887,133.21905046,109.68616748
73,1781860543.485631,162.63649420,132.71211976,111.15160660
73,1781860543.516803,155.05833571,128.27114790,106.13866816
73,1781860543.587505,139.25693667,115.84504773,96.37519675
73,1781860543.664143,138.68062503,117.89364946,104.01610144
73,1781860543.726674,141.48923348,117.45569274,95.79896245
73,1781860543.824205,157.90121562,132.40628513,106.09158814
73,1781860543.887357,163.44094335,138.79340660,114.92971308
73,1781860543.914476,154.49512095,128.54700539,104.85620811
73,1781860543.981944,140.66712357,116.20396007,94.38961061
73,1781860544.076999,123.00470250,100.66252438,78.16268558
73,1781860544.126260,106.24465285,83.54323054,64.05552787
73,1781860544.222451,101.32336878,75.05206733,59.63931382
73,1781860544.285801,105.26336565,78.51287367,62.28254825
73,1781860544.316287,113.04889654,85.74315085,68.96627037
73,1781860544.382305,123.49586028,98.78289544,77.09433895
73,1781860544.459907,153.13229693,131.69194952,107.93561238
74,1781860546.622456,228.36797458,222.02195944,238.84173241
74,1781860546.683257,219.16648422,209.86303948,231.81622048
74,1781860546.735259,221.54248767,211.28316111,232.27960705
74,1781860546.781621,227.30494023,215.04137164,231.23584550
74,1781860546.846846,226.44034784,212.37726927,222.82407528
74,1781860546.929448,224.41915134,215.27742910,221.11456948
74,1781860547.022501,223.52411671,212.23036924,210.59165962
74,1781860547.089605,228.51879736,217.27906532,214.67869992
74,1781860547.122893,228.89711637,216.64664596,212.96830114
74,1781860547.183600,228.72497869,216.63583433,212.11653174
74,1781860547.245136,227.40849497,215.49250535,210.78499343
74,1781860547.325729,225.37962794,212.98805321,209.23065245
74,1781860547.423316,225.04608384,212.19939294,207.80879464
74,1781860547.482997,222.83001957,210.14239170,205.95632927
74,1781860547.537192,219.32437738,206.06994470,202.39062679
74,1781860547.580905,216.72082811,204.14872944,199.66423475
74,1781860547.642019,208.74068176,197.17329618,188.86101408
74,1781860547.721725,198.94515903,186.28383943,178.55383419
74,1781860547.822907,198.94803348,185.52735127,178.64316782
74,1781860547.888218,196.62471864,179.84480169,176.68185660
74,1781860547.925669,188.70581696,171.15711260,167.91323399
74,1781860547.981090,189.35517626,170.82882083,167.34020238
74,1781860548.046788,183.50004850,163.87964554,160.47973024
74,1781860548.127002,177.75342471,157.07851219,153.82845854
74,1781860548.222264,166.86892271,145.30627735,142.39246151
74,1781860548.284019,152.92846416,135.09269536,127.37217679
74,1781860548.330056,143.02737100,125.46283410,118.40957025
74,1781860548.383158,139.33482203,121.94327838,114.97509140
74,1781860548.449547,131.87831655,114.39370254,112.78449141
74,1781860548.525129,124.21273647,107.03218131,105.62645683
74,1781860548.622555,111.16859960,96.38161591,94.89021098
74,1781860548.687642,101.82868315,88.44657476,87.50856645
74,1781860548.731194,95.78722120,82.50429955,82.17297550
74,1781860548.786492,84.09682661,75.42120300,70.93945680
74,1781860548.846605,75.64430696,68.86673865,65.35642908
74,1781860548.931343,76.82615545,70.03369535,66.82498629
74,1781860549.026558,79.20256738,72.29581508,69.53144520
74,1781860549.087218,80.10447380,73.04728159,70.47982848
74,1781860549.132304,80.69264627,73.51267033,70.61017075
74,1781860549.186663,81.84120734,74.00142396,70.45514156
74,1781860549.247860,84.04341973,75.62354204,72.22322070
74,1781860549.327148,87.91323045,77.87421511,73.99063628
74,1781860549.424789,92.78204275,81.53015250,81.57975787
74,1781860549.484398,93.90478004,83.05750888,82.74232374
74,1781860549.538383,94.75661898,83.45583093,83.56932057
74,1781860549.582552,98.36232006,86.20608644,86.59119407
74,1781860549.648391,100.10826529,87.71475800,88.59877237
74,1781860549.732550,104.06153181,91.15535763,91.55317601
74,1781860549.965859,128.46861880,116.44992616,114.40354183
74,1781860549.995002,125.80600521,112.60082609,110.29000210
74,1781860550.027426,124.28159508,110.99096537,108.12504436
74,1781860550.096934,120.54842106,106.63578178,104.72797047
74,1781860550.162081,118.02619459,104.48051250,103.23546235
74,1781860550.255663,116.96399460,102.98622688,102.28823246
74,1781860550.322875,113.92859954,100.41073527,98.64979102
74,1781860550.360925,110.26013157,96.58864368,95.88705951
74,1781860550.414994,103.68590012,90.63514544,90.25858601
74,1781860550.492273,97.17962626,85.12138038,84.88720967
74,1781860550.558971,92.14493240,80.33842649,80.63942224
74,1781860550.655858,82.78116616,74.15106963,70.57019817
74,1781860550.720689,83.89655221,72.15138227,72.31648688
74,1781860550.747155,84.27973670,73.04145222,71.92111330
74,1781860550.812959,81.69510673,70.27121652,70.14699858
74,1781860550.892370,79.16638067,67.61908505,72.17666674
74,1781860550.960034,79.33346331,65.63373589,71.21570129
74,1781860551.055192,80.65130685,67.36985609,71.35037056
74,1781860551.120456,81.32251267,68.13542983,71.27927222
74,1781860551.148529,81.45952649,68.64497080,71.50588210
74,1781860551.217575,81.74317896,69.28650784,71.54603315
74,1781860551.299473,83.32920583,70.63383200,71.81229401
74,1781860551.371565,78.68848553,69.52972500,67.03062007
74,1781860551.458045,79.02318951,70.22311790,68.33467430
74,1781860551.523045,79.53272683,71.02302079,67.98643247
74,1781860551.548773,79.10356948,71.00443580,68.91517598
74,1781860551.618032,82.44768325,71.91014837,72.46211618
74,1781860551.698595,84.99438171,74.33069862,75.86755349
74,1781860551.762268,84.13577041,76.77752679,74.79291301
74,1781860551.857025,86.29555952,78.98500026,78.37069344
74,1781860551.923457,86.98766986,79.22041086,80.20127914
74,1781860551.952995,88.42695986,78.19903114,83.46685781
74,1781860552.015368,86.68752784,79.07471463,80.74792041
74,1781860552.096757,81.56539292,75.47489405,75.82124192
74,1781860552.162446,84.88736827,78.89127658,79.81460444
74,1781860552.257408,92.97583291,86.52397717,89.05021021
74,1781860552.321749,97.20158195,91.06619046,92.30974600
74,1781860552.371748,96.72301640,90.40928483,91.03748159
74,1781860552.603147,100.06599088,92.64321662,93.04257773
74,1781860552.630363,100.87345220,93.96475411,94.33704298
74,1781860552.689571,101.04832393,94.55667048,94.40302627
74,1781860552.753098,96.91265864,91.45231791,91.61903768
74,1781860552.786148,97.37500839,91.51940532,91.30785295
74,1781860552.848352,102.47683894,92.96121173,98.21624847
74,1781860552.928894,103.45718198,93.84972926,98.77956370
74,1781860553.019130,105.19711203,94.96064985,99.17908136
74,1781860553.087293,106.70276298,96.33326206,100.41711416
74,1781860553.151529,107.39998033,97.19732383,100.55036888
74,1781860553.181550,109.15877016,98.13920149,101.61211399
74,1781860553.246554,109.15649114,98.35199518,102.41517574
74,1781860553.329718,110.01309083,98.85357300,102.76453291
74,1781860553.427818,109.80474822,99.14234164,102.08029094
74,1781860553.501705,113.06489016,101.57142506,105.87518496
74,1781860553.572166,112.68456054,101.00741877,106.11648435
74,1781860553.603654,113.10685958,101.45583067,107.31559605
74,1781860553.646335,111.47666124,103.22220376,105.52078727
74,1781860553.727250,122.66464497,113.31721603,114.64043222
74,1781860553.826573,157.15800211,148.11803645,149.36157459
74,1781860553.886187,176.09998173,168.37016563,168.95127825
74,1781860553.948195,193.91861193,187.77899833,187.34092189
74,1781860554.033750,193.82077430,187.76684691,186.83048788
74,1781860554.064223,195.87473076,190.30275424,188.52236226
74,1781860554.127216,196.58669153,190.52938814,190.11024985
74,1781860554.231094,198.71038019,192.37591923,193.62297744
74,1781860554.289419,198.18967603,192.40649695,190.74855909
74,1781860554.352959,200.93431515,193.71969228,192.28438790
74,1781860554.387208,201.05774583,194.25045817,192.52676231
74,1781860554.461924,199.18096618,192.98418990,189.53130975
74,1781860554.524765,191.32780471,186.26650926,185.42305727
74,1781860554.620265,181.24831979,176.09090238,175.58395131
74,1781860554.688755,169.05266381,163.01268414,163.25579494
74,1781860554.753667,155.42391142,146.00890350,149.31814450
74,1781860554.785731,139.30858371,129.13371601,134.31873255
74,1781860554.849343,119.50408874,108.86222645,111.07597686
74,1781860554.929897,93.49552539,82.11355181,84.87890465
74,1781860555.030992,72.26314687,60.98556651,63.03193010
74,1781860555.088474,65.69948379,55.33449651,56.40092444
74,1781860555.152761,59.46039534,50.30182979,50.42314584
74,1781860555.186923,56.63794212,47.71501055,48.34484840
74,1781860555.250328,54.76451882,45.85258274,47.40816764
74,1781860555.324028,56.42918250,46.85589373,49.23424062
74,1781860555.419226,54.73379933,44.50018600,46.34190755
74,1781860555.513459,55.60841500,44.23571341,49.05634886
74,1781860555.585342,71.54750892,58.11682148,64.62977450
74,1781860555.616558,75.69367877,63.26970010,69.73676033
75,1781860548.931343,57.16210719,52.06957675,30.54694219
75,1781860549.026558,60.61378042,54.27037922,32.61695128
75,1781860549.087218,54.04234575,47.20810074,26.86562977
75,1781860549.132304,50.98338744,44.97754757,25.30687605
75,1781860549.186663,41.93954922,38.75876166,22.15730099
75,1781860549.247860,37.44307908,36.17122655,22.25550013
75,1781860549.327148,36.23701702,35.45071801,22.69363834
75,1781860549.424789,35.60650866,35.61956510,26.56258893
75,1781860549.484398,36.64831671,36.78876163,27.18084553
75,1781860549.538383,38.14455808,37.49374180,26.88304787
75,1781860549.582552,40.02571018,38.34739472,28.32265266
75,1781860549.648391,41.91023619,39.61438762,28.78063080
75,1781860549.732550,43.85577014,40.67574344,28.55030688
75,1781860549.965859,45.12547336,40.87253398,28.97007914
75,1781860549.995002,48.24276860,42.86280195,30.32448307
75,1781860550.027426,49.97709915,43.57839120,30.28686209
75,1781860550.096934,53.13725161,44.84949767,30.97337945
75,1781860550.162081,54.36404766,45.19730242,30.82129708
75,1781860550.255663,57.46753382,46.52793702,35.02893138
75,1781860550.322875,55.85163413,44.95869662,34.04752526
75,1781860550.360925,57.93848026,46.85648776,34.48530823
75,1781860550.414994,54.58550589,44.38416042,32.30861853
75,1781860550.492273,54.48543329,43.03288571,30.72135492
75,1781860550.558971,53.30429747,41.50297772,29.68644738
75,1781860550.655858,49.66605742,41.10879121,25.65188878
75,1781860550.720689,53.24409500,41.43678523,28.86170536
75,1781860550.747155,54.09795237,42.10608781,28.71633942
75,1781860550.812959,55.54508701,43.51371468,28.81244928
75,1781860550.892370,62.87175692,50.12615148,36.59936591
75,1781860550.960034,71.39546473,56.58673573,42.49972881
75,1781860551.055192,62.42009215,49.34791820,37.22776935
75,1781860551.120456,54.10456739,42.66612117,33.45132005
75,1781860551.148529,50.47974008,40.20721850,32.10569780
75,1781860551.217575,46.72018392,38.84953650,32.51221360
75,1781860551.299473,45.63004724,39.27510679,32.15069847
75,1781860551.371565,42.35529956,39.32323675,31.03387761
75,1781860551.458045,40.66133506,39.11738942,32.18001976
75,1781860551.523045,39.26402851,38.34486265,31.35547103
75,1781860551.548773,39.07355855,38.70291374,31.11887476
75,1781860551.618032,40.36968581,37.92004966,33.58052059
75,1781860551.698595,42.03076422,39.81778844,35.38694248
75,1781860551.762268,42.43023376,42.77916560,35.31659133
75,1781860551.857025,45.90288881,46.33163204,38.06093827
75,1781860551.923457,46.35632680,47.95641937,39.83212059
75,1781860551.952995,49.67198278,48.68804493,43.20221205
75,1781860552.015368,48.79757446,49.56948099,42.21106952
75,1781860552.096757,43.46155983,47.85826109,35.88734310
75,1781860552.162446,48.28211933,52.83725439,39.86389577
75,1781860552.257408,56.69156186,61.41447790,46.55853636
75,1781860552.321749,59.48501395,63.94112747,47.77215036
75,1781860552.371748,59.04975527,63.66419069,47.50008745
75,1781860552.603147,58.05108160,62.00404018,45.58631693
75,1781860552.630363,56.97593059,60.94226275,44.20666997
75,1781860552.689571,54.46963745,58.16516402,41.25304694
75,1781860552.753098,49.85752082,52.20022093,36.83574295
75,1781860552.786148,46.75991913,47.43471644,33.90082333
75,1781860552.848352,51.39736402,47.49574580,38.41806785
75,1781860552.928894,63.69219050,57.19239246,46.56796007
75,1781860553.019130,60.55289268,53.73001520,39.56030469
75,1781860553.087293,53.36803121,47.24755017,34.18394011
75,1781860553.151529,50.77541729,45.43426334,33.00100893
75,1781860553.181550,48.27640101,41.79325581,31.13153488
75,1781860553.246554,47.47927259,40.53299220,28.73011228
75,1781860553.329718,49.96095375,41.20198414,29.04226168
75,1781860553.427818,56.58948415,47.09964966,32.41475742
75,1781860553.501705,66.30665228,55.69589819,38.44647951
75,1781860553.572166,75.18053579,64.69211664,44.68720933
75,1781860553.603654,77.94655714,67.56877596,46.03745181
75,1781860553.646335,78.70579265,71.34606675,46.65322998
75,1781860553.727250,80.41160168,72.92591965,48.51030100
75,1781860553.826573,82.18702371,74.42878456,51.47336257
75,1781860553.886187,81.23893510,73.83343377,51.37738136
75,1781860553.948195,78.24467177,71.35504828,49.83401720
75,1781860554.033750,74.81303141,68.51567694,46.54199252
75,1781860554.064223,67.76302351,63.15358393,44.01984851
75,1781860554.127216,71.06051974,65.60274139,48.60756706
75,1781860554.231094,71.50156121,65.48130206,50.49582152
75,1781860554.289419,72.05602950,65.99165080,45.25187056
75,1781860554.352959,75.68265819,66.49755471,44.87373674
75,1781860554.387208,73.61865745,64.23736061,42.99416997
75,1781860554.461924,70.14877577,61.10595986,39.14971349
75,1781860554.524765,63.46981928,56.04873080,38.16153349
75,1781860554.620265,58.79462040,50.98660879,34.58656395
75,1781860554.688755,54.98205983,47.51669947,29.54072562
75,1781860554.753667,54.30401852,44.51253704,29.61188889
75,1781860554.785731,51.52025112,41.92910732,27.57155658
75,1781860554.849343,48.76294680,40.38299627,23.27492119
75,1781860554.929897,45.84275480,38.50543169,22.32066781
75,1781860555.030992,45.72277784,38.19312953,21.35871219
75,1781860555.088474,44.42813518,38.40781348,23.70414302
75,1781860555.152761,41.52336353,35.87754434,21.33665734
75,1781860555.186923,43.64630168,37.15481053,21.12260355
75,1781860555.250328,47.68834853,39.36221714,21.96804164
75,1781860555.324028,50.04055994,41.48307004,23.22433654
75,1781860555.419226,48.71412915,40.69387362,21.56218825
75,1781860555.513459,48.31908082,39.39554757,23.14385368
75,1781860555.585342,50.99927579,39.32452171,25.55754944
75,1781860555.616558,52.54268147,40.62057652,26.19088312
75,1781860555.644642,39.43619203,30.35873578,13.92988266
76,1781860556.755912,220.98123906,214.02620363,211.95871686
76,1781860556.816051,253.12862954,253.63297066,252.62280649
76,1781860556.874932,251.32592591,252.13399091,254.91287545
76,1781860557.021940,233.89259304,238.21888442,249.66891732
76,1781860557.088428,171.94967342,173.07370418,189.66519831
76,1781860557.150881,169.51517619,168.25201347,179.49753531
76,1781860557.180164,174.65810445,170.00257951,175.36841155
76,1781860557.246545,170.99324241,163.55304404,164.09700620
76,1781860557.323870,167.29538802,156.95539021,152.26018046
76,1781860557.422977,162.55627744,152.18337826,147.37789886
76,1781860557.484866,156.60681689,146.61109982,141.51016958
76,1781860557.548394,153.07333002,141.58577225,138.20828846
76,1781860557.580192,153.91194846,142.53253190,137.95594204
76,1781860557.647046,146.93604873,135.03978827,131.21882482
76,1781860557.721352,140.28401651,128.04301128,124.00065714
76,1781860557.816326,135.01535318,122.57008353,117.41520169
76,1781860557.884411,133.37679101,120.03977273,114.52514010
76,1781860557.954789,130.62658556,116.56461267,115.54187211
76,1781860557.982781,132.72904291,118.23423672,116.50406393
76,1781860558.047213,128.25298672,114.62168522,115.32809041
76,1781860558.127567,125.93695125,110.99058172,111.49329244
76,1781860558.220473,116.43170957,101.15257240,101.84716151
76,1781860558.285381,119.29526941,102.96042777,103.65716563
76,1781860558.347630,116.21358927,99.54543819,101.65257785
76,1781860558.377211,114.71923556,98.33238111,99.83070088
76,1781860558.448398,110.02299297,94.25549959,96.06936247
76,1781860558.523137,105.48966032,90.23088787,91.14951977
76,1781860558.623075,98.00155469,83.03729586,84.26466067
76,1781860558.687006,94.18914635,79.23749507,80.82796500
76,1781860558.744685,88.49173456,74.98634190,75.50611384
76,1781860558.776365,88.03576364,74.22778105,74.94009272
76,1781860558.841655,83.08426987,70.30159137,70.87487062
76,1781860558.924239,78.50828773,66.49464447,66.01601658
76,1781860559.021118,69.21757156,58.02362293,58.30398053
76,1781860559.086135,68.11266985,57.68384528,61.81494600
76,1781860559.153375,67.04685158,57.38698101,61.79029128
76,1781860559.181846,64.75210846,57.88887986,58.20140618
76,1781860559.247621,67.29412453,58.11150299,62.52098432
76,1781860559.328172,67.86343424,59.02831298,64.38055248
76,1781860559.423995,74.62228078,68.02274735,71.26254155
76,1781860559.486291,82.40657579,72.54895345,79.23136132
76,1781860559.548855,86.53621089,76.65421633,84.49712637
76,1781860559.578145,86.45347622,76.37955903,78.85157250
76,1781860559.647375,91.22178224,81.14180881,83.82975122
76,1781860559.727025,96.54050520,85.60790577,88.28664754
76,1781860559.822272,103.59303256,91.95727716,94.01094643
76,1781860559.888420,106.70721189,95.47502932,98.05895721
76,1781860559.945388,107.28718786,95.39870637,98.26173261
76,1781860560.164349,106.90351441,95.18216146,97.54020118
76,1781860560.196409,111.25151410,95.85539990,102.41402746
76,1781860560.252768,111.73655051,95.80316117,102.78795397
76,1781860560.318757,112.76363879,96.19468349,103.12800675
76,1781860560.354860,112.51904332,96.33581255,103.44555830
76,1781860560.414045,113.41197227,96.94456163,103.18847149
76,1781860560.479229,113.89620663,97.06823771,103.51854101
76,1781860560.575204,113.76307541,97.13707522,102.98360704
76,1781860560.648865,109.93744139,96.89122377,98.07394393
76,1781860560.716753,114.38357545,97.44383713,103.48681257
76,1781860560.753011,114.56082407,97.59256143,103.09926498
76,1781860560.810495,111.80964534,97.86584298,99.37016578
76,1781860560.877919,111.66400606,97.57756677,98.99220813
76,1781860560.954095,115.03066894,97.83397464,103.32047502
76,1781860561.054626,115.29348502,97.73227300,103.40828180
76,1781860561.125052,117.26698154,98.35204456,104.71225539
76,1781860561.159286,117.56418236,98.79277171,103.64889266
76,1781860561.214912,117.10551710,98.07324540,103.25931904
76,1781860561.277289,112.88242829,97.73274450,98.70297203
76,1781860561.355692,116.54072061,97.70372106,103.13008570
76,1781860561.450257,112.74037703,97.32236667,98.36424570
76,1781860561.520131,112.74706685,97.66904282,97.65541306
76,1781860561.585953,112.63524158,96.95128674,97.44576948
76,1781860561.652944,111.86200151,96.80872042,97.24743150
76,1781860561.683206,111.92382150,97.76755923,97.89392879
76,1781860561.758925,116.70231916,98.66248687,103.63441911
76,1781860561.854443,113.98466879,99.02636163,98.67543232
76,1781860561.919669,114.06896581,99.68447206,99.03057528
76,1781860561.984358,114.31235871,99.73964251,99.26057746
76,1781860562.013465,115.06553771,100.40693795,99.86547866
76,1781860562.084379,115.06483163,100.08971908,98.65927478
76,1781860562.160013,114.84690263,99.94770559,99.36656012
76,1781860562.255723,115.15762374,100.55265030,98.87408717
76,1781860562.317316,115.95848995,101.04532814,99.74044778
76,1781860562.384006,115.94665501,101.11612975,100.08296839
76,1781860562.412044,116.72628571,101.27537475,100.32462292
76,1781860562.478677,115.79610355,100.75509699,98.76140890
76,1781860562.561996,116.34845408,100.58327628,98.75915990
76,1781860562.651118,116.57516108,100.62395026,98.86734902
76,1781860562.720618,117.26668397,101.16534941,98.78899590
76,1781860562.782606,116.70995487,100.67532974,98.04639894
76,1781860562.814607,117.46723576,101.08507910,98.45930239
76,1781860562.876013,117.14363956,100.79471439,98.63085948
76,1781860562.960007,117.85296470,101.06200730,98.30669652
76,1781860563.054942,118.35306702,101.27837094,98.48495568
76,1781860563.126369,117.94033949,101.63809852,98.78043553
76,1781860563.187537,117.96392415,101.38193180,99.25625636
76,1781860563.211616,118.44451721,101.72053742,99.20240440
76,1781860563.280051,117.64376940,101.16489781,98.94276070
76,1781860563.362443,118.43236777,101.90692829,99.13247286
76,1781860563.455000,118.56979148,102.02889427,99.15898206
76,1781860563.519827,119.13887175,102.52571499,100.45457765
76,1781860563.588129,117.53735273,101.17900463,98.88610228
76,1781860563.642136,118.17673829,101.72808592,98.92939126
76,1781860563.673270,117.26719171,100.57378586,99.50203586
76,1781860563.758932,116.93584096,100.67743845,99.36812037
76,1781860563.854161,118.10320015,101.27439670,99.54206866
76,1781860563.916798,122.21075613,102.21191561,103.93737835
76,1781860563.981877,118.05673927,101.55618442,99.58946703
76,1781860564.014893,118.63594480,102.48730223,100.32733817
76,1781860564.091158,118.67506598,102.42882200,100.26023782
76,1781860564.157365,117.61402444,101.97611624,100.22408371
76,1781860564.255043,117.85427042,102.23911786,100.27255828
76,1781860564.320383,117.72014337,102.19590553,100.65692944
76,1781860564.384757,117.67367406,101.69982398,100.09015365
76,1781860564.411196,118.02646793,102.33110727,100.08165613
76,1781860564.480204,117.55982191,101.51597010,99.44360855
76,1781860564.566623,119.02732839,102.71867117,100.54607681
76,1781860564.653455,119.33635496,103.18305244,100.95830386
76,1781860564.718521,119.63308796,103.27417528,100.94964046
76,1781860564.785521,118.96671826,102.64555720,100.09070129
76,1781860564.810795,120.38420346,103.86581426,101.61890508
76,1781860564.877911,118.03791311,101.53472997,100.61769950
76,1781860564.957502,116.52512554,100.58547006,99.93400693
76,1781860565.055318,109.22965016,94.58854882,94.15833157
76,1781860565.124660,105.41728661,92.50623677,91.76760913
76,1781860565.183518,87.55411131,74.69226467,77.68158809
76,1781860565.209561,82.46766959,69.83470341,72.88376657
76,1781860565.279607,72.60148632,60.75177174,63.24556359
76,1781860565.358604,64.03020231,54.88305442,57.67285028
76,1781860565.454268,57.98807224,48.79978017,50.37370674
76,1781860565.520426,66.66421187,53.61196720,46.05494015
76,1781860565.580895,78.37212999,59.75488020,43.39298138
76,1781860565.660070,70.08109289,54.11276356,39.61531092
76,1781860565.677783,42.94276668,28.70985071,14.14267589
77,1781860572.655929,100.35356255,88.51573897,74.09750660
77,1781860572.714792,114.20947735,101.23969551,90.78806515
77,1781860572.780184,122.39779568,106.58111975,102.20825378
77,1781860572.812047,124.57681261,108.83072585,107.91598020
77,1781860572.874793,132.82730958,123.24202921,121.96321202
78,1781860574.321029,51.47498986,42.11967091,28.36307007
78,1781860574.380787,35.43958238,27.08230673,22.61804295
78,1781860574.412966,34.05863131,26.56116220,21.54690721
78,1781860574.478728,32.44545937,26.33708161,24.19879781
78,1781860574.565118,29.13281344,24.98722589,25.66233968
78,1781860574.656554,30.92150433,29.75351625,26.88724661
78,1781860574.719278,32.95365377,33.35520096,29.57570002
78,1781860574.783980,37.90753858,38.66604244,33.97408296
78,1781860574.815421,35.98096322,36.40393918,31.30019226
78,1781860574.881800,42.29174731,43.44942914,36.21953823
78,1781860574.959878,46.71725447,46.99718067,38.24331191
78,1781860575.062692,69.59849445,64.52494840,55.86794849
78,1781860575.120825,80.43017300,76.88072641,68.47981768
78,1781860575.187527,88.05004696,81.36839432,75.83540031
78,1781860575.217901,87.85659356,80.40206892,75.72847489
78,1781860575.279316,89.21204576,83.27084359,76.46548180
78,1781860575.364500,92.07822611,84.64246205,79.03808405
78,1781860575.460885,88.40144575,81.03732573,72.08136623
78,1781860575.521886,77.26855717,69.70149421,62.22055886
78,1781860575.586490,69.95074781,60.68043096,55.67567365
78,1781860575.615541,70.01206282,58.99599885,55.24553525
78,1781860575.682788,74.38395193,59.45916159,56.05610133
78,1781860575.764983,78.59559154,62.71613567,59.64147192
78,1781860575.852486,82.33475453,65.33294661,62.20595236
78,1781860575.920846,82.03070220,67.19555468,60.28870238
78,1781860575.983821,80.54842306,64.84636644,59.16095639
78,1781860576.020160,79.53083194,63.81378433,56.77060735
78,1781860576.079604,80.14970563,60.89544715,57.75723633
78,1781860576.163050,80.35280440,60.10454740,55.67999999
78,1781860576.256688,91.03569928,72.21477992,64.52794858
78,1781860576.316396,100.84457486,82.83470859,74.44084951
78,1781860576.386024,100.26435576,82.33690814,73.18892290
78,1781860576.411558,112.77148809,94.46865603,86.54052708
78,1781860576.480283,160.78517280,142.49141164,136.61466654
78,1781860576.564203,200.30231405,185.86538769,178.32361434
79,1781860574.656554,51.17693298,41.69649103,38.10164301
79,1781860574.719278,58.54112285,48.69623604,43.69747284
79,1781860574.815421,41.42975370,34.38964367,32.63112947
79,1781860574.881800,41.50417904,33.42246848,29.57222126
79,1781860575.062692,49.92335652,38.26634643,35.10880466
79,1781860575.120825,48.22415689,37.41216110,34.13554017
79,1781860575.217901,56.61285557,43.39277277,43.07073593
79,1781860575.364500,62.29246016,50.38834360,48.06818751
79,1781860575.460885,61.41257389,49.00056819,43.01258460
79,1781860575.586490,57.41992780,43.14501356,36.96250242
79,1781860575.615541,64.17197446,47.45185461,40.50417395
79,1781860575.682788,73.43698918,53.01265348,44.79660320
79,1781860575.764983,79.91845076,58.20642313,49.95884738
79,1781860575.920846,86.05731384,66.13131889,54.37890273
79,1781860576.386024,90.94803532,74.01029653,64.54754473
80,1781860575.062692,83.24825091,67.82724708,69.10692649
80,1781860575.120825,71.23978301,59.21295226,59.45621178
80,1781860575.187527,74.05009773,59.93293662,62.82614903
80,1781860575.217901,76.34074477,61.80187909,65.68428842
80,1781860575.279316,75.04824078,64.31264201,65.49398382
80,1781860575.364500,77.68162454,66.98160138,69.47458435
80,1781860575.460885,79.98145962,69.15538716,67.01771578
80,1781860575.521886,79.72249541,69.14853176,66.51854514
80,1781860575.586490,78.02507059,66.20555470,66.08803611
80,1781860575.615541,81.89003430,70.17920384,70.20243565
80,1781860575.682788,89.47598804,74.66251146,74.07384933
80,1781860575.764983,99.05911849,82.91751769,82.50843390
80,1781860575.852486,112.42928893,95.51530101,92.03113526
80,1781860575.920846,116.25303477,102.06979846,93.51109045
80,1781860575.983821,114.35008249,100.29883319,91.94306885
80,1781860576.020160,114.27773700,100.22101455,91.86793011
80,1781860576.079604,114.25493036,97.89135021,93.49910289
80,1781860576.163050,113.64608653,97.83596640,93.22298210
80,1781860576.256688,110.14647463,97.55483617,92.63923002
80,1781860576.316396,108.22860123,96.54536540,90.78315372
80,1781860576.386024,109.89498050,98.60286322,88.45340540
80,1781860576.411558,113.51723712,101.38176441,91.11668242
80,1781860576.480283,126.02263841,112.68099601,105.44066098
80,1781860576.564203,138.20458795,124.05223075,117.48818608
80,1781860576.655702,132.77255542,121.84175616,112.38351994
80,1781860576.719697,116.60409465,105.36332925,102.70584720
80,1781860576.781609,108.34564407,94.37278330,96.86967602
80,1781860576.816984,101.95603381,88.46564618,91.81680182
80,1781860576.884644,97.25959599,83.43780790,87.28909815
80,1781860578.811749,63.17086948,54.23450030,56.76592007
80,1781860578.876989,63.97480539,54.52034840,57.01115114
80,1781860578.958472,63.40128483,53.70951080,55.02198697
80,1781860579.056173,60.94493971,51.28867251,54.28574548
80,1781860579.119426,63.16349866,52.95075346,56.16040862
80,1781860579.182055,67.49199359,56.33313044,58.49436858
80,1781860579.216499,69.37543106,57.91206509,60.04195400
80,1781860579.678766,73.14143101,58.93430470,64.61656533
80,1781860579.759248,78.25283123,61.83954744,64.61087250
80,1781860579.856578,72.06546749,58.67860549,63.07531780
80,1781860579.916776,69.75385486,56.80161622,61.77953827
80,1781860579.982264,69.02130879,56.70977959,62.34091991
80,1781860580.012242,69.54881105,56.76459374,62.43550456
80,1781860580.075567,68.83660411,56.97925696,63.37199515
80,1781860580.159134,69.19025429,57.38937021,64.12462506
80,1781860580.255139,69.58174206,58.44552323,64.92092578
80,1781860580.316108,69.57367993,57.63344392,64.97209808
80,1781860580.382099,69.57736746,57.67264860,64.38303180
80,1781860580.411930,69.03831508,57.34654987,63.35930490
80,1781860580.477665,66.69720366,57.83534249,59.05673800
80,1781860580.579030,66.23895639,57.35877416,58.26790465
80,1781860580.780253,59.64825561,49.40977356,54.63797532
80,1781860580.813442,58.04523318,48.09281457,53.07812042
80,1781860580.843205,53.03443967,45.90021514,48.25663949
80,1781860580.905655,50.56534476,43.80243145,46.22654399
80,1781860581.024109,54.12347108,45.99057208,47.33092978
80,1781860581.091810,58.36683053,49.69883994,50.25384393
80,1781860581.151199,62.28035439,52.80954663,51.98772921
80,1781860581.231770,63.72529735,54.02739984,53.14017235
80,1781860581.260788,66.90581703,56.51488758,55.88190921
80,1781860581.308432,68.63292654,58.08368925,58.34227629
80,1781860581.422420,70.23278414,59.77174416,63.31366496
80,1781860581.486645,71.37696124,61.11370211,64.07661758
80,1781860581.545583,71.90284794,61.57322207,64.88494677
80,1781860581.586016,71.57719607,60.90563419,64.08506126
80,1781860581.651615,73.43281471,62.77386928,66.30660106
80,1781860581.708063,78.83923400,67.72520895,71.06725850
80,1781860581.824409,87.62390988,76.03615330,79.22525464
80,1781860581.886976,95.00084445,82.96829563,85.11820401
80,1781860581.953249,105.81603019,93.39183020,94.79045503
80,1781860582.010676,110.54776145,98.60149988,98.85824937
80,1781860582.042719,124.27469122,113.87996677,112.67403742
80,1781860582.108209,138.42162853,127.74561253,120.05912724
80,1781860582.221619,143.15110343,129.47258383,116.05029871
80,1781860582.287454,139.45025886,128.53163930,116.64776932
80,1781860582.352160,133.72674007,125.44690496,115.95574883
80,1781860582.391673,130.14312722,121.16346268,110.78574949
80,1781860582.446854,125.52812410,117.67464398,108.94839338
80,1781860582.513154,125.42498133,118.22126272,109.16143521
80,1781860582.623750,122.68698166,116.01762610,108.25612406
80,1781860582.693792,125.87378602,119.83828533,111.85655740
80,1781860582.747887,125.56392328,120.07690821,113.16826898
80,1781860582.787831,128.54382812,123.19561574,116.91145908
81,1781860576.564203,115.70126529,96.46688662,86.95366960
82,1781860576.719697,98.23070313,86.71150453,63.90874327
82,1781860576.781609,92.80436895,80.09232921,60.14186263
82,1781860576.816984,82.06765732,71.25744690,53.86469858
82,1781860576.884644,60.39488125,52.58863046,40.67905643
82,1781860576.963638,59.29833892,50.12920604,43.28549866
82,1781860577.057154,55.26539821,48.37183793,42.00982810
82,1781860577.122813,55.45760234,48.28554090,39.57064438
82,1781860577.187921,49.55054160,48.85550830,42.46077188
82,1781860577.212101,46.28269244,45.16573714,39.22703965
83,1781860585.022920,33.28224683,27.74797017,26.19937261
83,1781860585.083122,38.89459864,32.86406160,30.94549676
83,1781860585.149171,38.50765433,31.07183958,31.71795362
83,1781860585.215437,36.48258767,31.26344977,30.35614429
83,1781860585.241637,37.29946228,31.79004514,30.82025763
83,1781860585.307729,39.00799794,34.09440118,32.95945784
83,1781860585.423233,41.83663866,36.55411219,35.34052026
83,1781860585.489613,42.70830991,37.83319529,36.66540212
83,1781860585.545405,43.69453461,38.62735488,38.84777649
83,1781860585.616976,43.69126975,39.19639806,39.46785065
83,1781860585.643984,44.82601524,40.04962520,40.58796677
83,1781860585.710732,43.99096362,39.13825546,40.26894435
83,1781860585.823504,45.20090680,39.37029242,44.48647442
83,1781860585.880541,46.60252988,40.56273290,46.03042538
83,1781860585.948601,46.97990896,40.93076564,47.70416589
83,1781860586.009728,47.26085836,41.38776210,48.37609313
83,1781860586.041545,47.60162343,42.06575984,48.63401627
83,1781860586.113129,50.98827696,45.74358073,50.58231819
83,1781860586.221455,55.09595471,49.57303425,52.92118064
83,1781860586.285192,57.93751189,52.03865195,54.81827568
83,1781860586.348984,60.14844576,53.26051488,55.04855217
83,1781860586.414051,61.95304693,55.22017423,55.81913033
83,1781860586.442535,63.55787422,55.89207927,56.03144699
83,1781860586.514729,61.48852122,53.18882158,54.37233802
84,1781860589.427058,51.12792752,43.05045336,41.45650821
84,1781860589.480927,50.27217526,40.56805636,40.44810086
84,1781860589.549318,49.37169134,39.58387220,38.64563583
84,1781860589.616233,54.90573380,43.40349083,42.53321374
84,1781860589.645232,58.70568305,45.99834306,45.85229207
84,1781860589.710990,58.09436605,48.15861670,45.14793739
84,1781860589.822217,63.50897491,51.01564501,49.38095601
84,1781860589.886560,67.04641193,54.07275807,51.46568250
84,1781860589.949476,65.10146812,54.53170555,51.50977490
84,1781860590.011431,72.58495874,61.53233092,56.21859115
84,1781860590.042436,69.53673374,59.04081978,54.95134011
84,1781860590.111687,89.82052742,80.60451782,76.01352994
84,1781860590.224875,115.76855615,107.17761299,106.29517702
84,1781860590.281435,125.28090461,117.40975316,117.83716724
84,1781860590.348716,131.75858547,125.60551721,124.93455328
84,1781860590.412549,140.82798477,135.27573535,135.07796773
84,1781860590.441700,139.92593308,134.43432538,132.82707300
84,1781860590.514528,138.91428374,133.49113109,132.12221226
84,1781860590.623349,143.34647898,136.69445284,134.87054447
84,1781860591.307845,170.54659460,167.18087437,165.01163426
84,1781860591.422546,157.87396728,152.64653377,147.92842835
84,1781860591.485289,131.38390154,125.32278736,119.80177638
84,1781860591.552695,114.72045234,106.21171977,103.57156127
84,1781860591.615120,91.17771685,82.58545973,81.28895665
84,1781860591.645267,81.07789849,73.50183427,70.27395970
84,1781860591.710565,66.92264947,58.30883759,55.66419800
84,1781860591.822790,58.74113634,50.71409608,48.68146573
84,1781860591.884785,51.27282854,43.53550186,41.81277355
84,1781860591.952142,47.50828438,40.62505680,39.33015381
84,1781860592.016378,42.88609048,37.01468649,36.15437914
84,1781860592.041720,42.59166016,36.77652498,36.29251706
84,1781860592.109061,41.28539561,36.18913270,37.14148157
84,1781860592.222886,41.95447955,37.10260637,37.60704414
84,1781860592.287551,43.22192145,37.91674219,39.55576915
84,1781860592.350324,43.78471988,39.17240683,40.23485188
84,1781860592.414723,46.27383807,41.98953052,40.98994209
84,1781860592.442018,48.62796346,44.29275112,42.00693260
84,1781860592.512426,49.03790953,45.51852249,42.96103526
84,1781860592.624183,49.66257794,46.30493561,46.00360123
84,1781860592.687673,50.52003717,47.35865308,47.11506231
84,1781860592.751098,51.13381077,48.00201604,49.86683109
84,1781860592.815344,51.51936950,48.77212185,51.41457186
84,1781860592.840404,53.18997088,49.66010297,52.56301024
84,1781860592.911321,54.82523705,51.07624965,53.79027606
84,1781860593.023124,56.65542178,53.12900551,52.42827944
84,1781860593.086297,57.54667785,53.80941928,52.80621742
84,1781860593.150889,56.46544542,52.87893709,55.02340478
84,1781860593.382193,55.97146657,52.00194234,54.00696846
84,1781860593.417852,56.85858649,52.55493020,54.15478645
84,1781860593.449156,57.54070490,53.33615915,53.87652008
84,1781860593.518832,56.37760283,51.48719322,52.43468848
84,1781860593.582989,54.11480381,49.84383249,50.67951514
84,1781860593.631078,53.44082326,49.21178579,49.81776699
84,1781860593.678859,51.70809775,47.58416786,48.90822204
84,1781860593.745619,50.96973287,46.78543707,48.73847064
84,1781860593.854319,51.75626418,45.86976725,47.27347718
84,1781860593.916020,50.28921568,45.17902086,46.50445852
84,1781860593.981397,49.79254806,44.45743643,46.13987019
84,1781860594.031798,48.70924789,43.56859175,45.29327144
84,1781860594.077525,47.14367295,41.99187088,43.12575299
84,1781860594.142636,42.62640229,39.32947834,40.79592027
84,1781860594.253194,43.66840401,39.60656986,38.81125983
84,1781860594.325670,45.48299343,40.35668981,38.55128312
84,1781860594.376635,43.30395154,37.23476019,37.26377898
84,1781860594.422083,43.56716490,37.29711189,36.86935860
84,1781860594.478587,40.90142369,32.52160995,28.52524183
84,1781860594.545206,35.83741852,27.77227019,27.20771982
84,1781860594.654005,32.31128141,24.68010966,26.04459481
84,1781860594.719272,35.30135295,25.38236874,28.95772724
84,1781860594.789093,35.88204882,27.38723991,28.35308075
84,1781860594.838191,38.94828169,29.79167503,30.02353365
84,1781860594.874240,84.17782625,68.30592483,68.65578431
84,1781860594.943219,66.05631530,56.71571885,53.56384828
84,1781860595.056282,56.81248142,51.24168700,50.43368747
84,1781860595.120798,53.06910274,48.53980254,49.50518718
84,1781860595.184935,57.03010626,52.09714406,51.91957516
84,1781860595.228325,62.49549626,57.17793457,56.06602096
84,1781860595.288294,66.70646854,61.70500914,60.09723521
84,1781860595.343294,70.50587211,65.38762261,61.22312267
84,1781860595.454506,78.68778173,70.15015435,67.17923600
84,1781860595.518869,80.55269036,71.97350681,67.27843504
84,1781860595.589347,81.57327098,71.90494881,69.27097838
84,1781860595.633821,82.87048495,71.75502668,71.36467490
84,1781860595.681198,88.35583974,75.58991282,76.06604291
84,1781860595.755126,86.16582747,76.66770960,74.01319457
84,1781860595.856249,89.40991306,77.03210519,76.31588954
84,1781860595.919249,90.75041685,75.27830197,74.87198327
84,1781860595.982994,87.73025648,72.47921313,72.43637294
84,1781860596.022996,83.10777408,68.32426758,67.59402157
84,1781860596.077558,81.52562139,69.08626072,65.93186199
84,1781860596.138277,78.92003032,66.90673025,63.42713015
84,1781860596.253641,78.27701458,65.75396064,61.77186590
84,1781860596.331098,75.23731582,62.88999182,63.52583547
84,1781860596.383111,71.04706965,58.79532694,59.84945919
84,1781860596.429612,66.74604303,55.21281958,55.95583611
84,1781860596.477778,62.77445951,52.07487668,53.57612212
84,1781860596.542777,56.12974042,48.24071735,46.20570342
84,1781860596.654814,57.35666076,47.53642606,48.37998416
84,1781860596.720002,56.09414422,46.75776106,47.54566044
84,1781860596.783391,54.51528873,45.43141246,45.48304905
84,1781860596.841905,54.12499643,44.89500141,45.55294698
84,1781860596.874123,51.96573541,43.08563919,43.77928523
84,1781860596.941235,48.70006680,41.92214276,42.75534717
84,1781860597.054502,49.78201157,40.99887989,41.64081966
84,1781860597.120169,48.86627283,40.56857885,41.64342824
84,1781860597.183770,50.55679077,40.01175647,43.44693612
84,1781860597.232208,50.98100968,40.12866131,42.93336961
84,1781860597.289280,51.93014438,41.07222091,44.06863193
84,1781860597.343585,51.16303372,42.65979836,45.81100780
84,1781860597.455883,54.15552480,45.45685544,45.85092772
84,1781860597.519019,56.04214123,47.28106667,47.90780595
84,1781860597.585198,56.37117564,47.81480311,48.87488586
84,1781860597.632172,57.42346563,48.55950058,49.15683195
84,1781860597.678373,58.39971415,48.80560164,50.23648898
84,1781860597.743856,60.47248438,50.73841262,53.20524097
84,1781860597.854286,59.57664950,52.30445568,56.84290102
84,1781860597.920695,59.96054869,52.41488843,57.44365058
84,1781860597.982902,58.35390580,51.34307103,57.11845722
84,1781860598.031970,59.35678706,51.88797202,57.75456290
84,1781860598.077350,61.56175727,52.05088152,58.32302485
84,1781860598.136710,62.21451374,52.67446895,58.54633657
84,1781860598.255348,60.71994303,51.75810721,58.06430286
84,1781860598.325715,61.34538217,52.15697011,58.87771198
84,1781860598.380984,62.06415542,52.51280209,59.22235152
84,1781860598.419999,63.18117795,53.34055104,59.36564667
84,1781860598.479870,63.68936749,53.78786811,58.76222737
84,1781860598.544969,63.48130209,53.33976891,58.16665620
84,1781860598.658016,63.99972041,54.09148374,57.64208054
84,1781860598.719648,66.00955165,55.24587283,58.30423214
84,1781860598.780987,67.46239974,56.01306730,59.17044687
84,1781860598.840515,68.04385346,56.66513983,60.10492335
84,1781860598.874643,69.55767788,57.79059984,61.44110240
84,1781860598.942003,71.06485112,59.01866595,62.32876406
84,1781860599.055712,72.20739683,59.83168898,63.38309954
84,1781860599.117698,71.82619306,59.49937430,62.87334701
84,1781860599.181906,71.02514564,59.02866873,62.46350766
84,1781860599.226722,70.36956766,58.17507922,61.91577210
84,1781860599.284020,66.62578388,57.04994622,60.35953533
84,1781860599.342155,65.11430498,55.93290913,59.43861123
84,1781860599.454330,63.13463411,54.02802362,54.18309214
84,1781860599.518834,64.55932949,53.18275659,56.34272878
84,1781860599.583512,63.49593398,51.81554531,55.26825721
84,1781860599.627723,62.18443226,50.92263538,53.72836761
84,1781860599.680257,60.97797503,50.02599316,52.73784394
84,1781860599.743808,60.17711094,49.29934914,52.41474932
84,1781860599.854881,61.62445352,48.78593369,53.88037013
84,1781860599.918880,58.74082403,48.34058152,50.93327681
84,1781860599.982019,58.64503098,48.37308144,50.79768040
84,1781860600.028246,58.11963029,48.23168864,50.74071742
84,1781860600.077384,63.66077892,52.87971338,55.61978865
84,1781860600.139749,67.67360972,56.87825230,58.89395604
84,1781860600.250127,72.64768699,61.32979664,63.86761380
84,1781860600.320263,72.31882740,61.27912735,63.50428181
84,1781860600.383473,72.64714998,60.80432715,63.63701649
84,1781860600.430465,71.96024880,60.59279142,63.79118386
84,1781860600.472602,72.42488094,61.02524795,63.39286067
84,1781860600.542890,72.18360187,60.56849920,62.98777514
84,1781860600.650808,71.95573562,60.43544886,62.24946052
84,1781860600.713623,71.79809482,60.25735665,62.22812781
84,1781860600.787939,71.70046642,59.98075739,61.88070878
84,1781860600.846437,71.06195656,59.67691522,61.41039896
84,1781860600.878628,70.81131936,59.22863334,61.36841433
84,1781860600.941016,69.70780212,58.11051639,60.78748944
84,1781860601.052767,68.07435219,57.12529471,60.62127302
84,1781860601.117841,67.49872434,56.92753392,60.64823575
84,1781860601.185606,68.50909413,57.44559052,61.13257397
84,1781860601.219655,68.37753334,57.80317577,61.40402729
84,1781860601.282340,69.28467050,58.59115458,62.24875609
84,1781860601.341676,69.83421215,59.02135995,63.62499930
84,1781860601.454924,70.68948074,62.02505948,67.65426228
84,1781860602.720443,88.30310006,75.82392344,82.16766476
84,1781860602.784204,82.43972848,70.11191335,76.73260919
84,1781860602.842764,77.62871838,65.23923192,71.46087780
84,1781860602.877836,67.79214024,56.32339560,62.79116627
84,1781860602.947677,62.87944890,50.40792007,60.17275828
84,1781860603.060089,76.83135075,63.20492366,71.16176261
84,1781860603.118336,71.23066797,60.21870588,68.33259773
84,1781860603.182491,73.73877357,65.16757228,70.39483388
84,1781860603.223779,77.88101047,68.47301247,74.03076315
84,1781860603.283486,76.81581912,66.94398933,72.49475942
84,1781860603.343723,76.27481910,66.54269542,72.46628307
84,1781860603.454945,73.89667209,63.80396419,69.31575969
84,1781860603.518878,73.03109295,62.72606776,67.39181034
84,1781860603.579986,72.36076544,62.61133913,66.24543330
84,1781860603.627584,72.32270408,62.59815713,65.59652426
84,1781860603.676929,74.11834534,64.25263315,66.30215449
84,1781860603.745802,81.53422492,70.70970634,66.32376635
84,1781860603.854363,77.68886225,67.68470372,66.04034987
84,1781860603.916834,73.90790952,64.10851206,65.20918429
84,1781860603.983617,75.44533611,65.66970551,67.84177823
84,1781860604.030265,75.64689051,66.35678112,68.34715428
84,1781860604.077122,79.37405673,69.75034996,72.84739498
84,1781860604.141855,79.18724150,68.99106669,74.45429663
84,1781860604.254998,86.21918772,77.75550686,87.08789540
84,1781860604.320129,106.46060636,101.19359144,114.57997100
85,1781860602.842764,192.94857639,175.65103813,166.84227271
85,1781860602.877836,180.91879410,169.41175367,160.19008428
85,1781860602.947677,175.13208676,162.69830227,157.19681986
86,1781860607.241450,36.88062101,34.25144502,31.63424421
86,1781860607.274516,37.89021878,35.03474431,32.07362374
86,1781860607.342150,38.81289510,35.72343885,33.85814797
86,1781860607.455012,42.65762998,39.68729071,34.66062764
86,1781860607.520322,46.74829598,41.48840982,39.25986352
86,1781860607.582376,45.39247559,40.40961998,39.99132595
86,1781860607.649950,46.30801365,41.35736143,42.05298825
86,1781860607.679698,45.69256569,41.56373467,42.71578914
86,1781860607.743706,46.38249923,41.79932498,43.72924967
86,1781860607.854716,47.31732337,42.35915338,44.53367284
86,1781860607.914811,49.52659929,43.81849817,45.92939310
86,1781860607.984900,52.93712733,46.56529041,48.50808114
86,1781860608.047871,53.49758550,48.07330371,50.04174759
86,1781860608.076799,53.84455497,48.69111389,50.47754875
86,1781860608.143056,53.74690199,48.36150114,51.02213005
86,1781860608.256138,55.22461934,50.22001134,52.23522615
86,1781860608.316790,55.70723759,51.12023597,53.34882787
86,1781860608.381650,57.11962063,52.32734480,54.92456999
86,1781860608.444846,58.88762914,53.89328666,56.86659138
86,1781860608.477045,59.97912551,54.76793666,57.01692378
86,1781860608.543616,60.77869369,55.87832624,58.55460373
86,1781860608.655386,62.12184955,57.34126557,59.87936972
86,1781860608.720657,65.11659493,59.62145882,61.22262528
86,1781860608.782926,62.48109242,57.63470350,56.66062379
86,1781860608.847979,62.64462510,57.72467109,57.74683239
86,1781860608.876762,62.37167375,58.02963982,57.98347628
86,1781860608.944553,67.46023261,59.88947866,62.76663951
86,1781860609.057800,68.08447458,60.65963659,63.54502563
86,1781860609.124635,68.48576796,60.63097612,63.31147754
86,1781860609.184180,68.69526205,60.64666726,63.32028196
86,1781860609.248030,68.32778117,60.11239630,63.18531996
86,1781860609.277322,68.56860853,60.81929258,62.63976246
86,1781860609.344912,68.37382303,60.39158735,62.69829469
86,1781860609.455205,69.53841815,60.96225652,62.85702896
86,1781860609.519446,69.35008405,60.58996261,62.51208264
86,1781860609.582494,70.08018925,60.91832303,62.19081851
86,1781860609.647073,70.35455331,60.71323869,62.10177695
86,1781860609.679412,69.79593176,60.00440705,61.48495734
86,1781860609.741944,69.30167094,59.67987163,61.50839052
86,1781860609.853571,68.71739140,60.49165624,62.46729431
86,1781860609.918681,69.76096128,60.50732325,62.49218474
86,1781860609.982638,70.70415076,61.13699870,61.84513072
86,1781860610.046705,71.65064978,61.94488486,62.21519782
86,1781860610.077146,70.54699595,60.85314675,61.61225373
86,1781860610.143141,70.22011719,60.61307717,60.47889362
86,1781860610.254141,66.89800276,57.57138854,57.94197132
86,1781860610.487365,66.00392206,56.66383122,56.15217016
86,1781860610.539850,67.77281424,58.83669378,58.42265980
86,1781860610.653841,65.47917710,56.48435198,55.19959889
86,1781860610.721287,52.59196519,43.88986236,44.30717670
86,1781860610.783653,48.78456143,40.57356546,41.32797017
86,1781860610.843121,46.76351058,38.49068562,39.13488424
86,1781860610.875024,45.20822040,37.30479658,38.71345963
86,1781860610.945952,43.69638507,36.44324228,37.26480012
86,1781860611.053577,39.66386564,34.09894959,31.01086104
86,1781860611.117556,37.49358363,30.51972924,29.57797843
86,1781860611.181574,28.64186401,24.21755918,24.27092747
86,1781860611.245628,23.31231634,19.66621983,19.68694050
86,1781860611.273689,25.05803764,20.68582623,20.78019967
86,1781860611.339707,23.59932287,17.83969916,19.52455193
87,1781860611.744071,89.05747267,75.91169545,79.03477683
88,1781860632.546926,54.01405260,49.56952605,31.54750647
88,1781860632.651889,40.53274302,36.05850599,21.20836562
88,1781860632.717991,36.38727850,32.46495433,17.62807815
88,1781860632.784427,36.94121240,33.15664245,18.16828809
88,1781860632.847191,38.96891294,35.06468148,20.00684678
88,1781860632.912546,42.22776094,39.54358842,22.81910740
88,1781860632.942573,43.58175487,42.11966251,25.06355392
88,1781860633.053012,17.71598515,16.61407716,8.82936983
88,1781860633.120584,13.77193240,12.72948561,7.47526183
88,1781860633.180831,11.43737059,10.78906988,7.67260291
89,1781860633.924053,58.17226965,46.13288559,35.10702506
89,1781860633.980494,56.87408121,46.58088260,31.97362042
89,1781860634.045961,59.16404656,47.08329462,32.99450185
89,1781860634.112440,61.36313167,47.48181423,37.42466821
89,1781860634.138885,63.50549238,48.78709000,39.61396218
89,1781860634.255283,82.73150814,69.47465111,62.70145991
89,1781860634.320737,97.35800323,87.38451788,85.01800391
89,1781860634.382849,142.56206669,138.15249109,124.25742693
89,1781860634.448391,115.86063854,110.86637628,104.74229135
89,1781860634.510753,108.10534489,99.27860496,94.88978379
89,1781860634.543831,103.58756315,95.75145639,92.87295830
90,1781860636.847956,72.96783866,61.79591461,64.03883603
90,1781860636.913605,71.40254884,60.48005589,62.26865587
90,1781860636.939749,70.72673788,62.75773142,64.32057112
90,1781860637.059321,75.81171328,68.21808767,71.37338796
90,1781860637.117608,70.69627757,63.77960158,66.50228997
90,1781860637.179553,61.39185545,55.24598618,57.05834072
90,1781860637.249979,52.36756305,46.70936144,48.27903955
90,1781860637.314124,46.00134538,40.46588858,42.43509155
90,1781860637.340515,44.36345526,38.91607237,40.03511160
90,1781860637.457248,34.53212970,29.47402038,29.93400815
91,1781860637.059321,68.51724529,63.55470634,45.54298952
91,1781860637.117608,59.50441239,52.66649279,36.30386685
91,1781860637.179553,49.33199449,42.25677831,28.62703939
91,1781860637.249979,42.71354716,35.98491584,22.91839054
91,1781860637.314124,38.91801312,33.04426310,20.67415678
91,1781860637.340515,39.78759937,33.81376059,21.45705044
91,1781860637.457248,35.01267207,29.60387477,17.67368037
